FREQ,FREQ_LABEL,REF_AREA,REF_AREA_LABEL,INDICATOR,INDICATOR_LABEL,UNIT_MEASURE,UNIT_MEASURE_LABEL,AGG_METHOD,AGG_METHOD_LABEL,DECIMALS,DECIMALS_LABEL,DATABASE_ID,DATABASE_ID_LABEL,UNIT_MULT,UNIT_MULT_LABEL,DATA_SOURCE,DATA_SOURCE_LABEL,OBS_STATUS,OBS_STATUS_LABEL,OBS_CONF,OBS_CONF_LABEL,1990,1991,1992,1993,1994,1995,1996,1997,1998,1999,2000,2001,2002,2003,2004,2005,2006,2007,2008,2009,2010,2011,2012,2013,2014,2015,2016,2017,2018,2019,2020,2021,2022,2023,2024
A,Annual,ABW,Aruba,WB_WDI_NY_GDP_PCAP_PP_CD,"GDP per capita, PPP (current international $)",PPP,Purchasing Power Parities,_Z,Not Applicable,2,Two,WB_WDI,World Development Indicators (WDI),0,Units,WB_WDI,World Development Indicators (WDI),A,Normal value,PU,Public,21732.85831481083,23099.94008534198,23889.04501786247,24575.66065964274,25791.04317909592,26254.74280376747,26004.49562763891,27240.80278928079,27412.75519307483,27765.65325760258,30245.7069739274,31920.23907323183,31888.5087369598,32507.08431483275,35059.27309757124,35098.79766914248,35937.59465564699,37768.56601423521,38904.99924846443,34339.93915595293,33729.51191050278,35324.07206433249,34095.6471714416,35901.65331315895,35657.28719705289,35972.86644465146,36117.50821125168,37524.9284784013,39287.01951697026,39110.27618998412,28976.46354971244,35696.30937229264,41649.45079178131,44967.34451270817,
A,Annual,AFE,Africa Eastern and Southern,WB_WDI_NY_GDP_PCAP_PP_CD,"GDP per capita, PPP (current international $)",PPP,Purchasing Power Parities,_Z,Not Applicable,2,Two,WB_WDI,World Development Indicators (WDI),0,Units,WB_WDI,World Development Indicators (WDI),A,Normal value,PU,Public,1805.536161947814,1818.349243723468,1776.252463345333,1766.441847648467,1788.612380748709,1858.87738803911,1945.293715230632,2012.192322761215,2019.906634208035,2052.553958947175,2116.708226409882,2187.101894252145,2249.467103827586,2308.467503213987,2439.229393533847,2602.321141352537,2786.101473657372,2972.278139280604,3082.393724590445,3041.848304751933,3149.290769189532,3253.882304258348,3171.731146307549,3291.011572574176,3426.709343513916,3456.491245405959,3551.146279281277,3703.977710496293,3648.261332394714,3742.921370859281,3629.566977974703,3907.249127351487,4229.086486064543,4352.49089719712,4481.246846936435
A,Annual,AFG,Afghanistan,WB_WDI_NY_GDP_PCAP_PP_CD,"GDP per capita, PPP (current international $)",PPP,Purchasing Power Parities,_Z,Not Applicable,2,Two,WB_WDI,World Development Indicators (WDI),0,Units,WB_WDI,World Development Indicators (WDI),A,Normal value,PU,Public,,,,,,,,,,,813.5502559896245,747.6880454924132,926.5079410116456,966.9620320557812,971.633503046666,1076.087352608705,1121.834470777486,1286.949843126749,1333.747266618969,1570.698145179488,1765.538028306152,1744.060623215581,1988.429303815544,2133.241270986467,2224.490748152147,2284.075847893494,2213.181441047904,2335.795862344538,2432.276700833362,2583.485332398769,2561.981760586219,2144.166570028188,2122.995815126633,2201.722906916772,
A,Annual,AFW,Africa Western and Central,WB_WDI_NY_GDP_PCAP_PP_CD,"GDP per capita, PPP (current international $)",PPP,Purchasing Power Parities,_Z,Not Applicable,2,Two,WB_WDI,World Development Indicators (WDI),0,Units,WB_WDI,World Development Indicators (WDI),A,Normal value,PU,Public,1741.3754996558,1775.369786624942,1806.611962801169,1778.752723218876,1768.24137658681,1793.032065347958,1859.945239446966,1923.918180111665,1963.02920121231,1969.702995672231,2032.277960512384,2126.37954883883,2297.546726561804,2404.852787502034,2592.613321180229,2752.366732183084,2904.176505376482,3056.17855006491,3218.913430762328,3335.301046649529,3510.77449944674,3659.213699100095,3777.576841898784,3933.084082839685,4134.630237449202,4090.728121244366,4032.306270923737,4100.154940564679,4238.954648597624,4494.59160075906,4484.0646419224,4746.752785045449,5169.145546678349,5408.013246379955,5639.830731628244
A,Annual,AGO,Angola,WB_WDI_NY_GDP_PCAP_PP_CD,"GDP per capita, PPP (current international $)",PPP,Purchasing Power Parities,_Z,Not Applicable,2,Two,WB_WDI,World Development Indicators (WDI),0,Units,WB_WDI,World Development Indicators (WDI),A,Normal value,PU,Public,3340.598481807202,3372.596968487412,3143.440610459831,2369.241831534371,2374.020820974897,2695.805985103388,3013.332813011826,3178.494802542679,3254.244474608558,3262.975528883064,3326.77991382792,3427.853949633952,3824.284804372277,3878.50795458421,4262.906012587758,4876.287683948227,5404.383830169779,6095.999266893502,6651.377741161682,6498.169282098096,6607.022197030099,6711.390257238831,7354.942966312609,7561.03920495179,7990.27445672775,7119.726442744006,6843.735896605038,6992.7288342812,7347.799936350519,7528.382417912175,6450.74994625154,7408.126591210588,7924.888805839006,8046.817298755789,8347.952791170546
A,Annual,ALB,Albania,WB_WDI_NY_GDP_PCAP_PP_CD,"GDP per capita, PPP (current international $)",PPP,Purchasing Power Parities,_Z,Not Applicable,2,Two,WB_WDI,World Development Indicators (WDI),0,Units,WB_WDI,World Development Indicators (WDI),A,Normal value,PU,Public,2655.059900541886,1988.181406328328,1898.820303620502,2142.681184892277,2384.728785452012,2776.187605752771,3053.329986617603,2759.428025913762,3085.572795756562,3549.284424519477,3976.926083020316,4451.000523660743,4840.347881891549,5169.842510778472,5595.550580256933,6014.326822839397,6754.356795248532,7584.970686975551,8469.260124856497,9025.926106922876,9755.928759645964,10273.46683456605,10463.60624147735,10588.15787670098,11317.28377709932,11747.31803154199,12208.37534733723,13004.77762568464,13696.53399854126,14792.03082172207,14511.88936677106,16126.77749319308,19444.70689824125,21259.79778145691,23487.99362517026
A,Annual,AND,Andorra,WB_WDI_NY_GDP_PCAP_PP_CD,"GDP per capita, PPP (current international $)",PPP,Purchasing Power Parities,_Z,Not Applicable,2,Two,WB_WDI,World Development Indicators (WDI),0,Units,WB_WDI,World Development Indicators (WDI),A,Normal value,PU,Public,24908.87094378456,24510.24608176674,23816.84047136306,22958.32578146846,23509.45998383068,24934.3827742245,26541.58144567383,29121.6037066069,30072.72727230682,31589.95824294799,33458.11816250736,36895.44024540792,38787.05225349184,41147.88069554738,42717.2377735456,44577.81933430811,46852.65839023837,47501.43092920187,44838.9949992176,42522.99456395007,43853.17123853543,46436.11585961607,45503.04448326577,45609.23072242471,48505.60173616081,50733.23900117045,53110.14262632107,53084.86396409028,55244.65540881773,57475.0692842215,52095.8414004627,59332.20291001272,68470.0759483848,71730.66868216502,74939.47460385783
A,Annual,ARB,Arab World,WB_WDI_NY_GDP_PCAP_PP_CD,"GDP per capita, PPP (current international $)",PPP,Purchasing Power Parities,_Z,Not Applicable,2,Two,WB_WDI,World Development Indicators (WDI),0,Units,WB_WDI,World Development Indicators (WDI),A,Normal value,PU,Public,6794.461597107565,7111.091809135733,7539.188005930368,7743.185961776095,7923.557411782605,8089.289174363387,8418.758547460295,8811.147898404437,9147.210192406028,9337.306416164529,9924.822613184768,10117.3901857774,10132.10583545138,10445.96095874109,11463.24609833607,12177.0994910231,12990.63495875528,13589.11183513565,14258.9269217031,14085.80014138958,14648.82794810934,15207.12970325013,16069.94120260365,15993.74285427847,15771.57880799283,14285.25196480992,13811.37666466265,14424.47841209752,15506.57164392233,15682.97011219462,14279.04537872554,16001.63057105588,17925.65301768164,18432.96446012233,18786.80238402501
A,Annual,ARE,United Arab Emirates,WB_WDI_NY_GDP_PCAP_PP_CD,"GDP per capita, PPP (current international $)",PPP,Purchasing Power Parities,_Z,Not Applicable,2,Two,WB_WDI,World Development Indicators (WDI),0,Units,WB_WDI,World Development Indicators (WDI),A,Normal value,PU,Public,86949.00941381142,85764.62678753356,86019.08201774445,84860.30938709191,88427.28490277701,92106.95545472146,93008.57036871396,94374.1898774432,88693.0306777356,86165.45271292778,91317.62836569044,88831.57660918403,86960.31674342054,91058.66906643916,96981.5907871132,99576.61687038574,104995.3978934473,99096.70544517395,93017.09064863445,83336.81973927631,83670.90937391637,87709.04440613155,87339.68765807585,85514.80243367696,85248.15473359126,71720.30845125433,67702.1473929958,68043.23121568585,75071.18005165302,76884.94689833449,65352.83441822768,67401.12129292527,73777.74439452514,76110.38484207581,77958.89540930356
A,Annual,ARG,Argentina,WB_WDI_NY_GDP_PCAP_PP_CD,"GDP per capita, PPP (current international $)",PPP,Purchasing Power Parities,_Z,Not Applicable,2,Two,WB_WDI,World Development Indicators (WDI),0,Units,WB_WDI,World Development Indicators (WDI),A,Normal value,PU,Public,7158.308491570782,7960.978440188076,8667.85280386599,9472.445099427996,10103.02974159792,9890.924709248357,10495.83924525306,11403.48079260414,11835.6769869109,11463.85330832631,11499.98280025185,11117.75492378698,9953.46492880857,10933.39254915945,12117.67974230977,13464.81284705612,14843.57786596419,16455.1129801674,17276.75708868056,16182.07534776769,17847.61103731781,19104.99094052279,19430.41780681118,19928.98949016702,19487.41817488681,19899.14992752454,20105.76135979602,23385.07409049166,24410.39190633349,23516.82619808864,22393.34795753534,26300.27426117504,29597.69384292629,30082.3045247325,30175.53596566986
A,Annual,ARM,Armenia,WB_WDI_NY_GDP_PCAP_PP_CD,"GDP per capita, PPP (current international $)",PPP,Purchasing Power Parities,_Z,Not Applicable,2,Two,WB_WDI,World Development Indicators (WDI),0,Units,WB_WDI,World Development Indicators (WDI),A,Normal value,PU,Public,2760.249500246138,2476.603092051267,1491.612671742953,1440.393677661129,1591.478835141034,1766.910147612339,1921.549989047962,2039.788322780348,2239.427583180442,2376.519169465781,2530.74394657194,2844.362663670089,3282.11706337369,3836.225567686728,4377.227596825513,5172.218921029502,6072.759244798545,7136.754055199534,7827.316667464942,6811.692479595808,7095.212679790087,7624.267726269049,8942.635378971643,9454.878528365563,9736.234974627896,9756.84084836026,10570.27204139357,12066.00430938194,12877.49375435533,14975.75395381569,14706.31730434223,15921.70528196402,19161.37005141889,21534.03053611694,22823.17952556917
A,Annual,ATG,Antigua and Barbuda,WB_WDI_NY_GDP_PCAP_PP_CD,"GDP per capita, PPP (current international $)",PPP,Purchasing Power Parities,_Z,Not Applicable,2,Two,WB_WDI,World Development Indicators (WDI),0,Units,WB_WDI,World Development Indicators (WDI),A,Normal value,PU,Public,12996.04535287894,13658.4986142765,13908.4512651294,14719.50952179773,15736.16811495214,15062.3522451447,16016.93319411631,16836.06194485206,17496.14875155331,18088.38223567824,19318.89657797208,18568.67991465102,18812.78277707289,20127.34557216896,21628.68365416751,23484.80010516913,26949.40858213458,29850.5675734636,29978.20958610922,26156.91517159653,24071.02979564818,23804.07901076957,23011.73866113665,21760.52328642538,21671.47378566156,20985.43882921772,21320.43750678093,21422.00215766269,24524.21379538871,26550.58984473301,22370.09186938128,25745.49580677462,29933.88936989021,31601.75271468767,33602.35399579292
A,Annual,AUS,Australia,WB_WDI_NY_GDP_PCAP_PP_CD,"GDP per capita, PPP (current international $)",PPP,Purchasing Power Parities,_Z,Not Applicable,2,Two,WB_WDI,World Development Indicators (WDI),0,Units,WB_WDI,World Development Indicators (WDI),A,Normal value,PU,Public,17381.22527248228,17835.83045647655,18253.96976008142,19216.30664876763,20170.7847643535,21038.66678530222,22132.19290343562,23124.96391172332,24378.24531092445,25485.39144593999,26541.6653208437,27645.81402897013,29032.49095558881,30121.81841773372,31763.7960926854,33036.58347702488,34846.71563024184,36653.84171794428,37532.99904341326,40312.39511869452,39372.85110385423,42022.7392158859,42863.34831699452,45930.85050815034,46903.77030413898,46263.73138877199,47260.15299337473,48371.1409956585,50183.68981276338,52673.06381762308,53984.12469790749,58182.33694775006,65871.77151577694,70513.47487069808,71193.21585097878
A,Annual,AUT,Austria,WB_WDI_NY_GDP_PCAP_PP_CD,"GDP per capita, PPP (current international $)",PPP,Purchasing Power Parities,_Z,Not Applicable,2,Two,WB_WDI,World Development Indicators (WDI),0,Units,WB_WDI,World Development Indicators (WDI),A,Normal value,PU,Public,19382.96647479144,20522.18551490931,21194.75739725235,21632.31867480836,22538.07426573821,23588.45629907571,24417.66429689002,25294.72388516501,26529.18156831878,27500.08495453397,29214.73864848129,29556.40356004898,30952.17082323982,31962.92553310646,33523.02049682828,34776.66995352181,37396.03509608662,39193.81736409769,41046.79003521116,40665.50466050187,41740.11492417584,44171.5618687028,46156.48320730371,47519.85227965713,48355.4977624407,49562.59392579865,52397.86351766741,53869.8321183556,56636.49530305417,60354.9279422121,58523.03378162456,62968.9422311892,70734.94256479021,70478.78736354108,71617.90174963207
A,Annual,AZE,Azerbaijan,WB_WDI_NY_GDP_PCAP_PP_CD,"GDP per capita, PPP (current international $)",PPP,Purchasing Power Parities,_Z,Not Applicable,2,Two,WB_WDI,World Development Indicators (WDI),0,Units,WB_WDI,World Development Indicators (WDI),A,Normal value,PU,Public,5342.57082118899,5412.097607410024,4220.146377209173,3272.237953604087,2647.765386953697,2356.897803872978,2406.772318638484,2565.408284378756,2826.706937213374,3051.942336652111,3439.144432220037,3834.898156869559,4230.405902554055,4718.421149996897,5247.538350614621,6854.936194758229,9398.01323940435,11973.95963814552,13216.84348374867,14245.50354548808,14930.41003379442,14804.57445079108,15994.14665018366,17267.51189195371,17563.61224543851,15075.27263479104,14535.8020210633,14315.92964310603,15282.9995232298,16675.31793615583,15163.57033272821,20111.3756952109,22552.08866598052,23651.59945517656,25088.95017675547
A,Annual,BDI,Burundi,WB_WDI_NY_GDP_PCAP_PP_CD,"GDP per capita, PPP (current international $)",PPP,Purchasing Power Parities,_Z,Not Applicable,2,Two,WB_WDI,World Development Indicators (WDI),0,Units,WB_WDI,World Development Indicators (WDI),A,Normal value,PU,Public,598.1641844674774,635.9966694837877,639.726216891361,633.6631992877059,618.3740882689997,547.5608126446243,512.6244636320524,513.2123491488011,533.3456920869469,522.7524758284242,519.1150603963553,528.3111615567669,544.7944965041686,531.6874052671395,551.4323525837333,552.9177673000711,579.5713213255575,593.4637559488167,608.6704383107198,604.3678509224856,613.6498489561932,628.6676779826371,638.8731816330085,687.3659200777057,724.3603574913845,797.4262344068833,771.9874337175411,761.2692572212898,753.4555160661947,779.1979906533633,786.5158306746484,836.6655713378286,888.5181583869248,919.5979714918057,949.834613118208
A,Annual,BEL,Belgium,WB_WDI_NY_GDP_PCAP_PP_CD,"GDP per capita, PPP (current international $)",PPP,Purchasing Power Parities,_Z,Not Applicable,2,Two,WB_WDI,World Development Indicators (WDI),0,Units,WB_WDI,World Development Indicators (WDI),A,Normal value,PU,Public,18675.31219479845,19587.8553500426,20258.54744614424,20459.18914783726,21504.01177389003,22431.459360451,22736.75806859853,23727.89752081926,24368.7574088239,25440.84118886384,27788.09088322562,28796.57958044622,30282.28864502825,30934.58264545775,32063.98269498654,33177.89094581582,35258.98506320303,36799.53186863432,37883.33194178194,37885.90591256016,39844.40543864959,41244.84950352129,42483.52506667878,43864.12041968382,45147.64295340567,46084.24245517168,48414.55180656812,50256.06317727839,52466.7330784599,56712.46957197804,56120.09584204655,60669.21377465312,68157.83478607606,69059.17682691119,72126.00288880887
A,Annual,BEN,Benin,WB_WDI_NY_GDP_PCAP_PP_CD,"GDP per capita, PPP (current international $)",PPP,Purchasing Power Parities,_Z,Not Applicable,2,Two,WB_WDI,World Development Indicators (WDI),0,Units,WB_WDI,World Development Indicators (WDI),A,Normal value,PU,Public,1186.116069026157,1239.224997347441,1265.252418750779,1311.344493388146,1316.244325391049,1395.266444440587,1443.967712803694,1507.924154004217,1537.143825527578,1592.137821394466,1671.357251728544,1745.982562276955,1799.882696394989,1841.602972838738,1915.346443463812,1945.564140522958,2020.605677347221,2135.537878737213,2215.351638595417,2213.328956208093,2220.328546114892,2264.841869263844,2346.084162045469,2511.653095883325,2670.415613991872,2725.33724817144,2842.024625837605,2885.893839877211,2965.306281436642,3148.979695978385,3244.58772756805,3464.2886286745,3844.154157458155,4129.966120014199,4434.564218402803
A,Annual,BFA,Burkina Faso,WB_WDI_NY_GDP_PCAP_PP_CD,"GDP per capita, PPP (current international $)",PPP,Purchasing Power Parities,_Z,Not Applicable,2,Two,WB_WDI,World Development Indicators (WDI),0,Units,WB_WDI,World Development Indicators (WDI),A,Normal value,PU,Public,566.9441472918228,623.2680017084701,623.3849952925497,644.0354643609901,649.8424075987377,683.6391515811947,753.3091667403099,793.9708414354864,838.0793552900107,886.4340906509029,896.4774815108148,947.9193746769528,973.9839333832176,1037.837993746525,1079.000091427513,1171.764323195875,1244.002438443191,1290.499510174245,1351.36041569133,1359.692249073021,1449.422163829209,1531.343382439816,1571.838844773145,1642.892131257765,1661.317737937569,1691.579353874081,1881.758931344066,2042.402952599166,2073.323538215504,2232.162820165852,2380.722827818022,2486.430931477617,2641.870112769678,2754.713465434274,2896.187415937592
A,Annual,BGD,Bangladesh,WB_WDI_NY_GDP_PCAP_PP_CD,"GDP per capita, PPP (current international $)",PPP,Purchasing Power Parities,_Z,Not Applicable,2,Two,WB_WDI,World Development Indicators (WDI),0,Units,WB_WDI,World Development Indicators (WDI),A,Normal value,PU,Public,940.6544708389296,987.313199448192,1044.891886130618,1099.385888037978,1145.110166087,1206.366467051861,1260.754895215199,1315.469233291364,1372.95383934707,1429.986452518498,1511.905005888442,1597.587406144349,1658.802309345687,1746.127257822981,1861.512562854547,2019.738395634313,2195.294854609936,2388.100251603573,2554.857882387191,2675.259459267853,2833.695443688642,3051.269832718111,3434.278150904474,3691.104311021167,3972.506477334905,4212.235780894276,4579.13228682862,4882.606926156391,5490.158818651793,6047.124015041252,6640.584373310621,7441.069139612541,8450.549025339405,9147.777506655502,9646.769843832548
A,Annual,BGR,Bulgaria,WB_WDI_NY_GDP_PCAP_PP_CD,"GDP per capita, PPP (current international $)",PPP,Purchasing Power Parities,_Z,Not Applicable,2,Two,WB_WDI,World Development Indicators (WDI),0,Units,WB_WDI,World Development Indicators (WDI),A,Normal value,PU,Public,7545.585203264476,7213.047828395663,6914.76503817232,7029.738720859938,7335.235041501026,7737.756817361229,6846.442882840041,5749.364608391298,6177.635605138132,5807.813190813722,6422.789329264799,6961.039968343281,7786.421745301975,8417.470733158792,9201.739738405344,10291.44587762031,11408.04951558747,12822.31304894881,14346.87587950141,14180.72807056526,14955.91577882752,15747.4201648316,16327.28773713652,16893.81668879267,17990.82695774414,18901.17169858639,20745.40050413827,22316.97520172174,24053.25407363607,26814.47171173369,27376.4985703321,30971.91318883458,35813.69515507836,37501.73861208012,41086.11941329132
A,Annual,BHR,Bahrain,WB_WDI_NY_GDP_PCAP_PP_CD,"GDP per capita, PPP (current international $)",PPP,Purchasing Power Parities,_Z,Not Applicable,2,Two,WB_WDI,World Development Indicators (WDI),0,Units,WB_WDI,World Development Indicators (WDI),A,Normal value,PU,Public,26902.06114581595,31657.36404388524,33648.22687263403,37869.50463662261,37579.16864598732,38839.43651837119,40105.84769523722,40965.34572780651,42281.29520596726,43560.53774673545,45687.52174056473,46161.57584642882,45091.48942186562,45426.93459329444,46317.02848040246,47268.2721612188,48009.49174215039,49347.49461961498,50330.32486225224,48625.65692315961,49254.5770084238,52677.45111906679,56712.56926561531,56310.31174581892,54299.05646132279,48034.24688805034,47428.90189076494,50184.50057673013,51993.13078186518,56599.52143644114,53436.03169997117,54954.67578955323,61677.6538492695,64171.08573590521,67210.98909474851
A,Annual,BHS,"Bahamas, The",WB_WDI_NY_GDP_PCAP_PP_CD,"GDP per capita, PPP (current international $)",PPP,Purchasing Power Parities,_Z,Not Applicable,2,Two,WB_WDI,World Development Indicators (WDI),0,Units,WB_WDI,World Development Indicators (WDI),A,Normal value,PU,Public,19817.339774295,19296.10817751657,18635.89910731761,18780.87007229051,19440.90859773944,20377.31969848983,21287.33802776986,21606.2277023287,22555.76979647267,24183.56794214002,25421.60220885673,26351.0545366431,27171.2862553225,27030.87489216077,27659.51539781022,29142.87645182344,30401.48289695679,31232.10590283357,30678.601534921,29196.59403777044,29624.95122611444,30073.65240570113,31035.55005688739,30294.47683052009,31726.17408738624,32137.5784729905,32285.27603660688,34282.17103577908,35227.76190632429,36116.00020253532,27204.62590951796,31064.68221661942,36791.25307920701,39090.16650801642,41197.91838299065
A,Annual,BIH,Bosnia and Herzegovina,WB_WDI_NY_GDP_PCAP_PP_CD,"GDP per capita, PPP (current international $)",PPP,Purchasing Power Parities,_Z,Not Applicable,2,Two,WB_WDI,World Development Indicators (WDI),0,Units,WB_WDI,World Development Indicators (WDI),A,Normal value,PU,Public,1042.545319664828,974.925223501359,982.2480423329304,1066.76199243495,1269.027642151803,1506.508530577901,2268.080538400068,3040.395372984712,3523.082465637482,3874.341356329724,4147.038135094009,4307.123118175152,4664.685120720001,4917.86402408479,5408.161504748432,5955.839206906499,6870.506527975202,7686.413934600499,8586.77804781181,8693.618397468947,9086.748535159846,9761.51519578686,10121.15564283019,10808.31174636053,11167.86748812326,11848.63260841631,12899.10359719189,13626.91530965892,14858.27988989818,16428.39347820614,16369.76683631756,18285.67112429525,21115.63425430481,22508.88040380745,21971.05039615626
A,Annual,BLR,Belarus,WB_WDI_NY_GDP_PCAP_PP_CD,"GDP per capita, PPP (current international $)",PPP,Purchasing Power Parities,_Z,Not Applicable,2,Two,WB_WDI,World Development Indicators (WDI),0,Units,WB_WDI,World Development Indicators (WDI),A,Normal value,PU,Public,5220.474731291234,5329.797812148477,4917.1211552976,4640.856636105232,4190.323889332625,3845.706818301868,4039.340423941342,4596.486157669447,5061.334994682982,5331.417439678569,5795.652239655248,6238.098627311863,6697.154363703688,7361.721614951045,8482.920205868857,9636.891123456331,10994.59812744478,12320.0240249058,13886.13140986971,14034.19112068374,15339.09990264033,16563.20140782093,18114.75086067077,19014.05297376975,19037.88474401856,18133.53130858826,17832.47788558151,18413.74756336698,20025.9815543598,22301.59324118393,24872.30667445284,27611.18011351571,28429.49488145337,30834.17736602011,33006.4166677827
A,Annual,BLZ,Belize,WB_WDI_NY_GDP_PCAP_PP_CD,"GDP per capita, PPP (current international $)",PPP,Purchasing Power Parities,_Z,Not Applicable,2,Two,WB_WDI,World Development Indicators (WDI),0,Units,WB_WDI,World Development Indicators (WDI),A,Normal value,PU,Public,4473.902909136425,5060.510705908137,5714.306214215919,6083.967779958845,6081.740728419421,6100.070488530022,6096.38437199466,6252.020013576654,6342.855848417843,6800.701347597847,7555.134334181618,7863.517145071484,8165.86601859768,8863.005407841269,9258.88296109027,9480.480681796887,9924.68920144487,10242.8475586846,9985.978815758284,9744.230205068929,9734.892397292417,9697.853439036033,9266.091461456985,9514.403542855429,9489.94683154866,9538.190541426142,9401.532939600183,9121.74716397996,9527.709140052551,10531.32343986264,9618.016435299944,11677.46100951715,13465.98070698613,13823.4379513758,15092.78085466689
A,Annual,BMU,Bermuda,WB_WDI_NY_GDP_PCAP_PP_CD,"GDP per capita, PPP (current international $)",PPP,Purchasing Power Parities,_Z,Not Applicable,2,Two,WB_WDI,World Development Indicators (WDI),0,Units,WB_WDI,World Development Indicators (WDI),A,Normal value,PU,Public,35944.53835027723,35583.99185880023,36109.732857216,37812.99849190512,38603.85388377361,40917.61041464923,42545.12021872355,44995.78545705563,46915.84583654281,48798.90501278845,54176.37774835599,59092.87597046781,58862.6907986795,61829.32401168971,64790.2739198061,67771.46837561415,73590.11607022648,77894.06462138443,77556.43500389253,73336.98751515454,72188.69283045852,70911.54231872498,69149.05003426818,71519.6398526584,71988.53836278217,75943.46429709224,80412.18348954845,85680.97019172167,85978.21772270088,90984.45767083182,85146.40062756959,92319.67148612188,105142.4099671833,114372.0499273725,119718.5846677713
A,Annual,BOL,Bolivia,WB_WDI_NY_GDP_PCAP_PP_CD,"GDP per capita, PPP (current international $)",PPP,Purchasing Power Parities,_Z,Not Applicable,2,Two,WB_WDI,World Development Indicators (WDI),0,Units,WB_WDI,World Development Indicators (WDI),A,Normal value,PU,Public,2284.012683276271,2434.347096319589,2479.710288319353,2594.877373744398,2720.803788552552,2853.394102721774,2976.766350367961,3121.245298589767,3257.049131573876,3259.829448208382,3359.095105405665,3434.144156503846,3514.914262596744,3620.337721895862,3808.218003784354,4032.726398000804,4282.87164764407,4521.679320027921,4810.278582945259,4919.810318591002,5100.527572380831,5388.512934775899,5866.984141684447,6589.671455437988,7047.201530279888,7152.044650256921,7547.903766416107,8510.266856793607,8952.587852844435,9174.445636168632,8293.991212083652,9454.198146800023,10371.96290794514,10925.27305250532,11189.80550970356
A,Annual,BRA,Brazil,WB_WDI_NY_GDP_PCAP_PP_CD,"GDP per capita, PPP (current international $)",PPP,Purchasing Power Parities,_Z,Not Applicable,2,Two,WB_WDI,World Development Indicators (WDI),0,Units,WB_WDI,World Development Indicators (WDI),A,Normal value,PU,Public,6687.922948458327,6866.630380671424,6869.410005671182,7259.988856940168,7727.245417340729,8096.911491885119,8300.634141472005,8601.609030581016,8598.805692168455,8634.607845695155,9091.76851374523,9303.64529202374,9616.594855008248,9801.96212464828,10525.71137833533,11081.2474735762,11750.53124402168,12672.50511601729,13445.24546987043,13390.68313146603,14451.71583896367,15211.79203916535,15198.08633086223,15722.33352429014,15827.3081625514,14821.43831745339,14309.20614892744,14559.04888970043,15463.74263938894,16069.83801526265,16101.61830634657,18075.70600490678,19876.85335314469,21175.61869901852,22333.41166425851
A,Annual,BRB,Barbados,WB_WDI_NY_GDP_PCAP_PP_CD,"GDP per capita, PPP (current international $)",PPP,Purchasing Power Parities,_Z,Not Applicable,2,Two,WB_WDI,World Development Indicators (WDI),0,Units,WB_WDI,World Development Indicators (WDI),A,Normal value,PU,Public,11071.6479738726,10966.13881614473,10541.23241256126,10845.00633464992,11273.68294632083,11723.09406265608,12400.82231984046,13207.17806155583,13851.24542129492,14089.91531621915,15075.95101033358,15030.00683372039,15283.41194027073,15826.66355916147,16387.82601695964,17478.13017858404,19019.13373630396,19846.04229272212,20250.11413900941,19253.26878375292,18977.54267984265,19165.01012876251,17936.99372597456,18004.66912029931,17752.51772407045,17804.74900383665,18013.67344159051,17898.89945512744,18551.16864911292,18760.37001299376,15824.49106614,15683.8847128096,19786.36151562072,21336.15755530162,22671.9466863479
A,Annual,BRN,Brunei Darussalam,WB_WDI_NY_GDP_PCAP_PP_CD,"GDP per capita, PPP (current international $)",PPP,Purchasing Power Parities,_Z,Not Applicable,2,Two,WB_WDI,World Development Indicators (WDI),0,Units,WB_WDI,World Development Indicators (WDI),A,Normal value,PU,Public,70200.74062051228,72609.80623344773,70015.77112178478,69387.25635300613,69778.57688924485,70440.0219145107,70007.64124328045,73980.41134359072,68256.86997059036,70584.60971006712,73086.93198444399,74253.8817193504,76838.17585899732,79632.17219694736,80403.75792663175,81534.17166168161,86114.33722171032,83693.3213438754,80476.72489225485,77957.1442560415,79542.67787638742,82735.39148388938,87256.0422331538,83237.14709182378,81225.54847817695,62707.82635824275,56679.51857513062,61657.68028097443,65148.82645203821,69353.6798666178,69787.96333936049,78248.79711014537,81801.74590827897,85032.60086787814,90007.077485547
A,Annual,BTN,Bhutan,WB_WDI_NY_GDP_PCAP_PP_CD,"GDP per capita, PPP (current international $)",PPP,Purchasing Power Parities,_Z,Not Applicable,2,Two,WB_WDI,World Development Indicators (WDI),0,Units,WB_WDI,World Development Indicators (WDI),A,Normal value,PU,Public,1637.871812110265,1656.84173576743,1840.090347757218,2001.134671696408,2145.745667460015,2373.568467139507,2547.838122030646,2682.594781505103,2818.995725274377,3017.488762536659,3113.045439263996,3338.492468934478,3662.809071775987,3942.281445800493,4172.782171198494,4523.35970644529,4860.270171511018,5728.915694710218,6035.217411478545,6466.097449158297,7245.772635224038,7935.467609730878,8577.407319010037,8666.910635900686,9323.39448941386,10213.81396089217,11273.28238076757,11677.41426599743,11969.56150033054,12909.10098403986,12475.04800342798,13458.81266674298,15063.81057630722,16253.96295030742,
A,Annual,BWA,Botswana,WB_WDI_NY_GDP_PCAP_PP_CD,"GDP per capita, PPP (current international $)",PPP,Purchasing Power Parities,_Z,Not Applicable,2,Two,WB_WDI,World Development Indicators (WDI),0,Units,WB_WDI,World Development Indicators (WDI),A,Normal value,PU,Public,5978.027024082498,6462.67264746043,6614.080886522976,6705.827327794566,6903.485001918648,7348.400420472943,7727.998159052566,8321.935660847625,8267.594111405768,8998.59902267893,9187.363776138289,9225.970542612964,9752.8483079677,10223.96828035268,10595.56228234755,11222.46056595218,12304.46717781047,13113.24884702508,13526.19117988744,11445.72763743291,12490.89231582616,13354.86178377468,12474.51316855178,13340.87826198651,15003.31975183493,14143.69407337276,16228.1231235664,15700.66504796411,15785.81963378099,15960.01561439028,15292.26247047773,17960.62544312562,19976.83437764761,21012.10319735695,20538.13201603859
A,Annual,CAF,Central African Republic,WB_WDI_NY_GDP_PCAP_PP_CD,"GDP per capita, PPP (current international $)",PPP,Purchasing Power Parities,_Z,Not Applicable,2,Two,WB_WDI,World Development Indicators (WDI),0,Units,WB_WDI,World Development Indicators (WDI),A,Normal value,PU,Public,620.3911765052018,618.1795179343984,573.1505892874872,570.2456378470418,592.1854375818098,630.6916813897424,600.7729678646243,626.0784538354561,645.1299944153608,659.5245630469574,639.8369970222672,668.4459392834732,688.1804510887197,648.193215397331,690.426514027755,702.4606245912321,743.2874802089827,783.3554452809284,797.6528061660773,877.2521311048783,936.485497371468,980.1855209518516,1062.068099410489,709.853481245446,698.9637389230722,768.8708879991735,826.0133013831687,883.8107348760659,905.8177889410938,984.8431836788568,1066.290054231509,1128.552379964586,1217.849771472887,1257.094357099144,1263.595542790795
A,Annual,CAN,Canada,WB_WDI_NY_GDP_PCAP_PP_CD,"GDP per capita, PPP (current international $)",PPP,Purchasing Power Parities,_Z,Not Applicable,2,Two,WB_WDI,World Development Indicators (WDI),0,Units,WB_WDI,World Development Indicators (WDI),A,Normal value,PU,Public,20229.75586816251,20224.68733110564,20626.20205858985,21440.04698559905,22632.83408630805,23485.64192803954,24050.17500621735,25258.86056049478,26319.67416351045,27841.35334965747,29362.08416097855,30230.84876857615,30963.92188566842,32351.54569686976,33927.66969525323,36328.37899437705,38119.39095935452,39575.47700758761,40376.0882836384,38864.05669585383,40098.25371911393,41666.83745902785,42291.97293570943,44301.05625291326,45758.10072973044,44669.45136318384,46470.64663911088,48317.38744571629,49982.59991183458,50498.97310574482,48590.6832121939,56995.11767813512,63578.32019495541,64462.92116944946,65463.09909933614
A,Annual,CEB,Central Electricity Board (CEB),WB_WDI_NY_GDP_PCAP_PP_CD,"GDP per capita, PPP (current international $)",PPP,Purchasing Power Parities,_Z,Not Applicable,2,Two,WB_WDI,World Development Indicators (WDI),0,Units,WB_WDI,World Development Indicators (WDI),A,Normal value,PU,Public,7530.712877126194,6976.071363548723,6831.411948887589,7022.104491784786,7438.382003561916,8015.759272599193,8423.705632453917,8724.541253556328,9116.078884418925,9417.530406266327,10035.74122227786,10821.85920779736,11641.21505177964,12342.17247484473,13494.40578835058,14308.06402995052,15918.14704507324,17751.10903346481,19673.08624315827,19698.80250842089,20867.29959659009,22364.75292315237,23159.51764317338,23943.79815340041,25048.2500439588,26292.62155292481,27955.58354016561,30076.54859901554,32344.78613356803,35905.32794094882,36492.41492588483,40160.75267446647,44791.36596908593,46523.71983993083,49767.86471054333
A,Annual,CHE,Switzerland,WB_WDI_NY_GDP_PCAP_PP_CD,"GDP per capita, PPP (current international $)",PPP,Purchasing Power Parities,_Z,Not Applicable,2,Two,WB_WDI,World Development Indicators (WDI),0,Units,WB_WDI,World Development Indicators (WDI),A,Normal value,PU,Public,28442.33160476304,28773.01393621812,29093.3238541076,29475.75005220083,30245.37596713611,30821.43705224442,31497.74195689636,32728.01142195331,33857.65316759349,34742.63186315548,36695.20705541866,37822.92750725009,38704.95845972424,38737.30792612091,40176.57074153738,41524.84887329322,46275.54948428628,50929.4927044896,53808.78411270659,52971.37327605851,54432.33299498102,57493.58105592107,59440.91586076658,61656.46617085157,63417.04381103189,65282.58419319231,67350.7518747757,68193.50559402621,70688.81874911941,73732.23533220934,72997.82395032821,81001.41112061175,91326.13170481822,90505.99787735696,93818.70748092556
A,Annual,CHL,Chile,WB_WDI_NY_GDP_PCAP_PP_CD,"GDP per capita, PPP (current international $)",PPP,Purchasing Power Parities,_Z,Not Applicable,2,Two,WB_WDI,World Development Indicators (WDI),0,Units,WB_WDI,World Development Indicators (WDI),A,Normal value,PU,Public,4444.572092477706,4885.628639137996,5563.31353647799,6060.951085448885,6475.711818008248,7231.793986275985,7895.436780917631,8510.666984986621,8850.491716142855,8838.759171856182,9375.590083883371,9775.553235057996,10133.40411420597,10708.82364705819,11612.39968535172,12550.43480076453,15510.77007394519,16697.51602174159,16375.96485360115,15951.33048778784,17917.89512170967,20121.68342142093,21366.17712649087,22201.06606843375,22553.61617873721,22457.8800614565,23256.50360422114,24295.22376660203,25305.09034626108,25611.75782694584,25350.86350829717,29089.85045972798,30820.35269711787,32801.37863784182,34637.11682791434
A,Annual,CHN,China,WB_WDI_NY_GDP_PCAP_PP_CD,"GDP per capita, PPP (current international $)",PPP,Purchasing Power Parities,_Z,Not Applicable,2,Two,WB_WDI,World Development Indicators (WDI),0,Units,WB_WDI,World Development Indicators (WDI),A,Normal value,PU,Public,990.7761908803068,1104.992418121509,1276.049344078093,1471.239576766525,1679.994942016675,1883.876030003448,2087.747696493506,2297.363101942424,2483.254059508585,2689.85156589718,2963.532386020229,3258.402106603046,3590.765959416704,4007.116046054232,4504.929372375957,5148.182739338052,5946.286828301852,6935.265805844336,7712.846084250686,8447.982814692268,9411.138219032044,10456.79168261134,11420.2527051141,12228.37360841971,12941.59648091457,13463.33315111047,14157.25149880043,15022.43718831241,16298.20506191087,17600.89075684933,18267.47834558274,20843.29783473765,23032.17662711427,25179.1193066383,27104.8702677463
A,Annual,CIV,Cote d'Ivoire,WB_WDI_NY_GDP_PCAP_PP_CD,"GDP per capita, PPP (current international $)",PPP,Purchasing Power Parities,_Z,Not Applicable,2,Two,WB_WDI,World Development Indicators (WDI),0,Units,WB_WDI,World Development Indicators (WDI),A,Normal value,PU,Public,2693.36146600562,2677.074720014738,2624.52422270222,2576.993401495331,2550.992224483954,2683.320976282143,2831.799037110364,3039.524738955382,3086.127663834273,3064.799447937413,3040.575931853627,2961.762872742164,2851.03041356835,2701.741684878508,2794.173257193658,2841.823087981727,2941.821411689125,2984.534721615618,3115.837891877453,3176.632424206174,3360.544088260547,3175.919223707595,3290.723069494571,3619.017908548649,4074.214455397893,4403.642966189985,4530.648498084875,4690.178018610959,4945.625205759153,5516.39055126829,5543.850963189389,6045.204804908794,6719.443815576367,7227.029117170755,7653.450337560265
A,Annual,CMR,Cameroon,WB_WDI_NY_GDP_PCAP_PP_CD,"GDP per capita, PPP (current international $)",PPP,Purchasing Power Parities,_Z,Not Applicable,2,Two,WB_WDI,World Development Indicators (WDI),0,Units,WB_WDI,World Development Indicators (WDI),A,Normal value,PU,Public,2031.909988452731,1962.540637661094,1890.092531045551,1731.408731263714,1751.685229716386,1790.339149836407,1849.506500360111,1915.117607114636,1975.15598939833,2038.663788989948,2108.494549597506,2190.896407241663,2263.055196743556,2368.101194773693,2532.647444242141,2597.680398932194,2704.437398003765,2817.722281183798,2870.441068666054,2878.951438861378,2913.942927556055,2988.8172872551,3059.642265682508,3238.868298437325,3422.261281583438,3497.660675639586,3626.999320285782,3767.430728838242,4010.763600695263,4241.111749205922,4365.447041283924,4793.556282001956,5188.977508660814,5405.574657428694,5591.496397817055
A,Annual,COD,"Congo, Dem. Rep.",WB_WDI_NY_GDP_PCAP_PP_CD,"GDP per capita, PPP (current international $)",PPP,Purchasing Power Parities,_Z,Not Applicable,2,Two,WB_WDI,World Development Indicators (WDI),0,Units,WB_WDI,World Development Indicators (WDI),A,Normal value,PU,Public,832.0703959679518,761.9778480372061,674.3415166712356,576.3727674601602,539.5690413447156,532.1807152150741,526.1664378905335,497.1220628396577,481.2892118633337,451.8260051578394,416.5493375505869,403.98428591939,409.6429382506337,428.3336255634739,455.8677864963715,483.9113295374725,509.4277829652782,539.412638517763,566.6853821261542,568.6095677907938,597.0887407891964,630.2848805977144,632.2020761309028,712.4390066888018,804.5966346282452,859.1434827378154,913.955559409226,1003.257355029122,1069.281633913424,1167.320615728333,1136.00839556367,1313.61821829086,1484.241169103595,1616.468491756011,1709.732077241723
A,Annual,COG,"Congo, Rep.",WB_WDI_NY_GDP_PCAP_PP_CD,"GDP per capita, PPP (current international $)",PPP,Purchasing Power Parities,_Z,Not Applicable,2,Two,WB_WDI,World Development Indicators (WDI),0,Units,WB_WDI,World Development Indicators (WDI),A,Normal value,PU,Public,3436.749698056449,3536.080049873962,3607.671112053875,3550.385793581627,3326.981400195167,3434.067840627622,3547.213539367805,3509.998894946856,3602.033519365625,3463.854529848991,3667.424872663356,3748.446749315566,3888.164023433451,3886.992067956321,3991.511247297638,4278.925387413187,4588.109248984645,4242.611268460019,4448.332617142534,4800.901598066022,5125.069913436428,5175.204390890355,6058.064494174117,5833.863366514361,5733.18393561256,4715.134315816243,4016.049085253183,4444.639002158245,5593.193705786856,5719.599773382912,4770.964497583653,6263.211612926363,6647.496817313898,6850.277706210988,7026.362024320356
A,Annual,COL,Colombia,WB_WDI_NY_GDP_PCAP_PP_CD,"GDP per capita, PPP (current international $)",PPP,Purchasing Power Parities,_Z,Not Applicable,2,Two,WB_WDI,World Development Indicators (WDI),0,Units,WB_WDI,World Development Indicators (WDI),A,Normal value,PU,Public,5109.420001161326,5280.777797733777,5509.364649115449,5826.183444213361,6173.636114792193,6505.565262212875,6638.839736255997,6861.091863584391,6853.841440170333,6543.8672116341,6775.93064418811,6934.882843385929,7108.823902859304,7420.460083652809,7909.34635155695,8432.333290783145,9154.089261965108,9909.290314037667,10307.06498788545,10367.34895575187,10841.12798013117,11707.46146247471,12093.07549391715,12779.88658183184,13355.36241621954,13332.05550482114,14026.83999310527,14400.6139849314,15239.40494882765,16181.59089906617,15519.21016946563,17383.09017282953,20695.74267757309,20944.48838886571,21494.6002713853
A,Annual,COM,Comoros,WB_WDI_NY_GDP_PCAP_PP_CD,"GDP per capita, PPP (current international $)",PPP,Purchasing Power Parities,_Z,Not Applicable,2,Two,WB_WDI,World Development Indicators (WDI),0,Units,WB_WDI,World Development Indicators (WDI),A,Normal value,PU,Public,1385.878408392776,1322.830534120885,1438.225849310661,1489.140067517155,1415.400491148317,1471.476570714847,1453.809714883459,1512.21236141402,1522.376504612056,1545.835081607818,1719.017908275805,1762.113386457402,1792.760856831057,1830.991920075963,1880.333100912907,1954.030033115703,2026.319500930454,2056.470510488006,2136.32459252434,2243.868223767173,2333.327783299419,2471.790151722567,2678.701087820937,2832.528678373956,2937.611837598023,2949.473422409934,3139.051607404633,3347.456529974843,3304.548451890256,3312.749570505428,3261.594967627473,3449.043574531814,3726.14917950744,3902.746659602696,4055.126334345066
A,Annual,CPV,Cabo Verde,WB_WDI_NY_GDP_PCAP_PP_CD,"GDP per capita, PPP (current international $)",PPP,Purchasing Power Parities,_Z,Not Applicable,2,Two,WB_WDI,World Development Indicators (WDI),0,Units,WB_WDI,World Development Indicators (WDI),A,Normal value,PU,Public,1044.457524462078,1068.867384842622,1185.580878879392,1291.310531346446,1540.217583453004,1762.158883980108,1962.921025037727,2181.781400987702,2443.036555977165,2714.0965601233,3124.494883550243,3216.646511966019,3388.448144522744,3551.463843488102,3968.656917040876,4324.202324546386,4758.377049956777,5566.769491015832,6010.851368474716,5900.66086529142,6038.585256556646,6384.228440904148,6318.061087233644,6367.280013225015,6416.833011509767,6773.486799693858,7350.753587267269,7935.76176281072,7916.421153261741,8645.75646859343,6852.576699303546,7685.419213936686,9481.073354056049,10300.44089383162,11261.77064863652
A,Annual,CRI,Costa Rica,WB_WDI_NY_GDP_PCAP_PP_CD,"GDP per capita, PPP (current international $)",PPP,Purchasing Power Parities,_Z,Not Applicable,2,Two,WB_WDI,World Development Indicators (WDI),0,Units,WB_WDI,World Development Indicators (WDI),A,Normal value,PU,Public,5020.635940922935,5174.632035507751,5635.082611737958,6025.465770390482,6276.249571094939,6515.337094896382,6568.444186342965,6890.16819312364,7306.038291068174,7563.244167210173,7879.477949659879,8190.074409411359,8460.65229564473,8862.994120979596,9365.32775359787,9898.92919346446,10799.51140288856,11841.90117141417,12471.67231053227,12273.8603954717,12927.56459300351,13614.26039988038,14463.74044480334,15232.07715292136,16393.80954281535,17525.14046252519,19201.74532336835,20499.34421308093,21498.03507468596,23339.6091317711,22099.86781271496,23852.92530201472,25924.74037887294,28075.14217220227,30062.84916046795
A,Annual,CSS,Caribbean small states,WB_WDI_NY_GDP_PCAP_PP_CD,"GDP per capita, PPP (current international $)",PPP,Purchasing Power Parities,_Z,Not Applicable,2,Two,WB_WDI,World Development Indicators (WDI),0,Units,WB_WDI,World Development Indicators (WDI),A,Normal value,PU,Public,7132.994279291743,7402.72725840351,7793.943979042073,7962.534630726148,8359.496097874307,8725.433535605034,9267.755045884503,9829.866343471138,10350.77969633397,10964.57040326243,11656.6858703834,12122.10218499551,12761.84847110394,13863.1961436714,14882.24917360889,16161.52839310574,18000.51613747946,19152.0016598261,19808.58811142248,19195.50080500933,19733.77898569527,20192.00194806591,20654.70575702967,20835.1138454553,21151.42847392561,20543.03034056697,19901.28572231863,20734.43228134676,21186.00149990314,22125.37418284275,20154.01603485886,23346.62885821547,28827.20643134793,32739.19879089006,38469.09369374262
A,Annual,CUW,Curacao,WB_WDI_NY_GDP_PCAP_PP_CD,"GDP per capita, PPP (current international $)",PPP,Purchasing Power Parities,_Z,Not Applicable,2,Two,WB_WDI,World Development Indicators (WDI),0,Units,WB_WDI,World Development Indicators (WDI),A,Normal value,PU,Public,,,,,,,,,,,21891.04535566919,23057.26136470175,23479.79733026242,23522.27488918556,23791.19741368201,24081.15121499636,24590.19236810941,25374.14298699894,26098.47115324085,25950.39503723653,25956.81075856156,26251.36279923663,25105.99247498346,24821.79627821731,24347.76048661013,24037.64862525827,23649.59149377748,24321.74674320442,24623.04130855119,25396.99661899027,21797.01900629689,25163.8669323866,29554.07213660857,30715.57288890693,
A,Annual,CYM,Cayman Islands,WB_WDI_NY_GDP_PCAP_PP_CD,"GDP per capita, PPP (current international $)",PPP,Purchasing Power Parities,_Z,Not Applicable,2,Two,WB_WDI,World Development Indicators (WDI),0,Units,WB_WDI,World Development Indicators (WDI),A,Normal value,PU,Public,,,,,,,,,,,,,,,,,75190.66008242496,77337.18705796065,76297.45815745668,69254.18102332392,66325.4574311641,66629.16269662911,64726.53111428938,63648.25391376921,63560.51417772321,64009.31679704189,65680.07482705532,68017.67583273348,71811.89174052187,72697.36728618838,66118.6545207023,74150.85809496917,81803.09764817936,86689.20888164306,
A,Annual,CYP,Cyprus,WB_WDI_NY_GDP_PCAP_PP_CD,"GDP per capita, PPP (current international $)",PPP,Purchasing Power Parities,_Z,Not Applicable,2,Two,WB_WDI,World Development Indicators (WDI),0,Units,WB_WDI,World Development Indicators (WDI),A,Normal value,PU,Public,13339.296875,13537.388671875,14749.72265625,14842.25390625,15724.935546875,17084.630859375,17313.525390625,17777.359375,18758.634765625,19662.7109375,21291.2578125,22868.671875,23556.35546875,24281.111328125,25945.517578125,27763.203125,30015.19140625,32889.08984375,34830.15234375,33883.72265625,33505.8828125,33406.11328125,31923.98828125,30451.755859375,30171.03125,31930.763671875,35877.73828125,38414.5078125,40924.6171875,45115.93359375,43353.55859375,48781.27734375,55941.5859375,57204.5859375,61239.66015625
A,Annual,CZE,Czechia,WB_WDI_NY_GDP_PCAP_PP_CD,"GDP per capita, PPP (current international $)",PPP,Purchasing Power Parities,_Z,Not Applicable,2,Two,WB_WDI,World Development Indicators (WDI),0,Units,WB_WDI,World Development Indicators (WDI),A,Normal value,PU,Public,12806.02835918404,11729.5098209527,11923.84877019416,12201.35068756574,12819.82481228291,13948.06198598098,14775.32430504397,14907.64045172253,15062.76204491055,15493.97966857779,16328.79792343952,17711.33552284802,18344.03294279379,19606.58938716002,20990.93282259872,22114.83630852016,23919.29270940882,26268.56531737988,27937.84156810198,27698.81061316626,28156.98547246009,29237.18709598468,29465.60740118938,31013.00829338312,32743.48977316901,34102.17698805803,36445.04857320637,39346.030564257,41638.18310765962,45614.01711325321,44839.48220994547,47796.0337408466,51709.83739339629,53217.21917091822,56805.64676767791
A,Annual,DEU,Germany,WB_WDI_NY_GDP_PCAP_PP_CD,"GDP per capita, PPP (current international $)",PPP,Purchasing Power Parities,_Z,Not Applicable,2,Two,WB_WDI,World Development Indicators (WDI),0,Units,WB_WDI,World Development Indicators (WDI),A,Normal value,PU,Public,19521.01959538323,21058.07668450768,21806.20987178141,21940.16185944456,22886.76782642078,23614.95844492926,24160.06680211789,24643.68321243588,25444.15113991869,26517.93428562143,27467.78241747669,28677.19085911322,29513.68232671022,30305.25756784014,31757.41772761809,32313.73678841699,34748.75432572376,36915.32528321617,38443.53862789577,37554.44269931737,39730.48978852708,43398.34439924958,44229.39419217385,45889.0173022052,47938.79682104181,48558.44329709691,51569.90168411993,54110.2536648812,56273.0405627017,59270.72764969848,58685.87269977104,62530.76531992394,67589.83990554136,68692.89446662198,72300.1205050011
A,Annual,DJI,Djibouti,WB_WDI_NY_GDP_PCAP_PP_CD,"GDP per capita, PPP (current international $)",PPP,Purchasing Power Parities,_Z,Not Applicable,2,Two,WB_WDI,World Development Indicators (WDI),0,Units,WB_WDI,World Development Indicators (WDI),A,Normal value,PU,Public,,,,,,,,,,,,,,,,,,,,,,,,3762.281961039901,3978.346670925536,4263.962888904554,4431.565885561759,4676.71336058903,5083.110770301825,5398.000367739843,5527.001852298884,5960.108073968246,6621.330382204093,7264.04490470983,7776.226136452009
A,Annual,DMA,Dominica,WB_WDI_NY_GDP_PCAP_PP_CD,"GDP per capita, PPP (current international $)",PPP,Purchasing Power Parities,_Z,Not Applicable,2,Two,WB_WDI,World Development Indicators (WDI),0,Units,WB_WDI,World Development Indicators (WDI),A,Normal value,PU,Public,4667.434997390946,4913.671379097267,5125.493324707652,5352.055363884117,5464.754199096779,5749.09697642296,6041.211051445087,6289.762452798288,6617.21916728266,6759.459065705171,7111.413201850024,7290.628324455149,7167.04271942728,7714.295098570938,8232.18460901,8557.41594949633,9199.881763579408,9949.48016534769,10862.25827465936,10803.5563676924,10924.09532455063,11122.89941402936,10920.90850792452,11286.2696974861,12083.29263148199,12092.73159926763,12945.00295716428,12696.19566126216,15069.89724153033,16020.59447202171,14243.76231238978,15808.9743503945,18802.08199132055,20285.98216637071,21300.6848698089
A,Annual,DNK,Denmark,WB_WDI_NY_GDP_PCAP_PP_CD,"GDP per capita, PPP (current international $)",PPP,Purchasing Power Parities,_Z,Not Applicable,2,Two,WB_WDI,World Development Indicators (WDI),0,Units,WB_WDI,World Development Indicators (WDI),A,Normal value,PU,Public,18227.41710543755,19054.94217345536,19817.8687077928,20203.67593879074,21654.9025689416,22661.55768406081,23713.94518752547,24881.24359547054,25797.12562236815,26642.22155886175,28641.69904341555,29462.12329056178,30666.59676740218,30868.04561322233,33019.97729465643,34238.32181474373,37400.30752133335,39111.51902576163,41467.38618797774,40503.20463068214,43042.39463702105,44443.71638447256,44755.16242730184,46869.19328877494,47879.59555582332,48910.33243719005,51820.95213054909,55271.59760026594,57233.62316856178,60594.96640019097,62682.28994743891,69715.18096809289,77400.33480088835,73737.44754471046,79514.28543830581
A,Annual,DOM,Dominican Republic,WB_WDI_NY_GDP_PCAP_PP_CD,"GDP per capita, PPP (current international $)",PPP,Purchasing Power Parities,_Z,Not Applicable,2,Two,WB_WDI,World Development Indicators (WDI),0,Units,WB_WDI,World Development Indicators (WDI),A,Normal value,PU,Public,3640.937673791261,3722.213107559125,4150.909717539518,4473.965663248428,4598.926094395968,4870.861654307941,5160.987848784378,5618.463076802405,5963.184991808453,6304.733204378564,6639.011318648216,6847.573661271222,7157.668254845582,7097.557078206164,7374.812317780596,8215.032445766608,9130.069061455988,9951.131915914582,10345.80809827589,10381.62481268014,11245.68118922014,11694.66418523033,11776.62281035571,12413.91001835603,13464.79256090739,14804.09740696594,16282.18991275141,16846.20723203233,17994.83827427357,19766.7628586981,18998.3069667315,22053.45898699553,24625.80885640374,25839.9356687607,27541.18357059895
A,Annual,DZA,Algeria,WB_WDI_NY_GDP_PCAP_PP_CD,"GDP per capita, PPP (current international $)",PPP,Purchasing Power Parities,_Z,Not Applicable,2,Two,WB_WDI,World Development Indicators (WDI),0,Units,WB_WDI,World Development Indicators (WDI),A,Normal value,PU,Public,7602.187256872648,7582.071944509454,7704.516443445681,7537.938682343489,7462.647587654053,7746.716838929908,8052.76856708202,8128.798913879393,8502.88835946396,8776.442094834634,9186.815903428986,9543.520353849588,10080.18250039801,10802.75067031265,11431.68567154256,12246.26922436132,12791.3412605973,13320.96412090302,13666.21819605343,13651.44729950411,14201.36599069689,14639.87794362677,14441.32933988057,14370.82066167404,14694.14382738305,13807.35158414777,13437.84602321692,13493.56074948397,13727.12663578589,13892.53334462047,12676.5130564294,14496.86546972987,15836.09443703213,16824.48790346263,17552.77424756311
A,Annual,EAP,East Asia & Pacific (excluding high income),WB_WDI_NY_GDP_PCAP_PP_CD,"GDP per capita, PPP (current international $)",PPP,Purchasing Power Parities,_Z,Not Applicable,2,Two,WB_WDI,World Development Indicators (WDI),0,Units,WB_WDI,World Development Indicators (WDI),A,Normal value,PU,Public,1466.381342021527,1608.372681624116,1788.268719044689,1993.534311142566,2214.478888396957,2445.715537503082,2675.567825088806,2869.348290322848,2893.026479152996,3072.802344349852,3341.339159648784,3603.433324815209,3906.813758960199,4288.41577779792,4748.769994092364,5317.997610571551,6002.4688206531,6831.243153970134,7476.707816658118,8020.937515021221,8827.290307688207,9671.462712978248,10521.51010734989,11177.12213332756,11753.59263749065,12146.48023884398,12742.09297728101,13488.49642958134,14588.58104940086,15683.16834369599,16013.88222846017,17966.40333600262,19925.53909795282,21665.92234989681,23247.57882137306
A,Annual,EAR,Early-demographic dividend,WB_WDI_NY_GDP_PCAP_PP_CD,"GDP per capita, PPP (current international $)",PPP,Purchasing Power Parities,_Z,Not Applicable,2,Two,WB_WDI,World Development Indicators (WDI),0,Units,WB_WDI,World Development Indicators (WDI),A,Normal value,PU,Public,2943.901266922256,3104.181255364796,3237.573648452164,3321.651519286757,3425.744944246176,3549.993190578073,3742.197449244619,3899.482478172089,3861.257628990323,3948.356178838632,4146.261153798934,4248.834161035684,4332.80785679235,4569.35723054861,4920.407415257484,5294.579861435031,5733.892631958317,6152.642336372698,6434.578915715483,6522.588161188623,6928.63147261612,7342.481523370645,7714.902126905228,7946.594002598084,8179.506063408652,8291.571875603751,8604.775685051807,9068.886934947095,9570.276264462802,9899.460746106472,9635.151213323092,10755.40804477604,12224.15752153529,13167.78458061365,13867.69443738222
A,Annual,EAS,East Asia & Pacific,WB_WDI_NY_GDP_PCAP_PP_CD,"GDP per capita, PPP (current international $)",PPP,Purchasing Power Parities,_Z,Not Applicable,2,Two,WB_WDI,World Development Indicators (WDI),0,Units,WB_WDI,World Development Indicators (WDI),A,Normal value,PU,Public,3259.90358915363,3510.809599765016,3736.929949198924,3979.585955946176,4265.696535316187,4582.856034922259,4904.713974056652,5159.528196514598,5154.861215468071,5392.427470682491,5800.82871690785,6106.190741085954,6483.308760013458,6913.13005600761,7502.712578046483,8167.99461521281,8967.2223013418,9905.678011904827,10533.57665172571,10918.333029073,11852.41023295933,12741.46366477563,13621.79349857208,14376.9523639147,14952.91902239295,15433.05313867446,16002.65975519831,16790.57003758223,17908.43030328858,18990.89972820108,19319.13126935536,21435.04820964335,23606.2459091739,25448.22361181242,27138.58694834933
A,Annual,ECA,Europe & Central Asia (excluding high income),WB_WDI_NY_GDP_PCAP_PP_CD,"GDP per capita, PPP (current international $)",PPP,Purchasing Power Parities,_Z,Not Applicable,2,Two,WB_WDI,World Development Indicators (WDI),0,Units,WB_WDI,World Development Indicators (WDI),A,Normal value,PU,Public,6327.057772395684,6158.12808867687,5921.013694268626,5834.078040320057,5247.480418136888,5314.731856297362,5533.959587020217,5891.646151052466,5198.362901631958,5212.398489792577,5715.877567235077,5926.451977031375,6235.688430671366,6676.481243537868,7539.842301691386,8311.551573537463,9484.079101512069,10566.87028610514,11392.3301593115,11038.89069549619,12038.05256980473,13243.14238185543,13991.14530179806,15232.34775355038,15756.98756629415,16060.30218568962,16653.53944699876,17593.38482023817,18188.38515841701,19259.49518896779,19587.16066117799,21837.87752409698,24920.96778843525,27292.47738557907,28623.93189080053
A,Annual,ECS,Europe & Central Asia,WB_WDI_NY_GDP_PCAP_PP_CD,"GDP per capita, PPP (current international $)",PPP,Purchasing Power Parities,_Z,Not Applicable,2,Two,WB_WDI,World Development Indicators (WDI),0,Units,WB_WDI,World Development Indicators (WDI),A,Normal value,PU,Public,11895.89997321081,12144.14448802455,12148.92523718463,12227.0799782508,12427.28435622757,12894.49514209901,13339.02831069247,13915.91397877968,14202.39129457086,14762.73098436816,15901.56836377445,16708.08090214139,17502.04103128469,18180.13837224309,19305.55228280567,20349.32592005888,22541.470305201,24174.92156385041,25823.95026604726,25113.05463718769,26191.44254031389,27777.38023906613,28527.66718450993,29835.98899011669,30596.81161789158,31045.05337896001,32454.57300187853,34188.76076462284,35885.56402920052,38489.21056399733,37975.14164075496,42234.93330768992,47041.23116365876,48825.13571576554,51571.74905411517
A,Annual,ECU,Ecuador,WB_WDI_NY_GDP_PCAP_PP_CD,"GDP per capita, PPP (current international $)",PPP,Purchasing Power Parities,_Z,Not Applicable,2,Two,WB_WDI,World Development Indicators (WDI),0,Units,WB_WDI,World Development Indicators (WDI),A,Normal value,PU,Public,4631.553258362399,4886.947808398092,4997.643632767199,5112.218770573567,5339.397261946339,5469.148435373125,5559.978152954782,5792.649691387774,5940.441975353636,5637.916932636292,5728.252498571333,5998.875086486115,6281.522151511082,6475.06597343736,6980.091263563623,7457.465536065642,7884.516935944961,8112.448244736613,8662.607362820745,8662.106726909788,8968.940408389426,9768.692010804043,10244.51778161839,11295.61278044189,11835.60912765378,10877.75074613881,10881.48907067323,11793.4797426944,12186.88460843877,12543.01482439246,11526.80130092776,13507.44456383745,15198.07255544725,15918.51629487729,15840.26685674118
A,Annual,EGY,"Egypt, Arab Rep.",WB_WDI_NY_GDP_PCAP_PP_CD,"GDP per capita, PPP (current international $)",PPP,Purchasing Power Parities,_Z,Not Applicable,2,Two,WB_WDI,World Development Indicators (WDI),0,Units,WB_WDI,World Development Indicators (WDI),A,Normal value,PU,Public,3566.034565404983,3626.741206653458,3783.802570817759,3894.940977479185,4048.022209528541,4234.713468524494,4434.464910597532,4661.079818655064,4868.720465854821,5121.002569288624,5451.515669921184,5650.05196237607,5752.697080704679,5928.07945344715,6207.124921609432,6554.128850951792,7079.028084569187,7640.572285972044,8190.709131610002,8465.020524126618,8837.764500337027,8988.107818806533,10342.43171127539,10511.39316784946,10256.43675536159,10903.33682311848,10665.66764996847,11124.73510981492,12329.24467814359,13363.73269632299,15231.86541776404,15579.01608615512,17526.80170301655,18524.83929979369,19094.14494441113
A,Annual,EMU,Euro area,WB_WDI_NY_GDP_PCAP_PP_CD,"GDP per capita, PPP (current international $)",PPP,Purchasing Power Parities,_Z,Not Applicable,2,Two,WB_WDI,World Development Indicators (WDI),0,Units,WB_WDI,World Development Indicators (WDI),A,Normal value,PU,Public,17007.78101054234,17895.45666996821,18405.18126759019,18616.19137387969,19424.00335191738,20261.67374354536,20895.72616948463,21737.7493500516,22770.17058012802,23666.92854678769,25148.09310843464,26346.01601181698,27384.53357644367,27856.5846121978,28955.96727183257,29985.34238313619,32467.32757882621,34363.01063114727,35655.79888237843,34777.35819289894,35748.60496887177,37441.40941533911,37786.19010634146,39064.62736752181,40118.30511299948,41247.25914346723,43732.10360509392,45832.55124836871,47721.53056458429,51240.69244499833,49691.33457809719,54187.8047485764,59920.95603534707,61462.68313252251,64853.58384745324
A,Annual,ERI,Eritrea,WB_WDI_NY_GDP_PCAP_PP_CD,"GDP per capita, PPP (current international $)",PPP,Purchasing Power Parities,_Z,Not Applicable,2,Two,WB_WDI,World Development Indicators (WDI),0,Units,WB_WDI,World Development Indicators (WDI),A,Normal value,PU,Public,,,1020.568838760906,1148.762008752502,1379.245470909895,1368.778762856531,1449.054832765746,1573.125454718988,1598.002194701421,1597.129922401953,1557.875802315813,1683.684418661088,1701.695236848776,1620.850930400385,1620.764029124816,1674.07005453978,1682.238941993474,1727.093441725809,1546.927475357677,1576.742845990774,1599.191061064565,1742.32363018235,,,,,,,,,,,,,
A,Annual,ESP,Spain,WB_WDI_NY_GDP_PCAP_PP_CD,"GDP per capita, PPP (current international $)",PPP,Purchasing Power Parities,_Z,Not Applicable,2,Two,WB_WDI,World Development Indicators (WDI),0,Units,WB_WDI,World Development Indicators (WDI),A,Normal value,PU,Public,13666.53798834165,14451.59178003442,14845.39592045709,14962.72312397048,15572.12758521912,16265.116191102,16964.93522786098,17899.19392516752,19081.57654418812,19938.17867731732,21577.59731367995,22954.82049112524,24377.84170763938,25060.51537657412,26163.30462454519,27629.70770249655,30755.29878886458,32537.34354027355,33349.94258061295,32201.47735278142,31808.21798795387,32015.57520004012,31869.78398222193,32613.68918114739,33760.95556463688,35238.06913764237,37612.71886813415,39825.24981162915,41015.15657551875,44042.75757733598,39327.84792695986,44251.66582226214,50468.09669248288,53229.92202179502,56926.2399029671
A,Annual,EST,Estonia,WB_WDI_NY_GDP_PCAP_PP_CD,"GDP per capita, PPP (current international $)",PPP,Purchasing Power Parities,_Z,Not Applicable,2,Two,WB_WDI,World Development Indicators (WDI),0,Units,WB_WDI,World Development Indicators (WDI),A,Normal value,PU,Public,7475.931172005556,7146.260555748465,5867.943872273871,5809.855358875137,5962.614705976322,6475.401361850061,6889.298808866208,7977.916551167018,8450.519375236849,8412.066776473433,9422.497064919138,10309.99788074259,11666.66496384893,13136.71850831933,14539.97108411167,16638.07797493972,19348.38685897817,22201.35438492651,22803.51947422729,20478.25247528327,21616.71224184607,24652.3610297918,26242.52826590142,27831.15262342133,29403.65844948149,29720.59111616764,31947.77691074372,34506.64869425064,37120.98797616774,40586.37843788875,40672.13404021316,44251.53749834551,47802.0073086125,46790.27001702657,49333.80677582958
A,Annual,ETH,Ethiopia,WB_WDI_NY_GDP_PCAP_PP_CD,"GDP per capita, PPP (current international $)",PPP,Purchasing Power Parities,_Z,Not Applicable,2,Two,WB_WDI,World Development Indicators (WDI),0,Units,WB_WDI,World Development Indicators (WDI),A,Normal value,PU,Public,417.0265784611422,383.387227631677,343.3615486157001,383.9606802348653,390.8239465092363,409.2943332445125,453.3683956134953,460.6363915529411,435.8015056984248,450.4860201064212,473.9033135084469,509.119301847982,509.1263140940174,492.8407554484086,557.8256348225556,624.5106924169804,692.8669076342297,770.2611551741694,844.9883799636325,899.1409017279522,995.6539786014596,1098.115157287868,1178.974745530263,1252.868964080043,1484.631455666075,1632.618180068367,1857.549465152244,2004.747556331291,2095.317578297902,2242.444883104644,2406.789384786689,2588.413102158837,2844.922745357531,3060.905030037599,3278.48967257937
A,Annual,EUU,European Union,WB_WDI_NY_GDP_PCAP_PP_CD,"GDP per capita, PPP (current international $)",PPP,Purchasing Power Parities,_Z,Not Applicable,2,Two,WB_WDI,World Development Indicators (WDI),0,Units,WB_WDI,World Development Indicators (WDI),A,Normal value,PU,Public,14969.98377962611,15561.86450393187,15976.23961059703,16203.09315429121,16950.97135095057,17755.32503693921,18350.65561202666,19070.60470411731,19968.4328096018,20768.23431598548,22106.72557466402,23211.90566795281,24228.05067741355,24757.57974447849,25920.15911674703,26893.74251024511,29226.88705738135,31140.13103326849,32596.63851179363,31949.66216065707,33014.1282080618,34682.17911299796,35128.27831354757,36309.5649497063,37383.92509630165,38578.81846089545,40920.62719920905,43050.31172985049,45031.54412705299,48593.52158160727,47575.15472342156,51978.49776942287,57525.5253944518,59008.53537853608,62433.63439668174
A,Annual,FCS,Fragile and conflict affected situations,WB_WDI_NY_GDP_PCAP_PP_CD,"GDP per capita, PPP (current international $)",PPP,Purchasing Power Parities,_Z,Not Applicable,2,Two,WB_WDI,World Development Indicators (WDI),0,Units,WB_WDI,World Development Indicators (WDI),A,Normal value,PU,Public,2448.944438535185,2487.644614700387,2483.598057566369,2411.449886571592,2266.419135771118,2240.850684815468,2268.074140106844,2375.122499616688,2454.362996362814,2482.755388172633,2633.367333640491,2746.184684056496,2773.644805345783,2720.560486291009,3103.884341163155,3325.582725986526,3574.469671380548,3822.25888447454,3997.406748435341,3952.008962488122,4119.215581496509,4143.455006302548,4348.792924918283,4540.389045663181,4554.316557647118,4363.15427211857,4422.168054217259,4661.404053979846,4851.52475287424,5075.873009597072,4913.395915885443,5175.20757392973,5341.139235966254,5535.836044314685,5655.017898715268
A,Annual,FIN,Finland,WB_WDI_NY_GDP_PCAP_PP_CD,"GDP per capita, PPP (current international $)",PPP,Purchasing Power Parities,_Z,Not Applicable,2,Two,WB_WDI,World Development Indicators (WDI),0,Units,WB_WDI,World Development Indicators (WDI),A,Normal value,PU,Public,18134.76680280062,17550.23469906509,17259.56070424567,17446.17774812056,18445.38466722516,19554.87907760073,20059.98880722144,21782.02130689356,23568.36447955523,24761.8165565638,26777.11434215873,27801.02482814015,28596.26063454571,29046.40923049768,31199.29145034477,32047.70693155643,34447.71430264432,37844.29315864206,40081.22124820658,37968.66174323198,38950.55258741914,40845.95667298492,40739.11318094205,41325.80520723206,41547.09844853933,42269.22122181964,44562.40110720671,47234.85286009387,49248.67753958663,52276.11157239922,53296.57927988517,56790.37661776917,61347.15784831919,61612.94239255816,64091.22518295483
A,Annual,FJI,Fiji,WB_WDI_NY_GDP_PCAP_PP_CD,"GDP per capita, PPP (current international $)",PPP,Purchasing Power Parities,_Z,Not Applicable,2,Two,WB_WDI,World Development Indicators (WDI),0,Units,WB_WDI,World Development Indicators (WDI),A,Normal value,PU,Public,3953.823484254681,3944.829232054042,4249.828881083145,4414.994154074319,4712.98622248763,4907.553028011016,5204.415093862945,5124.456597159687,5184.814083280093,5655.086680314311,5623.48028399028,5805.135819999513,6024.062366695525,6145.432027935747,6583.746778326859,6775.614302821285,7050.143537559954,7119.842800538233,7286.789919456602,7199.510507582888,7476.107527150445,7814.699703019305,8357.198840881038,9006.756000610221,10712.02893279579,11733.74292050492,11984.56360030625,12819.56349290411,13225.91945820387,13219.69751334218,11235.27603965253,10685.19702763118,13672.23569675035,15152.13777701736,16032.25740861902
A,Annual,FRA,France,WB_WDI_NY_GDP_PCAP_PP_CD,"GDP per capita, PPP (current international $)",PPP,Purchasing Power Parities,_Z,Not Applicable,2,Two,WB_WDI,World Development Indicators (WDI),0,Units,WB_WDI,World Development Indicators (WDI),A,Normal value,PU,Public,17471.68641124228,18178.01220196609,18790.19716040219,19070.99458828722,19873.5108543096,20687.72610825797,21260.55821260918,22184.97041546564,23261.18950831733,24203.87559200623,26001.87969834157,27349.74458590024,28350.09856054276,28027.67621193429,28925.1268683664,30431.2367240202,32430.44431447068,34067.46614756386,35053.26270691158,34666.95988782937,35911.54385814089,37510.37598987138,37671.02392685652,39583.35204350454,40218.1258637776,40916.10535718004,42880.23513554308,44469.14588568046,46381.05906294571,51130.47231405776,49481.80443096545,52517.33549058552,56181.0058137403,58317.82803069799,61321.69131944596
A,Annual,FRO,Faroe Islands,WB_WDI_NY_GDP_PCAP_PP_CD,"GDP per capita, PPP (current international $)",PPP,Purchasing Power Parities,_Z,Not Applicable,2,Two,WB_WDI,World Development Indicators (WDI),0,Units,WB_WDI,World Development Indicators (WDI),A,Normal value,PU,Public,,,,,,,,,,,,,,,,,,,41160.10850928542,39330.59644547499,39766.59110292145,42133.21514869829,46196.84282418602,49780.84160327195,53198.41385389144,53682.17153060812,54318.30393218934,56416.23195005742,58933.1314753804,62222.24166431558,61648.5056152701,67770.48865890119,74316.7435048892,78165.17538118381,
A,Annual,FSM,"Micronesia, Fed. Sts.",WB_WDI_NY_GDP_PCAP_PP_CD,"GDP per capita, PPP (current international $)",PPP,Purchasing Power Parities,_Z,Not Applicable,2,Two,WB_WDI,World Development Indicators (WDI),0,Units,WB_WDI,World Development Indicators (WDI),A,Normal value,PU,Public,1688.595546677245,1841.303503750652,1920.395313626079,2081.077642135934,2075.211923891965,2243.582316708551,2202.360503939389,2097.713351915182,2175.762292398193,2230.810257410516,2383.850649653817,2483.24910726194,2533.761465652443,2628.215731693729,2624.174225758048,2774.432619744244,2875.300154320987,2921.372491601228,2931.124010302455,3008.47729849214,3125.912528997374,3287.302155412558,3280.158618626876,3206.361523073063,3178.89962171257,3346.80950600201,3383.797012068103,3459.864741920047,3525.344626297709,3717.180670398177,3682.392994634832,3944.705714995587,4085.209532908359,4233.134049328202,4346.219329455294
A,Annual,GAB,Gabon,WB_WDI_NY_GDP_PCAP_PP_CD,"GDP per capita, PPP (current international $)",PPP,Purchasing Power Parities,_Z,Not Applicable,2,Two,WB_WDI,World Development Indicators (WDI),0,Units,WB_WDI,World Development Indicators (WDI),A,Normal value,PU,Public,11952.02436208274,12760.1824013242,12311.96381272292,12756.91477831794,13163.53042660322,13750.10723249468,14146.6570728963,14837.42713226002,15137.80414801696,13628.8627465984,13326.11695213176,13555.62853952244,13369.12333744684,13564.18041414048,13637.66679711955,14028.35620793896,13637.25901889975,14391.24658681317,13733.70128621223,13383.56622731845,14014.69054911223,14784.34835518833,14619.7181445113,14497.99212169023,14853.67124603555,14306.43407682518,13997.73528419107,14796.62863741706,15432.04305353528,15949.63737396224,14477.13082918185,18523.5798032135,19992.55706433089,20757.07237686128,21509.52278835528
A,Annual,GBR,United Kingdom,WB_WDI_NY_GDP_PCAP_PP_CD,"GDP per capita, PPP (current international $)",PPP,Purchasing Power Parities,_Z,Not Applicable,2,Two,WB_WDI,World Development Indicators (WDI),0,Units,WB_WDI,World Development Indicators (WDI),A,Normal value,PU,Public,17054.44482182599,17382.84995869448,17802.10801421445,18633.0827722684,19712.6774084733,20581.04200618101,21938.44502207674,23065.19051941187,23687.69175229068,24493.50136573653,26529.85217343508,27915.5304404741,29089.05367704072,30317.52431362291,32055.47176423464,32726.13318837724,34734.81602464148,35523.31158765015,36744.7913584035,35023.33231060152,36487.67185318747,37224.37876452561,38336.59618444192,39947.53695625623,41266.81977953095,42526.70035863354,44085.20255867716,46113.02116773241,47212.20451905218,50064.96055821872,48230.04770274612,51004.42717142381,58544.46954255364,57915.49400365355,60620.38077475831
A,Annual,GEO,Georgia,WB_WDI_NY_GDP_PCAP_PP_CD,"GDP per capita, PPP (current international $)",PPP,Purchasing Power Parities,_Z,Not Applicable,2,Two,WB_WDI,World Development Indicators (WDI),0,Units,WB_WDI,World Development Indicators (WDI),A,Normal value,PU,Public,5835.580913334771,4726.622310118039,2643.178362002205,1898.37119622324,1764.24469895173,1918.769885986506,2253.095233413268,2615.646210725215,2795.39447706365,2976.857973330621,3161.19582490118,3440.728179319824,3718.68693255545,4239.938413727992,4634.777575944773,5271.950952616548,5980.443904882263,6951.085842660811,7278.663121939927,7119.142790819783,7711.806838894871,8563.83554915647,10059.98206039542,10797.34232734757,11770.69893602531,12269.65289327679,13065.29415746798,13718.93786697638,15021.9057577433,16770.1333771469,16791.2598654465,18915.65340052627,22461.33264145465,25071.96772641069,28417.75186691456
A,Annual,GHA,Ghana,WB_WDI_NY_GDP_PCAP_PP_CD,"GDP per capita, PPP (current international $)",PPP,Purchasing Power Parities,_Z,Not Applicable,2,Two,WB_WDI,World Development Indicators (WDI),0,Units,WB_WDI,World Development Indicators (WDI),A,Normal value,PU,Public,1580.650488336159,1677.605753460331,1738.640190394284,1820.653296194337,1875.261727055117,1946.822172832985,2025.832670732482,2096.765002809295,2166.646631010545,2238.665232688026,2315.178030474821,2397.300670378228,2475.096353579193,2584.477237291513,2729.344502449106,2903.834290438811,3103.226258203738,3241.220811073241,3515.589235202429,3617.239444350354,3855.468917167567,4381.125355236943,4933.652543490927,5214.569358487944,5517.131787635662,5191.370533896588,5011.079315729045,5170.960948574386,5536.497954002185,6002.550446783855,6047.301116735542,6607.502973783208,7208.157989827231,7556.416054532344,8027.168423461218
A,Annual,GIN,Guinea,WB_WDI_NY_GDP_PCAP_PP_CD,"GDP per capita, PPP (current international $)",PPP,Purchasing Power Parities,_Z,Not Applicable,2,Two,WB_WDI,World Development Indicators (WDI),0,Units,WB_WDI,World Development Indicators (WDI),A,Normal value,PU,Public,870.7442226488333,887.4709599965255,907.9394064211452,947.0582355677636,975.9800229438904,1013.632323728775,1048.158239152736,1098.668685120118,1130.043038577696,1163.360093126937,1195.806114533453,1250.970597202311,1315.366693716844,1327.967765410542,1366.031602392354,1422.350881989215,1452.960831641868,1557.585848688626,1613.698845189364,1566.700892477646,1621.691611412424,1705.271104380486,1789.974730335613,1842.002277374091,1873.214130589571,1929.680913321867,2255.326179926154,2687.095048271709,2844.464276705487,3105.827890154429,3331.856630038006,3738.805125513302,4062.361364379217,4333.746173126264,4579.101873115411
A,Annual,GMB,"Gambia, The",WB_WDI_NY_GDP_PCAP_PP_CD,"GDP per capita, PPP (current international $)",PPP,Purchasing Power Parities,_Z,Not Applicable,2,Two,WB_WDI,World Development Indicators (WDI),0,Units,WB_WDI,World Development Indicators (WDI),A,Normal value,PU,Public,1409.327218948595,1440.439739030835,1462.38688927487,1486.623321406895,1472.554856636603,1472.197625079051,1488.80055397191,1544.211967658217,1571.504592377192,1649.279525787808,1731.338476455501,1822.979651057696,1743.694325119289,1849.783370054182,1978.632626899842,1938.023627421936,1930.818885376739,1985.040252424997,2088.271661290334,2177.053446956066,2266.828982384417,2064.253852883,2064.814381216122,2006.740816467878,1933.703297184461,1990.316257509725,2012.676481802512,2038.954298501285,2277.442362241909,2421.723180706148,2530.804149373073,2777.79620978324,3067.310404472829,3254.37457760999,3445.251592481848
A,Annual,GNB,Guinea-Bissau,WB_WDI_NY_GDP_PCAP_PP_CD,"GDP per capita, PPP (current international $)",PPP,Purchasing Power Parities,_Z,Not Applicable,2,Two,WB_WDI,World Development Indicators (WDI),0,Units,WB_WDI,World Development Indicators (WDI),A,Normal value,PU,Public,824.1022506198022,876.5441839307076,880.0865645361002,889.9892433975492,909.4865844652746,945.246706228473,1052.051879589491,1118.233559770663,860.7900087060648,1000.605687133445,1013.973491833305,1063.572283085295,1095.223058334876,1088.742656753195,1105.343228414408,1186.626313547368,1225.918245767922,1259.605606892203,1308.535566997167,1314.970786619555,1369.689170661208,1471.762798790717,1401.849940441482,1415.825119353786,1455.908136651929,1729.942603101233,1824.373097707099,2081.81287227685,2057.969691291457,2236.811103510151,2310.374307315567,2483.850629346489,2747.254195598983,2907.140891225243,3052.691136557278
A,Annual,GNQ,Equatorial Guinea,WB_WDI_NY_GDP_PCAP_PP_CD,"GDP per capita, PPP (current international $)",PPP,Purchasing Power Parities,_Z,Not Applicable,2,Two,WB_WDI,World Development Indicators (WDI),0,Units,WB_WDI,World Development Indicators (WDI),A,Normal value,PU,Public,577.3954787079442,569.282520987418,756.0641096412866,828.1638639081024,950.7572557836554,1098.254989201826,1793.192968060237,4386.826261629692,5280.390001439156,6469.838741123399,7420.393101115942,11626.72311716733,13254.82362222398,14496.17441196883,19354.21208215567,22137.0497795007,23511.39865708999,26610.76912196188,30522.77871427744,29722.00056310661,26167.82685252762,27241.60003706027,30011.92744096252,27909.5175876754,27177.27166502602,19478.70101233376,16649.47576723594,18434.77085710037,18413.1294204577,16451.36414783244,13677.11058751695,16821.44864704129,18139.989326627,17411.50023438401,17566.76002840729
A,Annual,GRC,Greece,WB_WDI_NY_GDP_PCAP_PP_CD,"GDP per capita, PPP (current international $)",PPP,Purchasing Power Parities,_Z,Not Applicable,2,Two,WB_WDI,World Development Indicators (WDI),0,Units,WB_WDI,World Development Indicators (WDI),A,Normal value,PU,Public,13117.55556336917,13814.74092857913,14120.18285567583,14140.18484148924,14657.41087561147,15207.76011017105,15772.52708303103,16626.58092694969,17432.4259757982,17758.00557428007,18815.83578574091,20306.08783666337,21985.2345411071,23255.56419785847,24828.8979383295,25003.82974669332,28082.1248815718,28896.92107090599,30440.97090590812,29947.7868089708,27841.85913635908,25692.57408513208,24582.97419575074,25730.88090066645,26450.18132672596,26614.84837542252,27504.54979849482,28681.68155850046,29792.05925195854,31927.37921513687,29533.08774029898,33531.15511225996,38969.02216753726,41181.99121643237,44074.2956697377
A,Annual,GRD,Grenada,WB_WDI_NY_GDP_PCAP_PP_CD,"GDP per capita, PPP (current international $)",PPP,Purchasing Power Parities,_Z,Not Applicable,2,Two,WB_WDI,World Development Indicators (WDI),0,Units,WB_WDI,World Development Indicators (WDI),A,Normal value,PU,Public,4552.955221817042,4732.562967704245,4760.998638935614,4741.975827263098,4889.147171124505,5062.075537058398,5346.725040629293,5673.255241460383,6368.012293906027,6857.187052950784,7305.724561978791,7282.708419860359,7620.673877466003,8469.087526586023,8605.82398540487,10016.3479735194,9876.6166955998,10727.67920547477,11000.75235773014,10303.34326027745,10344.38391891917,10591.74756499161,10575.10562686165,11199.40401979437,12228.64810553948,13214.40966449406,13977.50558791351,15041.45257120666,15974.85919331238,16446.11388718714,14361.12671544517,15298.12311152373,17554.73203324144,19010.18414411876,20167.19937544952
A,Annual,GRL,Greenland,WB_WDI_NY_GDP_PCAP_PP_CD,"GDP per capita, PPP (current international $)",PPP,Purchasing Power Parities,_Z,Not Applicable,2,Two,WB_WDI,World Development Indicators (WDI),0,Units,WB_WDI,World Development Indicators (WDI),A,Normal value,PU,Public,20472.45566735591,21178.87244026938,20628.57398394019,20092.09550536586,21619.35108486855,22772.56420467081,23502.07272069093,24215.21634683997,26340.05216965116,27080.86112779105,29616.15974278861,30561.79982869587,30618.00278557328,32516.04137429488,35604.33906468773,38527.08503272038,42039.79379354857,44366.43151560473,48203.12306441498,48924.76408496356,50190.88178804288,50653.05859169242,52389.32535182397,52893.65035582121,56555.06906712191,55815.65028836115,58908.59077293138,60010.09829072976,61806.82713081742,64264.05646073933,64999.4435683064,69302.0088788237,75720.42982193232,78840.59783959885,
A,Annual,GTM,Guatemala,WB_WDI_NY_GDP_PCAP_PP_CD,"GDP per capita, PPP (current international $)",PPP,Purchasing Power Parities,_Z,Not Applicable,2,Two,WB_WDI,World Development Indicators (WDI),0,Units,WB_WDI,World Development Indicators (WDI),A,Normal value,PU,Public,3329.596770729457,3472.763088180937,3626.115303023761,3756.269128057275,3886.333684514081,4055.438652975603,4143.148293890509,4287.432477757362,4437.124607747038,4556.920652125429,4714.966662008484,4821.545984867749,4969.257449444478,5081.380055856566,5263.446549118997,5486.277769862814,5833.386918017603,6238.339769465038,6434.50703746094,6376.741062979333,6510.099809499635,6784.447129536215,7258.316674678833,7699.949190481675,8236.658437286018,8934.00235466215,9201.42768593885,9560.174281161424,9946.803859233314,10755.8780911166,10947.37056189685,11825.14092007823,13014.0149810816,13745.36259335333,14368.66012418854
A,Annual,GUY,Guyana,WB_WDI_NY_GDP_PCAP_PP_CD,"GDP per capita, PPP (current international $)",PPP,Purchasing Power Parities,_Z,Not Applicable,2,Two,WB_WDI,World Development Indicators (WDI),0,Units,WB_WDI,World Development Indicators (WDI),A,Normal value,PU,Public,3021.609514722084,3322.036152800972,3651.324514455008,4027.047723470168,4447.100797405908,4752.652405518211,5209.994771552942,5614.71289991481,5572.674408546414,5811.999707641002,5859.917919029333,6131.296830210298,6303.903721999228,6392.333157992221,6672.822994385442,6761.117984132195,7345.940282122237,8110.029998965671,8436.514384425427,8824.489601624773,9336.598302125944,10066.07297535978,10626.82566744635,11199.8874744089,11145.02911987239,11408.473901349,11516.37982895773,12243.22259685414,12442.50871858765,13240.97137611552,16819.42287146947,22865.9270968882,39710.96956075305,54729.03651563656,79905.74425219728
A,Annual,HIC,High income,WB_WDI_NY_GDP_PCAP_PP_CD,"GDP per capita, PPP (current international $)",PPP,Purchasing Power Parities,_Z,Not Applicable,2,Two,WB_WDI,World Development Indicators (WDI),0,Units,WB_WDI,World Development Indicators (WDI),A,Normal value,PU,Public,16840.15681685795,17424.46849896605,17929.49722831114,18408.33976993943,19187.72554442583,20004.96239445776,20851.87990128166,21794.07205602922,22485.88719950244,23461.6354479804,25024.7087830912,25931.69810417537,26861.65019571274,27911.67800809339,29574.95231337798,31187.2126369008,33536.02819093173,35354.8794424997,36676.30040480346,35705.2525679115,37175.00495810253,38918.17666717824,40065.41029190458,41479.33733469904,42532.05858806338,43035.06065302017,44195.60606138819,46130.15146153118,48395.86249108802,50770.83707461964,49769.89084347204,55348.59771092502,60893.68213558124,63267.72582378376,66283.72453164881
A,Annual,HKG,"Hong Kong SAR, China",WB_WDI_NY_GDP_PCAP_PP_CD,"GDP per capita, PPP (current international $)",PPP,Purchasing Power Parities,_Z,Not Applicable,2,Two,WB_WDI,World Development Indicators (WDI),0,Units,WB_WDI,World Development Indicators (WDI),A,Normal value,PU,Public,18251.78141106149,19780.22829892131,21312.67844243196,22776.18918018726,24117.33639373625,24713.24704649412,25098.25592707107,26610.61597835888,25116.12876707218,25861.843946442,28224.53189953728,28808.83700787845,29609.80258603829,31178.70995878751,34532.26202168992,38079.58207857684,41745.49147505256,45257.66427942782,46830.254105227,45861.4984371815,49197.65899276933,52277.4664432843,52149.68126942059,53517.41954988799,54514.92680598191,56043.04269569703,56761.48241322235,59260.91317619376,60900.27529245373,61221.41954007013,58187.47640725347,65884.93762606029,68602.14910084748,71505.85156871944,75215.74627805602
A,Annual,HND,Honduras,WB_WDI_NY_GDP_PCAP_PP_CD,"GDP per capita, PPP (current international $)",PPP,Purchasing Power Parities,_Z,Not Applicable,2,Two,WB_WDI,World Development Indicators (WDI),0,Units,WB_WDI,World Development Indicators (WDI),A,Normal value,PU,Public,2039.694563906573,1981.661311531923,2089.709507949068,2214.425777094941,2203.130496463712,2321.792625795073,2341.496479570651,2422.662027996529,2471.503282019571,2423.497278820295,2587.422539304271,2645.254775556173,2714.566320194502,2820.71404423524,3001.296713204387,3203.959189907237,3437.622963449027,3664.088284945402,3806.347063738429,3655.797013831056,3757.546420624499,3900.711361733376,4016.346091018008,4137.326823778103,4460.057428331752,4845.595665211255,5186.158974171613,5620.654552477326,5633.383238451896,5784.930810571108,5384.698319830381,6202.980788120369,6805.493582945538,7178.339067815222,7486.018696164448
A,Annual,HPC,Heavily indebted poor countries (HIPC),WB_WDI_NY_GDP_PCAP_PP_CD,"GDP per capita, PPP (current international $)",PPP,Purchasing Power Parities,_Z,Not Applicable,2,Two,WB_WDI,World Development Indicators (WDI),0,Units,WB_WDI,World Development Indicators (WDI),A,Normal value,PU,Public,1085.3129626098,1104.369777509013,1090.550756305641,1093.07278628122,1084.254934663484,1129.632740000918,1176.981988059229,1234.273483181808,1257.550204279474,1281.190944890551,1315.093109209437,1358.86819404799,1395.291331367729,1441.583151366468,1522.40495734479,1614.016774963845,1712.196242941629,1805.796726910519,1891.723530145302,1917.191452561177,2005.462134345528,2079.503042710599,2085.644620991977,2173.307183433521,2319.458630626209,2379.180624040715,2473.777029672843,2562.692816946623,2669.384334862071,2804.75753875552,2800.526272837155,2997.162414931279,3272.336662170414,3409.524768159031,3574.539243284601
A,Annual,HRV,Croatia,WB_WDI_NY_GDP_PCAP_PP_CD,"GDP per capita, PPP (current international $)",PPP,Purchasing Power Parities,_Z,Not Applicable,2,Two,WB_WDI,World Development Indicators (WDI),0,Units,WB_WDI,World Development Indicators (WDI),A,Normal value,PU,Public,9519.006923997222,7911.914131867322,7321.098982362796,6856.217860126916,7331.528071114025,8046.475222829402,8802.346487765248,9533.58913784242,9888.90637514599,9942.641666908006,10672.25599895348,11654.2135278182,12774.66952096786,13693.28850889027,14688.10290875135,15450.83721107741,17634.86555375506,19570.77558312742,21019.79798342803,20349.55163535002,20143.74955289813,21195.7557640257,21620.21265746413,22432.23963854943,22708.22149199766,23758.9515172107,25804.1408356739,27889.13246951166,29788.66862066751,33063.70687198006,31595.63300181597,36930.47012585667,41956.25712037207,45595.62142360913,48575.21360830005
A,Annual,HTI,Haiti,WB_WDI_NY_GDP_PCAP_PP_CD,"GDP per capita, PPP (current international $)",PPP,Purchasing Power Parities,_Z,Not Applicable,2,Two,WB_WDI,World Development Indicators (WDI),0,Units,WB_WDI,World Development Indicators (WDI),A,Normal value,PU,Public,2202.227747191898,2272.762271859221,2157.597133049468,2048.243453275818,1806.823035822613,1989.016473808822,2069.614541321238,2121.849400752525,2152.00366307537,2200.589534856061,2228.50133637731,2229.843967230749,2247.978966146541,2330.918739333829,2322.197867986913,2427.448085513934,2503.659326819782,2647.495386134303,2724.459228266331,2855.159713854938,2694.911041373155,2858.196459794347,2830.190805597091,3042.497068787099,3075.738438370623,3025.834617282584,3253.471786416136,3339.388846534461,3196.973863706142,3236.974925046073,3103.180663124616,3134.950149384168,3264.933544079058,3281.212320715152,3183.459090334039
A,Annual,HUN,Hungary,WB_WDI_NY_GDP_PCAP_PP_CD,"GDP per capita, PPP (current international $)",PPP,Purchasing Power Parities,_Z,Not Applicable,2,Two,WB_WDI,World Development Indicators (WDI),0,Units,WB_WDI,World Development Indicators (WDI),A,Normal value,PU,Public,9163.03130754889,8346.85878117338,8278.724786502542,8435.747690876553,8881.959969356696,9216.100616207315,9384.080909649989,9844.129363644224,10414.60087149424,10892.48561044684,11869.13158893979,13224.13654695956,14532.30751820878,15461.93247499261,16252.83064380116,17091.27613181935,18365.91717550179,19089.99026895283,20708.7615120316,20680.67242505308,21693.40206634311,22992.21846575837,23205.31066840401,24591.63805030551,25796.21009592556,26944.95976668682,28178.94503669186,29728.01215688012,32258.25778925114,35627.23155208582,35583.58556756367,38887.19095271535,44012.26772742921,45367.59835452545,47635.89552992229
A,Annual,IBD,IBRD only,WB_WDI_NY_GDP_PCAP_PP_CD,"GDP per capita, PPP (current international $)",PPP,Purchasing Power Parities,_Z,Not Applicable,2,Two,WB_WDI,World Development Indicators (WDI),0,Units,WB_WDI,World Development Indicators (WDI),A,Normal value,PU,Public,2973.752603651949,3082.707097020982,3166.459610262611,3284.070780396325,3410.714349050228,3582.351301470977,3793.175822591958,3997.937257145108,4032.980470462975,4192.581209184216,4487.665468593737,4706.807270537633,4939.682788491596,5276.105978652237,5779.325245362473,6326.770997416985,7063.907720186413,7812.273739717666,8429.142515020074,8662.760881932414,9347.465890168012,10063.83171291703,10688.75044667754,11198.79870369289,11551.18994743348,11675.60965498171,12128.01635294153,12790.06553385049,13691.57300055977,14502.8757559328,14541.52202238175,16411.87435510529,18247.89686430523,19744.18300087171,20999.02032408702
A,Annual,IBT,IDA & IBRD total,WB_WDI_NY_GDP_PCAP_PP_CD,"GDP per capita, PPP (current international $)",PPP,Purchasing Power Parities,_Z,Not Applicable,2,Two,WB_WDI,World Development Indicators (WDI),0,Units,WB_WDI,World Development Indicators (WDI),A,Normal value,PU,Public,2645.463180691897,2737.620683875041,2806.307016068818,2898.369591426495,2996.217865522271,3137.303800522185,3311.184444552647,3477.351586020116,3506.829614352578,3634.739038734311,3874.169428261538,4053.677914781858,4244.755862708032,4517.335556434501,4929.126619783695,5375.816388912913,5966.65301064297,6561.43736893893,7045.521165570018,7228.906756426562,7763.601478013812,8317.444054412483,8797.413229024134,9205.155269537783,9498.673841140357,9597.965457891878,9942.802729760257,10458.73494643401,11142.29352575278,11765.87501641686,11769.59831339549,13171.91360852321,14581.63394998259,15679.80760986987,16601.92389064792
A,Annual,IDA,IDA total,WB_WDI_NY_GDP_PCAP_PP_CD,"GDP per capita, PPP (current international $)",PPP,Purchasing Power Parities,_Z,Not Applicable,2,Two,WB_WDI,World Development Indicators (WDI),0,Units,WB_WDI,World Development Indicators (WDI),A,Normal value,PU,Public,1353.104599684603,1391.800741805491,1417.012277055132,1428.012035914784,1434.435860172029,1480.389854623233,1538.333416896656,1584.889783454892,1617.179899635848,1654.492923353506,1721.797114680657,1790.453308666572,1867.837131765462,1955.569746175698,2094.737741501129,2245.790860031336,2402.308899402961,2554.154882161592,2672.359258045036,2756.572773210302,2887.764080863418,3008.86975724325,3114.108515815819,3272.640802859701,3454.654264618922,3547.456671748868,3652.92200098947,3829.77627299951,3988.082003115111,4192.327165713662,4215.336257214422,4483.67397775858,4910.844629733671,5131.093855477111,5365.00455819544
A,Annual,IDB,IDA blend,WB_WDI_NY_GDP_PCAP_PP_CD,"GDP per capita, PPP (current international $)",PPP,Purchasing Power Parities,_Z,Not Applicable,2,Two,WB_WDI,World Development Indicators (WDI),0,Units,WB_WDI,World Development Indicators (WDI),A,Normal value,PU,Public,2035.963161668092,2087.315218402272,2141.520327856552,2130.752976017347,2142.252703698516,2186.568873411804,2268.758300616139,2300.38319670595,2329.770943691455,2356.258255306642,2434.20456713882,2519.41370655435,2640.966766910757,2750.517788079605,2960.436133876541,3162.155249151012,3364.398820560483,3546.002704296887,3662.37317214437,3790.630760157841,3938.839396375343,4080.31460124731,4212.807400465053,4405.718108987201,4623.286593861003,4719.614226815943,4757.552271983569,5009.270946135544,5068.386571329455,5291.194910706718,5291.939646856014,5601.417065362121,6143.458081174552,6403.944883783223,6685.170761303527
A,Annual,IDN,Indonesia,WB_WDI_NY_GDP_PCAP_PP_CD,"GDP per capita, PPP (current international $)",PPP,Purchasing Power Parities,_Z,Not Applicable,2,Two,WB_WDI,World Development Indicators (WDI),0,Units,WB_WDI,World Development Indicators (WDI),A,Normal value,PU,Public,3043.941975094121,3305.363933086931,3538.484312603602,3792.594657262789,4095.99846606786,4451.000212876135,4807.092672812802,5037.221523877079,4355.779973970043,4385.93971371397,4639.039426394644,4848.55580110852,5076.164381595361,5352.507503915311,5700.049495357608,6134.166730108203,6583.351123580457,7096.387689167336,7569.25304691272,7868.148183335538,8353.456847332489,8936.992155494536,9530.290711367175,9866.01699250847,10064.67712741701,10027.53729960255,10262.5951651871,10687.64092184431,11372.09719876119,11986.47015083764,11729.36744584478,12757.07464402037,14284.92929313296,15415.70792595272,16448.27551795586
A,Annual,IDX,IDA only,WB_WDI_NY_GDP_PCAP_PP_CD,"GDP per capita, PPP (current international $)",PPP,Purchasing Power Parities,_Z,Not Applicable,2,Two,WB_WDI,World Development Indicators (WDI),0,Units,WB_WDI,World Development Indicators (WDI),A,Normal value,PU,Public,996.394287257536,1026.257535728074,1034.890437300503,1057.857130924021,1061.295892472307,1108.104804269878,1152.648147817695,1207.138315579702,1240.551544389314,1283.54982466473,1344.623440149744,1403.396548695035,1456.673257985822,1532.676671619764,1632.995575321811,1756.272850391896,1887.882021236717,2022.697335185615,2140.594431148215,2199.129320122794,2319.464764371214,2428.502918957325,2518.656954796002,2658.232678263152,2821.845094155086,2914.221873997469,3060.960387739257,3198.901295835976,3415.253392623674,3612.701724983277,3650.149844808329,3899.179720846641,4267.670028501346,4469.685985777129,4682.499081323551
A,Annual,IND,India,WB_WDI_NY_GDP_PCAP_PP_CD,"GDP per capita, PPP (current international $)",PPP,Purchasing Power Parities,_Z,Not Applicable,2,Two,WB_WDI,World Development Indicators (WDI),0,Units,WB_WDI,World Development Indicators (WDI),A,Normal value,PU,Public,1211.982525962363,1239.058005500169,1308.600466489728,1374.101528924039,1466.604255414493,1578.671244183084,1694.739808048522,1758.853361859161,1852.406490502972,2006.272867026036,2090.858068944859,2199.539104464777,2277.069747750505,2461.482516108613,2681.861168412544,2936.803220119329,3220.62692939401,3508.061831716051,3633.367832407157,3886.581976932475,4206.459860021172,4454.701532005128,4819.642882187311,5014.350565907802,5191.591499032487,5425.035990910462,5800.481493665522,6144.717144449382,6714.96639877754,7150.92423452926,6966.275427859109,8050.018574526641,9207.127430401446,10323.4998734428,11158.88092307561
A,Annual,IRL,Ireland,WB_WDI_NY_GDP_PCAP_PP_CD,"GDP per capita, PPP (current international $)",PPP,Purchasing Power Parities,_Z,Not Applicable,2,Two,WB_WDI,World Development Indicators (WDI),0,Units,WB_WDI,World Development Indicators (WDI),A,Normal value,PU,Public,13733.74699407742,14389.20043538467,15105.74254282376,15801.00349168391,17000.17161168333,18931.54092436672,20473.93998513014,22632.09335920722,25092.33922823764,27041.34742215968,30209.46562081587,32576.9245748656,35222.02872435204,36285.10870035113,38734.44393991485,40466.23435157114,44232.10174855741,46784.08613353655,44169.0943411644,41469.83790025603,43216.98473024063,45525.71812390423,46726.21576653661,48838.77198255254,52640.7843918553,71607.45682946494,73012.81987203743,80450.35293365059,86299.34202169762,92022.59879983004,97799.9225748607,116903.6124351699,136104.4453324581,124900.9386352412,131175.1068541488
A,Annual,IRN,"Iran, Islamic Rep.",WB_WDI_NY_GDP_PCAP_PP_CD,"GDP per capita, PPP (current international $)",PPP,Purchasing Power Parities,_Z,Not Applicable,2,Two,WB_WDI,World Development Indicators (WDI),0,Units,WB_WDI,World Development Indicators (WDI),A,Normal value,PU,Public,7256.412513985795,8229.252205931361,8524.126068346834,8567.209415101683,8585.167879581973,8876.793764872367,9510.043821657426,9687.843954485135,9864.062155528383,10059.68564944079,10729.35800981397,11061.30147368286,12040.86121680669,13192.3336579798,13835.42040338167,14402.1053422847,15256.2709036935,16672.72525177501,16830.93661806792,16894.23540388072,17865.94138111337,18487.07624037621,16325.20106906069,15552.01306078517,15408.09651153111,13689.7646428107,14573.32196689481,15070.25858210314,14839.56919452181,13348.41095098392,14110.31914442978,14951.89487165033,16424.37738669741,17659.87387607151,18441.55775216051
A,Annual,IRQ,Iraq,WB_WDI_NY_GDP_PCAP_PP_CD,"GDP per capita, PPP (current international $)",PPP,Purchasing Power Parities,_Z,Not Applicable,2,Two,WB_WDI,World Development Indicators (WDI),0,Units,WB_WDI,World Development Indicators (WDI),A,Normal value,PU,Public,,2694.039409185472,3546.96543470584,4509.043633471256,4559.931131349497,4597.621308016131,5034.47628349469,6019.889125783918,7964.056849330343,9194.474202879092,10627.94007274909,10719.61942084546,9682.376194857332,6068.451618083463,9289.742246495898,9457.04454256902,10223.10653225584,10783.12364062238,11657.31687024615,11687.01420832672,12186.19296238414,12912.02997901461,14402.03408939552,14668.54327649947,13168.245587417,9334.466048663153,9079.135317694956,10191.66169886389,12034.4011214944,12248.59173859636,10573.93047507148,12731.75357551288,14391.12923498058,14652.52123992118,14464.31869281728
A,Annual,ISL,Iceland,WB_WDI_NY_GDP_PCAP_PP_CD,"GDP per capita, PPP (current international $)",PPP,Purchasing Power Parities,_Z,Not Applicable,2,Two,WB_WDI,World Development Indicators (WDI),0,Units,WB_WDI,World Development Indicators (WDI),A,Normal value,PU,Public,21970.44234684012,22401.48277716079,21862.50157759918,22445.28569425455,23546.90387097224,23938.47420393843,24767.07428300612,26868.11149857459,28721.09322152828,29557.54182688462,29782.87381042146,31885.45107342645,32607.10587965683,32701.04894748921,35617.21359796759,37322.73992727925,39700.08170991253,41472.84493501839,43728.11405641231,41862.95992539064,39768.41695991389,40936.86783051303,42004.44761105966,44409.66895309035,45996.96874769013,49214.26486145837,53480.39719467644,55638.49205917941,57197.7676247175,60523.81794408249,55796.74546676323,61610.21327407147,73426.22778372685,76666.64208411894,78258.75925078902
A,Annual,ISR,Israel,WB_WDI_NY_GDP_PCAP_PP_CD,"GDP per capita, PPP (current international $)",PPP,Purchasing Power Parities,_Z,Not Applicable,2,Two,WB_WDI,World Development Indicators (WDI),0,Units,WB_WDI,World Development Indicators (WDI),A,Normal value,PU,Public,15696.91759749474,16460.68417574939,17525.94950040898,18189.98616990969,19448.25460758126,20609.81968778189,21653.1769171043,22281.01864691225,22912.50921178561,23415.28234435774,25783.17345745999,25813.23649701549,26101.32878411334,24678.39616280255,26071.05040068807,25700.98626058093,26365.57849435256,28265.87632969897,28083.83661359521,28097.19294079233,29455.82181325311,31313.93349970288,32483.74218727383,34827.36473511461,34816.24224600708,35868.9736376014,38189.1610278241,39470.86812621644,40189.99099570689,41325.17836567558,40955.28561791523,46162.08227302475,53564.22789166703,53401.17823019021,55690.73910309857
A,Annual,ITA,Italy,WB_WDI_NY_GDP_PCAP_PP_CD,"GDP per capita, PPP (current international $)",PPP,Purchasing Power Parities,_Z,Not Applicable,2,Two,WB_WDI,World Development Indicators (WDI),0,Units,WB_WDI,World Development Indicators (WDI),A,Normal value,PU,Public,18667.87852031876,19582.53214634461,20182.17400496948,20471.8435498038,21354.40574248613,22431.22259530059,23092.1885693553,23931.16870008713,25073.65276666814,25654.68141890289,27146.32118400301,28137.0558622418,28833.02179031286,29252.90025362406,29584.80265254676,30137.81803744371,32460.55098733531,34108.77230985898,35422.34243911126,34483.7311008116,34977.99423399651,36392.28277594926,36281.10142435061,36459.29502487161,36665.68576774996,37394.45350054226,40482.56299985595,42142.3435406885,43386.70058688029,46661.91051596114,44435.64343935265,49825.39341118482,56247.41559169981,57893.40835871522,60846.98302702788
A,Annual,JAM,Jamaica,WB_WDI_NY_GDP_PCAP_PP_CD,"GDP per capita, PPP (current international $)",PPP,Purchasing Power Parities,_Z,Not Applicable,2,Two,WB_WDI,World Development Indicators (WDI),0,Units,WB_WDI,World Development Indicators (WDI),A,Normal value,PU,Public,4841.198313071333,5201.190665985797,5370.438425589203,5953.550347615688,6101.76762275049,6312.516859342434,6358.937779550761,6336.128811152192,6204.454539274362,6308.929335835492,6463.530224177248,6655.648669734445,6851.861074294806,7199.545847255991,7447.276017290171,7706.631562322001,8132.531410381702,8432.41041394292,8488.093753445806,8135.431345812613,8080.148508373381,8353.307477106742,8373.495115629457,8630.242044654411,8732.813023375642,8985.576678179505,9399.257923051027,9820.207369570377,10035.27977381748,10083.52683006222,8991.16205633754,9577.164211340789,10790.13330086631,11466.97133436441,11662.34468373668
A,Annual,JOR,Jordan,WB_WDI_NY_GDP_PCAP_PP_CD,"GDP per capita, PPP (current international $)",PPP,Purchasing Power Parities,_Z,Not Applicable,2,Two,WB_WDI,World Development Indicators (WDI),0,Units,WB_WDI,World Development Indicators (WDI),A,Normal value,PU,Public,4317.161512455442,4195.287484817974,4653.972423447948,4725.806771776552,4829.648315957511,5026.535801629161,5054.748385709056,5171.220298691753,5263.770026469201,5401.879231346981,5640.657281991665,5948.012179495176,6256.496439445425,6499.97887800748,7073.845816070304,7696.945016718902,8045.640562150054,8415.711660173387,8983.21332423459,9290.808553521272,9416.64386806071,9631.928992553598,9738.537469261935,9816.598556531237,9144.677932049954,8967.079958378083,8747.878609308507,9265.515367207334,9042.39781871198,9429.072795520367,9579.20081317696,9182.496161255996,9927.234100250598,10411.84161529674,10821.4909765317
A,Annual,JPN,Japan,WB_WDI_NY_GDP_PCAP_PP_CD,"GDP per capita, PPP (current international $)",PPP,Purchasing Power Parities,_Z,Not Applicable,2,Two,WB_WDI,World Development Indicators (WDI),0,Units,WB_WDI,World Development Indicators (WDI),A,Normal value,PU,Public,19912.51660534155,21227.67505418857,21825.7988198436,22168.56028818441,22823.44171075368,23859.06605390045,25000.53392359401,25620.06810237935,25509.89959548598,25735.97109115167,27287.27019127178,27942.34665113298,28623.58844793674,29392.24899161857,30830.6584466434,32169.86749364604,33634.63170667872,35015.98657451272,35273.79115215602,33547.2834245767,35335.37351038142,36214.4397740241,37605.97426145393,39402.02509880246,39555.41200891975,40906.59456924599,40596.9686628995,41444.21574439123,42141.93529877579,42678.15114483538,42425.69467896506,44355.3487163354,47395.83915656446,49896.64369020177,51685.03875255098
A,Annual,KAZ,Kazakhstan,WB_WDI_NY_GDP_PCAP_PP_CD,"GDP per capita, PPP (current international $)",PPP,Purchasing Power Parities,_Z,Not Applicable,2,Two,WB_WDI,World Development Indicators (WDI),0,Units,WB_WDI,World Development Indicators (WDI),A,Normal value,PU,Public,7874.187363569538,7192.802079726212,6945.094411007311,6477.348525324722,5860.350668634771,5595.433989494215,5836.07198360121,6177.924750265571,6283.545905356244,6625.782151908471,7418.196120768577,8568.087194920307,9504.450824869486,10532.44669734908,11777.11195701341,13226.14669638922,14965.77231956764,16581.22405311772,17278.47216811465,17389.01458383157,18641.80614770728,20159.9329426413,21367.21805953721,23754.13419521169,23958.11288906026,22484.36513826067,23023.08722938986,23973.06022956508,25096.12858626153,28689.27108383739,29039.82296245091,32945.85157258231,35895.08398716668,38515.18360109464,40813.0442804706
A,Annual,KEN,Kenya,WB_WDI_NY_GDP_PCAP_PP_CD,"GDP per capita, PPP (current international $)",PPP,Purchasing Power Parities,_Z,Not Applicable,2,Two,WB_WDI,World Development Indicators (WDI),0,Units,WB_WDI,World Development Indicators (WDI),A,Normal value,PU,Public,1729.273446029513,1755.654016199637,1727.540675494759,1722.820698861924,1754.253400773931,1817.60888095695,1875.298309481147,1865.02667279175,1895.01738202937,1910.240130276167,1906.897940959992,1961.058168694629,1940.403032605601,1974.858202124403,2066.315406386317,2188.695610177497,2330.130289411652,2481.087061469961,2459.121745242129,2480.044290680105,2634.892713238255,2750.286637876934,2847.270682868462,3106.393944648851,3359.489506650931,3678.326141460193,3916.653156730946,4177.249935802674,4411.561041208857,4687.377823253059,4792.573158471824,5338.852433827813,5883.223039619214,6307.232494193017,6619.358574489936
A,Annual,KGZ,Kyrgyz Republic,WB_WDI_NY_GDP_PCAP_PP_CD,"GDP per capita, PPP (current international $)",PPP,Purchasing Power Parities,_Z,Not Applicable,2,Two,WB_WDI,World Development Indicators (WDI),0,Units,WB_WDI,World Development Indicators (WDI),A,Normal value,PU,Public,2543.741310372884,2381.594035890178,2074.734487038058,1795.022435919287,1465.67275987187,1401.156817497738,1505.448837380407,1658.886752327592,1687.047636747637,1747.306074183672,1861.865597116987,1986.161358234295,1998.237880619713,2158.196674045335,2343.430440150043,2385.594465178014,2508.388448428051,2769.895084519081,3031.494070502154,3096.938141148715,3075.615543324551,3278.351022200858,3588.679888240255,4000.962957651074,4228.195148299198,4153.376699037203,4603.759642478776,4953.717550851987,4777.941753955746,5304.227583144047,5178.561967040402,5736.47883415154,6577.512177283893,7298.086125619335,8009.409194456918
A,Annual,KHM,Cambodia,WB_WDI_NY_GDP_PCAP_PP_CD,"GDP per capita, PPP (current international $)",PPP,Purchasing Power Parities,_Z,Not Applicable,2,Two,WB_WDI,World Development Indicators (WDI),0,Units,WB_WDI,World Development Indicators (WDI),A,Normal value,PU,Public,1409.71391688348,1504.358294376946,1560.1077136011,1565.429892953229,972.056304525461,1005.876095413504,1006.090324582085,993.6373454181244,1009.347615699511,1134.164640140374,1255.640378423722,1357.42611106265,1442.464814298443,1597.882264462862,1769.762350252444,2038.145986251204,2296.768578752745,2566.14759732553,2768.792376176752,2854.032883765486,2988.504014394567,3223.102093516378,3583.482297394369,3890.948412052207,4117.78868309006,4433.64393500572,4748.124285215278,5050.063566151128,5616.980870233031,6153.994395284272,5942.453803739287,6225.532654747405,6918.816269467665,7430.730857094155,7969.93361077408
A,Annual,KIR,Kiribati,WB_WDI_NY_GDP_PCAP_PP_CD,"GDP per capita, PPP (current international $)",PPP,Purchasing Power Parities,_Z,Not Applicable,2,Two,WB_WDI,World Development Indicators (WDI),0,Units,WB_WDI,World Development Indicators (WDI),A,Normal value,PU,Public,1191.530770178393,1139.232709496477,1420.665360718244,1430.71454023172,1469.161028392235,1518.232750230882,1519.246146868451,1535.317419216355,1592.956573835894,1526.091951457878,1637.936014273364,1591.236630031397,1605.075333146765,1578.287908865868,1578.838691257349,1616.579921116187,1727.770524651743,1792.046511893778,1735.431897686701,1718.491714399503,1724.467101508192,1785.572083469119,1896.324899376878,2049.333903067697,2084.131053791023,2310.602914963702,2462.832492555761,2562.065200746189,2671.762316588664,2762.938299618467,2710.906228175543,3020.493999356959,3329.344344648608,3485.558083113999,3702.326009799849
A,Annual,KNA,St. Kitts and Nevis,WB_WDI_NY_GDP_PCAP_PP_CD,"GDP per capita, PPP (current international $)",PPP,Purchasing Power Parities,_Z,Not Applicable,2,Two,WB_WDI,World Development Indicators (WDI),0,Units,WB_WDI,World Development Indicators (WDI),A,Normal value,PU,Public,8983.490694328206,9130.827759302176,9652.199762433112,10418.23822522737,11061.60243269991,11746.82432297479,12498.09412339608,13408.87665070356,13318.76268895477,13753.65772002685,15256.43059041321,16235.42465845904,16619.16551264648,16225.67440910632,17275.86398724875,19500.32365628476,20676.18808128276,21301.24002580637,24102.19938436463,23384.73509832166,23691.44779361505,24550.16519145622,23457.89388780761,24624.43623090626,26755.59697807706,26877.46650311006,28214.70993444296,29578.63116257273,30794.89864826343,32482.09441721496,27326.036057423,26896.61770659784,31831.04581079833,34367.8026558315,35544.80753870199
A,Annual,KOR,"Korea, Rep.",WB_WDI_NY_GDP_PCAP_PP_CD,"GDP per capita, PPP (current international $)",PPP,Purchasing Power Parities,_Z,Not Applicable,2,Two,WB_WDI,World Development Indicators (WDI),0,Units,WB_WDI,World Development Indicators (WDI),A,Normal value,PU,Public,8355.332773974704,9474.64259647045,10184.85566458929,11030.71194846008,12187.25496592734,13502.5827420794,14694.09624450083,15721.70565769212,14974.65957471184,16807.12947641953,18538.83553255917,19724.42594572285,21396.83774553693,22095.87082634697,23773.82865367812,25186.86756680923,26884.26732833584,29064.91808468666,29946.07748913025,29508.38150606151,31736.62843709254,32546.75365312336,33557.12871964344,34244.31213931174,35324.49767047731,37907.50031020158,39575.45428300312,40957.41805871452,43044.29176333706,43865.04163667453,45142.76345054027,48419.64325135095,51231.45306636005,52203.96856604939,
A,Annual,KWT,Kuwait,WB_WDI_NY_GDP_PCAP_PP_CD,"GDP per capita, PPP (current international $)",PPP,Purchasing Power Parities,_Z,Not Applicable,2,Two,WB_WDI,World Development Indicators (WDI),0,Units,WB_WDI,World Development Indicators (WDI),A,Normal value,PU,Public,30763.06696131971,23390.42362900461,36149.18351650178,48481.76042363665,53945.58817645052,57163.34921272986,56912.69619120347,57419.93216267983,58343.788184651,56406.46857929865,58702.86732479593,58552.78391777191,59713.17222411555,69752.38417825487,77226.63683763525,84968.01983985107,89075.22460630754,91434.90447367977,90337.35688035318,80110.06988530412,75184.08666365592,79036.78577145169,82089.7260743667,76812.5388002445,68336.5991953092,45267.30859100258,41862.17391150593,46565.54990030145,51370.73204873206,50703.00013774665,41461.72351032189,50651.95757640254,55043.00227225968,53025.47113878238,51635.95981072242
A,Annual,LAC,Latin America & Caribbean (excluding high income),WB_WDI_NY_GDP_PCAP_PP_CD,"GDP per capita, PPP (current international $)",PPP,Purchasing Power Parities,_Z,Not Applicable,2,Two,WB_WDI,World Development Indicators (WDI),0,Units,WB_WDI,World Development Indicators (WDI),A,Normal value,PU,Public,6199.840319457451,6486.761809574333,6670.270571218937,6856.807329236509,7253.763693016151,7339.147274794407,7624.725651641132,8028.314562391918,8202.008973177928,8224.505586644898,8597.711394234597,8692.901535814442,8778.722484862512,9060.387715734008,9667.081535580568,10250.67157726198,11062.15758192992,11818.69833145739,12453.95924309751,12244.5179686441,13070.87960047685,13942.90899052403,14216.06233301257,14677.69356045665,14971.31097998987,14724.49240182038,14938.4784937502,15540.32085202899,16207.50946588024,16564.82506307538,15929.1645578164,17833.33748489688,19918.9762680866,20919.08978973407,21709.34075838129
A,Annual,LAO,Lao PDR,WB_WDI_NY_GDP_PCAP_PP_CD,"GDP per capita, PPP (current international $)",PPP,Purchasing Power Parities,_Z,Not Applicable,2,Two,WB_WDI,World Development Indicators (WDI),0,Units,WB_WDI,World Development Indicators (WDI),A,Normal value,PU,Public,1012.014594201633,1060.889015862974,1114.111499004258,1175.617815019745,1265.158232651013,1348.797982720611,1434.808671825447,1527.658892217636,1576.663635033681,1686.079386451413,1793.885826073336,1908.062365874121,2019.697748490561,2151.150995957885,2315.433795273954,2519.461351000174,2776.697523285271,3021.441731140118,3270.557510233501,3485.068277402682,3772.266051724039,4099.784573307413,4780.947330001665,5221.59855783339,5798.504367300908,6086.067304462196,6743.010539530368,7141.906527017665,7486.864527004325,7743.219065342605,7913.386606502759,8080.435532499231,8766.440626110943,9291.788590011382,9787.850984043656
A,Annual,LBN,Lebanon,WB_WDI_NY_GDP_PCAP_PP_CD,"GDP per capita, PPP (current international $)",PPP,Purchasing Power Parities,_Z,Not Applicable,2,Two,WB_WDI,World Development Indicators (WDI),0,Units,WB_WDI,World Development Indicators (WDI),A,Normal value,PU,Public,2990.336085128444,4527.25734433349,5278.708339289789,5870.79213765132,6366.909072918034,6795.676601053565,7559.756523943382,7631.985406442893,7861.22582996991,7792.661326720769,7937.956530067317,8289.383890279263,8586.240406853973,8914.482779177926,9609.012826336291,10019.99415404408,10312.35333125512,11355.66297562495,12415.94000642735,13586.14448304354,14703.61532150838,14974.55343899297,16121.33523864603,16315.61377487631,16139.86499669553,17045.89828530103,18940.59010004533,20963.82494725334,21985.48847022408,21710.46487508072,16259.70513122805,11599.77550837654,12292.84073055011,12574.8329116403,
A,Annual,LBR,Liberia,WB_WDI_NY_GDP_PCAP_PP_CD,"GDP per capita, PPP (current international $)",PPP,Purchasing Power Parities,_Z,Not Applicable,2,Two,WB_WDI,World Development Indicators (WDI),0,Units,WB_WDI,World Development Indicators (WDI),A,Normal value,PU,Public,786.5258094583211,792.688689765655,496.8514064122475,327.8299040796005,262.5962814034488,254.3884745813946,282.2316765141066,547.8767949002768,651.9264086301821,761.6627260140965,965.3955233305476,986.5727986786388,1012.918912921102,715.8182468128743,745.3978618166562,774.0325677902854,815.2189170368366,872.5846459422164,915.0535997141794,939.4962902462144,980.1181397741,1040.761414040184,1156.953194480036,1360.129103701546,1418.773555158915,1340.432797411966,1490.33581410026,1664.944813235657,1799.727513977484,1899.522009728551,1659.521091459914,1539.20892304674,1691.572757218511,1794.533408633621,1884.913142911159
A,Annual,LBY,Libya,WB_WDI_NY_GDP_PCAP_PP_CD,"GDP per capita, PPP (current international $)",PPP,Purchasing Power Parities,_Z,Not Applicable,2,Two,WB_WDI,World Development Indicators (WDI),0,Units,WB_WDI,World Development Indicators (WDI),A,Normal value,PU,Public,17172.60330960817,20084.62590516296,19571.91311395471,18904.22421194487,19318.20677744157,18952.00087134705,19392.48696354132,20438.6399174729,19639.19473202608,19769.02443169129,20616.98486835985,20331.63151810025,20060.63969139826,22662.72421409966,23813.40115044959,26902.89858788953,28935.6615820305,30928.9422810828,30812.28372887026,29027.14680712278,30234.0918728805,15698.05190726116,26826.07297567331,21151.00519116328,17509.52850878449,17903.25653958028,16961.01771117168,18026.01878340081,18879.31513019838,16194.10820611456,10954.79904526496,12641.50977140746,12272.83561813345,13848.79500255062,13953.79802833182
A,Annual,LCA,St. Lucia,WB_WDI_NY_GDP_PCAP_PP_CD,"GDP per capita, PPP (current international $)",PPP,Purchasing Power Parities,_Z,Not Applicable,2,Two,WB_WDI,World Development Indicators (WDI),0,Units,WB_WDI,World Development Indicators (WDI),A,Normal value,PU,Public,6950.844359277849,7126.930911565968,7752.548645472168,7865.459148340982,8040.75602227592,8222.223231225782,8489.826898688229,8456.381638823937,8965.134000954287,9214.180512442766,9313.732796954822,9105.825589917478,9205.184163459136,9707.06818918422,10610.29668941555,10818.31042546831,11758.31947295413,12199.25811509731,12968.54572671471,12600.20789761347,12717.78659669019,13471.26663557988,13443.42625124668,14009.98445601393,14403.08327325058,14353.2224845845,15306.72580587058,16130.97210970106,17433.30103287366,18709.91106709348,14912.15958423505,19101.16529566755,24599.37330010672,25974.50929252631,27567.3280779839
A,Annual,LCN,Latin America & Caribbean,WB_WDI_NY_GDP_PCAP_PP_CD,"GDP per capita, PPP (current international $)",PPP,Purchasing Power Parities,_Z,Not Applicable,2,Two,WB_WDI,World Development Indicators (WDI),0,Units,WB_WDI,World Development Indicators (WDI),A,Normal value,PU,Public,6286.921279627681,6613.56603628741,6844.997606410851,7042.477684184474,7409.492175463919,7539.908827419319,7819.110714713146,8247.47722666235,8428.742689579012,8428.94006327296,8811.523198210312,8946.280261850245,8986.439577593379,9227.637918624892,9921.47953969476,10556.70823690524,11465.68704498903,12273.32654053237,12892.54653636065,12655.53022569649,13447.35721364523,14346.92787733577,14661.83163958395,15145.69657360612,15463.03005022992,15252.53904914081,15513.34143035515,16158.87193154941,16859.64885910164,17283.83557729868,16631.70153795628,18654.7651180854,20813.0537801243,21909.53950833702,22806.45656252657
A,Annual,LDC,Least developed countries: UN classification,WB_WDI_NY_GDP_PCAP_PP_CD,"GDP per capita, PPP (current international $)",PPP,Purchasing Power Parities,_Z,Not Applicable,2,Two,WB_WDI,World Development Indicators (WDI),0,Units,WB_WDI,World Development Indicators (WDI),A,Normal value,PU,Public,943.19321678546,972.5826070807942,980.063053708019,982.4095066852408,984.6573413632708,1035.425836146733,1085.235560221385,1137.204598367678,1167.579373371547,1205.850997479858,1260.747091596429,1323.452212678769,1381.914115949529,1450.241937193315,1549.797413171493,1678.964548401869,1809.430655943202,1950.949709884386,2070.071532291732,2125.004527261816,2234.495252808331,2315.16222646394,2382.331093654473,2506.232087530399,2665.178603744697,2732.114869117054,2860.155286961697,2988.213890404763,3213.417570560493,3416.048021668333,3453.152588408052,3666.728362415783,4032.432247707972,4219.890237621598,4393.993347969311
A,Annual,LIC,Low income,WB_WDI_NY_GDP_PCAP_PP_CD,"GDP per capita, PPP (current international $)",PPP,Purchasing Power Parities,_Z,Not Applicable,2,Two,WB_WDI,World Development Indicators (WDI),0,Units,WB_WDI,World Development Indicators (WDI),A,Normal value,PU,Public,850.489922179562,880.0977715805433,877.0603688221911,873.1972608654638,873.1608301100093,909.186327367534,943.611636906616,1005.382308191721,1034.243767169748,1055.583637911799,1087.560248603571,1131.999368362619,1179.113718517068,1236.832586376999,1304.225871892529,1389.974760413445,1470.210973829456,1551.977384221561,1616.333327095013,1628.142158938177,1706.526039397339,1699.402899353992,1592.899598464186,1655.196000378901,1759.637904805902,1813.490682297715,1878.787893376042,1905.93916491333,1970.572455054116,2039.111534123312,1993.120168886362,2091.295141426086,2256.120424493291,2265.386570360069,2327.415115105106
A,Annual,LKA,Sri Lanka,WB_WDI_NY_GDP_PCAP_PP_CD,"GDP per capita, PPP (current international $)",PPP,Purchasing Power Parities,_Z,Not Applicable,2,Two,WB_WDI,World Development Indicators (WDI),0,Units,WB_WDI,World Development Indicators (WDI),A,Normal value,PU,Public,2527.442952528501,2712.722802104006,2850.950075025625,3067.382926882851,3260.468925137861,3454.275011569453,3581.652765951404,3803.88359600096,3952.041044352909,4103.380450924721,4367.803589826858,4328.191411118276,4522.327696392674,4849.860234496519,5215.880244362249,5678.746477775002,6260.679901536885,6820.393100221524,7316.586265096457,7575.579887235804,8233.626638113597,9075.54549583927,10249.16706374873,11252.63114921483,11720.59781142015,12227.17148495127,13078.56050890717,13610.47231366177,14178.02253618865,14112.95250422097,12940.90432957493,14316.13522256829,14193.65462174459,14455.65444147338,15632.59248498481
A,Annual,LMC,Lower middle income,WB_WDI_NY_GDP_PCAP_PP_CD,"GDP per capita, PPP (current international $)",PPP,Purchasing Power Parities,_Z,Not Applicable,2,Two,WB_WDI,World Development Indicators (WDI),0,Units,WB_WDI,World Development Indicators (WDI),A,Normal value,PU,Public,1541.373145843873,1587.315039870325,1650.029692957225,1696.589342026179,1768.916878302642,1864.11688326296,1977.797661727354,2048.871048049984,2126.043740418133,2237.994378481526,2339.26573272265,2448.833448899305,2544.758805299236,2706.263734998161,2924.212714304968,3166.752006549895,3437.191957142234,3710.595765887597,3880.528620831899,4074.029107694656,4335.636488736512,4560.574330063644,4910.951085455927,5127.176960747388,5320.288780992513,5519.289620980723,5781.70663207443,6113.396771352554,6564.384869050354,6978.076998900005,6939.118315136064,7652.719663584077,8616.135783459395,9377.309524624336,9989.812638223586
A,Annual,LMY,Low & middle income,WB_WDI_NY_GDP_PCAP_PP_CD,"GDP per capita, PPP (current international $)",PPP,Purchasing Power Parities,_Z,Not Applicable,2,Two,WB_WDI,World Development Indicators (WDI),0,Units,WB_WDI,World Development Indicators (WDI),A,Normal value,PU,Public,2349.189815322129,2460.570371266825,2568.9839854662,2680.129748936372,2804.141104544236,2947.798455881459,3131.604356715671,3296.353569163452,3331.403761097446,3456.224767127753,3674.687668324777,3841.491809948594,4023.638717938231,4277.911210648867,4662.429497771935,5077.106286551621,5585.533528395405,6139.45605200534,6535.584879442425,6759.025381053806,7284.262543096414,7788.376381814636,8247.046629785535,8629.295253397191,8925.666268345942,9061.675769918516,9402.902930140124,9876.465567116657,10503.86615830002,11066.24613306712,11064.51130703524,12322.54918138095,13694.35619617252,14750.90103253341,15611.85115083915
A,Annual,LSO,Lesotho,WB_WDI_NY_GDP_PCAP_PP_CD,"GDP per capita, PPP (current international $)",PPP,Purchasing Power Parities,_Z,Not Applicable,2,Two,WB_WDI,World Development Indicators (WDI),0,Units,WB_WDI,World Development Indicators (WDI),A,Normal value,PU,Public,764.0573153735769,829.9366592197282,892.9252557877355,931.9842573847956,995.244143256362,1036.788085220463,1103.002021762928,1154.382344680551,1179.421705049001,1198.694819918265,1272.924433990996,1350.005297065346,1385.182220674536,1484.095844492566,1560.748775479245,1680.87364079911,1813.444407234503,1932.4266622594,2064.423112141938,2036.263085676539,2152.915282897677,2278.501427910658,2291.495653112701,2538.263103060494,2771.24496867163,3034.646929248482,2942.181536639213,2618.818207701453,2632.287752230039,2568.341143627193,2559.09776834929,2544.782495512141,2761.311050022156,2880.966310051187,2998.470395042531
A,Annual,LTE,Late-demographic dividend,WB_WDI_NY_GDP_PCAP_PP_CD,"GDP per capita, PPP (current international $)",PPP,Purchasing Power Parities,_Z,Not Applicable,2,Two,WB_WDI,World Development Indicators (WDI),0,Units,WB_WDI,World Development Indicators (WDI),A,Normal value,PU,Public,2912.682784523156,2989.530605506046,3057.110923953726,3235.176887251403,3421.293870658339,3655.432468900056,3878.975053747452,4120.236539649302,4234.632532241072,4446.498983827587,4833.724167726134,5160.04744292449,5538.463752941499,6026.012907471823,6653.121563517247,7372.034604796948,8391.981970145936,9435.050092155088,10385.26326221305,10778.23278301329,11728.01775621919,12806.66582428207,13699.04111989378,14484.99323733461,15033.62829006874,15128.24639152631,15650.47622598009,16552.8837274169,17894.0809006995,19204.35483474556,19498.10077391894,22182.23804729188,24475.58294228673,26380.22490202806,28233.01134512616
A,Annual,LTU,Lithuania,WB_WDI_NY_GDP_PCAP_PP_CD,"GDP per capita, PPP (current international $)",PPP,Purchasing Power Parities,_Z,Not Applicable,2,Two,WB_WDI,World Development Indicators (WDI),0,Units,WB_WDI,World Development Indicators (WDI),A,Normal value,PU,Public,8946.885813305747,8709.655648574988,7021.97877258004,6050.585443642284,5615.091211868182,5967.191454283008,6419.66406344336,7102.881242681899,7796.787181947246,7856.706591138748,8465.94329594005,9456.87328070018,10497.26662001985,12085.9566752899,13097.43756629485,14514.78329421664,16446.97780226103,19113.98613861644,20735.70797760956,18167.63790382717,19827.94868418399,22701.55460597666,24566.89870315299,26563.37489755189,28005.79241248568,28853.99785609369,30772.67284494426,33591.55540714884,36491.93852236887,40563.8304884555,41262.72769417246,45873.52732394857,50498.38239633464,50914.86381466651,54413.9640682813
A,Annual,LUX,Luxembourg,WB_WDI_NY_GDP_PCAP_PP_CD,"GDP per capita, PPP (current international $)",PPP,Purchasing Power Parities,_Z,Not Applicable,2,Two,WB_WDI,World Development Indicators (WDI),0,Units,WB_WDI,World Development Indicators (WDI),A,Normal value,PU,Public,29929.05215618546,33168.42878848955,34085.82382808044,35874.70476294927,37526.26191414394,38319.76301241351,39707.46152677699,42477.73983149563,44267.1768586838,49844.67696279759,55124.29225126943,56141.77516644859,58575.67927175441,60199.8507967788,64694.43341610282,68787.8547494266,78878.02751614866,85129.18881696116,90970.72119801473,86873.25624195629,90346.06882680082,94475.03022650236,96636.426643956,100925.0119922405,105296.2845882319,107888.5783529818,113365.1760822654,114985.8422359886,116638.4141638821,121371.7399030696,122066.7391472017,136772.4437532922,143381.8975336891,142424.7298872779,150772.3588422782
A,Annual,LVA,Latvia,WB_WDI_NY_GDP_PCAP_PP_CD,"GDP per capita, PPP (current international $)",PPP,Purchasing Power Parities,_Z,Not Applicable,2,Two,WB_WDI,World Development Indicators (WDI),0,Units,WB_WDI,World Development Indicators (WDI),A,Normal value,PU,Public,7447.948528867052,6761.930299904124,4759.779884726311,4722.003985037317,5011.631798519378,5341.548105956804,5636.101581637262,6308.927111247289,6878.643083956718,7199.812115877573,7840.881478573579,8861.653457083323,9756.29800792346,10565.73351091212,11761.31415121397,13343.88944817836,15024.63614756219,17281.04226402756,18634.73096085393,16559.52277798754,17343.46586666126,18618.7015409025,20494.04648064762,21850.12663624726,22973.69328058201,24137.87643585995,25802.15557841735,27645.82262496518,29817.80472631819,32199.09603770912,32741.42076919866,36912.01306021606,39960.84433889967,41810.00653490835,43866.95926904988
A,Annual,MAC,"Macao SAR, China",WB_WDI_NY_GDP_PCAP_PP_CD,"GDP per capita, PPP (current international $)",PPP,Purchasing Power Parities,_Z,Not Applicable,2,Two,WB_WDI,World Development Indicators (WDI),0,Units,WB_WDI,World Development Indicators (WDI),A,Normal value,PU,Public,27940.86711020023,28520.82777129208,31334.9228393394,32590.13457135344,33582.38950370713,34334.80470098383,34330.59452145657,34641.44529583034,33033.73574920632,32320.72624286287,34692.51864721219,36220.63497528514,39650.02133061575,44610.288033384,56593.41343782823,60576.61770451029,67201.52092743467,75677.04592288622,76830.5859001478,79123.72701381419,99831.76633904203,121075.8437098669,133100.4310841911,149793.6951230893,145113.9473571733,108916.8626099296,107906.815674246,120983.4928943374,129726.754015517,126160.4541733504,57220.81706187098,74177.78252482768,64373.92569132912,116491.3771617983,128267.6234195705
A,Annual,MAR,Morocco,WB_WDI_NY_GDP_PCAP_PP_CD,"GDP per capita, PPP (current international $)",PPP,Purchasing Power Parities,_Z,Not Applicable,2,Two,WB_WDI,World Development Indicators (WDI),0,Units,WB_WDI,World Development Indicators (WDI),A,Normal value,PU,Public,2776.82250976563,3025.00708007813,2979.068359375,2979.28686523438,3314.78149414063,3152.42724609375,3551.25610351563,3502.00805664063,3740.35913085938,3800.6298828125,3930.22314453125,4268.86962890625,4436.4287109375,4741.0615234375,5024.6943359375,5274.74169921875,5780.6181640625,6057.935546875,6437.0634765625,6628.57666015625,6848.66748046875,7274.1474609375,7307.6123046875,7542.0986328125,7237.27734375,7799.09228515625,7853.17626953125,8115.12060546875,7801.0986328125,8046.22900390625,7704.84912109375,8623.265625,9283.92578125,9842.888671875,10305.0546875
A,Annual,MDA,Moldova,WB_WDI_NY_GDP_PCAP_PP_CD,"GDP per capita, PPP (current international $)",PPP,Purchasing Power Parities,_Z,Not Applicable,2,Two,WB_WDI,World Development Indicators (WDI),0,Units,WB_WDI,World Development Indicators (WDI),A,Normal value,PU,Public,6894.513723395525,5979.907891318352,4337.246801591403,4394.141859324583,3110.823008186821,3145.945805193556,3021.309883256207,3135.607025462237,2964.60151650533,2909.850350001279,3044.670505773536,3310.528826458771,3632.610918254672,3959.951509960288,4378.174757824667,4865.934564303338,5271.389704353356,5589.568507736499,6153.351521479814,5827.178888828574,6323.06287905206,6832.941565029611,7254.662490323135,8232.523804736804,8643.064314353434,9197.618382042723,10325.84048961265,11252.11354652827,11868.19554632228,13413.2232935126,13527.44131309673,15682.07032846535,16452.96212360336,17746.94054996598,18716.51339423945
A,Annual,MDG,Madagascar,WB_WDI_NY_GDP_PCAP_PP_CD,"GDP per capita, PPP (current international $)",PPP,Purchasing Power Parities,_Z,Not Applicable,2,Two,WB_WDI,World Development Indicators (WDI),0,Units,WB_WDI,World Development Indicators (WDI),A,Normal value,PU,Public,1165.820924207169,1095.986996184884,1100.5789685005,1115.767284249144,1104.261134025049,1110.652492251107,1118.769162109871,1142.301660977907,1161.750888469039,1194.1502466887,1235.787339419079,1298.563788731639,1121.087495527725,1218.835631687956,1279.546110585653,1342.519299371451,1416.404659489982,1493.375450049722,1577.33838928618,1479.829800259466,1463.876467863907,1475.170551781138,1463.617569264474,1473.403980772553,1498.839769082187,1496.611724128411,1561.519623746078,1546.880018908167,1546.595635497951,1612.297727156262,1490.323128378661,1577.432460565862,1716.978848737701,1808.447790379139,1883.53743113319
A,Annual,MDV,Maldives,WB_WDI_NY_GDP_PCAP_PP_CD,"GDP per capita, PPP (current international $)",PPP,Purchasing Power Parities,_Z,Not Applicable,2,Two,WB_WDI,World Development Indicators (WDI),0,Units,WB_WDI,World Development Indicators (WDI),A,Normal value,PU,Public,4527.593995285683,4604.029572437251,4881.127100701407,5137.910706924046,5520.41822993116,6223.482791822849,6686.994107465724,7225.928983144436,7710.318129049073,8161.996177573817,8526.28985996399,8235.802693560605,8822.517265989598,10065.48581261561,10769.77434344098,9704.44335108513,12075.14559411541,12851.79233492614,13778.81977748222,12265.79304666771,12797.32793690956,13726.32621320756,13988.59739047971,15264.09071125386,16722.52385732519,17875.09894192628,18769.50606076302,19767.88936134684,21899.42929938437,23077.21122366526,13425.36744596011,19052.62249043106,22880.51231760786,24735.07543390224,26542.70654042948
A,Annual,MEA,Middle East and North Africa,WB_WDI_NY_GDP_PCAP_PP_CD,"GDP per capita, PPP (current international $)",PPP,Purchasing Power Parities,_Z,Not Applicable,2,Two,WB_WDI,World Development Indicators (WDI),0,Units,WB_WDI,World Development Indicators (WDI),A,Normal value,PU,Public,5735.737178842284,6089.484249982974,6408.446759221658,6515.625779461837,6638.637444280152,6798.578539832497,7097.210208956531,7320.649397068614,7539.617554527158,7687.21300592428,8165.196552000264,8329.587059530937,8467.78199607839,8795.201072137394,9537.640280068908,10080.28440925963,10714.24897574808,11302.33223600801,11708.12477696862,11643.02794164088,12094.39165974671,12536.74350886747,12900.57033410744,12853.34672679097,12737.74275334812,11749.13525198618,11651.82445644541,12173.63571960818,12879.81446460953,12876.39196086171,12163.88035249986,13446.20730114237,15045.95525217818,15606.56707680262,16037.91842360797
A,Annual,MEX,Mexico,WB_WDI_NY_GDP_PCAP_PP_CD,"GDP per capita, PPP (current international $)",PPP,Purchasing Power Parities,_Z,Not Applicable,2,Two,WB_WDI,World Development Indicators (WDI),0,Units,WB_WDI,World Development Indicators (WDI),A,Normal value,PU,Public,8578.161130616392,9078.921568965154,9470.004532768382,9040.82649305038,9466.25763571475,8933.086927824363,9496.10613380394,10182.50857228953,10756.21749732028,11030.52143253843,11704.38110525177,11738.72594291435,11761.88659016664,12066.16012623534,12657.81560923069,13260.23881866687,14541.67162956077,15031.86195804997,15680.57619332694,15192.62415020557,15908.86031917992,17266.81291291667,18004.79355857568,18170.2647920555,18820.79911193371,19075.33847112969,20104.58397874715,20488.71508004414,20921.47752602645,20964.27748470726,19354.12487223142,20782.58774253313,23379.73389405391,24854.58221423094,25688.09649604453
A,Annual,MHL,Marshall Islands,WB_WDI_NY_GDP_PCAP_PP_CD,"GDP per capita, PPP (current international $)",PPP,Purchasing Power Parities,_Z,Not Applicable,2,Two,WB_WDI,World Development Indicators (WDI),0,Units,WB_WDI,World Development Indicators (WDI),A,Normal value,PU,Public,2102.345226490222,2130.524332412961,2293.410974875423,2451.527274524543,2616.648519574381,2857.748316989812,2583.004353953661,2434.030601341213,2422.271947512244,2400.345491253361,2489.96943780806,2700.270545830673,2825.244799270528,2824.278833671432,2879.90589671206,3016.703243725742,3110.052255535685,3309.397541127649,3118.234671024417,3253.150859403722,3473.404698961592,3536.560042352446,3589.668803837439,3845.00357492163,3931.344106494151,4125.1616927563,4366.257642161886,4719.313049260006,5232.205248718497,6045.062407898585,6136.971197021311,6705.875291632365,7332.300208469447,7532.174773222036,8198.125633029584
A,Annual,MIC,Middle income,WB_WDI_NY_GDP_PCAP_PP_CD,"GDP per capita, PPP (current international $)",PPP,Purchasing Power Parities,_Z,Not Applicable,2,Two,WB_WDI,World Development Indicators (WDI),0,Units,WB_WDI,World Development Indicators (WDI),A,Normal value,PU,Public,2448.026379614171,2565.089296527921,2681.53074517484,2801.640455776906,2935.168358942956,3087.640258186759,3283.411975423743,3457.321335966125,3494.960876883034,3629.21864529306,3862.979573633847,4041.034745531935,4236.34305951015,4508.934587485409,4921.122348441965,5365.422175067645,5912.514560078641,6509.777066120567,6938.900022372856,7186.262373177989,7755.862236747521,8310.691950634075,8825.014512906042,9242.500201300109,9564.141178579688,9716.37815924774,10092.69514324351,10617.92523033499,11310.9863429235,11935.82779152708,11954.65708915376,13344.20390675199,14857.72763033612,16044.24160642326,17013.8005842154
A,Annual,MKD,North Macedonia,WB_WDI_NY_GDP_PCAP_PP_CD,"GDP per capita, PPP (current international $)",PPP,Purchasing Power Parities,_Z,Not Applicable,2,Two,WB_WDI,World Development Indicators (WDI),0,Units,WB_WDI,World Development Indicators (WDI),A,Normal value,PU,Public,5346.513001073344,5205.654420145798,5032.180717550299,4827.652296450328,4878.531892763251,4910.835513465002,5024.758449230527,5225.735723451175,5448.057220027642,5724.471735878825,6152.588261183098,6051.691015174324,6395.193474762887,6609.043278199636,7230.395049900831,7972.310770344096,8890.33979540059,9639.005487598346,10924.32767131017,11526.1244817859,11993.53151452021,12420.83167182371,12725.92583139864,13662.81058270067,14485.12426087634,15038.18595431187,16457.19423862028,17160.88943551873,18460.1193633742,20222.19720286463,19961.96458838233,22142.97287213088,24065.61480433932,24386.6098860747,26587.03258725886
A,Annual,MLI,Mali,WB_WDI_NY_GDP_PCAP_PP_CD,"GDP per capita, PPP (current international $)",PPP,Purchasing Power Parities,_Z,Not Applicable,2,Two,WB_WDI,World Development Indicators (WDI),0,Units,WB_WDI,World Development Indicators (WDI),A,Normal value,PU,Public,823.2499444765616,932.3570028848552,904.4930072963124,935.5961637552462,970.5752154407172,978.614635901344,1044.09566929886,1088.372803514999,1154.330693606415,1203.476470236714,1194.675034375424,1367.657578650551,1388.248139148048,1496.416467595673,1510.90528128815,1621.244452666406,1724.926221612181,1780.786441199625,1871.241687251889,1906.876756601629,1997.682943733564,2053.383135893389,2003.1747814705,2062.182612641609,2167.193712169057,2330.24293947692,2531.80496963482,2606.696079541407,2684.41122026577,2819.865822972585,2723.700947844415,2796.227937954306,3008.755546175527,3168.41334714498,3308.669488704407
A,Annual,MLT,Malta,WB_WDI_NY_GDP_PCAP_PP_CD,"GDP per capita, PPP (current international $)",PPP,Purchasing Power Parities,_Z,Not Applicable,2,Two,WB_WDI,World Development Indicators (WDI),0,Units,WB_WDI,World Development Indicators (WDI),A,Normal value,PU,Public,10078.76708302174,10777.1117076477,11421.3370820725,12094.55155117576,12929.37248387724,13940.17690910773,14655.33343146906,15461.81578380877,16217.79907173811,16898.54028130101,18210.60633358739,18437.07725656357,19532.02795561753,20815.41085675429,21568.6987417591,22227.41486210058,23224.01887758778,25012.58359649077,26653.8965187145,26767.97740844685,28912.36730648014,29426.03142649973,30716.1937571643,33138.16626334556,35205.79023585867,38379.01065894662,40999.07948259281,45763.15636252921,48177.35563888985,51391.84935057347,49987.38209540685,56802.01025331464,60484.73854341832,63074.74873170123,67364.1825074247
A,Annual,MMR,Myanmar,WB_WDI_NY_GDP_PCAP_PP_CD,"GDP per capita, PPP (current international $)",PPP,Purchasing Power Parities,_Z,Not Applicable,2,Two,WB_WDI,World Development Indicators (WDI),0,Units,WB_WDI,World Development Indicators (WDI),A,Normal value,PU,Public,441.1032875515427,446.5831804958985,494.0844374745805,529.2082155461062,573.2919239636999,617.8961014299958,661.2180605608897,701.6279901424613,741.8174715881374,824.7810540025381,948.7482851780476,1068.825905219521,1203.8263073429,1384.528518259473,1600.841056085846,1860.454131576329,2152.867309470264,2458.857464401381,2748.079213384909,3039.799823377104,3348.128894970492,3579.404829706262,3845.152841536712,4143.630127319586,4376.388332812742,4458.690544426586,4459.539814274713,4706.432489495984,5581.276954581495,6101.372457657087,5740.990458439917,5178.447182171636,5731.937878724586,5953.357351659129,5997.46516323715
A,Annual,MNA,Middle East & North Africa (excluding high income),WB_WDI_NY_GDP_PCAP_PP_CD,"GDP per capita, PPP (current international $)",PPP,Purchasing Power Parities,_Z,Not Applicable,2,Two,WB_WDI,World Development Indicators (WDI),0,Units,WB_WDI,World Development Indicators (WDI),A,Normal value,PU,Public,3686.7608163268,3968.902121764653,4137.36323969369,4176.480305474118,4232.111832156472,4337.691577912691,4567.525292521208,4690.06982839773,4886.716165241563,5058.782717429233,5366.244813486219,5520.999957497337,5673.460307373214,5804.796187084225,6284.989609740019,6638.871925930775,7051.519057196968,7502.441395840147,7722.146515751024,7798.424636192462,8094.757062253548,8121.187049002868,8311.24856202288,8293.21038762698,8187.553845638024,7892.093834756854,7996.557820433388,8323.093802291185,8681.2796018125,8688.166636797621,8759.522362143995,9293.238000841116,10230.44859509962,10708.73324328525,11030.44381500109
A,Annual,MNE,Montenegro,WB_WDI_NY_GDP_PCAP_PP_CD,"GDP per capita, PPP (current international $)",PPP,Purchasing Power Parities,_Z,Not Applicable,2,Two,WB_WDI,World Development Indicators (WDI),0,Units,WB_WDI,World Development Indicators (WDI),A,Normal value,PU,Public,,,,,,,,5797.259000868823,6168.474314250048,5683.257325179782,6002.576411138904,6772.288184551027,7100.306351774685,7341.278440943767,7842.507530151061,8313.65416335034,10458.66245014876,12462.20813758741,13816.57291923666,13021.75948878814,13633.69883046486,14466.2432860016,13845.6901397755,14837.22697926372,15323.49136684591,16271.98616096591,18110.21961430429,19568.50547478371,21368.27699368108,23958.27759350457,20827.27643579019,23842.06191889434,27594.89820407444,30596.59724187406,33379.64325559269
A,Annual,MNG,Mongolia,WB_WDI_NY_GDP_PCAP_PP_CD,"GDP per capita, PPP (current international $)",PPP,Purchasing Power Parities,_Z,Not Applicable,2,Two,WB_WDI,World Development Indicators (WDI),0,Units,WB_WDI,World Development Indicators (WDI),A,Normal value,PU,Public,3479.287345175436,3183.184778540266,2951.023620065742,2928.837994103397,3021.360942652065,3228.973697692594,3310.160870412217,3449.234359712195,3554.768867312184,3663.727112339422,3739.696668510506,3888.855285813322,4083.38422166067,4399.365379250135,4941.826636942621,5406.143419802775,5977.196887299506,6678.054743576368,7296.580736716222,7119.394242118838,7531.625574426475,8861.820528693042,10151.72179981653,10442.38505044935,10900.23051978575,10458.30272405242,10511.38310631408,11096.03756042385,12317.48242776947,13604.97894319405,13693.179806943,14792.25090864221,16401.98947515307,18004.85120583547,19097.73141863952
A,Annual,MOZ,Mozambique,WB_WDI_NY_GDP_PCAP_PP_CD,"GDP per capita, PPP (current international $)",PPP,Purchasing Power Parities,_Z,Not Applicable,2,Two,WB_WDI,World Development Indicators (WDI),0,Units,WB_WDI,World Development Indicators (WDI),A,Normal value,PU,Public,296.0385087230048,314.9300387583025,291.9893327515528,321.2785189622147,326.4416844649047,320.5998903049496,349.7319386847984,387.0590443054834,422.2672815740873,468.208668538029,471.9673297617908,532.6273101604564,580.0409214271853,619.9875106817716,673.345717268781,721.4117619434861,798.3876676425415,861.9876827435392,916.155850233958,951.4854537638575,1000.2411486648,1063.655432963109,1075.877860853609,1113.752527592904,1165.828266075048,1317.887859568217,1379.107400286906,1282.749659918014,1325.586955689527,1388.797070344462,1411.620402299112,1457.235409309215,1581.944194426201,1677.681022923504,1699.705034051446
A,Annual,MRT,Mauritania,WB_WDI_NY_GDP_PCAP_PP_CD,"GDP per capita, PPP (current international $)",PPP,Purchasing Power Parities,_Z,Not Applicable,2,Two,WB_WDI,World Development Indicators (WDI),0,Units,WB_WDI,World Development Indicators (WDI),A,Normal value,PU,Public,2070.290628363927,2115.853682210294,2121.857687384235,2208.572611466809,2113.658382772405,2305.755194943905,2435.946466824245,2325.349106122996,2354.938289783456,2410.674483868853,2303.666397077691,2279.727114784826,2295.805009953304,2446.698177738714,2570.294049119961,2809.035081456905,3341.707183549977,3278.276613940018,3235.997821610364,3158.744142867055,3177.844365611651,3270.862513418881,3464.976610992695,3831.047110123477,3865.142586768705,3977.611712758632,4682.70259690033,5353.066088104069,5429.232230597841,5610.132367138917,5740.73959690129,5836.565808218969,6484.827927211642,6946.193933405413,7271.340404772066
A,Annual,MUS,Mauritius,WB_WDI_NY_GDP_PCAP_PP_CD,"GDP per capita, PPP (current international $)",PPP,Purchasing Power Parities,_Z,Not Applicable,2,Two,WB_WDI,World Development Indicators (WDI),0,Units,WB_WDI,World Development Indicators (WDI),A,Normal value,PU,Public,5008.069468477019,5349.021671614195,5751.053404321132,6113.660731940662,6412.064115675304,6768.74433450017,7203.759856269819,7648.395015745254,8118.171452960816,8341.29548006976,9139.703670621113,9582.341028794655,9819.99036010262,10530.75073255793,11211.64763609287,11699.24763072071,12587.97175635757,13607.33269515433,14563.88875337966,15099.35023574421,15913.9099205525,16877.46517168843,17249.89327829747,18225.23757024882,19066.44305176636,20011.33330680054,21670.45660059488,22595.72908176087,23068.24096748779,24027.11893083538,21326.22439637803,22737.57294105433,26556.0768591826,28923.35295467505,31050.93395911405
A,Annual,MWI,Malawi,WB_WDI_NY_GDP_PCAP_PP_CD,"GDP per capita, PPP (current international $)",PPP,Purchasing Power Parities,_Z,Not Applicable,2,Two,WB_WDI,World Development Indicators (WDI),0,Units,WB_WDI,World Development Indicators (WDI),A,Normal value,PU,Public,671.5034303082091,731.9404749134919,673.8159772087921,745.6821832611372,691.6261343768473,825.4541257172842,884.4563469865376,915.2792249714242,941.051496433226,960.7108229894158,974.3101374996774,924.0563682792354,931.283507531356,979.0389779320378,1032.802139092762,1070.935909577365,1124.438269122898,1230.563854413287,1311.449997919842,1387.789915617579,1457.605683095962,1516.211183191502,1464.04323957796,1558.112247452033,1505.551904040244,1403.084512092345,1409.958027035326,1380.232636217371,1363.794455950881,1450.010080647835,1513.459908033444,1687.593581796507,1778.305821460008,1829.507689253801,1859.447960677683
A,Annual,MYS,Malaysia,WB_WDI_NY_GDP_PCAP_PP_CD,"GDP per capita, PPP (current international $)",PPP,Purchasing Power Parities,_Z,Not Applicable,2,Two,WB_WDI,World Development Indicators (WDI),0,Units,WB_WDI,World Development Indicators (WDI),A,Normal value,PU,Public,6886.633125203771,7582.569430949413,8223.802959377814,9018.062493691868,9806.47179132745,10720.2534691883,11709.26699948667,12469.35900630341,11398.09871221457,11979.67971410465,13027.27333866566,13071.58141389751,13656.04589043792,14387.24849149986,15415.80634026195,16371.42608179738,17426.36116789204,18616.80707676169,19479.8799590564,18922.64595084177,20193.40929454326,21324.35949964982,22638.54069440093,23160.8924510627,24306.52123384146,24526.39427160116,25285.82135413908,26415.59602032874,27793.56742229481,28933.92829723301,27474.73613782362,29822.84918316183,34366.22848125744,36416.54018530988,38728.94303293881
A,Annual,NAC,North America,WB_WDI_NY_GDP_PCAP_PP_CD,"GDP per capita, PPP (current international $)",PPP,Purchasing Power Parities,_Z,Not Applicable,2,Two,WB_WDI,World Development Indicators (WDI),0,Units,WB_WDI,World Development Indicators (WDI),A,Normal value,PU,Public,23525.82460183204,23933.84951393796,24943.97387436125,25898.00762277577,27194.63697587091,28177.42131784353,29384.33500934079,30849.09615497116,32212.70400126871,33862.63690185801,35650.1695655424,36460.40351538648,37310.44962100964,38792.70987066055,40962.39359729106,43361.24904152549,45502.01434669114,47221.80539663599,47768.07690596675,46376.93159200808,47800.99313357173,49199.80166266815,50775.27788398746,52403.75806746,54217.97724446194,55636.68964976189,56828.1260389573,58871.95959516541,61572.55059187215,63726.41333897263,62778.63484032927,69833.49487610154,76374.81794268735,80412.92545413203,83613.3662224162
A,Annual,NAM,Namibia,WB_WDI_NY_GDP_PCAP_PP_CD,"GDP per capita, PPP (current international $)",PPP,Purchasing Power Parities,_Z,Not Applicable,2,Two,WB_WDI,World Development Indicators (WDI),0,Units,WB_WDI,World Development Indicators (WDI),A,Normal value,PU,Public,3875.470432103632,4191.707934186451,4451.935643553666,4344.624521012332,4376.065452491255,4509.129729107631,4611.758000323019,4764.340780644075,4851.592293884008,4961.12432656781,5128.614336446208,5196.150098361992,5433.269027238434,5692.633737528717,6479.763689658286,6766.599812060498,7373.758222118882,7874.931445082878,8124.815178867486,8079.383922862182,8538.199953959478,9002.230045370574,9363.766323180293,9699.208377786495,10365.30905967807,10465.89205585163,10200.13926097332,9887.939354825496,9853.73533646074,9609.485556728736,9354.13136713077,9709.099306467706,10662.70170457828,11251.2370332343,11686.60206247752
A,Annual,NER,Niger,WB_WDI_NY_GDP_PCAP_PP_CD,"GDP per capita, PPP (current international $)",PPP,Purchasing Power Parities,_Z,Not Applicable,2,Two,WB_WDI,World Development Indicators (WDI),0,Units,WB_WDI,World Development Indicators (WDI),A,Normal value,PU,Public,739.1088509742859,737.5289213276708,745.8043101074392,742.1071807970268,747.5756776768375,756.545588583376,745.8108440148097,745.105523925628,801.0469396999164,783.183877091627,764.2818851431596,809.387186909375,832.469364409205,836.9784405932356,832.1251965995227,888.3042625438392,935.175329354286,954.8922801105546,1010.431846211695,998.792501504778,1057.511002573847,1064.419173903608,1161.789082897667,1137.769041295708,1161.325157237927,1172.19178758955,1188.55709229837,1208.146099552662,1275.996439353275,1419.168050701931,1496.83350023022,1585.599220211882,1839.969096759033,1875.153067706275,2015.022820760473
A,Annual,NGA,Nigeria,WB_WDI_NY_GDP_PCAP_PP_CD,"GDP per capita, PPP (current international $)",PPP,Purchasing Power Parities,_Z,Not Applicable,2,Two,WB_WDI,World Development Indicators (WDI),0,Units,WB_WDI,World Development Indicators (WDI),A,Normal value,PU,Public,2016.634246777587,2037.767510105462,2124.223387646361,2074.604130669682,2026.21200884551,2013.400219907154,2081.163017626635,2123.236173103575,2145.706032209942,2131.839930941228,2229.065777784582,2349.441856285759,2677.286019876474,2851.04398807213,3111.140159716704,3322.014198393539,3533.046847357189,3762.203463625281,3981.658116978366,4209.218531929416,4474.607050750234,4676.408151192813,4737.106744398251,4973.785275517676,5252.150949567578,5189.453971954607,5022.333267039819,4996.894727918861,5083.172331022068,5362.408307575608,5353.705548993884,5491.700340682966,5948.726147068087,6207.421378450668,6439.812921585025
A,Annual,NIC,Nicaragua,WB_WDI_NY_GDP_PCAP_PP_CD,"GDP per capita, PPP (current international $)",PPP,Purchasing Power Parities,_Z,Not Applicable,2,Two,WB_WDI,World Development Indicators (WDI),0,Units,WB_WDI,World Development Indicators (WDI),A,Normal value,PU,Public,1978.566341858833,1995.077392445741,2002.639095967835,1997.712476488421,2064.169209579749,2187.034419610122,2324.781742474328,2417.986182981744,2497.449400171186,2672.49228436112,2806.259379373448,2916.551683237608,2948.229798478831,3046.1086825849,3255.485158599242,3455.992736670071,3657.967496914944,3891.499849723453,4044.37612184283,3879.669881903968,4042.220712765174,4324.710072442375,4507.943028666958,4710.572431585126,5067.74639018687,5448.892260103172,5882.36645219746,6225.347025748461,5935.166936313859,5981.108764314665,6274.094567413876,7119.169233600418,7796.693620341443,8319.97944140996,8708.799830516262
A,Annual,NLD,Netherlands,WB_WDI_NY_GDP_PCAP_PP_CD,"GDP per capita, PPP (current international $)",PPP,Purchasing Power Parities,_Z,Not Applicable,2,Two,WB_WDI,World Development Indicators (WDI),0,Units,WB_WDI,World Development Indicators (WDI),A,Normal value,PU,Public,19190.22817696935,20163.55964431192,20816.93757573064,21428.48296985184,22398.67569809173,23464.76137665283,24554.94971068931,26055.5217276584,27746.98713006473,29316.26347757378,31887.85346106869,33262.98238092054,34568.45932681076,34290.75504678072,35965.54680211359,37778.48643600654,41216.8840677591,44205.04498361263,46714.3454301392,44935.74574964813,45306.30780548948,47004.1370739062,47653.34016513706,49622.05196147994,49751.30928608216,50970.34848439098,53162.27915980281,56037.56799360595,58819.26091425838,62345.25384654327,62596.63020275241,68573.56487864463,77152.22376133612,78305.28883589678,84218.45864350961
A,Annual,NOR,Norway,WB_WDI_NY_GDP_PCAP_PP_CD,"GDP per capita, PPP (current international $)",PPP,Purchasing Power Parities,_Z,Not Applicable,2,Two,WB_WDI,World Development Indicators (WDI),0,Units,WB_WDI,World Development Indicators (WDI),A,Normal value,PU,Public,18448.55264488457,19567.25332586276,20609.24067816907,21569.25026527691,23012.11229464929,24344.30046746515,26816.31384082812,28603.36704581925,28198.43176554433,30573.73422424421,36986.49419846388,37833.48041073245,38056.24042781063,38684.70968250986,42672.93753489355,47966.8640112608,54369.1766461345,56181.30456668571,62072.75398549091,55618.63376418357,58219.61434635231,62460.09081570024,65774.35207462238,67377.92622587722,66332.46143741976,60754.18169163768,59280.19920288285,64589.5559196863,70253.84636933861,70939.60551803598,67110.60457055019,88984.1386736515,123150.1729080089,100437.3267445839,101031.5875168176
A,Annual,NPL,Nepal,WB_WDI_NY_GDP_PCAP_PP_CD,"GDP per capita, PPP (current international $)",PPP,Purchasing Power Parities,_Z,Not Applicable,2,Two,WB_WDI,World Development Indicators (WDI),0,Units,WB_WDI,World Development Indicators (WDI),A,Normal value,PU,Public,829.5541091109616,888.9148212112704,920.1815086232856,951.9103707530968,1026.083700726632,1058.207476445079,1110.221926886705,1161.981760799885,1186.924856019891,1233.661410986069,1316.829409137743,1388.470454558095,1390.43706974998,1453.18365785704,1542.449476391487,1627.839155965028,1717.786117794338,1809.323712473904,1942.152996932997,2028.957407536218,2139.22749384013,2247.997429322052,2465.834694491314,2658.021968869333,2901.197520861691,2957.305591455043,2976.12513681451,3604.708259497466,3956.124610944433,4260.673731908505,4235.574623269048,4546.229700062892,5102.992311329473,5395.208200775129,5736.621343327036
A,Annual,NRU,Nauru,WB_WDI_NY_GDP_PCAP_PP_CD,"GDP per capita, PPP (current international $)",PPP,Purchasing Power Parities,_Z,Not Applicable,2,Two,WB_WDI,World Development Indicators (WDI),0,Units,WB_WDI,World Development Indicators (WDI),A,Normal value,PU,Public,16442.8217287681,13451.41608304663,11324.27597846228,9646.288509779872,9438.653197047315,8848.55983911351,7927.910543800431,7332.467148907532,6540.169292225213,6203.759827222472,5920.352679537739,5665.540628968492,5204.532175115459,5334.563277018124,5241.126502742837,5392.131154708793,6030.364261627858,4826.37580274108,5928.485820701841,5623.977626756285,5667.939681335763,6581.543598354434,8260.605046081686,8500.654550602012,9858.203338664734,10020.37774520808,10371.39629856406,9770.049044699716,9740.42851241352,10639.50580345704,10941.66367279767,12196.64515476873,13346.98402947028,13829.91894050061,14326.80231516225
A,Annual,NZL,New Zealand,WB_WDI_NY_GDP_PCAP_PP_CD,"GDP per capita, PPP (current international $)",PPP,Purchasing Power Parities,_Z,Not Applicable,2,Two,WB_WDI,World Development Indicators (WDI),0,Units,WB_WDI,World Development Indicators (WDI),A,Normal value,PU,Public,14871.45510340562,14560.4500543414,14937.45431366918,15964.25624428352,17111.15052089855,17885.35370565423,18441.63454598011,19127.30041260743,19319.98356457647,20579.36591651404,21500.62928980995,22521.04093824918,23306.27953762774,23987.36889449235,25096.68587784854,25677.4190803252,27744.06171983263,29353.50062837229,29895.64516629494,30756.22396171287,31292.95275703922,32738.98844456011,33054.89367510883,36262.70472826504,37331.31557324468,37578.02761327002,39988.92508554718,42243.50844593975,42527.27841033007,45197.52638763323,45354.15616287268,47996.67988184632,53647.34281429338,53854.19963198253,55093.53607621344
A,Annual,OED,OECD members,WB_WDI_NY_GDP_PCAP_PP_CD,"GDP per capita, PPP (current international $)",PPP,Purchasing Power Parities,_Z,Not Applicable,2,Two,WB_WDI,World Development Indicators (WDI),0,Units,WB_WDI,World Development Indicators (WDI),A,Normal value,PU,Public,16676.24487660117,17289.09602321225,17902.75027346123,18378.44369107482,19191.88158750366,19963.59186659898,20843.76096990935,21790.53959292754,22375.45705571514,23250.39710289662,24685.76730667923,25460.1804845506,26244.64855964172,27027.53737326046,28463.67267664667,29811.71309240459,31804.54325205684,33368.3766920177,34238.22700915471,33300.8678730856,34569.00758662468,36018.94496879588,36990.17066863245,38335.86130191426,39484.13481096506,40630.40002464048,42008.00305741193,43631.34076905219,45295.82281957138,47291.00423255805,46436.205122371,50780.34530551615,56289.17553694901,58425.94271226142,61050.0577625942
A,Annual,OMN,Oman,WB_WDI_NY_GDP_PCAP_PP_CD,"GDP per capita, PPP (current international $)",PPP,Purchasing Power Parities,_Z,Not Applicable,2,Two,WB_WDI,World Development Indicators (WDI),0,Units,WB_WDI,World Development Indicators (WDI),A,Normal value,PU,Public,26904.00221099735,28108.66144178851,29772.90442557016,30986.52625604078,31924.77509877094,33598.33314670292,34660.62481256359,36808.93479239758,36665.64185193604,36791.57668377784,39443.26073982567,41679.01509050579,41511.02852580796,40934.69571582451,42141.63689651559,43672.52031830671,46091.18223518461,48626.92204198543,52841.18895231431,55127.46777217637,55667.46877786436,52393.31358202932,49989.44250939939,47013.47309343851,44235.83363293341,36058.16660847879,33333.8635893722,33619.4988982607,37780.33083272706,37250.61107883588,35163.32817814155,38719.45876820488,42616.33489558685,41851.18796010068,41664.17949990155
A,Annual,OSS,Other small states,WB_WDI_NY_GDP_PCAP_PP_CD,"GDP per capita, PPP (current international $)",PPP,Purchasing Power Parities,_Z,Not Applicable,2,Two,WB_WDI,World Development Indicators (WDI),0,Units,WB_WDI,World Development Indicators (WDI),A,Normal value,PU,Public,7115.131618630763,7233.029077432348,7171.111846878577,7348.018642370074,7639.206927125623,8068.276599276031,8327.244011667159,8891.6777668517,9044.907610044684,9363.363946379255,10096.63500269946,10534.53134422686,10965.12653209662,11520.19518738436,12173.87779138236,12860.94031039582,14049.86646466437,15095.71250112424,15621.36826416922,15109.17073743575,15539.05226950518,16366.05395497559,16760.15026996795,17064.4590265564,17496.2165426475,17458.25429225066,18447.26809638001,19649.31059330347,20693.88058843838,22367.87098330298,21272.67944202094,23574.50783875711,26095.00628292781,27107.44492454836,28768.40395907727
A,Annual,PAK,Pakistan,WB_WDI_NY_GDP_PCAP_PP_CD,"GDP per capita, PPP (current international $)",PPP,Purchasing Power Parities,_Z,Not Applicable,2,Two,WB_WDI,World Development Indicators (WDI),0,Units,WB_WDI,World Development Indicators (WDI),A,Normal value,PU,Public,1895.262669678066,1991.579640456382,2132.019417294209,2160.189666561622,2223.514283738888,2314.907985465209,2400.634516600452,2398.013574573964,2419.07785436237,2474.816477170572,2565.199588151414,2643.766275071867,2687.829936199274,2821.731370230449,3048.357091228762,3292.602232695377,3514.813652411372,3672.185274588609,3721.332935616219,3777.090986290509,3785.701135305948,3879.597769344898,4046.598487663111,4173.938585687575,4312.990700407763,4480.263134609849,4630.731506837398,4789.536465575526,4979.373496165502,5037.534015597454,5048.021306296299,5367.273647147621,5920.274306541074,6036.641925121345,6286.979926899801
A,Annual,PAN,Panama,WB_WDI_NY_GDP_PCAP_PP_CD,"GDP per capita, PPP (current international $)",PPP,Purchasing Power Parities,_Z,Not Applicable,2,Two,WB_WDI,World Development Indicators (WDI),0,Units,WB_WDI,World Development Indicators (WDI),A,Normal value,PU,Public,5136.526064183685,5688.366859251215,6164.733705175022,6518.340801937244,6707.615245995194,6827.51861809754,6420.512571339757,6894.69105970643,7407.549864644884,7748.835990164064,8097.2957828739,8197.157630385589,8370.303371466056,8800.566641387235,9591.602882994395,10511.0220314006,11684.55502755152,13332.86610620796,14705.37145114968,14765.7380217055,15572.57871944191,17473.76514014239,19473.25148201859,21923.67509395313,24376.08086850864,27245.27885336692,30276.70884058325,33533.32600793293,32463.54035912702,33239.73323116404,27017.0033688951,30932.76277805155,36245.14565510397,39803.31895328974,41404.76243462181
A,Annual,PER,Peru,WB_WDI_NY_GDP_PCAP_PP_CD,"GDP per capita, PPP (current international $)",PPP,Purchasing Power Parities,_Z,Not Applicable,2,Two,WB_WDI,World Development Indicators (WDI),0,Units,WB_WDI,World Development Indicators (WDI),A,Normal value,PU,Public,3366.656961393944,3483.538980850833,3472.230658726357,3666.233188703235,4123.04187570327,4434.672451809786,4555.769594985063,4844.098198775212,4791.405701451249,4847.398267451439,5011.945407191643,5086.422478067786,5382.566412739768,5656.858161179667,6037.52025106396,6559.54330021754,7213.596060315906,7982.050083772244,8820.139010568488,8916.595775353591,9713.35863309362,10462.57704346626,10757.15222343512,11290.55474038736,11517.73717102469,11600.38739928673,12066.54606833171,12591.85628792344,13078.23235034051,13563.53729335506,12563.3038060893,15280.55121064864,16669.1561486769,17011.22780288247,17802.41824989717
A,Annual,PHL,Philippines,WB_WDI_NY_GDP_PCAP_PP_CD,"GDP per capita, PPP (current international $)",PPP,Purchasing Power Parities,_Z,Not Applicable,2,Two,WB_WDI,World Development Indicators (WDI),0,Units,WB_WDI,World Development Indicators (WDI),A,Normal value,PU,Public,2607.965745016305,2620.704376815732,2628.587544846572,2684.276593833504,2799.779882490469,2925.961014435107,3082.309659915981,3221.391710447106,3160.364747819357,3228.751170015867,3365.558335377992,3468.898883231001,3580.382454747437,3761.496245950713,4037.171937922887,4289.05223691996,4578.70630898161,4923.197185725769,5144.335781882303,5157.278250884399,5489.235434576006,5705.435911749043,6094.268373386576,6372.833821125455,6688.739612325532,6894.267022179345,7382.667584317919,7773.798535990245,8357.743579342186,8924.101164028874,8238.368020374568,8857.789951155139,10131.34636979404,10985.82926275052,11794.13754884918
A,Annual,PLW,Palau,WB_WDI_NY_GDP_PCAP_PP_CD,"GDP per capita, PPP (current international $)",PPP,Purchasing Power Parities,_Z,Not Applicable,2,Two,WB_WDI,World Development Indicators (WDI),0,Units,WB_WDI,World Development Indicators (WDI),A,Normal value,PU,Public,9604.248701511358,10179.26807632338,9516.361780064257,8343.802041531031,8927.049614436839,9857.845072612805,10794.17102337307,10951.22922042861,11042.1172611912,10382.35938587038,10191.70708254896,10998.82441241909,11639.21790032375,11395.29320388719,12063.85770421584,12867.53318369491,13400.74765481183,14216.37507792665,13905.26941888384,13183.26297845941,13448.93328128828,14682.76677841001,15410.46138489573,15297.61926071389,16244.7775187552,17685.0596076711,17747.60689611911,17461.77775699269,17879.44983059861,18227.26702259877,17367.26764326649,15663.17158500872,16581.02178759714,17531.69265068441,
A,Annual,PNG,Papua New Guinea,WB_WDI_NY_GDP_PCAP_PP_CD,"GDP per capita, PPP (current international $)",PPP,Purchasing Power Parities,_Z,Not Applicable,2,Two,WB_WDI,World Development Indicators (WDI),0,Units,WB_WDI,World Development Indicators (WDI),A,Normal value,PU,Public,1703.235708396776,1868.818270906406,2100.461901170603,2450.955875929721,2557.718637785944,2435.650411989292,2578.192202942009,2432.071614107695,2284.933580656471,2279.546543205465,2195.957832932056,2167.758886136055,2125.387201316435,2141.94088709085,2186.540081556692,2321.909162494333,2443.802252423414,2622.374687280774,2583.480943318819,2692.435092619688,2911.892031896903,2918.543917775436,3025.855995907953,3109.895372381131,3499.548467555505,3669.738715926947,3812.710351007983,3923.171976804667,3909.915729755379,4059.828602074866,3899.577192368509,3976.903801169556,4419.61926962803,4667.835670929906,4888.554831361732
A,Annual,POL,Poland,WB_WDI_NY_GDP_PCAP_PP_CD,"GDP per capita, PPP (current international $)",PPP,Purchasing Power Parities,_Z,Not Applicable,2,Two,WB_WDI,World Development Indicators (WDI),0,Units,WB_WDI,World Development Indicators (WDI),A,Normal value,PU,Public,6180.985688495617,5920.677521220391,6188.891198436405,6555.735906387406,7035.257483566072,7709.490211468586,8307.205672340639,8965.018894173169,9520.081918442864,10080.68803819354,10718.91054042547,11176.47159640627,11841.26840877211,12330.47271017289,13414.85739344287,13935.55731482138,15208.12662257703,16833.85225643818,18372.37645483001,19290.12047178283,20993.24956025771,22808.50552688992,23728.14568214348,24433.89143448769,25459.73922737614,26995.34087137449,28359.69273462655,30170.28189740874,32345.10660762248,35882.36550655527,37089.30042568118,41059.5847829682,46077.3855556036,46757.54018412538,50378.06418492548
A,Annual,PRE,Pre-demographic dividend,WB_WDI_NY_GDP_PCAP_PP_CD,"GDP per capita, PPP (current international $)",PPP,Purchasing Power Parities,_Z,Not Applicable,2,Two,WB_WDI,World Development Indicators (WDI),0,Units,WB_WDI,World Development Indicators (WDI),A,Normal value,PU,Public,1465.481898047332,1491.468444376357,1531.333596969904,1533.827041113504,1520.22835718034,1553.68712186123,1632.224647016043,1736.430641283684,1850.723782352,1919.618608205767,2029.994929444983,2102.054198203271,2169.417649923272,2088.418634107219,2363.353054594922,2503.953915849798,2663.342638039856,2817.680223494674,2970.177667631818,3033.265961936892,3174.979090749963,3284.540167180011,3350.521273829701,3489.027081471696,3581.023654429367,3411.45638362384,3408.156001155769,3504.942530068854,3690.837132152095,3851.26995056536,3730.093483329258,4006.295079876114,4364.732185330994,4504.006310597245,4637.776008749098
A,Annual,PRI,Puerto Rico,WB_WDI_NY_GDP_PCAP_PP_CD,"GDP per capita, PPP (current international $)",PPP,Purchasing Power Parities,_Z,Not Applicable,2,Two,WB_WDI,World Development Indicators (WDI),0,Units,WB_WDI,World Development Indicators (WDI),A,Normal value,PU,Public,13409.93692814871,14082.92546435329,14964.35440712633,15896.11738216909,16758.75013458823,17723.98282615364,18260.04989123729,19301.20353716608,20479.56379815951,21779.45007227681,22938.03022671734,24881.97737818023,25467.36071995394,25967.78148159815,28993.07351485018,29350.30605572846,29955.58126413962,30587.99904453743,30782.45395656283,30533.68089941649,30908.79866308533,31697.21886470897,32077.6178539123,32279.40002909187,32391.06703115331,32323.54564599851,32245.84842766506,31866.62406653463,33706.59151579585,36217.7204390287,36858.60852179076,40559.47481181196,45327.51019242202,47433.23762745941,50155.54102483344
A,Annual,PRT,Portugal,WB_WDI_NY_GDP_PCAP_PP_CD,"GDP per capita, PPP (current international $)",PPP,Purchasing Power Parities,_Z,Not Applicable,2,Two,WB_WDI,World Development Indicators (WDI),0,Units,WB_WDI,World Development Indicators (WDI),A,Normal value,PU,Public,11771.91632469057,12730.94516721428,13173.16862844308,13193.73392452079,13568.92171708509,14396.84232744901,14916.44483262583,15785.79165333373,16686.94267137686,17718.15157244185,18879.05820894466,19530.67853139174,20356.64729973602,20852.24042896964,21478.42973451468,22725.27749460836,24682.56462369332,25738.93690935313,26665.8372952939,26458.10969579254,27295.10355618018,26803.23369046455,26476.21827772694,27966.08742547046,28764.52549550424,29615.95608541083,31589.26956095525,32970.83953865624,34896.79933829735,37865.56035642948,35966.71279656101,38657.6677223425,44557.28105357197,47426.48808615675,50616.59308937067
A,Annual,PRY,Paraguay,WB_WDI_NY_GDP_PCAP_PP_CD,"GDP per capita, PPP (current international $)",PPP,Purchasing Power Parities,_Z,Not Applicable,2,Two,WB_WDI,World Development Indicators (WDI),0,Units,WB_WDI,World Development Indicators (WDI),A,Normal value,PU,Public,5636.788070131252,5872.940329301991,5951.80079852482,6233.761140247872,6542.408176909155,6966.44773316475,7040.01916399068,7298.842318223778,7226.700957297015,7079.866491821766,6937.176719757917,6916.493307504184,6924.183349279032,7275.933160092674,7685.658147902622,8006.709781676137,8560.739251357867,9178.944215893662,9867.396953439044,9801.649331074108,10893.31491995425,11441.76367722783,10954.32515701633,12137.0081947596,12607.07216366394,12679.05747532147,13329.13733663217,13977.34277886508,14139.09312675606,14149.59852275053,14308.87877383284,15406.16706465785,16347.04349747387,17564.49123693788,18523.68101530047
A,Annual,PSE,West Bank and Gaza,WB_WDI_NY_GDP_PCAP_PP_CD,"GDP per capita, PPP (current international $)",PPP,Purchasing Power Parities,_Z,Not Applicable,2,Two,WB_WDI,World Development Indicators (WDI),0,Units,WB_WDI,World Development Indicators (WDI),A,Normal value,PU,Public,,,,,2201.108242113362,2301.801074614614,2268.519469819616,2530.239160667713,2851.633098465853,3052.456557697457,2782.513884823612,2515.154529382165,2178.863064788364,2469.379803946252,3013.739419468928,3371.902480334018,3354.428465870811,3485.612718259768,3713.132158576499,3950.279783460549,4120.86066344952,4494.7313227255,5214.648653991273,5287.84746119629,5381.636909874745,5769.982366332032,6062.232748445774,6106.645740371221,6215.816473173963,6508.448350803184,5956.286200648186,5663.121607435843,6163.248978376131,5950.020061843931,4371.111358572647
A,Annual,PSS,Pacific island small states,WB_WDI_NY_GDP_PCAP_PP_CD,"GDP per capita, PPP (current international $)",PPP,Purchasing Power Parities,_Z,Not Applicable,2,Two,WB_WDI,World Development Indicators (WDI),0,Units,WB_WDI,World Development Indicators (WDI),A,Normal value,PU,Public,2816.693168718677,2837.263572245512,3004.609937041804,3091.736804565904,3262.60502532993,3419.595393758104,3555.202460528229,3510.372636214603,3544.842766476091,3730.034557151353,3706.974498287222,3787.309074416937,3889.339720805543,3983.186091752945,4214.417002514361,4384.147202460432,4566.403488811033,4632.758125888478,4756.976504253685,4701.219923729343,4870.08814151616,5079.467728126247,5277.872388697622,5533.16491915403,6180.80582358906,6582.254565529038,6724.998064526344,7034.813164124126,7174.351205953315,7198.701877725536,6387.426483907263,6218.588530093198,7370.841489768476,7981.847248049931,8401.452696410239
A,Annual,PST,Post-demographic dividend,WB_WDI_NY_GDP_PCAP_PP_CD,"GDP per capita, PPP (current international $)",PPP,Purchasing Power Parities,_Z,Not Applicable,2,Two,WB_WDI,World Development Indicators (WDI),0,Units,WB_WDI,World Development Indicators (WDI),A,Normal value,PU,Public,18052.33268800901,18709.47258400013,19327.34200224241,19834.6124501655,20711.70759116784,21579.93580720403,22490.63579571994,23482.44407859229,24278.01522198279,25339.78539928696,26939.86916807509,27912.91064698113,28868.38763462629,29818.76028901254,31437.04509551131,32976.79093145311,35112.05026779744,36843.89160585598,37781.80370104476,36724.31420924515,38066.18328266755,39508.85888750898,40542.93027190078,42076.44633984994,43214.30846051515,44334.28753875245,45833.5813381983,47670.84097919847,49671.92291720214,52067.53394142554,51200.46911064367,56153.82011557347,61715.33496893702,64285.64614650754,67239.57695146509
A,Annual,QAT,Qatar,WB_WDI_NY_GDP_PCAP_PP_CD,"GDP per capita, PPP (current international $)",PPP,Purchasing Power Parities,_Z,Not Applicable,2,Two,WB_WDI,World Development Indicators (WDI),0,Units,WB_WDI,World Development Indicators (WDI),A,Normal value,PU,Public,55658.83704308659,54758.67346440739,60386.97919543652,59124.92536552413,59415.31324003151,60321.06114758094,62331.31616185598,79218.96393615476,84486.17034214243,84690.02174506409,88848.62702653455,89804.86027620094,93176.45270197526,94120.2880704122,110957.7353598882,115250.3058908309,127180.6037730165,124055.5786553892,126014.9188766254,125897.51969409,151646.2174153638,174619.9113591008,180939.4257749011,169203.2610580497,148389.1089640213,102545.9396346334,89934.692005072,99358.3403307696,110032.7132363234,107502.4697939875,82149.35737517131,116832.5702940979,122920.4987594036,128918.5492933823,126110.1088015885
A,Annual,ROU,Romania,WB_WDI_NY_GDP_PCAP_PP_CD,"GDP per capita, PPP (current international $)",PPP,Purchasing Power Parities,_Z,Not Applicable,2,Two,WB_WDI,World Development Indicators (WDI),0,Units,WB_WDI,World Development Indicators (WDI),A,Normal value,PU,Public,5276.759252823887,4791.940872851374,4512.028805077763,4695.982395159972,4992.088956506373,5425.430044051012,5743.526491417802,5563.063836801006,5544.282916273703,5596.467727122197,5848.840986276439,6520.601053056702,7162.317314405447,7560.372297800714,8990.53727643873,9602.140134361936,11556.5692481869,13703.18954621066,16782.11664070377,16632.13177258861,17356.65885648886,18803.91624524759,19807.45796308381,19678.12830388544,20633.00931469751,21630.31437287305,23904.66828938029,26943.02363531662,29586.01464595104,33638.16200365466,34385.76928839464,37730.37084496931,42214.62410396115,45769.61090687801,48712.17306220499
A,Annual,RUS,Russian Federation,WB_WDI_NY_GDP_PCAP_PP_CD,"GDP per capita, PPP (current international $)",PPP,Purchasing Power Parities,_Z,Not Applicable,2,Two,WB_WDI,World Development Indicators (WDI),0,Units,WB_WDI,World Development Indicators (WDI),A,Normal value,PU,Public,8027.7890625,7857.85498046875,6862.41455078125,6419.53662109375,5734.421875,5613.28076171875,5517.85888671875,5699.94775390625,5465.05615234375,5914.326171875,6825.3916015625,7361.36376953125,8037.474609375,9254.537109375,10226.7666015625,11822.3466796875,14912.234375,16648.2421875,20163.609375,19389.94140625,20490.126953125,22789.54296875,24273.517578125,26019.7265625,25688.2265625,23994.013671875,24012.40234375,25777.904296875,28628.5625,30963.853515625,31490.8046875,38638.4296875,40938.98828125,44268.73046875,47404.96484375
A,Annual,RWA,Rwanda,WB_WDI_NY_GDP_PCAP_PP_CD,"GDP per capita, PPP (current international $)",PPP,Purchasing Power Parities,_Z,Not Applicable,2,Two,WB_WDI,World Development Indicators (WDI),0,Units,WB_WDI,World Development Indicators (WDI),A,Normal value,PU,Public,548.8163132634731,541.9657692200861,574.9312161377256,520.6498890407163,310.8676173725807,513.7631979500973,498.8819782830076,499.8073429953208,527.9742519362543,554.2057727338519,609.2658555455528,669.8754363501455,759.6626129114919,774.5082373323349,832.2797193040534,914.2273664081038,1002.289493884278,1078.938852463678,1190.757579833205,1240.549726313854,1314.135594943242,1412.907521553185,1454.52507891388,1512.241712538484,1677.568696841822,1780.741716368632,1866.389685302856,1967.942866024989,2125.495227128391,2336.039673027319,2284.898897953281,2733.435667624472,3098.677006349943,3399.451746031431,3710.860404345957
A,Annual,SAS,South Asia,WB_WDI_NY_GDP_PCAP_PP_CD,"GDP per capita, PPP (current international $)",PPP,Purchasing Power Parities,_Z,Not Applicable,2,Two,WB_WDI,World Development Indicators (WDI),0,Units,WB_WDI,World Development Indicators (WDI),A,Normal value,PU,Public,1196.933725136838,1229.057387398659,1297.621412782491,1363.635324776094,1452.191497139215,1558.509765367862,1666.887901944096,1732.361687836998,1821.590959839199,1962.834559693772,2050.007051559827,2153.167612341048,2229.421738940773,2403.296125669076,2612.051813943182,2856.176194583869,3129.719807645234,3407.963134424478,3543.887321755543,3779.974474773556,4084.558071697875,4336.461597347339,4712.832823432935,4923.133671434478,5117.573776380166,5353.196952980793,5729.000629108738,6077.776225697878,6648.987493049479,7088.516622333028,6969.472124202548,8015.356744628112,9129.601732832502,10176.35694539453,10972.88701000587
A,Annual,SAU,Saudi Arabia,WB_WDI_NY_GDP_PCAP_PP_CD,"GDP per capita, PPP (current international $)",PPP,Purchasing Power Parities,_Z,Not Applicable,2,Two,WB_WDI,World Development Indicators (WDI),0,Units,WB_WDI,World Development Indicators (WDI),A,Normal value,PU,Public,46214.2031328244,49295.45888305894,50355.39022727413,49503.21607294844,48903.56336488679,48052.39358136694,48569.14761843066,48795.65684268347,48867.23434938529,47494.65000127038,48643.59149699224,47380.78784284768,45466.01107347212,48078.1030737004,51225.30926511596,53548.17918670266,54638.74123421151,55029.85342911746,57236.03345912661,54787.33750515191,58828.70752248382,64125.21772258379,65033.61618180771,62202.8859202572,62578.0708415156,53930.82738726219,49937.0668103808,53120.45724562692,59377.80253687678,59560.25379045459,47518.48774851529,62690.49666459286,71968.07495588803,71564.80002856499,71243.43117914064
A,Annual,SDN,Sudan,WB_WDI_NY_GDP_PCAP_PP_CD,"GDP per capita, PPP (current international $)",PPP,Purchasing Power Parities,_Z,Not Applicable,2,Two,WB_WDI,World Development Indicators (WDI),0,Units,WB_WDI,World Development Indicators (WDI),A,Normal value,PU,Public,1467.99328613281,1598.86901855469,1709.70544433594,1793.81896972656,1805.20349121094,1902.43005371094,2005.60961914063,2358.26098632813,2427.79565429688,2475.06665039063,2616.46459960938,2769.4228515625,2898.138671875,3058.10375976563,3215.236328125,3407.35180664063,3637.32666015625,3836.48901367188,3937.52685546875,3731.61474609375,3805.62744140625,4112.21875,3710.376953125,3724.9599609375,4260.57177734375,4217.01025390625,4470.35498046875,4252.42138671875,4199.25048828125,3914.2255859375,3348.57836914063,3248.9755859375,3355.37817382813,2420.65795898438,2127.400390625
A,Annual,SEN,Senegal,WB_WDI_NY_GDP_PCAP_PP_CD,"GDP per capita, PPP (current international $)",PPP,Purchasing Power Parities,_Z,Not Applicable,2,Two,WB_WDI,World Development Indicators (WDI),0,Units,WB_WDI,World Development Indicators (WDI),A,Normal value,PU,Public,1513.07729101075,1560.859684406258,1572.890094043126,1587.776526664165,1578.094605347369,1656.267249730607,1679.114941469331,1719.047998451044,1798.391999548367,1893.032837120702,1963.275098787386,2043.852895409334,2026.77782446969,2130.507974744865,2236.294009498371,2350.200370424551,2422.09761798858,2499.315828821916,2580.719491802172,2605.722802507011,2662.504866264794,2684.949897223185,2764.261307084822,2768.768187119845,2853.804562506351,2994.280327148746,3101.123484941079,3234.361581940883,3380.215965294454,3647.951373572416,3752.91947490817,4173.677413996194,4530.22059496055,4777.614518615782,5110.399698003416
A,Annual,SGP,Singapore,WB_WDI_NY_GDP_PCAP_PP_CD,"GDP per capita, PPP (current international $)",PPP,Purchasing Power Parities,_Z,Not Applicable,2,Two,WB_WDI,World Development Indicators (WDI),0,Units,WB_WDI,World Development Indicators (WDI),A,Normal value,PU,Public,23815.15972647134,25530.36669822442,27021.84088185097,30062.1391659164,33057.53769850569,35090.06874883093,36872.70358489376,39286.43216017254,37559.61216389872,39948.78013310112,43781.26914968095,43109.06419401566,45083.25299045727,48778.29833012439,54383.80623322186,58821.69346509009,64060.56860424245,68804.9832153264,67735.34808520187,66212.962556152,75400.55579841774,80052.39149826506,82107.72708920916,83088.31854116582,84555.24461008265,87156.18738331502,89901.81591650358,95744.18216009572,103963.3632926905,105335.2919741109,101518.3179844398,132617.3540208764,143094.9498969588,143786.1362930132,150689.3016258256
A,Annual,SLB,Solomon Islands,WB_WDI_NY_GDP_PCAP_PP_CD,"GDP per capita, PPP (current international $)",PPP,Purchasing Power Parities,_Z,Not Applicable,2,Two,WB_WDI,World Development Indicators (WDI),0,Units,WB_WDI,World Development Indicators (WDI),A,Normal value,PU,Public,1266.288495734692,1345.822439508677,1505.203729270718,1555.551020365246,1667.651559909251,1820.513835120617,1830.051989418785,1792.692829191965,1785.438491952005,1754.071610341874,1502.900891186744,1387.207980036492,1343.750895577706,1433.107714256027,1556.478408777494,1693.181842420986,1786.146441299082,1868.76107138573,1989.021160433483,2021.45914608512,2182.21600810863,2306.275066648925,2320.449090277662,2394.470039819549,2377.380530889765,2353.787282494868,2421.190120387616,2454.044223533303,2493.977691627094,2511.997887284729,2405.302561660371,2518.421623685408,2697.440431971102,2800.823718206516,2872.478761938591
A,Annual,SLE,Sierra Leone,WB_WDI_NY_GDP_PCAP_PP_CD,"GDP per capita, PPP (current international $)",PPP,Purchasing Power Parities,_Z,Not Applicable,2,Two,WB_WDI,World Development Indicators (WDI),0,Units,WB_WDI,World Development Indicators (WDI),A,Normal value,PU,Public,1382.021621411781,1445.336653036369,1220.170573045227,1269.075266500809,1266.065836656519,1187.477204099448,1224.555260322157,1157.439292509986,1179.673090850364,1166.642306030987,1242.074318278009,1121.242599391323,1359.917254136013,1457.801678187922,1541.005713743257,1614.503621150896,1697.696804212781,1769.779721254671,1824.244983675556,1814.070869173503,1900.385152067029,2042.700091013986,2317.191399752804,2700.738078052588,2762.045537459481,2560.049858075927,2634.925243302502,2501.453155448197,2640.475667876458,2705.138547352647,2721.341845174929,2851.952080703476,3146.79294389687,3371.347541787976,3515.562712588883
A,Annual,SLV,El Salvador,WB_WDI_NY_GDP_PCAP_PP_CD,"GDP per capita, PPP (current international $)",PPP,Purchasing Power Parities,_Z,Not Applicable,2,Two,WB_WDI,World Development Indicators (WDI),0,Units,WB_WDI,World Development Indicators (WDI),A,Normal value,PU,Public,2856.338346923235,2945.048637519037,3171.42533531421,3390.367811528494,3590.865155814947,3807.726037708345,3879.84269787887,4043.230499998438,4171.275785770952,4297.561292182082,4422.445105742476,4542.925871924985,4671.553028281252,4828.702970671381,4997.593852580208,5291.669622992426,5694.523308840913,5949.426406119706,6174.691551545739,6062.675719515575,6247.914527168286,6593.678068080219,6708.390322462836,7092.588521332975,7503.711058119813,7933.736978589991,8455.616147739745,8965.218908634504,9203.762163107724,9756.7521864595,9392.689138179434,10809.71339951796,11875.96480662328,12679.57687520609,13264.02709096803
A,Annual,SMR,San Marino,WB_WDI_NY_GDP_PCAP_PP_CD,"GDP per capita, PPP (current international $)",PPP,Purchasing Power Parities,_Z,Not Applicable,2,Two,WB_WDI,World Development Indicators (WDI),0,Units,WB_WDI,World Development Indicators (WDI),A,Normal value,PU,Public,,,,,,,,44426.47543714032,47679.14662353235,52063.9463025736,53713.4483344714,57251.79559730296,57583.90694251783,60223.91284674271,61113.90186616528,63738.57387219394,67434.15600644438,71744.05199864919,71723.62421872506,61969.82853681815,58926.14037012982,56239.95927300176,51274.21547859642,50770.36731958624,52909.22240712516,52247.20782764151,53033.05633762349,52463.41963977479,54460.90583328653,57444.11935821088,55206.58123244048,64745.13167807012,75941.48990901622,,
A,Annual,SOM,Somalia,WB_WDI_NY_GDP_PCAP_PP_CD,"GDP per capita, PPP (current international $)",PPP,Purchasing Power Parities,_Z,Not Applicable,2,Two,WB_WDI,World Development Indicators (WDI),0,Units,WB_WDI,World Development Indicators (WDI),A,Normal value,PU,Public,,469.0717958297966,460.5769607277616,476.6386570927906,380.275356905584,389.4317366807461,413.1852811837236,410.5945860116214,424.6008563563759,443.8031869132031,467.0609221172865,491.5273299819693,517.4752061047127,547.3741547777204,580.2849555393697,619.158298420467,659.1375805042017,700.174057965459,739.2094693349258,773.7808621930391,815.1314359950577,881.3831130509398,1002.932265714702,944.4045672803238,1127.719222003377,1341.389996787279,1468.504384746046,1596.81409178022,1551.614613898382,1548.097928081842,1454.333480803411,1392.464259832649,1486.757657108245,1556.523088340519,1600.763621142642
A,Annual,SRB,Serbia,WB_WDI_NY_GDP_PCAP_PP_CD,"GDP per capita, PPP (current international $)",PPP,Purchasing Power Parities,_Z,Not Applicable,2,Two,WB_WDI,World Development Indicators (WDI),0,Units,WB_WDI,World Development Indicators (WDI),A,Normal value,PU,Public,,,,,,5021.094933607496,5432.564292472831,6038.651604516822,6458.942134207336,5895.287442013507,6414.340959338358,6803.491850041082,7562.727250161998,8023.956582820202,8716.292410224214,9397.618527918714,10465.56308361278,11685.82204819708,13122.50307131647,13031.21452398365,13321.50669280328,14298.32378025768,14506.17927433872,15246.98912061569,15296.17627702526,15550.4859018426,16455.04761821665,17285.21709589713,18468.66610489499,20586.99393992941,21012.82518174889,23404.99710793119,26240.29786637461,28743.84481929979,31867.23896175032
A,Annual,SSA,Sub-Saharan Africa (excluding high income),WB_WDI_NY_GDP_PCAP_PP_CD,"GDP per capita, PPP (current international $)",PPP,Purchasing Power Parities,_Z,Not Applicable,2,Two,WB_WDI,World Development Indicators (WDI),0,Units,WB_WDI,World Development Indicators (WDI),A,Normal value,PU,Public,1914.802678395828,1944.359565483225,1937.335129567198,1915.275823159935,1925.775546596546,1982.364060092132,2065.427277182277,2138.253181625591,2164.52958878892,2188.238623508886,2256.818471524511,2342.524917949796,2461.87998262869,2552.082189408201,2716.813689945587,2889.600468839788,3072.090341689298,3255.17842154007,3393.735186028439,3413.925759132148,3553.629103552669,3678.572800821587,3669.429118949748,3810.181889566269,3964.660736425024,3947.547119182243,3957.441969175607,4072.093274004991,4088.207470422344,4249.630661350947,4151.448283130318,4432.829502199032,4806.692017499832,4971.505979558852,5136.591259324122
A,Annual,SSD,South Sudan,WB_WDI_NY_GDP_PCAP_PP_CD,"GDP per capita, PPP (current international $)",PPP,Purchasing Power Parities,_Z,Not Applicable,2,Two,WB_WDI,World Development Indicators (WDI),0,Units,WB_WDI,World Development Indicators (WDI),A,Normal value,PU,Public,,,,,,,,,,,,,,,,,,,2887.374159328783,2911.042972987796,2948.050014938502,2718.048478507519,1417.38566439045,1916.853558861905,1372.756184911458,1154.886863041067,,,,,,,,,
A,Annual,SSF,Sub-Saharan Africa,WB_WDI_NY_GDP_PCAP_PP_CD,"GDP per capita, PPP (current international $)",PPP,Purchasing Power Parities,_Z,Not Applicable,2,Two,WB_WDI,World Development Indicators (WDI),0,Units,WB_WDI,World Development Indicators (WDI),A,Normal value,PU,Public,1778.878808220304,1800.326033969818,1788.046235815298,1770.910405318098,1779.822306293736,1831.616608501714,1910.083712187077,1975.753886129584,1996.213304868848,2018.273358302844,2081.747946096137,2161.767753168679,2268.53996486275,2347.316936796128,2501.440093911602,2663.210977147258,2833.909916631859,3006.069493721922,3137.806222700936,3161.140354236337,3296.307536489323,3418.877549326404,3418.689228352347,3552.718552233759,3715.32636918918,3715.02346573758,3746.96923313552,3864.903879810637,3888.604475241932,4048.571924509634,3976.606915862347,4247.462170946092,4609.493597460199,4779.42624854992,4949.7734396805
A,Annual,SST,Small states,WB_WDI_NY_GDP_PCAP_PP_CD,"GDP per capita, PPP (current international $)",PPP,Purchasing Power Parities,_Z,Not Applicable,2,Two,WB_WDI,World Development Indicators (WDI),0,Units,WB_WDI,World Development Indicators (WDI),A,Normal value,PU,Public,6580.973211432219,6726.005335670683,6810.568805019987,6970.812591033204,7272.289053594374,7647.594855598493,7963.821243443493,8445.165765144906,8672.788958640951,9043.28562322458,9662.758892364562,10059.3304792037,10498.33918229003,11127.66527396985,11813.89752255121,12563.37902025381,13774.45758545586,14712.82320970487,15213.80516649224,14732.45944615613,15147.91492368382,15796.42326782589,16172.83981325675,16433.54824045,16859.27479224564,16738.96812822624,17229.71462525732,18222.12476930759,19006.8082258273,20292.48734806334,19032.38015225896,21203.17266619841,24208.84561585486,25815.26118244396,28234.3066927602
A,Annual,STP,Sao Tome and Principe,WB_WDI_NY_GDP_PCAP_PP_CD,"GDP per capita, PPP (current international $)",PPP,Purchasing Power Parities,_Z,Not Applicable,2,Two,WB_WDI,World Development Indicators (WDI),0,Units,WB_WDI,World Development Indicators (WDI),A,Normal value,PU,Public,1504.395240026161,1539.928255383249,1556.172302884603,1581.485692569431,1622.619327100443,1662.678440562384,1692.57951381916,1714.387682073921,1753.904945046646,1801.54861390926,1830.366299427058,1897.874111224389,1944.99838482036,2093.504933783207,2170.941219148976,2329.014230172772,2550.595539982128,2650.103876299602,2801.835793408742,2845.735893832312,2858.568990927694,2914.212856952224,2694.657264906311,2945.736642837439,3233.356880731405,3171.509058327414,3319.542617332775,3436.310101246935,3941.032808584094,4655.484964498049,5144.535602860143,5732.694560615356,6033.681172218297,6149.981460819281,6229.508332987875
A,Annual,SUR,Suriname,WB_WDI_NY_GDP_PCAP_PP_CD,"GDP per capita, PPP (current international $)",PPP,Purchasing Power Parities,_Z,Not Applicable,2,Two,WB_WDI,World Development Indicators (WDI),0,Units,WB_WDI,World Development Indicators (WDI),A,Normal value,PU,Public,6492.700495650108,6851.644615539573,6992.412606042327,6650.481845725617,6973.159469083706,6999.533875312822,7047.637075879034,7421.594154169744,7520.861783002781,7367.331914732646,7535.452941582942,7865.102623462305,8045.759826714605,8551.637428549766,9388.818907969757,10013.91961352957,10802.54818454315,11530.15655086829,12097.3491165234,12392.93335834356,13039.44911980992,13926.22262230351,15184.92546804087,16172.6961959961,16597.58535396366,16543.57430513717,14475.30696449214,17567.68023964319,17855.47871414374,19771.54738851513,16946.89423619135,18458.23499968104,20078.83655459504,21135.54563651343,22066.7320723321
A,Annual,SVK,Slovak Republic,WB_WDI_NY_GDP_PCAP_PP_CD,"GDP per capita, PPP (current international $)",PPP,Purchasing Power Parities,_Z,Not Applicable,2,Two,WB_WDI,World Development Indicators (WDI),0,Units,WB_WDI,World Development Indicators (WDI),A,Normal value,PU,Public,8632.672995735731,7618.053939012995,7265.583706704055,7564.174481068394,8172.848585428707,8806.02930655644,9496.042446608146,10134.72362569421,10665.7089392657,10725.64339959671,11367.5695884816,12368.65821462505,13291.78647125564,14090.07278700022,15167.92553432711,16570.2574196157,18909.7761670032,21233.0373499779,23714.13535709907,23065.37547652026,25384.49113663541,26201.6502820886,27022.77473213819,28075.43262367186,29108.07218019401,30156.02709927219,29867.98033900806,30245.78258697563,31509.81872916348,33985.6758419661,35327.94391655885,38346.09357681767,41096.01850209801,43949.85721253486,47180.84876628837
A,Annual,SVN,Slovenia,WB_WDI_NY_GDP_PCAP_PP_CD,"GDP per capita, PPP (current international $)",PPP,Purchasing Power Parities,_Z,Not Applicable,2,Two,WB_WDI,World Development Indicators (WDI),0,Units,WB_WDI,World Development Indicators (WDI),A,Normal value,PU,Public,13481.83036528982,12689.39087957186,12287.47736724952,12967.26680984843,13965.8840410834,13628.19807822514,14279.02102919039,15253.30505035882,15992.44359241082,17006.74265414856,17887.77974178686,18765.44810759683,20004.29909597147,20918.24326086054,22590.79212995443,23682.37108491529,25576.51931670464,27469.04129885674,29460.94142435151,27214.46531475461,27582.49774171855,28715.63399549628,28786.71055176863,29634.06576114706,30571.97530198317,31344.62897430582,33575.17754357573,36180.03845476238,38620.20454363048,42373.25063692791,41767.25798999567,45914.05723924055,51079.17806919324,53952.20473000242,56530.62968250644
A,Annual,SWE,Sweden,WB_WDI_NY_GDP_PCAP_PP_CD,"GDP per capita, PPP (current international $)",PPP,Purchasing Power Parities,_Z,Not Applicable,2,Two,WB_WDI,World Development Indicators (WDI),0,Units,WB_WDI,World Development Indicators (WDI),A,Normal value,PU,Public,20381.80910234353,20688.10335314687,20792.10412758765,20724.55617303279,21842.94471403295,23068.85863392401,23942.84842822304,24811.0300423005,25895.35202820936,27496.43984212975,29629.8986478258,29949.21544774214,30987.2674908129,31791.57776594506,33809.38549680138,34198.38645767813,37679.7205412732,40814.29164980674,41906.69901735424,40073.14815448629,41956.12900515624,44332.52173890775,45206.98644347268,46098.23213688323,46841.40197467391,48785.15518645853,50289.7687144136,51474.11991151606,53122.43867721801,57046.44630769513,57489.26571962186,62731.70061629303,66375.61645557273,67258.84610009381,71030.4601718093
A,Annual,SWZ,Eswatini,WB_WDI_NY_GDP_PCAP_PP_CD,"GDP per capita, PPP (current international $)",PPP,Purchasing Power Parities,_Z,Not Applicable,2,Two,WB_WDI,World Development Indicators (WDI),0,Units,WB_WDI,World Development Indicators (WDI),A,Normal value,PU,Public,3217.769368665345,3251.854560766079,3305.064474228491,3388.287379445708,3544.099942916751,3796.065254024389,3935.374439573368,4058.59107783395,4157.316064455267,4293.695844175215,4422.627703577044,4527.953139535913,4761.776683213864,5009.877826814018,5298.947853925432,5761.456107324177,6263.585012748952,6680.005577862445,6818.481440074414,6923.38188231267,7230.860043595329,7504.148965724888,7756.338256566853,8233.604068131404,8367.597160829077,8393.353936693884,8488.39432616799,8586.29809952743,8536.993947499048,9248.276368994164,9297.588102088395,9946.040553703331,10665.49941628579,11322.22862837127,11784.28006373085
A,Annual,SXM,Sint Maarten (Dutch part),WB_WDI_NY_GDP_PCAP_PP_CD,"GDP per capita, PPP (current international $)",PPP,Purchasing Power Parities,_Z,Not Applicable,2,Two,WB_WDI,World Development Indicators (WDI),0,Units,WB_WDI,World Development Indicators (WDI),A,Normal value,PU,Public,,,,,,,,,,,,,,,,,,,,36454.08824163389,37736.40567991963,39730.54673492665,35520.51386935268,36178.1870158544,43514.2365385271,44587.59115007659,44845.10686873501,44479.29670768257,41653.20089647838,45715.6970519376,38901.48676037122,40507.06724117172,47005.46922014753,49826.11462712965,52084.79243540089
A,Annual,SYC,Seychelles,WB_WDI_NY_GDP_PCAP_PP_CD,"GDP per capita, PPP (current international $)",PPP,Purchasing Power Parities,_Z,Not Applicable,2,Two,WB_WDI,World Development Indicators (WDI),0,Units,WB_WDI,World Development Indicators (WDI),A,Normal value,PU,Public,8954.94515086132,9387.464913013417,10242.98867618298,11019.5660238991,10691.77247993257,10808.8100201682,11930.79889059992,13457.57682181216,13674.5481055404,13852.87949733759,14637.95907091327,14614.83299268642,14569.62564576959,14141.72300467456,14160.4071686004,15846.05140295551,17503.19649817481,19473.42067541481,18880.57485624448,18453.44107303479,18981.65865034435,21780.7075576057,22263.82215994705,22487.24977470005,24984.52691542602,25435.22898943618,28811.39703349581,30674.6487335442,32091.2988657346,34219.06137011796,31055.94420550395,29979.82726860906,29972.87583159365,31780.78383419647,33238.58003437535
A,Annual,SYR,Syrian Arab Republic,WB_WDI_NY_GDP_PCAP_PP_CD,"GDP per capita, PPP (current international $)",PPP,Purchasing Power Parities,_Z,Not Applicable,2,Two,WB_WDI,World Development Indicators (WDI),0,Units,WB_WDI,World Development Indicators (WDI),A,Normal value,PU,Public,,,,,,,,,,,,,,,,,,,,,,,,,,,,3265.070293749962,3455.892270134488,3502.175115437371,3737.657518313759,4592.83860100874,4772.461676671595,4650.06687798544,
A,Annual,TCA,Turks and Caicos Islands,WB_WDI_NY_GDP_PCAP_PP_CD,"GDP per capita, PPP (current international $)",PPP,Purchasing Power Parities,_Z,Not Applicable,2,Two,WB_WDI,World Development Indicators (WDI),0,Units,WB_WDI,World Development Indicators (WDI),A,Normal value,PU,Public,,,,,,,,,,,,,,,,,,27668.76383000129,29246.59142596969,22712.4992116747,22316.44402920764,22974.07756142845,20614.34504941523,20907.68453346327,22477.73594388256,24012.87257639752,25578.22197348036,25685.77729931124,31151.47485744638,31173.3797811743,19530.02540756126,25056.48805155688,30220.82401381341,35336.74035114489,37954.38765434712
A,Annual,TCD,Chad,WB_WDI_NY_GDP_PCAP_PP_CD,"GDP per capita, PPP (current international $)",PPP,Purchasing Power Parities,_Z,Not Applicable,2,Two,WB_WDI,World Development Indicators (WDI),0,Units,WB_WDI,World Development Indicators (WDI),A,Normal value,PU,Public,962.4485625114028,1041.141620162561,1102.294448641562,928.9828792715924,1021.228443836598,1010.028487704826,1005.748471203387,1044.255134187159,1091.205445397347,1061.147430800361,1039.06955283557,1146.979593159345,1220.449859231956,1371.837333699727,1800.456460237097,2092.677042658096,2070.12978802095,2143.705353466255,2175.454809341628,2083.776117180242,2318.398442938937,2388.165121494407,2435.124081918402,2110.247051369881,2133.184411987867,2377.511371857513,2120.087515538572,2097.144254836037,2227.813353726115,2351.653397677403,2185.990341735372,2435.072746510997,2845.048383042365,2931.579008904087,2961.931923920105
A,Annual,TEA,East Asia & Pacific (IDA & IBRD),WB_WDI_NY_GDP_PCAP_PP_CD,"GDP per capita, PPP (current international $)",PPP,Purchasing Power Parities,_Z,Not Applicable,2,Two,WB_WDI,World Development Indicators (WDI),0,Units,WB_WDI,World Development Indicators (WDI),A,Normal value,PU,Public,1484.284560674927,1627.96915978412,1810.033828559883,2017.785102758507,2241.435509590297,2475.448395088124,2707.983612299259,2903.977132304985,2927.811216853113,3109.612330366231,3381.222519451892,3646.29012278209,3953.088561196997,4339.059133950276,4804.756909276413,5380.53064056509,6072.822815426585,6911.024236448974,7563.717123433159,8113.949094729935,8929.288912020971,9782.789166032388,10642.0487865323,11304.59745600225,11887.14639136939,12284.07332944892,12885.99009126533,13640.30106290582,14752.37559246524,15858.96642364329,16193.22752036504,18167.70240672354,20149.11183629418,21909.43409209493,23509.26736373059
A,Annual,TEC,Europe & Central Asia (IDA & IBRD),WB_WDI_NY_GDP_PCAP_PP_CD,"GDP per capita, PPP (current international $)",PPP,Purchasing Power Parities,_Z,Not Applicable,2,Two,WB_WDI,World Development Indicators (WDI),0,Units,WB_WDI,World Development Indicators (WDI),A,Normal value,PU,Public,6903.844094006035,6688.100519309491,6223.330886284429,6066.781744330487,5618.071345161681,5706.573598474939,5840.754032594622,6113.401562748651,5752.0218392559,5955.222979044933,6592.573708773163,6966.794680578919,7460.014164905049,8163.723578934589,9104.445347572297,10116.7943441935,11964.12007283888,13366.50091454312,15241.2046255387,14856.20296019454,15903.47467596065,17500.5177647337,18490.50105893922,19757.07326404427,20189.94799896365,19984.44792030901,20549.8214869738,21926.09154809529,23474.00073926257,25300.64530935065,25732.49681977826,29735.64682296923,32847.6500843291,35472.00235973333,37643.25883729121
A,Annual,TGO,Togo,WB_WDI_NY_GDP_PCAP_PP_CD,"GDP per capita, PPP (current international $)",PPP,Purchasing Power Parities,_Z,Not Applicable,2,Two,WB_WDI,World Development Indicators (WDI),0,Units,WB_WDI,World Development Indicators (WDI),A,Normal value,PU,Public,1110.1689803704,1107.335253087323,1057.160548073581,924.5626723259434,1081.801497682098,1140.399439451885,1217.77604239129,1372.748061449865,1318.336682413986,1331.986950347503,1314.737156577839,1320.135928255567,1357.009569463007,1439.851520640299,1427.002024065769,1367.510413421889,1407.067999269833,1387.200595985118,1429.306784239647,1474.184004470557,1537.054608911301,1615.982362693487,1645.313818566766,1715.361692044807,1803.149112571338,1879.66940004825,1932.927217240795,1985.525685953212,2067.091312623877,2214.713750530387,2356.758596662125,2577.201963220693,2852.064429258947,3071.512168319533,3239.091437375352
A,Annual,THA,Thailand,WB_WDI_NY_GDP_PCAP_PP_CD,"GDP per capita, PPP (current international $)",PPP,Purchasing Power Parities,_Z,Not Applicable,2,Two,WB_WDI,World Development Indicators (WDI),0,Units,WB_WDI,World Development Indicators (WDI),A,Normal value,PU,Public,4450.521211642154,4914.081226303359,5346.680094410132,5834.316505160806,6341.241332807167,6900.738957018443,7322.414646721463,7147.612899438589,6589.558426888589,6901.27189271926,7289.104994323563,7632.016094171213,8148.437029090834,8824.069450084995,9545.33813809417,10169.04536116362,10912.44279263295,11723.0995588653,12062.15987518137,11964.05294677146,12932.26334444567,13227.45410891502,14616.64979253916,15215.9492506383,15365.31754028291,15791.17147622071,16671.25069021445,17573.33981553599,18876.22087667408,19963.39184070987,19163.74151523488,20242.77000356559,22243.0747727026,23519.21209798227,24708.24393720882
A,Annual,TJK,Tajikistan,WB_WDI_NY_GDP_PCAP_PP_CD,"GDP per capita, PPP (current international $)",PPP,Purchasing Power Parities,_Z,Not Applicable,2,Two,WB_WDI,World Development Indicators (WDI),0,Units,WB_WDI,World Development Indicators (WDI),A,Normal value,PU,Public,2582.74111119792,2416.746945947619,1721.382039357582,1453.734149410006,1148.383032081013,1005.614132170314,836.4290968510951,854.823520854135,904.9667806384612,946.8250493274638,1036.12988868059,1138.743728925522,1256.952581748813,1395.646842325671,1550.072020438999,1672.733749963132,1810.29125697328,1966.221898909153,2120.018457049278,2171.360916384876,2291.078236317316,2455.972782633994,2679.069296089696,2918.560480073569,3151.724527932031,2975.470974760923,2913.856795474454,3017.003148873541,3069.103850795923,3459.973650834336,3653.959767591123,3985.912476112185,4514.175123981642,4963.582952645044,5405.980116191387
A,Annual,TKM,Turkmenistan,WB_WDI_NY_GDP_PCAP_PP_CD,"GDP per capita, PPP (current international $)",PPP,Purchasing Power Parities,_Z,Not Applicable,2,Two,WB_WDI,World Development Indicators (WDI),0,Units,WB_WDI,World Development Indicators (WDI),A,Normal value,PU,Public,5320.537023509601,5117.427369070352,4350.533697948567,4422.125567454251,3658.742953115339,3404.848980170591,3636.479817948609,3222.379012511346,3431.576017578481,3980.654595695233,4208.665154570325,4401.30380449396,4392.823815394567,4536.197815052022,4798.153174473975,5489.345421792951,6163.850181543427,6901.017568856899,7915.547924209727,8285.018930153608,8971.616287368117,10282.72661905284,11035.45127785296,11722.80862725771,12476.53443583871,12714.81372403626,12919.37122242602,13278.40303533809,14368.46214325321,15477.7237643978,15090.93949717776,16434.13990603527,18340.11128052994,19828.92484611992,20407.80095196324
A,Annual,TLA,Latin America & Caribbean (IDA & IBRD),WB_WDI_NY_GDP_PCAP_PP_CD,"GDP per capita, PPP (current international $)",PPP,Purchasing Power Parities,_Z,Not Applicable,2,Two,WB_WDI,World Development Indicators (WDI),0,Units,WB_WDI,World Development Indicators (WDI),A,Normal value,PU,Public,6268.708437514707,6594.458890592699,6821.628346998609,7013.032521564538,7376.592296480743,7498.965127014791,7775.651263057383,8199.95258991536,8372.57572893981,8360.449652626985,8737.296932724978,8857.776125668564,8893.111633122859,9133.559169082857,9813.62195156991,10453.0510671157,11367.89980350039,12179.73485911025,12804.71203574212,12568.7134322869,13366.94370325687,14271.44848651662,14588.79573216144,15077.1341770066,15395.65522659195,15182.05585370482,15445.58525201384,16098.40839377673,16795.46347572152,17205.78050954806,16552.48557272997,18567.0149020827,20711.3576224084,21800.80305977908,22685.6067799932
A,Annual,TLS,Timor-Leste,WB_WDI_NY_GDP_PCAP_PP_CD,"GDP per capita, PPP (current international $)",PPP,Purchasing Power Parities,_Z,Not Applicable,2,Two,WB_WDI,World Development Indicators (WDI),0,Units,WB_WDI,World Development Indicators (WDI),A,Normal value,PU,Public,685.2793867779493,766.2868763812468,842.9378473184066,925.369843095756,984.806841848024,1043.407980746909,1116.287100821093,1148.89469560724,1107.952820832344,818.9739754594747,1483.170001128526,1618.644041218635,1416.885538916758,1355.186428043279,1378.85409868054,1434.821978130424,1377.113452108324,1515.708966715239,1675.045694826893,1810.186057947531,1955.329694995574,2065.960560122678,2386.135899717579,2566.030706504161,2859.860616376958,3107.571901640983,3390.762215570729,3463.117302970311,3561.287737598097,4556.614257157866,6132.082998064948,6824.792338589282,5728.221472843777,4806.140142905682,4758.392020054664
A,Annual,TMN,Middle East & North Africa (IDA & IBRD),WB_WDI_NY_GDP_PCAP_PP_CD,"GDP per capita, PPP (current international $)",PPP,Purchasing Power Parities,_Z,Not Applicable,2,Two,WB_WDI,World Development Indicators (WDI),0,Units,WB_WDI,World Development Indicators (WDI),A,Normal value,PU,Public,3696.128234393641,3979.355381528255,4148.663499419845,4188.32023438152,4244.590580395832,4350.453778037978,4582.20388362196,4704.178503352864,4900.076313447616,5072.004183974133,5383.236595658496,5540.767852892657,5696.459282419226,5826.862075536385,6306.749542789778,6660.698316606937,7076.240833471046,7529.383146548722,7749.212083997618,7824.557163716793,8121.861399258373,8146.0949387857,8332.746041272152,8314.19543297811,8207.26050466993,7907.16452461693,8010.410992708908,8338.969877243542,8699.026167378337,8704.03506932329,8779.90132251335,9319.674341863509,10260.26342703761,10743.75087418395,11079.94363420551
A,Annual,TON,Tonga,WB_WDI_NY_GDP_PCAP_PP_CD,"GDP per capita, PPP (current international $)",PPP,Purchasing Power Parities,_Z,Not Applicable,2,Two,WB_WDI,World Development Indicators (WDI),0,Units,WB_WDI,World Development Indicators (WDI),A,Normal value,PU,Public,2415.756733193336,2652.475631549398,2716.304196514701,2882.299067279727,3087.693020456373,3346.799521519909,3409.537317253114,3433.84091084189,3527.026471636279,3635.699602497252,3833.927675816974,3955.228544835132,4170.937248868213,4231.453628753418,4235.120413032389,4314.547198228805,4327.446618885423,4315.944505794551,4600.348828626838,4383.81130248019,4465.460500092629,4855.429236523546,4996.444608703873,5119.694753168364,5335.915838492228,5471.796869711116,5920.157387444198,6229.070199440343,6402.757237421725,6488.597446382218,6689.859289640514,7034.924969852316,7393.796489261288,7852.764980576141,
A,Annual,TSA,South Asia (IDA & IBRD),WB_WDI_NY_GDP_PCAP_PP_CD,"GDP per capita, PPP (current international $)",PPP,Purchasing Power Parities,_Z,Not Applicable,2,Two,WB_WDI,World Development Indicators (WDI),0,Units,WB_WDI,World Development Indicators (WDI),A,Normal value,PU,Public,1196.933725136837,1229.057387398659,1297.621412782491,1363.635324776094,1452.191497139215,1558.509765367862,1666.887901944096,1732.361687836998,1821.590959839199,1962.834559693772,2050.007051559827,2153.167612341048,2229.421738940773,2403.296125669076,2612.051813943182,2856.176194583868,3129.719807645234,3407.963134424478,3543.887321755543,3779.974474773554,4084.558071697875,4336.461597347339,4712.832823432935,4923.133671434478,5117.573776380166,5353.196952980793,5729.000629108738,6077.776225697878,6648.987493049481,7088.516622333028,6969.472124202548,8015.356744628112,9129.601732832502,10176.35694539453,10972.88701000587
A,Annual,TSS,Sub-Saharan Africa (IDA & IBRD),WB_WDI_NY_GDP_PCAP_PP_CD,"GDP per capita, PPP (current international $)",PPP,Purchasing Power Parities,_Z,Not Applicable,2,Two,WB_WDI,World Development Indicators (WDI),0,Units,WB_WDI,World Development Indicators (WDI),A,Normal value,PU,Public,1778.878808220307,1800.32603396982,1788.046235815301,1770.9104053181,1779.822306293739,1831.616608501717,1910.083712187079,1975.753886129587,1996.213304868849,2018.273358302846,2081.747946096139,2161.767753168681,2268.539964862751,2347.316936796131,2501.440093911604,2663.210977147261,2833.909916631862,3006.069493721927,3137.80622270094,3161.14035423634,3296.307536489325,3418.877549326406,3418.689228352348,3552.718552233759,3715.326369189181,3715.023465737578,3746.96923313552,3864.903879810638,3888.604475241933,4048.571924509633,3976.606915862346,4247.462170946092,4609.493597460199,4779.42624854992,4949.773439680499
A,Annual,TTO,Trinidad and Tobago,WB_WDI_NY_GDP_PCAP_PP_CD,"GDP per capita, PPP (current international $)",PPP,Purchasing Power Parities,_Z,Not Applicable,2,Two,WB_WDI,World Development Indicators (WDI),0,Units,WB_WDI,World Development Indicators (WDI),A,Normal value,PU,Public,6877.621348268804,7273.63667730941,8129.044288226232,8209.290377547013,8630.588924180536,9099.034300644957,9882.725718039152,10768.80452550299,11735.14016812149,12812.41551087004,13953.13615233658,14797.10383652666,16141.23572876133,18742.64192197347,20673.7458449273,23536.02687223941,27393.35054613065,29354.52901082526,30807.28485199224,29601.61944665752,30778.31273702972,31077.79696985199,31883.22974837657,31746.20508888914,32026.53057041853,29825.46432146648,28231.69577520392,28504.59284377948,28680.26720307905,29453.52300053413,26862.94177103552,30424.66488582871,32988.8093757144,34620.38605169657,36021.12595802314
A,Annual,TUN,Tunisia,WB_WDI_NY_GDP_PCAP_PP_CD,"GDP per capita, PPP (current international $)",PPP,Purchasing Power Parities,_Z,Not Applicable,2,Two,WB_WDI,World Development Indicators (WDI),0,Units,WB_WDI,World Development Indicators (WDI),A,Normal value,PU,Public,3779.684673957072,3975.398015981367,4292.152883406801,4401.199600529701,4555.486838910893,4686.170397568494,5039.710980167208,5332.779910505342,5579.387256730793,5929.900902180758,6278.986808810569,6593.381965424647,6715.110784425048,7098.423561626398,7671.845359653051,8116.954899378903,8728.657125498532,9479.350639363278,9975.022321259004,10237.08899945004,10555.08870332206,10435.99566753727,10614.53130119397,10671.56972745703,10946.89357576385,10782.54383824413,10993.66384645211,11288.78001350847,11841.40619806031,12494.79057334554,11918.066205483,12444.3264026887,13608.07258022412,14009.51923132562,14451.25449777478
A,Annual,TUR,Turkiye,WB_WDI_NY_GDP_PCAP_PP_CD,"GDP per capita, PPP (current international $)",PPP,Purchasing Power Parities,_Z,Not Applicable,2,Two,WB_WDI,World Development Indicators (WDI),0,Units,WB_WDI,World Development Indicators (WDI),A,Normal value,PU,Public,8205.261394358118,8412.979357587583,8967.10170128015,9748.07509513235,9251.957506672436,9960.45255974871,10675.67124139314,11489.81794925226,8759.172499817232,8461.293666269721,9308.419656204473,8995.309319473972,9134.341207534357,9451.284583230385,10726.89641831861,11756.93102771562,13495.42690027585,14866.42770951893,16038.29562126223,15442.11731523477,17343.67712989983,19590.95103872536,20627.49206060224,22373.24655837438,24105.02379780984,25862.68460489075,26695.91568987603,28193.17448519972,28299.39554124797,28461.17787081517,28680.20062887645,31338.26651902457,39101.07481005152,42326.1644386964,43932.0822203006
A,Annual,TUV,Tuvalu,WB_WDI_NY_GDP_PCAP_PP_CD,"GDP per capita, PPP (current international $)",PPP,Purchasing Power Parities,_Z,Not Applicable,2,Two,WB_WDI,World Development Indicators (WDI),0,Units,WB_WDI,World Development Indicators (WDI),A,Normal value,PU,Public,1675.795037703387,1768.858373128691,1836.98880679192,1938.957753986517,2164.79193111933,2083.057391662875,1981.502591694789,2203.625150934414,2559.92854339132,2543.443195712152,2597.252083160557,2595.916510728772,2915.300376444372,2770.10016154552,2764.913896333073,2727.664930968981,2787.10956568152,3034.349162564952,3291.097723722218,3081.938905866036,2945.128924573032,3175.928412102737,3170.401060634388,3277.213343118497,3418.852642888503,3775.755659163697,4030.862415354562,4226.718746862879,4431.731866032074,5209.700021319652,5122.198279846983,5352.978625378973,5661.143847663763,6151.010470416082,
A,Annual,TZA,Tanzania,WB_WDI_NY_GDP_PCAP_PP_CD,"GDP per capita, PPP (current international $)",PPP,Purchasing Power Parities,_Z,Not Applicable,2,Two,WB_WDI,World Development Indicators (WDI),0,Units,WB_WDI,World Development Indicators (WDI),A,Normal value,PU,Public,925.357360839844,952.097473144531,955.3916015625,959.321350097656,957.721008300781,981.404174804688,1025.87158203125,1058.78796386719,1081.615234375,1119.95593261719,1163.64367675781,1228.52233886719,1302.05554199219,1379.45776367188,1482.162109375,1598.03747558594,1706.54846191406,1820.00134277344,1908.37353515625,1972.16784667969,2069.40185546875,2211.466796875,2083.48486328125,2176.21655273438,2221.1796875,2317.27978515625,2434.69995117188,2472.4931640625,2727.88012695313,2981.87451171875,3290.60986328125,3493.0830078125,3799.8623046875,4018.5166015625,4220.79638671875
A,Annual,UGA,Uganda,WB_WDI_NY_GDP_PCAP_PP_CD,"GDP per capita, PPP (current international $)",PPP,Purchasing Power Parities,_Z,Not Applicable,2,Two,WB_WDI,World Development Indicators (WDI),0,Units,WB_WDI,World Development Indicators (WDI),A,Normal value,PU,Public,665.8775545916712,703.1775732753272,718.876631284048,770.1276620012287,809.3194816962944,896.6723809399962,969.3804493564988,1006.775009266238,1036.734317871557,1099.864763670085,1124.20958232447,1172.683174556898,1254.982035066985,1320.239916309884,1405.242884388963,1496.509478360658,1659.72529096776,1794.535188814833,1930.708695178157,2014.608794420983,2091.559631453311,2267.722703570935,2031.946695388145,2044.881824858451,2134.009162817415,2189.964859190032,2165.29759404413,2157.957475033694,2312.05752813495,2441.374452338211,2532.219501020688,2684.920359397435,2919.177754071077,3097.637024306186,3275.763160088699
A,Annual,UKR,Ukraine,WB_WDI_NY_GDP_PCAP_PP_CD,"GDP per capita, PPP (current international $)",PPP,Purchasing Power Parities,_Z,Not Applicable,2,Two,WB_WDI,World Development Indicators (WDI),0,Units,WB_WDI,World Development Indicators (WDI),A,Normal value,PU,Public,7590.544921875,7148.48291015625,6568.3330078125,5766.296875,4564.64453125,4124.29541015625,3812.24560546875,3794.17846679688,3794.33911132813,3871.32641601563,4228.1162109375,4746.85791015625,5122.84130859375,5764.01123046875,6663.46728515625,7142.10693359375,7971.1962890625,8900.4443359375,9323.72265625,7994.61572265625,8453.2998046875,9126.6083984375,9552.314453125,10903.8251953125,10493.7451171875,9921.833984375,10864.6572265625,11536.0810546875,12554.8486328125,14217.486328125,15541.02734375,17846.408203125,14770.0712890625,17665.34375,18550.462890625
A,Annual,UMC,Upper middle income,WB_WDI_NY_GDP_PCAP_PP_CD,"GDP per capita, PPP (current international $)",PPP,Purchasing Power Parities,_Z,Not Applicable,2,Two,WB_WDI,World Development Indicators (WDI),0,Units,WB_WDI,World Development Indicators (WDI),A,Normal value,PU,Public,3187.916851935371,3370.047138335281,3538.23193537495,3728.308243617538,3922.558306143578,4133.428119328356,4410.072823567028,4684.524060569516,4699.110118735151,4865.004378535121,5230.437801134865,5484.836192480864,5786.128344652158,6177.015030907629,6787.269741173614,7439.483870891409,8270.128680982149,9203.796562546371,9910.520637468642,10237.45078213396,11140.29684188704,12054.38434953922,12761.24826077805,13409.80200962344,13892.77098013265,14026.53982308505,14550.38396389403,15306.3536398904,16284.21911187149,17166.91935623679,17290.09509568586,19451.95212378226,21620.59592177268,23343.43310466166,24777.02536287111
A,Annual,URY,Uruguay,WB_WDI_NY_GDP_PCAP_PP_CD,"GDP per capita, PPP (current international $)",PPP,Purchasing Power Parities,_Z,Not Applicable,2,Two,WB_WDI,World Development Indicators (WDI),0,Units,WB_WDI,World Development Indicators (WDI),A,Normal value,PU,Public,6683.05781079032,7112.437651020702,7808.122280901428,8162.355929290458,8897.178059508225,8905.617986762683,9524.087003545756,10460.91971004612,11002.12620843234,10938.35578221067,10929.30026075868,10719.39456906871,10030.12878404883,10303.23375040468,11103.11258989132,12295.70031158902,13179.38811340438,14397.224966515,15694.23541197597,16421.7696322847,17872.53696829236,19135.36369641858,19495.4223660846,20661.3793411187,21867.81122763149,22168.6114189676,22840.55070698051,23606.62780079585,24386.49484739517,25782.68901988712,25725.25821694198,29431.88500874707,33000.91869995103,34470.93222011432,36417.87416249601
A,Annual,USA,United States,WB_WDI_NY_GDP_PCAP_PP_CD,"GDP per capita, PPP (current international $)",PPP,Purchasing Power Parities,_Z,Not Applicable,2,Two,WB_WDI,World Development Indicators (WDI),0,Units,WB_WDI,World Development Indicators (WDI),A,Normal value,PU,Public,23888.60000881329,24342.25890481894,25418.9907763319,26387.29373381707,27694.85341623405,28690.87570133466,29967.71271817483,31459.12996915539,32853.67259492337,34515.38130733941,36329.97025957508,37133.6203973517,37997.7424300242,39490.30239031761,41724.64119826138,44123.39964700257,46301.98764855189,48050.22741219505,48570.05942696015,47194.95008938721,48642.6312088213,50024.8812320773,51708.39406140819,53297.38629015953,55153.3940182967,56849.46979231594,57976.62820429104,60047.71907283069,62875.66613827284,65227.95659110352,64401.50743542087,71307.40172772181,77860.91129088482,82304.62042728657,85809.90038463591
A,Annual,UZB,Uzbekistan,WB_WDI_NY_GDP_PCAP_PP_CD,"GDP per capita, PPP (current international $)",PPP,Purchasing Power Parities,_Z,Not Applicable,2,Two,WB_WDI,World Development Indicators (WDI),0,Units,WB_WDI,World Development Indicators (WDI),A,Normal value,PU,Public,2664.664875657848,2676.110101101522,2371.467571919816,2317.598351079921,2196.511107605595,2178.327483014974,2213.952639197124,2328.657998473324,2417.826215065292,2521.839510975271,2644.263541635358,2782.348710500123,2902.039836176893,3047.248568354924,3321.196544009784,3617.854868314608,3955.976820759281,4386.129336695802,4800.059143275529,5135.464446475829,5504.856379313699,5949.484123528995,6168.137647551723,6412.723869287202,6609.767172777077,6799.57332842183,6919.294756218042,7818.011129774256,8128.755203035225,8544.080267297179,8451.725051081145,9247.643827039294,10292.53094274854,11106.97159347668,11878.55287068482
A,Annual,VCT,St. Vincent and the Grenadines,WB_WDI_NY_GDP_PCAP_PP_CD,"GDP per capita, PPP (current international $)",PPP,Purchasing Power Parities,_Z,Not Applicable,2,Two,WB_WDI,World Development Indicators (WDI),0,Units,WB_WDI,World Development Indicators (WDI),A,Normal value,PU,Public,3960.376792909994,4125.674913541146,4477.371983327596,4768.753369307639,4802.014281648841,5277.443866882377,5439.809988294883,5726.464579826918,6025.601228148732,6266.195081498606,6502.900236342183,6768.193707835793,7250.392744130965,7902.627308837198,8471.962462658319,8985.69686082526,9949.489387656336,10604.34802365788,10901.56487445683,10868.53509341045,10561.30803059598,10773.61447425711,10988.50261400951,11624.86251420762,12135.58305102906,12378.84272742795,13493.47731209967,13575.43197695128,14689.85007108857,15339.55602810644,15336.59877717645,16200.89945978452,18035.27329281201,19819.86903467904,21272.08006736621
A,Annual,VEN,"Venezuela, RB",WB_WDI_NY_GDP_PCAP_PP_CD,"GDP per capita, PPP (current international $)",PPP,Purchasing Power Parities,_Z,Not Applicable,2,Two,WB_WDI,World Development Indicators (WDI),0,Units,WB_WDI,World Development Indicators (WDI),A,Normal value,PU,Public,9497.254499334987,10520.19052486049,11150.60507109833,11191.30988863574,10919.89727294811,11344.70254934079,11291.2948654524,11969.75286374444,11898.29415067203,11126.88576361067,11577.1299709909,12017.54936938737,10924.22332386541,10094.58796618153,12053.03084001437,13485.75284211574,15027.79274921404,16528.22047601993,17480.19086214823,16794.53949440478,16527.73940809675,17349.17599797178,,,,,,,,,,,,,
A,Annual,VIR,Virgin Islands (U.S.),WB_WDI_NY_GDP_PCAP_PP_CD,"GDP per capita, PPP (current international $)",PPP,Purchasing Power Parities,_Z,Not Applicable,2,Two,WB_WDI,World Development Indicators (WDI),0,Units,WB_WDI,World Development Indicators (WDI),A,Normal value,PU,Public,,,,,,,,,,,,,32113.43999045422,32618.95637059377,34609.19479811059,36942.83650468736,39447.42120081877,42153.53965864951,43465.23469447227,40846.56200580466,41607.56685670263,39006.08201345168,33878.983108434,32333.91080314467,32360.90038335516,32573.71668121737,33470.59047655256,33893.55018154746,36746.48689018376,40021.77757980243,41749.08003645534,46893.54969887414,49793.03243957162,,
A,Annual,VNM,Viet Nam,WB_WDI_NY_GDP_PCAP_PP_CD,"GDP per capita, PPP (current international $)",PPP,Purchasing Power Parities,_Z,Not Applicable,2,Two,WB_WDI,World Development Indicators (WDI),0,Units,WB_WDI,World Development Indicators (WDI),A,Normal value,PU,Public,1209.686444697751,1297.660604886363,1413.074953231772,1533.555731755102,1674.237122007138,1841.350268527769,2019.18249095772,2189.410277281338,2308.281636017921,2420.935000456685,2614.118403665635,2808.831819083625,3001.870387669224,3239.771259099149,3543.099155204614,3893.665094225942,4237.400880947323,4580.79431138427,4844.067047515462,5060.732122671962,5389.219569936736,5786.12348870721,6376.797657061718,6758.404336347488,7296.879480873805,7671.581977808395,8374.506845161175,9169.731920528548,10009.97147560056,11029.27320839631,11609.31772764233,12048.9019935536,13905.15368752161,15033.87685943549,16385.50655654577
A,Annual,VUT,Vanuatu,WB_WDI_NY_GDP_PCAP_PP_CD,"GDP per capita, PPP (current international $)",PPP,Purchasing Power Parities,_Z,Not Applicable,2,Two,WB_WDI,World Development Indicators (WDI),0,Units,WB_WDI,World Development Indicators (WDI),A,Normal value,PU,Public,1669.609516412758,1736.653349422463,1777.478805057485,1788.68071647432,1945.788994069652,1960.634086710951,1997.881870726128,2086.699678420946,2090.839442196034,2083.928312214065,2206.102403567741,2124.950748849164,1995.323722745116,2070.357755569819,2157.445170591311,2287.006604332455,2495.856836361093,2573.401043671281,2701.288360818342,2730.287959911241,2733.459225887183,2815.686933840293,2834.126308737098,2832.006061404694,2890.131038197033,2965.841432573778,3029.809239484131,3145.927349894668,3232.948258006718,3314.667213524247,3117.644252920375,3135.836649456801,3452.6074269388,3460.933713681245,3602.407270094869
A,Annual,WLD,World,WB_WDI_NY_GDP_PCAP_PP_CD,"GDP per capita, PPP (current international $)",PPP,Purchasing Power Parities,_Z,Not Applicable,2,Two,WB_WDI,World Development Indicators (WDI),0,Units,WB_WDI,World Development Indicators (WDI),A,Normal value,PU,Public,5581.045562290458,5767.150899093948,5932.233648044094,6090.679062278662,6321.078839736791,6575.027648762225,6862.514340181406,7155.771307711164,7291.053721905368,7550.367595994655,8005.064252116203,8283.827741830888,8571.86899873367,8940.327763738536,9543.037096902364,10154.33879049525,10982.94244793072,11744.47213913249,12282.05355782142,12232.7233185614,12882.80280218649,13569.24780177285,14110.39613467667,14639.44217791135,15032.30687053922,15199.51117990189,15651.87215005292,16340.39548050957,17205.80600527617,18037.35920333849,17808.05566949856,19742.35405594557,21795.52617976027,23048.63845032028,24247.93705566304
A,Annual,WSM,Samoa,WB_WDI_NY_GDP_PCAP_PP_CD,"GDP per capita, PPP (current international $)",PPP,Purchasing Power Parities,_Z,Not Applicable,2,Two,WB_WDI,World Development Indicators (WDI),0,Units,WB_WDI,World Development Indicators (WDI),A,Normal value,PU,Public,2148.283522362211,2165.67611273944,2198.100886022324,2322.783123136418,2293.577954588786,2477.7372979723,2681.193180541961,2722.158119339474,2791.817661663439,2871.214476471122,3061.849866767215,3334.977916458417,3552.910667107993,3792.198476609145,3996.744635632399,4378.594431577199,4591.90702524788,4713.021233757264,4939.22558356596,4906.482542746278,5229.041911991236,5494.240631182129,5338.739793229217,5386.900630819143,5468.100585325563,5681.778127688427,6141.45089044263,6280.215004771427,6318.26977293454,6638.18454759102,6450.765383732291,6214.016928014142,6260.402382833908,7037.086617274455,7837.292434414262
A,Annual,XKX,Kosovo,WB_WDI_NY_GDP_PCAP_PP_CD,"GDP per capita, PPP (current international $)",PPP,Purchasing Power Parities,_Z,Not Applicable,2,Two,WB_WDI,World Development Indicators (WDI),0,Units,WB_WDI,World Development Indicators (WDI),A,Normal value,PU,Public,,,,,,,,,,,,,,,,,,,6352.652319555201,6736.761089266925,7179.222779336867,7776.47393102774,7897.566927778763,8090.759392639021,8200.47420451574,8714.919663561319,9157.046307429082,9380.94007290057,10018.73870808113,10861.05317459744,10532.50546928494,12362.42101812131,13950.89673224105,15804.40657540579,18619.82717126389
A,Annual,YEM,"Yemen, Rep.",WB_WDI_NY_GDP_PCAP_PP_CD,"GDP per capita, PPP (current international $)",PPP,Purchasing Power Parities,_Z,Not Applicable,2,Two,WB_WDI,World Development Indicators (WDI),0,Units,WB_WDI,World Development Indicators (WDI),A,Normal value,PU,Public,1742.47719550986,1842.811587975229,1963.405278896842,2013.231590814492,2114.9112945037,2201.129353764586,2267.679125636626,2351.297999523522,2442.374845043906,2491.648951182947,2623.61531886105,2701.847024409161,2768.461044753984,2844.102813866492,2948.8184666162,3113.417396669779,3205.277885603119,3293.602219750775,3369.51434975754,3410.57796412815,3603.035056482025,3113.382927243893,3004.920914328363,3164.321542228866,,,,,,,,,,,
A,Annual,ZAF,South Africa,WB_WDI_NY_GDP_PCAP_PP_CD,"GDP per capita, PPP (current international $)",PPP,Purchasing Power Parities,_Z,Not Applicable,2,Two,WB_WDI,World Development Indicators (WDI),0,Units,WB_WDI,World Development Indicators (WDI),A,Normal value,PU,Public,6381.673364113384,6382.806793001762,6275.013265394517,6374.77912485754,6611.288644732466,6875.188386452664,7208.006031609391,7433.357858969592,7463.444551412364,7666.716162600778,8095.294288679293,8428.316817075309,8792.355885742649,9138.828238550166,9713.653484688344,10440.62751471319,11250.17955587202,12046.60510725011,12525.26302998111,12261.41159113033,12637.29122260176,13143.1933361097,12986.79766753072,13369.43820396055,13358.94171866085,13397.52348133463,13519.32351023763,13738.43858545956,13347.36348260377,13361.48512891124,12671.0862436851,13711.29357304735,14759.43507156187,15194.19917595024,15457.48914495183
A,Annual,ZMB,Zambia,WB_WDI_NY_GDP_PCAP_PP_CD,"GDP per capita, PPP (current international $)",PPP,Purchasing Power Parities,_Z,Not Applicable,2,Two,WB_WDI,World Development Indicators (WDI),0,Units,WB_WDI,World Development Indicators (WDI),A,Normal value,PU,Public,1521.624169372432,1534.001299389771,1505.026479354619,1606.669436493451,1464.056117206877,1501.391062506916,1584.581663474422,1631.173138451527,1600.628251559959,1653.836495366493,1708.515526159273,1785.067113854762,1837.065851720346,1942.215208716475,2067.937284565303,2212.812025535956,2377.992397782109,2554.689376292177,2708.008196691012,2872.464183662679,3097.664004992428,3228.487142550391,3323.633122198564,3477.281787776828,3441.314976437749,3337.473068876963,3313.35121570029,3391.627684927748,3442.273071963018,3361.397502996121,3157.300093116429,3503.034914183715,3840.724505111389,4076.995086866413,4223.950207524574
A,Annual,ZWE,Zimbabwe,WB_WDI_NY_GDP_PCAP_PP_CD,"GDP per capita, PPP (current international $)",PPP,Purchasing Power Parities,_Z,Not Applicable,2,Two,WB_WDI,World Development Indicators (WDI),0,Units,WB_WDI,World Development Indicators (WDI),A,Normal value,PU,Public,1803.357543771289,1916.886204073513,1734.16460208891,1767.905289333639,1970.07644499646,1995.93837609173,2206.118611124625,2261.460911018046,2307.305704372786,2283.563344174757,2243.176306156618,2311.188083303151,2117.874884293936,1771.446344145527,1694.930117029439,1632.721146722427,1605.137528503312,1567.602128227948,1299.746547184865,1460.632214261002,1740.945754342787,1993.418446520199,2271.544735245805,2475.288330442846,2553.447871537322,2646.645807311003,2796.807602978789,7045.366526025555,2614.405314255122,3211.253047870648,3510.676040167443,3184.784601761127,3560.039402570444,3820.359921889977,3921.69795648277
