FREQ,FREQ_LABEL,REF_AREA,REF_AREA_LABEL,INDICATOR,INDICATOR_LABEL,UNIT_MEASURE,UNIT_MEASURE_LABEL,AGG_METHOD,AGG_METHOD_LABEL,DECIMALS,DECIMALS_LABEL,DATABASE_ID,DATABASE_ID_LABEL,UNIT_MULT,UNIT_MULT_LABEL,DATA_SOURCE,DATA_SOURCE_LABEL,OBS_STATUS,OBS_STATUS_LABEL,OBS_CONF,OBS_CONF_LABEL,1960,1961,1962,1963,1964,1965,1966,1967,1968,1969,1970,1971,1972,1973,1974,1975,1976,1977,1978,1979,1980,1981,1982,1983,1984,1985,1986,1987,1988,1989,1990,1991,1992,1993,1994,1995,1996,1997,1998,1999,2000,2001,2002,2003,2004,2005,2006,2007,2008,2009,2010,2011,2012,2013,2014,2015,2016,2017,2018,2019,2020,2021,2022,2023,2024
A,Annual,ABW,Aruba,WB_WDI_NY_GDP_PCAP_CD,GDP per capita (current US$),USD,US dollars,_Z,Not Applicable,2,Two,WB_WDI,World Development Indicators (WDI),0,Units,WB_WDI,World Development Indicators (WDI),A,Normal value,PU,Public,,,,,,,,,,,,,,,,,,,,,,,,,,,6767.55922942669,8244.045660114334,10056.26139274136,11507.21715098495,12187.53636118979,13233.99051696833,13892.60514277364,14700.9598081521,16055.28778743375,16548.71738689872,16620.9545555513,17750.00956441982,18828.08705940713,19216.1972354472,20681.02302696252,20740.13258281722,21307.24825052669,21949.48599608684,23700.63198991973,24171.83713254216,24845.65848361999,26736.30894440462,28171.90940085007,25134.7712303589,24093.14015106257,25712.3843015186,25119.66554498384,25813.57672742267,26129.83906176927,27458.2253310273,27441.52966172824,28440.05196375895,30082.12764481856,31096.20507386761,22855.93232007607,27200.06107939689,30559.53353465806,33984.79061980409,
A,Annual,AFE,Africa Eastern and Southern,WB_WDI_NY_GDP_PCAP_CD,GDP per capita (current US$),USD,US dollars,_Z,Not Applicable,2,Two,WB_WDI,World Development Indicators (WDI),0,Units,WB_WDI,World Development Indicators (WDI),A,Normal value,PU,Public,186.1218346668739,186.9417813898924,197.4024024264589,225.4404936399931,208.9997480760003,226.8765126335293,240.955232436321,243.817323446096,257.1900815976143,281.6292767169778,276.782059767758,294.8661494486892,311.5190187798296,389.7969721432569,463.5497901109054,479.1621647414657,468.8563309234306,518.4506128803009,571.7202674902169,634.5618941083341,773.4394540722619,777.8331104343835,725.7281162126894,732.5887235494423,650.5635196173813,554.4391465166583,578.6039565186818,665.1197564826314,704.4662217110005,728.5493365651233,822.7938675452301,864.5638652509139,733.2438556340551,709.659254937363,701.041551520198,766.8205908367589,747.0696739165732,767.684192170293,697.3526716110129,670.6978291879745,707.1203776740783,626.1691497539344,625.9988161663439,809.9681404980289,981.7446315745834,1115.71395657647,1220.002469134081,1362.310651644157,1421.118612818846,1386.590249709694,1601.72765054704,1735.584923312532,1702.969100150404,1673.221101864868,1656.167709157257,1479.615259805433,1329.807284792336,1520.212230761324,1538.901679172838,1493.817938299922,1344.103209992939,1522.393345592604,1628.318944463071,1568.159891053048,1673.841138780392
A,Annual,AFG,Afghanistan,WB_WDI_NY_GDP_PCAP_CD,GDP per capita (current US$),USD,US dollars,_Z,Not Applicable,2,Two,WB_WDI,World Development Indicators (WDI),0,Units,WB_WDI,World Development Indicators (WDI),A,Normal value,PU,Public,,,,,,,,,,,,,,,,,,,,,,,,,,,,,,,,,,,,,,,,,174.9309914301663,138.7068216761131,178.9540883792353,198.8711157287266,221.7636538730131,254.1842491493362,274.2185535615745,376.2231520038759,381.7332380284397,452.053705477043,560.6215054631456,606.6946763377257,651.4171344700457,637.0870991170988,625.0549418139383,565.5697304087512,522.0822155838985,525.4697708916185,491.3372213826032,496.6025042584997,510.7870633668107,356.4962141158923,357.2611527981439,413.7578947053032,
A,Annual,AFW,Africa Western and Central,WB_WDI_NY_GDP_PCAP_CD,GDP per capita (current US$),USD,US dollars,_Z,Not Applicable,2,Two,WB_WDI,World Development Indicators (WDI),0,Units,WB_WDI,World Development Indicators (WDI),A,Normal value,PU,Public,121.9399253600646,127.4541887742755,133.8270443096801,139.0082913474049,148.5493788333983,155.5652161809549,162.110767725028,144.943479575903,146.1891668811828,161.921406587671,218.67629271063,195.8620036770658,230.0707871700508,280.6493042147455,368.3019140453686,413.3714481669678,480.4526552855775,490.8477665311079,523.788096447283,624.8782973518249,757.0755552747445,1324.546589866364,1162.130675627246,872.8326784677362,737.6748877916532,753.7997553846469,581.3907127615635,581.5238024440865,560.3805816164615,509.3267336272276,590.3214349890552,603.8789102314169,563.3100794220042,570.8886381726792,577.5487393576624,863.9505705725117,1065.683499295567,1088.996805086143,1137.744496164249,521.3647343497862,516.932316255791,530.6531677711926,616.7960326379975,694.5009375813378,840.2520850946152,1001.604606881726,1236.628127395537,1407.642057869942,1668.84108160758,1454.728331434977,1663.966936638729,1844.198594999295,1941.36955612659,2131.662067460812,2221.010665497654,1860.727693934877,1630.039446811208,1574.23056047232,1720.140279551016,1798.340684583149,1680.039332126976,1765.954787978495,1796.66863273368,1599.392982916543,1284.154440923225
A,Annual,AGO,Angola,WB_WDI_NY_GDP_PCAP_CD,GDP per capita (current US$),USD,US dollars,_Z,Not Applicable,2,Two,WB_WDI,World Development Indicators (WDI),0,Units,WB_WDI,World Development Indicators (WDI),A,Normal value,PU,Public,,,,,,,,,,,,,,,,,,,,,729.1119654898222,657.9826485473982,634.2214673127817,636.8328110229198,650.4910944132179,772.4688325862652,697.526602399253,770.1011400864501,807.4396283862403,907.747893072936,965.8668404646654,881.9194881300624,668.7060174598766,449.7278949362951,334.9735902760742,404.2948184961201,531.1153665432705,521.7029148905301,429.188126933192,392.7255390274963,563.733795571487,533.5862024124473,882.1478472343028,992.6989792546652,1266.210864102361,1916.468422186249,2617.051960226326,3141.045979760504,4103.066900363505,3136.645469559468,3597.342932163322,4615.910598317776,5086.027400863757,5057.747878331633,5005.999741270698,3213.902610800591,1807.952940726431,2437.259711908214,2538.591391433706,2189.855714076184,1449.92286669308,1925.874660821674,2929.694454672716,2309.534130427727,2122.083689918715
A,Annual,ALB,Albania,WB_WDI_NY_GDP_PCAP_CD,GDP per capita (current US$),USD,US dollars,_Z,Not Applicable,2,Two,WB_WDI,World Development Indicators (WDI),0,Units,WB_WDI,World Development Indicators (WDI),A,Normal value,PU,Public,,,,,,,,,,,,,,,,,,,,,590.6077384305289,663.2942082543998,668.4545042424536,661.5467824486235,639.4847301614174,639.8659037555516,693.8734746338873,674.7933830694916,652.7743213965662,697.9955965765195,617.2304355155054,336.5869945046292,200.852219772323,367.2792250775811,586.4161351308651,911.3204654453264,1020.976180501881,728.5455237296745,831.1753440772948,1056.344811530331,1160.420470540384,1326.41652388077,1479.838845720061,1908.699006876076,2446.909499477982,2741.721365495784,3057.772570381126,3743.055298961871,4498.504867636007,4213.650075746932,4149.14469936847,4465.709143288648,4222.347098891304,4420.234619883529,4602.230514432285,3981.726622618674,4168.37544462548,4614.047969259604,5365.48880180298,5460.430508693201,5370.77749956875,6413.28280828537,6846.426693816426,8575.171346372215,10011.62798566673
A,Annual,AND,Andorra,WB_WDI_NY_GDP_PCAP_CD,GDP per capita (current US$),USD,US dollars,_Z,Not Applicable,2,Two,WB_WDI,World Development Indicators (WDI),0,Units,WB_WDI,World Development Indicators (WDI),A,Normal value,PU,Public,,,,,,,,,,,3935.411277796091,4169.695371038854,4940.296962392067,6151.02717030722,7139.574511983801,7925.41577090452,7721.288586467972,8167.922861593339,9409.508512727933,11996.40728603536,12474.9252919904,10465.26046436241,9697.522019941332,8082.091520174348,7808.130027135486,7911.984362239637,10539.1177869653,12828.15194301525,14599.03551787983,15714.92655165765,19563.65747224881,19533.26206680226,20099.53522085428,15916.83951620869,15748.53075033733,18443.25451977411,19130.15971513118,18247.99956513607,18536.50842826984,18875.28691339804,21810.24874314139,23511.29514757367,26528.13015814396,34063.57840347758,39021.12781018785,40829.80187696804,43467.21099307449,48336.22833298229,49132.51570780802,43975.01836680928,42746.83095260186,46657.15611737561,41500.54357916865,42470.31611596917,44369.65969137898,38654.93472030947,40129.81920076981,40672.99433482582,42819.77457976241,41257.80458464828,37361.09006669818,42425.6996756291,42414.05900921166,46812.44844863085,49303.67338994638
A,Annual,ARB,Arab World,WB_WDI_NY_GDP_PCAP_CD,GDP per capita (current US$),USD,US dollars,_Z,Not Applicable,2,Two,WB_WDI,World Development Indicators (WDI),0,Units,WB_WDI,World Development Indicators (WDI),A,Normal value,PU,Public,,212.8896633866651,210.8054148108289,225.800630195653,243.8974320385508,256.1801409282213,263.9508393171939,276.9329744576887,307.5368009570259,329.4314225749596,357.6947450189309,402.7950349836379,470.1955930478151,602.4667480640267,1124.966817329321,1205.473817219767,1458.144005953811,1630.359823705771,1728.205710194026,2251.506021070682,2954.049196571391,2911.007872430611,2640.585786532454,2417.324592265479,2357.268908830921,2247.927457391743,2042.585584801207,2108.585859798015,2042.057616348884,2117.752624383808,2875.257141734277,2048.809754990952,1996.37756455351,1987.857714340386,2018.685784694662,2081.020688529667,2193.873308919735,2305.6160606318,2192.61188801001,2378.950491115083,2664.165795714885,2536.711964719004,2483.107234249411,2696.672304748009,3133.736876647225,3750.693516798058,4355.08762186879,4940.702265117195,6091.932064456725,5134.450060551587,5928.30535993301,6894.195367853932,7362.629908798304,7351.948112644189,7311.289968943473,6262.041684900229,6012.512443659713,6066.726791005755,6668.216728019497,6638.485414553718,5722.480995316739,6681.708951801408,7931.61789279006,7479.688091032791,7521.153309297613
A,Annual,ARE,United Arab Emirates,WB_WDI_NY_GDP_PCAP_CD,GDP per capita (current US$),USD,US dollars,_Z,Not Applicable,2,Two,WB_WDI,World Development Indicators (WDI),0,Units,WB_WDI,World Development Indicators (WDI),A,Normal value,PU,Public,,,,,,,,,,,2394.068114710547,2805.426427225868,3675.416814195336,9695.81418807304,23822.97155603065,27117.18807296136,31196.97917857585,35020.36043559615,29379.12774249905,34238.28644531866,42925.23387844073,44854.48003156148,39972.49466745944,34650.00412459884,32012.31415402729,29467.54197589288,23132.07396759882,23112.62342064597,21569.70688529969,23166.73059037871,26709.99344032698,25690.96863214481,25648.27277608442,25032.78227029065,25472.63965789791,27003.20068077823,28323.16508705322,27982.79570405639,24889.42691922791,25855.8605046587,29865.50234706601,27745.17080876723,27753.60895263462,29659.54285678113,33376.71522952092,38719.31383076232,44342.60483224819,45854.73251581623,50054.17006818033,37803.06637387768,43696.67125904629,50789.05054075504,52034.47624760706,52023.51709594411,51381.40699017464,43534.99726946314,41326.40181615689,42340.59171601607,45689.8570049401,44251.45413988167,37173.87540930657,43360.02110013267,49899.06529751974,49040.69475210351,49377.56433843787
A,Annual,ARG,Argentina,WB_WDI_NY_GDP_PCAP_CD,GDP per capita (current US$),USD,US dollars,_Z,Not Applicable,2,Two,WB_WDI,World Development Indicators (WDI),0,Units,WB_WDI,World Development Indicators (WDI),A,Normal value,PU,Public,778.2517067634038,971.3380433083724,870.2174909054028,852.9724251394331,1176.200861903131,1281.833379768589,1275.078434189664,1063.932838335868,1141.952116173411,1329.561818324088,1322.714542168078,1372.507466460613,1409.370973162109,2097.899450108061,2844.969905267612,2026.684357528652,1946.919903882483,2126.485460480474,3282.063044462891,2511.973329059583,2747.502275167402,2764.086414210788,2914.767085041755,3537.747345983197,3915.03492645691,2905.775655361367,3436.078194710533,3477.301319793132,3992.703301791565,2374.573215516413,4315.334031115882,5709.247840795045,6789.996111364947,6931.855963758755,7437.562423275942,7357.616277378798,7663.212712874685,8146.787100214308,8218.992127646823,7705.542882528513,7637.014892036284,7141.475076628263,2569.699635191236,3320.477751339027,4242.020990894215,5067.653422932756,5869.380289702044,7185.251551470267,8944.1102657357,8150.235270282207,10260.13131082542,12704.28318196842,12949.71748665402,12963.67577332604,12233.14441191858,13679.62649809542,12699.96231377564,14532.50093085106,11752.79989229791,9955.974786804276,8535.59938004389,10738.01792233844,13935.6811110049,14187.48272529649,13858.20398020082
A,Annual,ARM,Armenia,WB_WDI_NY_GDP_PCAP_CD,GDP per capita (current US$),USD,US dollars,_Z,Not Applicable,2,Two,WB_WDI,World Development Indicators (WDI),0,Units,WB_WDI,World Development Indicators (WDI),A,Normal value,PU,Public,,,,,,,,,,,,,,,,,,,,,,,,,,,,,,,635.3553275025167,572.7402609009769,356.3507800069331,347.8706447208779,390.8799642976554,443.9248608579757,487.068624404558,505.0358870579657,590.2399473334593,582.6698861508952,593.4505817422821,659.5889885356293,742.6511183198187,882.0301676954736,1130.087914441581,1557.484589086547,2041.652670689969,2962.70234594569,3777.668593137672,2820.592655334702,3041.344507233394,3349.553097719061,3511.563996874258,3680.166921588859,3852.118006103844,3512.39350276709,3524.424768747072,3869.053738677518,4196.005623017693,4597.228873995479,4268.680933045835,4685.179971285085,6571.974455450988,8125.273957540031,8500.605224867186
A,Annual,ASM,American Samoa,WB_WDI_NY_GDP_PCAP_CD,GDP per capita (current US$),USD,US dollars,_Z,Not Applicable,2,Two,WB_WDI,World Development Indicators (WDI),0,Units,WB_WDI,World Development Indicators (WDI),A,Normal value,PU,Public,,,,,,,,,,,,,,,,,,,,,,,,,,,,,,,,,,,,,,,,,,,8972.69636535698,9197.661968369872,8958.428666971735,8831.269759966088,8745.166211374039,9231.372409245629,10030.80891309021,12156.02939057773,10375.1720141957,10383.45933145095,11745.48991539577,11813.50220345887,12026.33449294879,12727.41026513862,12843.33429036271,11863.68394525647,12552.05468688615,12886.1359517218,14489.25865637748,15236.16048755714,18017.45893839725,,
A,Annual,ATG,Antigua and Barbuda,WB_WDI_NY_GDP_PCAP_CD,GDP per capita (current US$),USD,US dollars,_Z,Not Applicable,2,Two,WB_WDI,World Development Indicators (WDI),0,Units,WB_WDI,World Development Indicators (WDI),A,Normal value,PU,Public,,,,,,,,,,,,,,,,,,1213.670217146463,1374.820274536068,1705.141990482875,2053.103279212745,2310.196998204421,2569.181823638874,2846.993357357727,3270.781030406196,3814.314229077896,4629.456764001539,5424.368477569616,6466.156834734236,7187.904841280285,7590.754424230465,7956.474309196476,8153.737863072687,8624.620168066278,9351.487537685043,9034.475529071433,9756.08717951992,10336.25916178377,10906.87854069614,11342.33492309131,12027.49497682219,11539.18250633075,11658.6949915956,12173.23198603051,13037.8895772257,14368.57087960578,16173.8136329968,18204.51240430678,18786.67431422159,16472.24785285684,15217.39507909222,14911.72750844715,15639.80781147868,15051.51135874246,15532.10620635844,16077.63407694063,16556.85518015876,16965.72882738156,18273.42706849119,18896.37218322477,15369.60822504014,17348.60069871819,20105.19890851644,21494.54740007271,23725.7903725506
A,Annual,AUS,Australia,WB_WDI_NY_GDP_PCAP_CD,GDP per capita (current US$),USD,US dollars,_Z,Not Applicable,2,Two,WB_WDI,World Development Indicators (WDI),0,Units,WB_WDI,World Development Indicators (WDI),A,Normal value,PU,Public,1810.706429570102,1877.707063764238,1854.746154141623,1967.211273657913,2131.380299828048,2281.110305265671,2343.915918756699,2580.110591646409,2724.130671517498,2991.477278766838,3304.927369757437,3495.228200884499,3949.461643376061,4770.810172085082,6482.938481034723,7003.842470985819,7486.6826042084,7775.658468671254,8252.734457338374,9294.515782518742,10208.80368449432,11853.6694186454,12779.14591640232,11515.74451210408,12421.88077350167,11441.58197071851,11392.00439484774,11651.33011698213,14284.96079183299,17834.4526910252,18249.30145381686,18859.90745769857,18624.18773358662,17699.8764915704,18129.63530644564,20448.12196858736,22021.7839065228,23646.62304573268,21479.11420200919,20712.66978055638,21870.41596695936,19695.72973791439,20301.84317132563,23718.13385018683,30836.73068246853,34479.76792983877,36595.70715484226,41051.61206522876,49701.28178433346,42816.56740028294,52144.6654705468,62605.60045830601,68072.87323408014,68190.70100356512,62544.08737737261,56739.02653465933,49888.04108427356,53901.71453921545,57196.42207837776,54972.70178854372,51791.54017998405,60607.77886051659,64997.01365364751,64835.9199754535,64407.48425693205
A,Annual,AUT,Austria,WB_WDI_NY_GDP_PCAP_CD,GDP per capita (current US$),USD,US dollars,_Z,Not Applicable,2,Two,WB_WDI,World Development Indicators (WDI),0,Units,WB_WDI,World Development Indicators (WDI),A,Normal value,PU,Public,939.9148146811737,1036.728204360826,1093.014190615687,1172.557446261776,1275.457152816794,1381.077258244215,1494.04911382106,1577.141477051688,1685.662116691479,1834.078078179603,2050.705153770504,2371.652479550033,2912.595771115244,3875.483056185512,4612.619207796562,5264.917720040513,5656.145138378701,6783.951421936655,8173.329263472452,9755.404456257897,10826.97182749946,9348.488323952324,9373.48820626125,9500.050704174944,8955.848291915341,9136.170925596944,13031.8281010744,16328.56130472959,17509.76586838173,17400.52266197414,21596.06821999802,22323.1312492943,24782.71187670633,23987.20372406565,25546.24605250872,30207.0674314652,29645.94512514912,26571.7523626508,27212.46429057083,27078.70816122013,24487.29746859561,24430.49598284098,26334.86221503199,32110.11596614248,36614.25065337066,38157.37022862003,40382.20782985749,46622.96229136355,51581.39823610713,47857.44466352659,46611.13934202319,51116.89535220424,48250.40591426372,50305.35457749725,51314.97226163223,43915.22802085699,45061.49939201917,47163.7425775142,51194.07498412994,49885.99473552041,48716.4098900349,53648.71907422454,52176.66491411783,56033.57379206499,56833.19604720533
A,Annual,AZE,Azerbaijan,WB_WDI_NY_GDP_PCAP_CD,GDP per capita (current US$),USD,US dollars,_Z,Not Applicable,2,Two,WB_WDI,World Development Indicators (WDI),0,Units,WB_WDI,World Development Indicators (WDI),A,Normal value,PU,Public,,,,,,,,,,,,,,,,,,,,,,,,,,,,,,,1238.271892748423,734.9442328056881,60.23512054059724,209.5309545484253,157.0635499470717,314.5580190833398,409.185543774103,505.5162041883355,561.9068078718692,573.8935287340307,655.0972495799167,703.6709985846863,763.1088954634868,883.6925807452558,1045.0136328106,1578.367330306672,2472.957257322871,3851.330151751412,5574.468104325748,4950.399490094231,5843.5337683582,7189.81869211976,7495.865276580995,7875.345366615495,7890.840280620872,5500.503646284862,3880.685227683798,4147.198142322201,4739.794312340805,4805.753717659173,4229.910649045028,5408.045351750229,7770.594223350996,7133.028380483284,7283.835629548722
A,Annual,BDI,Burundi,WB_WDI_NY_GDP_PCAP_CD,GDP per capita (current US$),USD,US dollars,_Z,Not Applicable,2,Two,WB_WDI,World Development Indicators (WDI),0,Units,WB_WDI,World Development Indicators (WDI),A,Normal value,PU,Public,70.90510003046025,71.601929936627,73.41959797698924,78.37119832341193,85.33372866656849,50.61330400521905,51.41287381712993,54.01814252690887,54.19497826728123,55.05883890294197,68.7543539795049,69.89828175583585,68.23219179099314,84.25810692841584,93.22400483409126,110.8848274900534,115.4921317745228,137.4480443870756,148.8232325129186,186.1522736049622,209.8057366681677,212.2303318970696,216.43619143507,225.2095245082832,200.3757118272406,228.4405425646964,234.2812448099878,215.6083114674827,201.7404008158074,203.5789441924494,202.6294461762974,204.6682583988174,184.8689704564466,165.3441203194027,161.8925842616355,164.9153116793258,143.1567411871586,160.2783420469619,144.4569482555364,127.5141957811899,134.537861752389,132.1595545419321,120.9523085754683,111.4066828043908,125.1949651845333,147.2346192942251,161.8927556403191,166.1627449067552,189.5020745707677,199.0976330377079,216.7277053019764,230.0705773690839,231.6884963935692,234.8430453888283,250.5404811118771,280.9668313119229,235.2862053939082,236.6944725927535,224.8993923926404,210.2364945215318,210.0081399025084,214.0914554161333,250.6342253687444,192.0743053593511,153.9302178540232
A,Annual,BEL,Belgium,WB_WDI_NY_GDP_PCAP_CD,GDP per capita (current US$),USD,US dollars,_Z,Not Applicable,2,Two,WB_WDI,World Development Indicators (WDI),0,Units,WB_WDI,World Development Indicators (WDI),A,Normal value,PU,Public,1290.286072161922,1367.788852281385,1457.265169983776,1555.022931825784,1724.018941790555,1859.509986716391,1983.131198217775,2113.821941328877,2251.315759067817,2490.107173083799,2765.890996647944,3082.927988791257,3831.631899994329,4900.962200758661,5733.79813933878,6701.377360524328,7243.047341195831,8426.94695947372,10289.76841732961,11810.61587547254,12864.00256613962,10622.80248307891,9343.86109959618,8846.234298469735,8457.268803163739,8750.818512505355,12170.04069627016,15135.85231169684,16391.09382779102,16525.06174328484,20600.3752789827,21041.66065196478,23372.61917101503,22283.93602135513,24208.55479314466,28413.82643873681,27489.55517704883,24820.93805038961,25338.44329349042,25252.80190665645,23098.88650774014,23015.07126324619,25006.191397109,30655.20926790237,35429.40779333441,36809.70134036188,38705.10679591471,44319.16544881302,48303.39795628597,44923.34001350815,44197.39367116197,47760.8298776546,44874.17091821225,46964.59467770559,47995.77869613394,40893.804537772,41854.5498296444,44035.3239358548,47487.21003925607,46716.62274679643,45906.28758052459,51658.23829495799,50822.25185385175,54690.09427349642,55954.61062610176
A,Annual,BEN,Benin,WB_WDI_NY_GDP_PCAP_CD,GDP per capita (current US$),USD,US dollars,_Z,Not Applicable,2,Two,WB_WDI,World Development Indicators (WDI),0,Units,WB_WDI,World Development Indicators (WDI),A,Normal value,PU,Public,89.85692465397152,92.08584812976498,90.77386100774729,95.71673697619728,99.78502460172554,105.1179869389266,107.637211853532,106.5862418599499,111.2114941754453,110.3147947482121,108.8487794825474,106.8892927420667,127.9271570143309,153.6094681357031,164.9465941429162,196.4557860193378,197.7263611425406,207.0129622473962,249.8029261805383,310.6513870843522,358.003054209903,319.718185970269,305.0040635075001,255.983601560726,238.5744573553811,230.4341172189133,285.7715510644238,324.2537651661906,326.1797577003029,293.3219495509531,371.1016043323565,364.6892960166447,301.7732969628702,387.3100548131223,262.1298074450738,348.4352389143937,369.3943841357358,344.5504914989627,361.601983057505,525.1305972459742,487.4241413842425,492.401499509072,546.4638296581587,676.0028780842815,758.6958037863709,779.4377777532677,809.1470725062209,912.3382471883424,1060.602545020987,1024.102778581118,973.2442549315264,1059.413588525885,1071.525836628296,1168.926992792259,1204.39918670094,1002.418868796138,1010.533896199298,1054.974080668143,1151.740970347201,1130.82135339795,1200.194266311225,1318.651581074866,1266.427109811589,1394.17784663045,1485.380189808941
A,Annual,BFA,Burkina Faso,WB_WDI_NY_GDP_PCAP_CD,GDP per capita (current US$),USD,US dollars,_Z,Not Applicable,2,Two,WB_WDI,World Development Indicators (WDI),0,Units,WB_WDI,World Development Indicators (WDI),A,Normal value,PU,Public,69.15024560876152,72.24237870624616,77.15292792881755,78.90877367120731,80.91478877185823,82.07461599246471,82.83606648642431,84.6272011419546,84.97378483922873,86.75553957252241,81.70756321974198,84.51493756764467,99.63358149338131,114.1376694735147,124.6714355032546,152.9015296067471,155.4854227406588,175.963864454284,223.8791119711629,258.5017290348449,277.5975313701814,248.7079739088918,239.0194835693392,211.9257405421964,187.8322242783906,194.0632262992441,247.4591346371044,280.2180922265918,301.1292146638328,293.1887037271466,338.5937590551277,333.7060551263605,348.5924438945465,324.1115767074349,187.2114237260605,229.0922944968165,242.7331713526718,223.8539585256109,249.5317329249299,292.836958697313,248.9085269217522,259.485223380436,285.6540876375328,362.3738999969534,403.8128374346103,441.1641480160121,455.5136556200242,514.6844511772381,619.4375332562643,601.5695206718585,624.9572522247657,725.0247677254749,731.470138867833,759.7620651684981,764.8616751062254,630.124750752312,663.7423648428855,709.0915358946953,777.465618514048,764.8530777749462,825.2370387824751,895.5352884429909,836.1183045936821,882.6898100861632,987.3213781018673
A,Annual,BGD,Bangladesh,WB_WDI_NY_GDP_PCAP_CD,GDP per capita (current US$),USD,US dollars,_Z,Not Applicable,2,Two,WB_WDI,World Development Indicators (WDI),0,Units,WB_WDI,World Development Indicators (WDI),A,Normal value,PU,Public,82.48127741163545,90.36857862942482,92.58942117693144,94.14237429678488,92.57829779383889,98.6041470420746,104.4220546788597,114.2098816961093,114.4149674703754,125.8803116981981,130.2181608449546,124.5339630991515,87.773765191476,109.6917267569116,164.9863936028137,249.8042540160217,126.6930442044365,117.8877713792242,158.3242551522848,181.1307067031352,206.0757143121552,224.2413923911916,199.5959446468514,184.7067728745899,193.4350209762379,222.2201803963398,212.1489938530603,231.4995845204834,247.9014659673321,263.0057208275472,283.0537370552336,272.0649484958778,273.4650725202716,280.7572744503659,280.6030317912162,309.4586808233672,371.9179376773447,379.2849177096348,385.6168817527958,388.0956842682349,396.6707302497512,394.6564100189103,393.8864223276277,426.7488075436204,455.6140169097983,480.0858507545196,490.3880265332894,537.9554927929107,613.0620410412401,679.2114774280559,757.3852803615082,837.3369446956473,859.6805363754974,958.2629897982828,1094.461997028377,1224.386476681652,1649.283808586006,1811.082216686459,1965.243727314668,2129.798969546057,2248.850788282327,2482.849178433572,2716.485927804311,2551.017738273069,2593.416073904071
A,Annual,BGR,Bulgaria,WB_WDI_NY_GDP_PCAP_CD,GDP per capita (current US$),USD,US dollars,_Z,Not Applicable,2,Two,WB_WDI,World Development Indicators (WDI),0,Units,WB_WDI,World Development Indicators (WDI),A,Normal value,PU,Public,,,,,,,,,,,,,,,,,,,,,2238.802957865739,2234.814815731252,2169.004010896829,1852.813434428019,1963.572676182736,1914.550646587935,2260.427281154497,3132.30136036246,2511.393062594886,2477.020817959598,2366.529821286138,883.7365783193251,1007.344545448808,1278.525113703186,1149.894640087343,2259.259225552209,1470.192592506823,1361.409384398837,1820.448664499423,1660.908912539296,1621.262107389917,1770.907049186905,2092.982886255581,2719.494368592867,3389.687433602736,3899.825963328784,4523.146557880496,5888.570814039323,7271.303388580252,6988.273162964647,6853.948055111706,7849.580613028177,7431.957895088705,7795.980921089284,8069.600056676842,7268.654454738727,7822.499232929683,8696.689304279236,9872.385077891058,10372.80443411137,10769.94756994143,12972.21733560023,13999.67191972892,15883.86185455811,17412.4115085691
A,Annual,BHR,Bahrain,WB_WDI_NY_GDP_PCAP_CD,GDP per capita (current US$),USD,US dollars,_Z,Not Applicable,2,Two,WB_WDI,World Development Indicators (WDI),0,Units,WB_WDI,World Development Indicators (WDI),A,Normal value,PU,Public,,,,,,,,,,,1741.822454071519,1829.740705433152,2205.917004376998,2981.092531349763,3873.716291075109,3880.440471629268,5310.191326155334,6358.420841954425,6925.988932074357,7890.829824948736,9732.725871860266,10556.50917187354,10712.15293640091,10598.84271571274,10696.93310552075,9648.656430326737,7776.956577363185,8332.914254060537,8771.7853534009,8833.41134256929,9342.538914016885,10434.13239627865,10460.15832228083,11151.87149574197,11629.35952196117,11900.93177783354,12091.78021882346,12254.66625831282,11625.03437683427,12123.35347153681,14214.48368393432,13573.23398875974,13501.47088014247,14486.02690298219,15963.94931716169,17966.16578376246,19267.28261507196,20908.40425480734,23299.4992780392,19465.31407450379,21819.32910980991,25032.78677433334,26438.67332304283,26989.7601148469,26451.79656474528,23734.05511430191,23800.00144063101,24784.76935146067,26324.40665495586,27259.7438599327,24342.8444554718,27147.80838822855,30470.52192760228,29290.12842150983,30048.21777188439
A,Annual,BHS,"Bahamas, The",WB_WDI_NY_GDP_PCAP_CD,GDP per capita (current US$),USD,US dollars,_Z,Not Applicable,2,Two,WB_WDI,World Development Indicators (WDI),0,Units,WB_WDI,World Development Indicators (WDI),A,Normal value,PU,Public,1459.253824959072,1555.046608374386,1651.218618502217,1759.236921569108,1883.44386022276,2029.523413293012,2239.239639965391,2452.747631989252,2668.014980392618,3026.727572044207,2916.499983782206,3004.343566125424,3013.950167044962,3341.285216966896,3079.740140838212,2840.58965343091,2993.459237952271,3253.375434049563,3720.040579010641,4994.08535249529,5742.583625056983,6028.806410440633,6559.468692594778,7081.381948360837,8201.701337683786,9167.146875024688,9600.599527833005,10361.34880791036,10575.79715366601,11291.47644720442,11473.30083893529,11082.35285736167,10873.4047501635,10613.06587858131,10991.23466741313,11374.60567038522,11783.79719722596,20367.57327020559,21667.44882169402,24041.09331881582,24940.07750860778,25371.92376676143,26781.61959386516,26429.12477876633,26650.29342343032,28602.41818699948,29184.78650879081,30051.84895877555,29392.38244163967,27512.91309500841,27473.10043050196,27090.83768013795,28552.02426831509,27642.74197591786,29137.21756326217,30719.40541746898,30616.53631572844,31875.48817496191,32642.33532034518,33640.33698612783,26178.75376077077,30367.8605757708,34957.16132797368,38231.77448427799,39455.44665485455
A,Annual,BIH,Bosnia and Herzegovina,WB_WDI_NY_GDP_PCAP_CD,GDP per capita (current US$),USD,US dollars,_Z,Not Applicable,2,Two,WB_WDI,World Development Indicators (WDI),0,Units,WB_WDI,World Development Indicators (WDI),A,Normal value,PU,Public,,,,,,,,,,,,,,,,,,,,,,,,,,,,,,,1742.882621717672,1373.371044729728,1118.175699340788,929.872118717018,337.0908960232592,502.3659809753391,718.9337971415046,913.8133990548588,1006.704796698234,1134.602980420834,1338.480596362609,1387.893651315436,1606.546722433624,2033.947009358639,2452.686168393919,2739.610768660567,3166.128653448332,3931.489487375052,4841.693119346486,4539.918637749675,4506.478285483886,4982.693757682627,4693.788991153808,5034.566160164685,5206.065582520003,4662.258837240693,4928.566525172796,5345.019854891917,6047.845842611331,6122.375345088199,6130.31133245161,7295.343824095697,7655.594210243828,8663.023229878792,8957.372941882151
A,Annual,BLR,Belarus,WB_WDI_NY_GDP_PCAP_CD,GDP per capita (current US$),USD,US dollars,_Z,Not Applicable,2,Two,WB_WDI,World Development Indicators (WDI),0,Units,WB_WDI,World Development Indicators (WDI),A,Normal value,PU,Public,,,,,,,,,,,,,,,,,,,,,,,,,,,,,,,1706.640918823435,1805.455925315269,1658.086412812386,1589.510113436493,1460.007913604583,1370.699913856642,1452.507104764597,1396.657187270599,1511.259791055073,1210.587439367195,1276.280381212688,1244.373185234307,1479.380663371748,1819.526531146991,2378.337004701288,3126.071766652485,3848.22350300163,4735.481075560663,6376.175691620632,5352.488091906969,6034.67885177216,6527.659342878603,6953.215916831005,7998.0802045456,8341.318092948832,5967.055950587775,5039.775609494454,5785.544919351936,6360.037502312003,6837.773396456351,6542.855799767677,7489.718947138883,7994.648060748886,7896.753882955836,8316.647762915332
A,Annual,BLZ,Belize,WB_WDI_NY_GDP_PCAP_CD,GDP per capita (current US$),USD,US dollars,_Z,Not Applicable,2,Two,WB_WDI,World Development Indicators (WDI),0,Units,WB_WDI,World Development Indicators (WDI),A,Normal value,PU,Public,307.4145083387511,320.0294767280413,331.7047943357267,341.9325837870173,356.2354083500113,383.1864352523536,411.9330199436959,426.2640713537458,392.2825660577267,401.5579905132972,441.7894689257003,481.0446414737604,529.3566475084469,618.567502314442,804.7778636023669,906.4862774016852,729.4887807515238,865.7929014548853,982.6043701743888,1071.443696269004,1774.413698970095,1752.51703789335,1629.32322940976,1677.255481551149,1814.188598135513,1754.011086961831,1859.102140205546,2165.894314162649,2405.81116565818,2741.93638439592,2988.649522602635,3192.365269461078,3645.612436709026,3862.710490400304,3879.013747068012,4012.079590097283,4045.694451048452,4016.629416038925,4127.937186074707,4291.831682106248,4729.670804280749,4721.816256607845,4861.74314184267,4962.089620137994,5156.098171431937,5272.744172079605,5527.167758564392,5765.281999324552,5713.281267967972,5401.229631430454,5451.138971724773,5582.221706212687,5709.689187653627,5950.202999177465,6128.142885393052,6154.495934982166,6142.498731851771,6072.582676405807,6031.281395801444,6190.047922784446,5227.193637861683,6122.611585800792,7068.454782697221,7459.998151328368,8429.679597073873
A,Annual,BMU,Bermuda,WB_WDI_NY_GDP_PCAP_CD,GDP per capita (current US$),USD,US dollars,_Z,Not Applicable,2,Two,WB_WDI,World Development Indicators (WDI),0,Units,WB_WDI,World Development Indicators (WDI),A,Normal value,PU,Public,1715.314632297195,1773.995315724787,1824.182282601325,1821.790913101015,1986.640810170222,2064.853247929879,2369.472946800181,2722.462333885366,2975.954289342116,3214.049039098741,3574.169288619446,4012.773965441861,4458.080033331439,5090.091791636762,5891.887816646562,6493.628715014399,7259.91355008457,8383.031394171261,8904.942823454548,9664.21884634789,11426.60123339482,13687.79806285534,14442.79022560538,16236.74169815799,17866.91743551632,18713.88251390714,20996.97672171626,23042.74358837643,24958.11270040036,26282.62409634336,27665.52580830105,28195.7091611479,28761.96346328351,30950.07991022851,31543.06348616414,34115.34455532036,45063.6149332085,48736.67680342988,51629.28148551263,54388.34173156207,56542.9569455727,59490.24520342024,63358.5658652763,67106.80280832238,71692.15890016785,77628.10352250801,97781.45589967216,107395.6514838914,110268.5624012638,104711.7124203571,104111.8242448019,99049.0169927667,100213.4933852874,101704.4074621701,100961.5766028113,104855.3668221354,108747.3561443049,112339.4255874674,113204.8221083799,115798.0407755783,106976.5462396322,112765.0816730603,121613.9399836291,132604.4390862159,138934.9588464633
A,Annual,BOL,Bolivia,WB_WDI_NY_GDP_PCAP_CD,GDP per capita (current US$),USD,US dollars,_Z,Not Applicable,2,Two,WB_WDI,World Development Indicators (WDI),0,Units,WB_WDI,World Development Indicators (WDI),A,Normal value,PU,Public,100.8150828547374,107.4434777177841,115.0790595515446,121.3532769065983,133.8761791792319,145.58711267745,157.7549975592623,174.3127430361098,193.5165573617101,205.0547594984692,219.353189499224,231.0582967041316,267.8941345188098,257.3418598020447,418.3793846659266,468.2981481989723,519.9946884768865,600.2882231186023,683.1424370421954,801.0337339893149,772.7795238674053,981.3812889673068,930.5930097732036,880.4611795444597,982.0812102484842,838.0800517388143,604.2573383031332,649.708769442851,672.6071727512211,675.4699939007877,682.6768102953798,733.9354876025193,759.5711349636497,756.6370160484508,774.0356696443179,852.7540348614444,922.113259069714,970.3518433685936,1022.145065195449,979.344494964572,975.7770603587506,930.1682272143124,888.2213289743515,893.0137602111491,953.1918932462772,1020.123262007369,1202.711504463269,1354.549059499288,1692.672484558765,1731.181721122093,1929.783730771584,2315.521219306072,2575.598570980836,2870.023770007561,3041.435031624083,2996.012898113442,3035.873477321315,3306.303012244254,3500.72642189887,3503.896011231285,3099.942190535137,3384.844864626539,3643.928269846043,3686.279964421758,4001.211339907953
A,Annual,BRA,Brazil,WB_WDI_NY_GDP_PCAP_CD,GDP per capita (current US$),USD,US dollars,_Z,Not Applicable,2,Two,WB_WDI,World Development Indicators (WDI),0,Units,WB_WDI,World Development Indicators (WDI),A,Normal value,PU,Public,235.2660095025891,231.564063269854,250.2005729102731,294.1696193767328,257.2597268976707,268.0287605537229,328.343791519407,351.4726003703789,373.9254326396828,399.49841913391,443.7994849827383,500.0019889833615,583.4920349461561,814.731780553415,1044.769809474987,1200.558237146072,1389.749523065549,1562.291430457083,1732.500122045557,1869.713375954898,1958.571592326622,2079.709083774836,2137.625035939399,1461.255827141784,1419.731546069775,1556.129718051102,1854.037752119191,2006.00226235757,2140.650275611637,2818.992779801219,2581.141874490781,2257.609296888501,2127.316427316381,2348.882476853519,3298.712507477867,4756.748407854026,5179.130520024644,5299.396304044122,5105.890995441169,3493.571625136994,3766.548114660316,3176.289357475236,2855.940188857687,3090.607009745496,3663.823188064,4827.781730747141,5934.144709249681,7409.69130673473,8908.331765386483,8678.6592244676,11403.28212787466,13396.62435629857,12521.72135199665,12458.8912138813,12274.9939689363,8936.196617121128,8836.286527356575,10080.50928193052,9300.661649232186,9029.833266810732,7074.19378337644,7972.536649864598,9281.33334441234,10377.58927925568,10280.3148624429
A,Annual,BRB,Barbados,WB_WDI_NY_GDP_PCAP_CD,GDP per capita (current US$),USD,US dollars,_Z,Not Applicable,2,Two,WB_WDI,World Development Indicators (WDI),0,Units,WB_WDI,World Development Indicators (WDI),A,Normal value,PU,Public,346.5754567933312,366.1354990847086,377.4384563658811,420.5043895384974,413.6254321652318,433.2286797612152,462.0284525551155,508.128619491284,505.8890661462943,566.8332050480268,666.4750087213848,749.8013510205017,856.0719731205867,1041.72956280824,1243.354174719369,1601.188832565158,1733.645407647408,1967.593443956671,2197.899062437194,2667.907510060448,4024.588566212041,4416.715198798568,4598.762639951302,4866.359990617564,5283.579440994409,5509.874602911501,6031.358607793827,6624.599395058087,7032.65370811416,7772.55022803365,7781.405733061252,7790.262294391589,7519.201435448981,7904.707624263893,8223.166811817186,8460.47380869104,9011.778848387215,9521.571273771226,10734.36372428835,11244.30876683919,11674.67364717644,11639.51605220539,11760.45247361328,12075.9587020649,12886.36652724674,14214.42022135717,15619.60059555114,17235.43964347852,17565.69299705919,16294.90994918339,18860.38337033094,19345.9953139542,19034.07080285118,19308.00911169935,19277.94235992355,18954.29137245063,19065.80698002132,19692.76067116154,20055.915870771,20583.72657864136,18347.11091310552,18696.78589529571,22164.02602738756,23804.02499149949,25365.79494241805
A,Annual,BRN,Brunei Darussalam,WB_WDI_NY_GDP_PCAP_CD,GDP per capita (current US$),USD,US dollars,_Z,Not Applicable,2,Two,WB_WDI,World Development Indicators (WDI),0,Units,WB_WDI,World Development Indicators (WDI),A,Normal value,PU,Public,,,,,,1028.884503430841,1145.705922332658,1148.843032328692,1274.090379385099,1226.436988890344,1325.155983629793,1432.166006567054,1904.667604573305,2938.850957027162,15194.79230566297,15793.13125539581,18671.36241292937,21746.85591264581,23446.5341231193,33501.27827141451,58005.34247632824,48793.44225772325,45074.54992419833,38720.0939254718,36061.38152594054,31827.40595573443,18500.54086259657,21029.7189772961,18824.76373093589,20090.0690184766,23658.71663303812,23932.18975301989,23450.89644148874,22397.07379131204,22766.58718972452,26443.25643210714,25692.23563747504,25522.3975481543,17769.24636260253,19752.20131692289,20130.2571493081,18287.82716873454,18621.29226778062,20677.90012246629,24423.09477310214,29386.27035972079,34674.79959905945,36217.32910100887,42156.56852169785,30946.46742729531,34937.55551740678,46382.8274456238,46968.59711445167,44003.06442938564,41026.50839105402,30625.128732694,26663.29731998775,28024.3824618568,30988.11904978514,30426.57302842023,26834.35924638386,31006.96362205757,36632.92804214111,32890.54924657224,33417.83577404374
A,Annual,BTN,Bhutan,WB_WDI_NY_GDP_PCAP_CD,GDP per capita (current US$),USD,US dollars,_Z,Not Applicable,2,Two,WB_WDI,World Development Indicators (WDI),0,Units,WB_WDI,World Development Indicators (WDI),A,Normal value,PU,Public,,,,,,,,,,,200.3452298224689,207.666560128876,212.3751508136328,230.9017699961904,262.7773662200311,237.350734416968,233.7215323491964,249.9353583337891,232.1723696855891,251.3788053452133,296.880510831581,310.7704116913095,305.8246589603351,328.2040169095052,325.5452570217254,321.1868309518906,364.694569557154,449.060443850487,488.8777573512527,461.6546187927324,488.3274314771294,400.6347051870749,415.7915225684512,407.3998424965701,467.0083121252831,530.1036769274173,552.8738914036808,630.4474101483041,638.2789623106088,685.4198306285673,771.9249114106186,812.2382107720562,895.7994899309724,1022.382403110177,1130.35934606796,1299.94938578359,1405.607161815803,1850.415704333976,1919.597748963949,1918.395992110932,2435.579805667197,2787.979676085619,2751.212886429395,2679.952172015378,2849.499986473028,2954.04081911097,3152.309051067865,3435.288047356622,3400.204172453423,3576.879871005031,3191.669069993306,3570.612579808724,3711.327679815909,3839.4093039286,
A,Annual,BWA,Botswana,WB_WDI_NY_GDP_PCAP_CD,GDP per capita (current US$),USD,US dollars,_Z,Not Applicable,2,Two,WB_WDI,World Development Indicators (WDI),0,Units,WB_WDI,World Development Indicators (WDI),A,Normal value,PU,Public,58.91800810842042,62.32240069266228,65.9864503023827,68.88641047494113,73.4925773235308,79.67907565880495,89.06157377680694,100.9451246351524,113.4457167339308,131.7765745363446,163.0318322525617,212.2442067360357,264.2337168078133,374.1894091461445,446.4878554320728,493.0294726904569,490.4695705335649,564.8317482491893,695.2193368970521,909.2071332854114,1131.633790144631,1107.028101456629,1005.62456165727,1120.532393540225,1145.029038107622,993.616748339174,1199.846778562264,1638.826693901325,2140.514391803593,2427.682619671215,2903.153815626107,2938.594426596076,3004.612633623065,2929.43119022452,2917.255141978057,3156.181945140791,3156.268656811615,3194.181061458577,2981.196397021086,3339.995960334308,3450.811806229918,3206.071236898528,3117.250871830112,4230.123269099257,4956.692877352137,5391.070766196335,5291.583791448487,5529.125746325323,5503.073953143129,5082.933883324043,6215.732160779186,7287.382953349189,6595.538450154237,6666.912195834866,7122.364234215034,6141.203947266163,6749.05994339013,7104.964010880272,7407.95940141786,7172.089564800282,6323.297498069455,7807.887945001251,8328.709056821848,7826.353764832983,7695.242064181898
A,Annual,CAF,Central African Republic,WB_WDI_NY_GDP_PCAP_CD,GDP per capita (current US$),USD,US dollars,_Z,Not Applicable,2,Two,WB_WDI,World Development Indicators (WDI),0,Units,WB_WDI,World Development Indicators (WDI),A,Normal value,PU,Public,65.88296297706663,70.98812592302403,70.40422926849202,71.75518756862651,77.2050398029084,80.18450604246296,82.33746945703422,83.56296510506397,95.6398392122972,91.6587059467658,90.15784429930376,94.0721472956876,105.4680615781384,121.8248461115422,124.0003496925516,163.6446682878447,192.0969908074802,213.7855509966747,254.6240877115944,289.1189382251389,325.2547702990877,280.3433917899379,298.4445448952014,259.5883945257845,248.3135510254977,332.5153584508142,426.02699258009,449.9521300966078,466.0705968988586,443.2268598143073,501.6562006363941,464.8282836263638,461.5873034908956,404.9545469415263,261.2603974094592,333.1458632338952,293.306575328658,265.5212823896003,266.570544600384,267.9959540110827,239.1541337260706,237.9517025447346,248.6392909784034,278.403992150941,303.461321152782,311.9500231386867,333.942519903031,380.8870488394754,437.24827472489,456.4716738984039,476.8737869507277,534.0572814716355,544.3958491427853,364.36696260838,409.8504859646996,366.3228539381206,387.1762034443178,432.3240256842626,455.243962859534,449.2284676024388,462.8790712940115,492.2631428305074,467.3598250262384,495.9788972887206,516.1704245377571
A,Annual,CAN,Canada,WB_WDI_NY_GDP_PCAP_CD,GDP per capita (current US$),USD,US dollars,_Z,Not Applicable,2,Two,WB_WDI,World Development Indicators (WDI),0,Units,WB_WDI,World Development Indicators (WDI),A,Normal value,PU,Public,2264.948496581913,2246.08356619252,2274.428470819104,2380.317328991081,2561.638490885718,2777.183173011616,3055.288078845073,3226.38273682011,3473.237225518713,3776.156131102377,4135.821498420058,4535.393389077731,5106.737080491283,5858.334073187877,7056.70847496589,7536.520098238608,8838.94710677652,8949.109892729817,9154.433252777357,10077.5026707269,11208.20273941775,12379.03686438328,12527.31353238019,13477.10316995992,13930.47455025545,14170.12494060673,14521.18008060005,16377.6902109541,19012.57232783491,20794.68223333403,21525.86113871475,21846.7930471354,20950.33052876512,20186.79887829651,19997.62373733539,20679.63479266897,21296.97235369042,21901.56285483924,21024.58506870447,22315.24667315448,24271.00205638214,23822.09621093203,24256.01923371849,28301.86459374279,32145.5412620217,36383.66000680948,40504.03709778064,44660.08388922812,46710.25268644837,40874.88319329025,47560.66660094058,52223.85883985308,52670.34473354148,52638.11872352365,50960.84311746615,43594.19410453943,42314.06158172182,45129.62811662297,46539.17615704053,46352.86934452112,43537.83929890399,52886.66163727032,56256.80072640145,54220.32850398753,54282.61760517327
A,Annual,CEB,Central Electricity Board (CEB),WB_WDI_NY_GDP_PCAP_CD,GDP per capita (current US$),USD,US dollars,_Z,Not Applicable,2,Two,WB_WDI,World Development Indicators (WDI),0,Units,WB_WDI,World Development Indicators (WDI),A,Normal value,PU,Public,,,,,,,,,,,,,,,,,,,,,,,,,,,,,,,2457.174549277023,2233.292519605094,2316.714969810978,2457.014885448221,2805.594483219855,3593.183522875842,3808.561463122623,3757.407409772124,4117.99990144172,3998.017990023317,3959.624948966451,4360.9626352209,4941.34251407648,5948.849610485366,7180.270370296582,8352.507132082987,9466.748158855817,11997.34692470965,14573.74566585065,12302.0930259675,12635.81668908562,13997.44147247796,13104.103611889,13712.73364887429,14208.45951972355,12596.94750647915,12874.7406922285,14339.85806138458,16245.19386454303,16551.84889173443,16595.93526980494,19239.81850203966,19548.69304796383,22699.53517348207,24543.30405516535
A,Annual,CHE,Switzerland,WB_WDI_NY_GDP_PCAP_CD,GDP per capita (current US$),USD,US dollars,_Z,Not Applicable,2,Two,WB_WDI,World Development Indicators (WDI),0,Units,WB_WDI,World Development Indicators (WDI),A,Normal value,PU,Public,1954.311320642701,2155.449969086484,2330.477365015015,2508.474307322031,2734.930090441774,2865.244847936601,3044.845603894494,3237.273152173562,3413.493581570032,3657.20794240553,4044.420682272453,4834.740493994847,5884.775241071859,7855.918870408535,9004.788599,10328.10893884333,10864.97123110799,11643.64673977318,16282.19324584919,18265.55886491026,19393.88054800974,17665.01389797888,17999.96925707798,17859.23236958373,16991.24588415168,17152.09484959915,24459.85363484333,30440.51082404986,32690.43027345612,31308.65083431362,39574.53980837879,39544.49468267683,40713.6881521435,39237.11865587806,43091.77709700731,50113.83212213449,48092.64330365118,41584.44178215903,42680.58673223906,41695.69129120209,38865.02193968802,39638.79110618639,42458.73846791871,49335.7456291067,54659.45714882332,56242.89336456386,59011.03245920162,64989.15532560305,74175.19278985547,71568.31238856722,76531.37281822969,90476.7589651577,85836.2076767359,87304.33058135571,88724.99107356092,83806.44760038373,82153.07454478886,82254.37704713356,85217.36915122741,84121.93103044144,85897.7843338323,93664.77366961108,94394.51068035244,100631.8027551247,103669.8720081438
A,Annual,CHI,Channel Islands,WB_WDI_NY_GDP_PCAP_CD,GDP per capita (current US$),USD,US dollars,_Z,Not Applicable,2,Two,WB_WDI,World Development Indicators (WDI),0,Units,WB_WDI,World Development Indicators (WDI),A,Normal value,PU,Public,,,,,,,,,,,,,,,,,,,,,,,,,,,,,,,,,,,,,,,40472.66535481718,42443.71997269909,43479.19407676891,41873.74061461271,44459.73181889767,48570.77966321663,56259.53442263336,57647.11889080056,62745.10065935568,74139.97799443004,,57778.54070630521,56121.63873229118,60419.23216412963,58813.93648187941,59304.85085427196,64700.74239161314,61852.07355689571,55950.14829389894,55806.57089429659,60783.35292575443,60568.10834795503,56785.94020050392,66912.1753241171,67627.30844782345,74589.13811550135,
A,Annual,CHL,Chile,WB_WDI_NY_GDP_PCAP_CD,GDP per capita (current US$),USD,US dollars,_Z,Not Applicable,2,Two,WB_WDI,World Development Indicators (WDI),0,Units,WB_WDI,World Development Indicators (WDI),A,Normal value,PU,Public,516.4875390778359,594.4363062221129,678.5843365888619,657.7191965936973,685.9702028919739,686.1235419955242,790.3617737713955,764.2651286569928,765.8474016486274,873.5818899059173,940.6483450612868,1098.914699562306,1185.049948015945,1666.995427508994,1578.583676085202,732.0544067759649,970.9573148663476,1296.868547203225,1465.456056369165,1962.081856065372,2570.843118906824,3012.344781647698,1663.280432512564,1715.40345654344,1636.22476246476,1446.806045578627,1524.978094589868,1767.413896701612,2013.539877908864,2277.84764297202,2487.76829657299,2798.342624137947,3351.841088555225,3540.913773130155,4012.101599122849,5081.4682771561,5333.50438729711,5741.958429895956,5419.824172971906,4933.555815167552,5052.992457663253,4563.595298668896,4430.847411579841,4773.401775207537,6120.59152055344,7480.323309986356,9318.656552961203,10346.41381845325,10683.21887725111,10098.80171672862,12632.87047241924,14487.39278320319,15241.90699811188,15683.54863691551,14529.67672063358,13433.92029870323,13649.85204528032,14879.90862271865,15659.48086756277,14495.71672168699,13114.81547054501,16206.83254934211,15405.6165774073,17067.03647991536,16709.88939723067
A,Annual,CHN,China,WB_WDI_NY_GDP_PCAP_CD,GDP per capita (current US$),USD,US dollars,_Z,Not Applicable,2,Two,WB_WDI,World Development Indicators (WDI),0,Units,WB_WDI,World Development Indicators (WDI),A,Normal value,PU,Public,89.71507491677308,75.9655011127574,71.06168459712619,74.46815408644629,85.6611074645449,98.66816887404347,104.5064635017799,96.7614480104016,91.64545818489792,100.3081394795261,113.3462430398944,118.8424915790903,132.0974104310069,157.3398880785546,160.4025468523036,178.6212492820853,165.6809877226374,185.7286207182937,156.6556168508352,184.2858530590433,195.1494799920508,197.4255109678222,203.7227883669277,225.8653469615598,251.1926864638267,295.0074458158968,282.4456030967071,252.2567601144545,284.0235731496862,311.429461227032,318.5033535903898,334.1302881190779,367.8226519035418,378.9393530533142,475.6778744483691,612.6802778986272,713.3373878116568,786.7435485109991,835.0953485974322,881.1466140689251,969.1995136962868,1065.405975745193,1163.559576734256,1306.97245408557,1530.927262157233,1777.644968284641,2129.256969996132,2734.727098776927,3523.44302065213,3898.244591588106,4629.245517100773,5703.760279733456,6405.057424134903,7147.035186223441,7781.065974849738,8175.332850773929,8254.868593203568,8979.676527098563,10085.66381488192,10342.90095243346,10627.46379896187,12887.43572429406,12970.60564143265,12951.17823970427,13303.14815438682
A,Annual,CIV,Cote d'Ivoire,WB_WDI_NY_GDP_PCAP_CD,GDP per capita (current US$),USD,US dollars,_Z,Not Applicable,2,Two,WB_WDI,World Development Indicators (WDI),0,Units,WB_WDI,World Development Indicators (WDI),A,Normal value,PU,Public,148.6807889841811,162.2627644363257,163.0766796591232,185.0768259589664,215.5062402642609,207.0448385664015,221.7863922289478,225.6209341314634,256.7687143448034,262.1922860037446,268.9577335745659,280.3336601507465,312.9423481005241,405.5689794726865,474.2238613622077,574.6264058774374,660.5386182291747,855.655691363342,1039.114982687384,1157.001398053831,1237.802167682291,985.5075479074084,849.4797053910448,737.449968695419,708.9402521999446,694.9516914669229,877.1549567513626,929.6113629545137,909.534182158689,832.5598379582586,885.6478422149276,827.2418891669848,844.9022238067383,804.1496572112522,581.8884685774052,740.4730999133,1170.236220496656,1124.656748679274,1177.371338153418,1096.135205875718,936.6365413487983,924.7272949620664,967.8158644159912,1111.171350878869,1199.825245285463,1197.746169794149,1230.430568385836,1367.538177223261,1583.970667013718,1540.45393569596,1553.548870481432,1596.628265659979,1546.946018473103,1786.158620313236,1991.365394234042,1814.718550880167,1862.595970812868,1964.299303383425,2130.866193811437,2141.768361701147,2179.729348329347,2455.981276264883,2333.371283344773,2554.673048855765,2709.895116412523
A,Annual,CMR,Cameroon,WB_WDI_NY_GDP_PCAP_CD,GDP per capita (current US$),USD,US dollars,_Z,Not Applicable,2,Two,WB_WDI,World Development Indicators (WDI),0,Units,WB_WDI,World Development Indicators (WDI),A,Normal value,PU,Public,119.0539411557705,124.5931655633315,130.0425698736565,131.6420146754389,139.2281095877177,142.704307565995,145.8059828315402,156.6212906910623,170.7826665074647,175.1504964344317,178.4889829613052,186.724820408777,220.1087209606519,271.7572900530851,299.9083394947914,386.2364502750879,381.4299152662517,435.4086562747864,581.9893360322154,718.3569020303186,784.1162271181224,749.8475413045857,732.2507197438921,745.5131894915266,771.7021460263575,875.3377216936857,1178.593749504393,1258.314127662075,1145.16555992416,1000.892613163855,1086.717009370812,1014.828972929989,1005.44897647465,1309.936299755059,700.7095018500903,832.0066744876888,826.9653223273632,783.2516019454619,798.7456214066766,796.2626497845905,708.5657316259653,715.4702964705854,789.6238110725543,988.2412767918462,1133.393267496729,1142.624662521058,1191.454589909683,1325.672482159333,1492.142698014529,1461.389992323366,1398.587020250471,1513.960569948782,1449.098743622792,1575.928821188968,1649.443390594896,1415.000097105685,1441.720172568802,1496.089517712422,1610.696415910171,1555.226604764774,1555.603706607486,1672.326573408722,1604.877269548947,1736.860910735242,1762.368350884403
A,Annual,COD,"Congo, Dem. Rep.",WB_WDI_NY_GDP_PCAP_CD,GDP per capita (current US$),USD,US dollars,_Z,Not Applicable,2,Two,WB_WDI,World Development Indicators (WDI),0,Units,WB_WDI,World Development Indicators (WDI),A,Normal value,PU,Public,220.074550221277,197.0803951650533,235.1272906011218,376.3833700209375,169.9492597652215,232.0373973827462,252.7703618399438,183.2910864547886,205.6459957831345,257.1446367244016,242.2197597638369,270.3366290282445,290.5118033260894,360.5625916046377,428.0749544932945,444.6938994643521,408.4223909540299,509.4883686814227,615.0841953177719,582.0894322193571,538.9118394141964,455.9122270335745,481.7409782052999,376.2854799155892,259.8018895437385,230.1322552484269,250.9009140442751,230.0864158344986,257.7251517488064,254.2310379051539,254.8726562925087,253.7964277080899,209.7265487944169,263.3355828410739,136.5425476706765,127.0080787346676,127.4161328282923,132.3235207685528,131.461338858019,96.31922434792862,377.9254214813948,142.6781426044121,162.3805290742902,161.4915535243958,180.6647649636327,203.5616688607494,238.4176394155117,267.88850879878,307.3196386067455,280.7980515264983,314.5385862984398,364.7141917776319,400.0599018243418,431.191528160935,458.0045417756764,467.9145805459001,442.3104721102276,436.5845346873849,528.2560197778985,557.0441613359174,507.5212300778722,558.034077296358,642.612267148918,633.3956616862978,647.435704836002
A,Annual,COG,"Congo, Rep.",WB_WDI_NY_GDP_PCAP_CD,GDP per capita (current US$),USD,US dollars,_Z,Not Applicable,2,Two,WB_WDI,World Development Indicators (WDI),0,Units,WB_WDI,World Development Indicators (WDI),A,Normal value,PU,Public,124.6596703639305,139.8720744367031,149.5912499384583,150.6507519773302,158.0619645163441,164.1868927616355,177.5513442469993,185.6566036165186,190.8422573206498,195.4310235773772,196.7324156078004,223.5387237648977,276.2718495465749,353.3809938255851,369.9451839276958,471.4736282015147,452.5781471555979,448.1367824218751,502.7042514438046,670.2452231165108,932.6467154704576,1066.186777346124,1130.970810006337,1075.348257928137,1097.049586373878,1049.318213728645,872.0486976353144,1052.338935425029,984.3762858382456,1032.864974901596,1175.667090984281,1112.535212429447,1164.224429802916,1034.372008098157,661.9042736897121,769.6067948428291,898.7940501515773,804.3040500864994,660.3797750857836,776.416349733937,1024.301591091807,854.5983144080948,905.5381355447043,1016.823634121433,1306.101363245994,1799.051583661541,2103.582138121098,2206.471018634139,2832.091777776433,2271.152191759665,2946.557980677078,3396.16505817952,3732.327373203891,3697.417058842495,3601.236580871796,2439.351894036956,2093.107285588428,2211.633098747971,2694.434131914268,2488.424667249158,1993.586671931002,2516.162551454316,2620.838043047127,2477.978454770922,2482.248947434948
A,Annual,COL,Colombia,WB_WDI_NY_GDP_PCAP_CD,GDP per capita (current US$),USD,US dollars,_Z,Not Applicable,2,Two,WB_WDI,World Development Indicators (WDI),0,Units,WB_WDI,World Development Indicators (WDI),A,Normal value,PU,Public,258.3044336160714,282.0994405099476,298.5438617413214,282.5883303027422,338.6759352983648,317.0645633515184,290.2533859581317,302.8325078241335,301.5265027842489,317.8687980553674,345.8791015684707,366.8251679403639,397.4121174051405,462.0643757340589,541.7499015870911,561.0980361005836,643.0079144965658,798.2030216388729,932.392695058624,1095.031383916398,1279.501166582407,1362.18332520058,1425.399367713707,1383.792460536803,1335.528218123616,1192.218774793765,1169.462120693923,1192.588286381816,1259.6174112078,1244.326945908104,1474.845528534198,1499.711041643988,1729.663973323841,1930.059765480293,2325.975573393264,2583.349914360177,2664.456255582146,2873.200188216534,2605.999380590233,2243.642049562419,2555.00751039968,2472.990840358334,2428.929697715845,2311.942187602907,2818.571954130442,3456.066108745124,3789.853612170271,4769.926147194003,5541.836296658978,5250.972924335177,6398.295844710204,7400.994069566899,8108.598382442293,8279.102556429807,8187.208248900844,6248.514905345122,5959.842503675744,6479.532312924286,6816.968183095439,6472.545449247049,5339.687113579434,6222.621643976142,6680.445068544809,7000.836605010462,7913.988014645465
A,Annual,COM,Comoros,WB_WDI_NY_GDP_PCAP_CD,GDP per capita (current US$),USD,US dollars,_Z,Not Applicable,2,Two,WB_WDI,World Development Indicators (WDI),0,Units,WB_WDI,World Development Indicators (WDI),A,Normal value,PU,Public,,,,,,,,,,,,,,,,,,,,,628.3833743997055,565.2277076540685,515.2308024685483,521.7993885498628,489.0866775159112,506.5664560221933,699.1864173605425,822.353267227469,845.4138559555212,788.4423989813802,966.3203846298316,930.9695613760572,983.3925336443846,956.0875757825138,662.0231887195876,812.2159968067028,793.5248471605372,717.7276649503472,716.432240082977,727.2583600729264,655.007796688241,691.6999087707983,762.116930318449,959.7878945048336,1091.27216412426,1103.206584984024,1154.904223497487,1289.736310563611,1455.027685955857,1410.305169594732,1386.575335533764,1531.439693204681,1490.314256508712,1603.32653496691,1615.717184602092,1329.3704808998,1365.484033531583,1423.924802155514,1540.711323319755,1519.263863261673,1527.169909279556,1587.729886014777,1533.877553321514,1682.202850957212,1784.115468602928
A,Annual,CPV,Cabo Verde,WB_WDI_NY_GDP_PCAP_CD,GDP per capita (current US$),USD,US dollars,_Z,Not Applicable,2,Two,WB_WDI,World Development Indicators (WDI),0,Units,WB_WDI,World Development Indicators (WDI),A,Normal value,PU,Public,,,,,,,,,,,,,,,,,,,,,439.9826024200588,425.4076887203311,422.6646679634721,410.1126467341208,385.451419954827,396.494191452033,541.142985647338,658.4151913782174,729.470012847852,727.1516855887838,817.4429255397382,831.6138876424902,907.847909529157,1220.049978686128,991.1089743521576,1165.138323319338,1179.515227051823,1133.574226140084,1186.742947730859,1326.744669451643,1189.514793458906,1223.330553315754,1328.578742706659,1717.975653696549,1929.490814687812,2004.146804175632,2256.996661910753,3324.576752124976,3908.648858225763,3659.720463616276,3579.46006137809,4002.013868887853,3736.815170110871,3960.975967913446,3985.607065481337,3415.062667309312,3608.966052349065,3893.095713825062,4294.965100357294,4380.781173311284,3539.226612482986,3971.444092034225,4323.313620327087,4861.291841262292,5272.852530114185
A,Annual,CRI,Costa Rica,WB_WDI_NY_GDP_PCAP_CD,GDP per capita (current US$),USD,US dollars,_Z,Not Applicable,2,Two,WB_WDI,World Development Indicators (WDI),0,Units,WB_WDI,World Development Indicators (WDI),A,Normal value,PU,Public,382.3091218315195,355.844447873806,335.2215890422549,345.5053690527109,353.7108967917011,373.8356900634412,395.1524984730503,413.9965060362745,444.8052568699544,477.0813467422494,535.5396797249766,570.3602295344261,638.8510116114558,768.9447174127755,817.0766914103893,936.993196686988,1123.281791242616,1393.375137622237,1555.837161152582,1734.595602482941,2020.990675342832,1068.046722322023,1032.405481674957,1212.557652967912,1372.20149843952,1429.378364151218,1568.564096955201,1567.032051090101,1554.740485220184,1725.139361559073,1829.6687089559,2253.38191508071,2612.387564537369,2840.387064793974,3039.563285506332,3275.252564474161,3226.963955986253,3407.776128985003,3617.457566667264,3690.96154778297,3812.753882849239,3985.129845062071,4067.718514290924,4173.148564155143,4431.011720784304,4703.007217847779,5256.596408591589,6137.711999255424,6937.242615960555,6832.69829924138,8265.788202758986,9276.391075105275,10126.99910241396,10803.24019619723,10911.49787832273,11714.71059808035,12091.03016063352,12317.09027713224,12590.24937816281,12884.68599519475,12394.0493969354,12838.11853590091,13625.90084914784,16942.02681193038,18587.15322036136
A,Annual,CSS,Caribbean small states,WB_WDI_NY_GDP_PCAP_CD,GDP per capita (current US$),USD,US dollars,_Z,Not Applicable,2,Two,WB_WDI,World Development Indicators (WDI),0,Units,WB_WDI,World Development Indicators (WDI),A,Normal value,PU,Public,455.4904416001621,486.5711299749365,507.8473341021966,530.7335806690339,555.2359367221887,584.0326369175241,609.2049346994447,654.5117418131672,659.5571198582475,704.3719349687213,730.7040868179372,780.6642195459974,858.3760523284797,987.0499043401666,1295.579970423127,1474.073137268195,1497.922744134748,1786.946330816204,2023.785937018242,2491.90112105547,3199.783023895161,3496.70815196286,3851.960974479126,3793.640926399909,3908.462775989059,3907.195460198308,3307.339046965223,3439.600463335531,3530.076897210196,3468.589398361466,3713.80453933126,3792.33437759381,3842.818670319053,3699.023063965526,3929.283652968468,4144.627312812522,4424.573000359493,5198.63164755484,5558.940573943457,5960.021527419761,6477.457403614801,6647.814802174901,6903.257810409764,7551.242821112075,8233.769626821595,9439.49811647557,10883.21620220293,12135.12860130812,13890.23852849465,11554.17641691187,12594.87350572797,13449.48076925889,14172.89046566388,14504.71559707703,14888.54404221553,14402.47257793888,13297.74434961623,13637.12072058037,13815.32651547985,13938.2023201976,11925.75739500114,13833.30993034638,17355.83665797946,17582.26367968785,20173.95647466763
A,Annual,CUB,Cuba,WB_WDI_NY_GDP_PCAP_CD,GDP per capita (current US$),USD,US dollars,_Z,Not Applicable,2,Two,WB_WDI,World Development Indicators (WDI),0,Units,WB_WDI,World Development Indicators (WDI),A,Normal value,PU,Public,,,,,,,,,,,645.1449177970763,770.0849696823228,891.6317492087808,1079.130815264563,1216.741482118833,1374.2396398274,1440.730461371456,1472.378817166174,1837.39107006762,2005.913263183735,2030.933622801648,2045.852312279989,2113.808588745478,2222.488512413391,2386.44595066854,2256.569486684947,2364.895597893069,2439.584003323925,2632.041768391584,2565.541179093441,2694.316979576922,2268.834932471936,2047.679003464207,2063.203662535866,2613.289718691224,2785.244429541026,2282.188093242024,2306.424833973363,2332.306561331188,2561.779804068377,2751.381771481403,2842.96704310394,3005.211042478683,3202.781098656367,3399.219628934021,3786.337992252912,4329.982659643831,4807.438889606839,4986.12436479175,5089.235197571668,5272.267558248353,6104.461052361658,6470.83673392653,6828.364282453959,7146.704590513279,7727.919972079983,8110.55873961397,8610.608295319977,8911.462059641932,9232.261159351829,9605.261250672624,,,,
A,Annual,CUW,Curacao,WB_WDI_NY_GDP_PCAP_CD,GDP per capita (current US$),USD,US dollars,_Z,Not Applicable,2,Two,WB_WDI,World Development Indicators (WDI),0,Units,WB_WDI,World Development Indicators (WDI),A,Normal value,PU,Public,,,,,,,,,,,,,,,,,,,,,,,,,,,,,,,,,,,,,,,,,15841.26123599492,16609.84545364854,16723.69252534677,16695.73511377572,16671.34033916549,17032.33566207436,17400.16377801865,18005.71658507725,19423.33524301753,19540.24765793481,19847.23101279792,19426.32638275203,19809.82231986245,19721.29216465756,19623.02999339502,19361.8130008678,18944.09614939977,18938.24404697027,19119.12439416876,19220.68657930748,16356.09332545412,17979.99829093056,20501.75227822187,21061.74163909198,
A,Annual,CYM,Cayman Islands,WB_WDI_NY_GDP_PCAP_CD,GDP per capita (current US$),USD,US dollars,_Z,Not Applicable,2,Two,WB_WDI,World Development Indicators (WDI),0,Units,WB_WDI,World Development Indicators (WDI),A,Normal value,PU,Public,,,,,,,,,,,,,,,,,,,,,,,,,,,,,,,,,,,,,,,,,,,,,,,87085.09373762159,89888.26182124621,89655.11962221842,81373.5711516642,76837.66996366715,75280.960764889,75101.59136128004,75113.73323986177,75845.30604079863,76379.2095108681,77802.25415671869,80053.94445068909,83865.55315681841,88254.29036770435,82338.79828536611,86438.445257404,92202.14780315755,97749.50789608464,
A,Annual,CYP,Cyprus,WB_WDI_NY_GDP_PCAP_CD,GDP per capita (current US$),USD,US dollars,_Z,Not Applicable,2,Two,WB_WDI,World Development Indicators (WDI),0,Units,WB_WDI,World Development Indicators (WDI),A,Normal value,PU,Public,,,,,,,,,,,,,,,,976.329895019531,1157.41162109375,1476.24755859375,1929.39929199219,2559.22900390625,4232.02294921875,4033.24047851563,4122.78466796875,4091.04858398438,4258.74365234375,4488.287109375,5642.63134765625,6690.578125,7645.6298828125,8038.9140625,9641.5751953125,9696.099609375,11310.072265625,10526.1416015625,11617.6923828125,15261.4169921875,15139.220703125,14234.2412109375,15092.828125,15287.91796875,14388.3525390625,14821.44921875,16093.2158203125,20252.24609375,23792.619140625,24959.26171875,26729.28125,31244.87890625,35397.296875,32236.44921875,31105.02734375,32485.796875,28991.935546875,27797.45703125,27244.3515625,23487.228515625,24715.154296875,26696.990234375,29599.986328125,29703.052734375,28649.015625,33734.03515625,33894.44921875,36551.41796875,38654.16796875
A,Annual,CZE,Czechia,WB_WDI_NY_GDP_PCAP_CD,GDP per capita (current US$),USD,US dollars,_Z,Not Applicable,2,Two,WB_WDI,World Development Indicators (WDI),0,Units,WB_WDI,World Development Indicators (WDI),A,Normal value,PU,Public,,,,,,,,,,,,,,,,,,,,,,,,,,,,,,,3969.367335437936,2917.086554743226,3396.709724304689,3984.146343987895,4663.28665345469,5865.294605567264,6573.196431363624,6069.387623578372,6526.596357809509,6377.621107722404,6062.921528427933,6669.074948474969,8101.260185881106,9852.456779458013,11782.55466761165,13442.49162843091,15259.07881620042,18452.65328121963,22774.70450762051,19817.42158365543,20160.43550770589,22049.10807886823,20014.03540151647,20260.49549993748,20038.41631802569,17931.59876707676,18753.96867180957,20913.19763221204,23705.93298112988,24062.71900133431,23472.89154544167,27696.46195275442,28282.22367158567,31591.0568216357,31706.62342297426
A,Annual,DEU,Germany,WB_WDI_NY_GDP_PCAP_CD,GDP per capita (current US$),USD,US dollars,_Z,Not Applicable,2,Two,WB_WDI,World Development Indicators (WDI),0,Units,WB_WDI,World Development Indicators (WDI),A,Normal value,PU,Public,1162.122668317347,1315.907878345036,1430.520955162634,1502.154529051461,1637.455227736717,1774.198690455501,1870.805402917744,1885.615966078745,2025.081594658528,2281.275982182293,2771.283105147542,3203.828848360513,3823.940326026955,5065.245233022832,5659.737877733358,6259.207444983417,6659.16546576017,7711.102320253646,9516.782832289073,11322.35434438132,12182.78001968025,10246.47676231877,9950.059260253647,9900.48559233526,9347.290684123767,9464.116947108563,13511.15200274863,16738.61328255232,17996.97835076186,17829.46095247046,22385.67782502749,23443.33508185362,26559.85438796315,25616.65087724047,27201.9593555204,31747.24493984471,30599.78910483628,27046.95654642373,27395.94406080508,26965.49227737216,23925.85599019911,23878.3641471651,25486.59420087475,30711.10225113308,34566.73591437353,35084.43635462689,36980.33499489538,42350.92172114887,46386.32959247995,42487.21371014957,42409.93569946936,47646.58204314298,44735.58823197014,47220.01020988513,48971.08247225994,41911.01098510537,42961.0356905775,45526.59995765328,48874.85950284536,47623.86560748285,47379.76519454801,52265.65416205709,49686.11545825826,53940.40734474621,55800.21945494122
A,Annual,DJI,Djibouti,WB_WDI_NY_GDP_PCAP_CD,GDP per capita (current US$),USD,US dollars,_Z,Not Applicable,2,Two,WB_WDI,World Development Indicators (WDI),0,Units,WB_WDI,World Development Indicators (WDI),A,Normal value,PU,Public,,,,,,,,,,,,,,,,,,,,,,,,,,846.785538068015,,821.6825703542817,816.8746140653286,781.9168386713004,780.4977193607252,732.7331015537817,763.659214503152,758.7338427335352,784.5562074083314,786.2018667484581,761.9436594766548,748.232840194914,735.3491078895291,740.2193097897299,737.6121836440517,742.1337911070628,743.0132704203476,764.634465224597,806.2616529449637,844.4483573908004,898.4646281367736,969.573220191902,1119.152333469688,1150.937585748896,1213.233525534295,1306.345528449767,1400.193578589536,2075.944984247476,2214.620841424321,2376.125547198727,2510.430007624096,2618.95521147369,2718.083387992033,2837.169023409324,2844.888106478533,3025.911264135492,3133.25779772463,3397.520157795876,3496.471118767627
A,Annual,DMA,Dominica,WB_WDI_NY_GDP_PCAP_CD,GDP per capita (current US$),USD,US dollars,_Z,Not Applicable,2,Two,WB_WDI,World Development Indicators (WDI),0,Units,WB_WDI,World Development Indicators (WDI),A,Normal value,PU,Public,,,,,,,,,,,,,,,,,,633.5517416706821,785.5758148005549,754.0914608052316,996.1913623323252,1124.974530884157,1231.669280578179,1363.438008449961,1514.892177483356,1665.532071852182,1892.865564777729,2138.303851490988,2423.325743174627,2639.049548315296,2892.981596645405,3171.365778154049,3376.260501395734,3536.156091857271,3805.20278759984,3951.722670863583,4210.995320345558,4372.197129668378,4664.242681429187,4817.181055020462,4867.398963237587,5527.515273004963,5488.027849693565,5447.440114962842,5778.833065465062,5695.224423946745,6055.78109574854,6459.035036896091,6971.326338392885,7487.490103951535,7549.619646803747,7705.407172483186,7528.510019901552,7822.217972113976,8131.748760967352,8282.598747021415,8802.561720413629,8224.648965714136,9215.308540564503,9491.149959623735,7827.748426804263,8376.404141411134,9323.66089490562,9912.962127666682,10405.2787777582
A,Annual,DNK,Denmark,WB_WDI_NY_GDP_PCAP_CD,GDP per capita (current US$),USD,US dollars,_Z,Not Applicable,2,Two,WB_WDI,World Development Indicators (WDI),0,Units,WB_WDI,World Development Indicators (WDI),A,Normal value,PU,Public,1389.021394322497,1530.537790043894,1711.218137660201,1807.252791797934,2049.397242814827,2284.228504849556,2487.136271444317,2700.746378833364,2776.135445258053,3151.133243115434,3464.455182784084,3845.599068100719,4653.955878891154,6116.891992291424,6763.865929186463,7988.156132635177,8773.339616277095,9769.578642839677,11817.62508751788,13757.23437408393,13822.15784059124,12000.21037691914,11740.2199128271,11796.56919557838,11516.68215784355,12212.78739972935,17136.62973762262,21295.67685660781,22524.57925954763,21882.15174638421,26885.69941881909,27002.80577058038,29579.4913648682,27581.72410974587,29967.83039031633,35321.09807730872,35621.98780517318,32779.87904529703,33346.48842989567,33426.23810774046,30722.02518375665,30768.47754711116,33257.16225865088,40519.09749059236,46625.05009801095,48925.80766987841,52119.17879842821,58631.65664336355,64616.6657583663,58412.7472358513,58104.54455949811,61809.73789822204,58443.77471039677,61377.59405904118,62520.45097470115,53094.01336075736,54500.92604102175,57521.55149922252,61324.76650455651,59404.2663247723,60985.48856015139,69727.98736770124,68091.31911386686,68453.87692811449,71851.7562131368
A,Annual,DOM,Dominican Republic,WB_WDI_NY_GDP_PCAP_CD,GDP per capita (current US$),USD,US dollars,_Z,Not Applicable,2,Two,WB_WDI,World Development Indicators (WDI),0,Units,WB_WDI,World Development Indicators (WDI),A,Normal value,PU,Public,205.7315098570037,193.9089887950225,236.8147000404605,262.1863580031363,277.2971581634901,233.1605741510222,250.8766915180526,256.20659739416,259.5744384005635,287.699305710615,337.6681237199639,368.3496476972676,427.224846368664,490.3154952702998,595.3566778051429,713.1681691440239,762.7783470169508,862.9760492211092,868.3973717699686,983.7397064953512,1180.180892530455,1288.465631402348,1376.268204665335,1499.955752557893,1843.52460788928,784.4888096040077,931.6595301156848,868.0875578318071,783.9131421226353,954.9145044498852,989.1639412076594,1345.846736906233,1558.297820710754,1722.41995993981,1891.670556790005,2109.169407286892,2270.865586872028,2448.89393535363,2607.854573214045,2620.889681727205,2831.458836380334,2935.893673126681,3065.60329524196,2383.261717803934,2451.691616165686,3878.312067352443,4055.142703473711,4649.645588758138,5023.585134035155,4973.951869999516,5478.624703989542,5826.510141091945,6013.819650026031,6136.594293293015,6496.451669711419,6800.953093954736,7160.442009823075,7412.715715715117,7882.982215849437,8183.016236003749,7135.222732558986,8527.075485820502,10104.24493490807,10630.43174382902,10875.6618443092
A,Annual,DZA,Algeria,WB_WDI_NY_GDP_PCAP_CD,GDP per capita (current US$),USD,US dollars,_Z,Not Applicable,2,Two,WB_WDI,World Development Indicators (WDI),0,Units,WB_WDI,World Development Indicators (WDI),A,Normal value,PU,Public,238.392476666447,209.3706726553337,169.6028627213299,225.5846602109934,238.8638015450153,253.6220599857776,241.4489696165797,261.7924421240023,292.4360363685612,315.9146557342367,352.8457665579278,360.1110817078451,469.0309965105106,589.5181269352211,872.8892774391838,992.3020373784112,1080.386206756091,1232.494186643214,1505.942221279767,1843.119295659844,2275.779711588995,2307.33434430543,2274.878009903493,2373.825119684734,2524.380714031431,2632.517111090753,2800.202708121873,2847.077669198797,2450.872420789609,2247.460271249201,2445.183327402582,1759.112016482291,1802.693008012888,1831.048009764494,1525.540617602877,1466.948067604152,1616.831987212851,1628.761005615063,1603.366232008358,1596.118222390247,1772.928691227614,1896.300208780129,1937.464114130188,2283.772993461255,2816.993849605548,3233.133396342122,3660.661047453223,4167.451699375306,5180.918815146864,4235.42990456612,4912.785855036717,5916.313643643432,6033.648846895432,5979.601389605846,6094.693923149557,4685.059027290017,4424.985290275557,4554.667539578281,4577.210291804906,4468.453418836562,3743.541952292898,4160.559267369248,4961.552576647326,5364.027950227306,5631.17999109851
A,Annual,EAP,East Asia & Pacific (excluding high income),WB_WDI_NY_GDP_PCAP_CD,GDP per capita (current US$),USD,US dollars,_Z,Not Applicable,2,Two,WB_WDI,World Development Indicators (WDI),0,Units,WB_WDI,World Development Indicators (WDI),A,Normal value,PU,Public,90.27850186725392,79.55850823037402,71.61552905376047,75.5131219647953,85.11818462914496,96.78543962350528,103.0429052746407,97.50380996858476,96.03955731079076,105.1089772658534,113.9225173172235,119.1124824931895,132.3362845889384,162.6457250899403,180.40828103172,198.6725102942989,198.5544679676159,225.2430137568064,215.1843126187088,245.2678867080481,278.6755518015779,292.9648713556987,302.5166855843742,311.4727943924896,332.1532584014742,357.9054674481961,351.0288160564454,340.9367665290254,371.9254393203996,395.4260299992212,416.9387822611109,445.8047532212622,493.0608836941906,533.8860617313109,634.1952229526851,772.3055617228983,876.0391667476594,895.6301285564834,809.0089026341424,881.6373856018313,961.3034342146892,1014.527215045695,1114.001780604612,1251.280119008211,1439.93464535308,1653.681435116473,1976.633900701099,2481.389525779202,3117.833897514871,3359.5200934674,4057.868416112591,4913.896214272277,5434.827470933797,5952.77111218013,6373.651056837667,6589.773840027791,6683.18386893998,7241.925337951674,8045.944488093007,8286.439675323329,8391.368384326883,9974.636400015988,10106.87251940122,10125.76680656428,10396.82551689118
A,Annual,EAR,Early-demographic dividend,WB_WDI_NY_GDP_PCAP_CD,GDP per capita (current US$),USD,US dollars,_Z,Not Applicable,2,Two,WB_WDI,World Development Indicators (WDI),0,Units,WB_WDI,World Development Indicators (WDI),A,Normal value,PU,Public,149.2099627907199,158.3568813817778,156.1364366192803,167.9940959060183,187.7772509539037,198.6776962174542,192.0490723697418,197.797069394182,210.3404281182934,229.3242382684926,238.1308482644096,250.2997444136973,269.6999766277131,336.7265700207412,460.564415244242,481.0234681346263,512.7300226556803,559.4832896695386,624.2228497725748,716.8501368423377,868.8596954876278,937.7135739613096,871.0311826119123,856.7895329245024,847.232339838797,823.985758281135,807.9176123648078,801.0268546134379,825.2773932540289,819.8403821750046,937.569726538587,971.7738039985848,1032.695544786806,1090.646025785421,1122.905529819354,1122.455712311143,1192.380144989258,1247.843371420448,1209.124730922633,1254.961132482005,1346.075445512744,1311.026087076821,1251.115338157522,1368.196855559262,1562.649517384787,1787.583452741037,2010.206559788176,2341.336343798587,2592.850635522531,2455.729629952213,2936.943764725645,3261.145625054873,3360.454610720285,3363.118224442877,3431.30202471111,3219.688271738184,3269.984328176207,3505.106215015615,3515.766216705831,3543.323907036051,3250.749747343873,3765.510797867125,4113.000848523219,4322.182793733465,4529.826867381444
A,Annual,EAS,East Asia & Pacific,WB_WDI_NY_GDP_PCAP_CD,GDP per capita (current US$),USD,US dollars,_Z,Not Applicable,2,Two,WB_WDI,World Development Indicators (WDI),0,Units,WB_WDI,World Development Indicators (WDI),A,Normal value,PU,Public,150.8203053666531,151.7238599342993,153.1658850615614,166.8608574679035,187.1673924821017,203.5294011521579,221.9949311371445,235.5086012098007,253.8586002589978,285.315927011608,320.2975414135494,346.7473109076479,421.11712810906,542.9124077973639,613.5595764645429,659.2844939970923,713.2198505696632,836.9705234029027,1041.33627134452,1113.787107728745,1187.306633803943,1288.261192752567,1241.514633682426,1300.325001176324,1370.136567602065,1423.47609406356,1831.522204256912,2115.71235747887,2502.35822114366,2565.253801410347,2637.442735880403,2937.090187854417,3167.861927441069,3498.395469219968,3864.302915956848,4334.603796127039,4126.9832582113,3899.543583919696,3452.620440056636,3818.458062967032,4092.579735005901,3773.327776914405,3802.586503117169,4150.186389620947,4619.994862053678,4893.121378783505,5150.196822857757,5716.348972396796,6547.770331635348,6694.483876192297,7760.448278135488,8929.666845359385,9479.32344288198,9522.667498414894,9759.275633620991,9657.528896189528,9928.671499274771,10526.67716957611,11394.48090017414,11578.27482980913,11595.29409235589,13282.76366997577,13084.28480909093,13117.90954457996,13349.08331091521
A,Annual,ECA,Europe & Central Asia (excluding high income),WB_WDI_NY_GDP_PCAP_CD,GDP per capita (current US$),USD,US dollars,_Z,Not Applicable,2,Two,WB_WDI,World Development Indicators (WDI),0,Units,WB_WDI,World Development Indicators (WDI),A,Normal value,PU,Public,,,,,,,,,,,,,,,,,,,,,,,,,,,,1187.889317703332,1298.982015878883,1455.186647540644,1720.28726590723,1641.377316639192,1566.685176714993,1607.787439315152,1253.860348702624,1432.850553217003,1511.646046934485,1598.766243250513,1940.527191125608,1765.852005379322,1788.709021965121,1527.604738011967,1769.536495337635,2246.157931866531,2877.767158730603,3567.784737943497,4130.927579199053,5189.134024367319,6169.168785760467,5105.020721566032,5995.078508272437,6762.729460129021,7071.920036224164,7646.166677249632,7273.112782248333,6282.954184333254,5977.685509333879,6112.702769915748,5952.250029906104,6020.636701548353,5733.417618684361,6623.351376985361,7247.609812212361,8571.410186616404,9668.56270854153
A,Annual,ECS,Europe & Central Asia,WB_WDI_NY_GDP_PCAP_CD,GDP per capita (current US$),USD,US dollars,_Z,Not Applicable,2,Two,WB_WDI,World Development Indicators (WDI),0,Units,WB_WDI,World Development Indicators (WDI),A,Normal value,PU,Public,638.4810752725311,694.4275391280854,750.7966410169726,811.7322501256716,886.9764918773525,956.766518035674,1024.965448061765,1078.844993107411,1126.301644140668,1238.17020321796,1381.262726651943,1546.852523658446,1839.787911981507,2322.452306029205,2604.693942933839,3019.095084133787,3117.1731880011,3501.867341847667,4262.639712712345,5162.392058191572,5795.143169541504,5128.672363517196,4914.289357928196,4738.478285355812,4527.783066180916,4656.253671763775,6311.870148073583,7746.27087346593,8570.77534497654,8631.00819855836,10494.42580602345,10760.16470386454,11479.07331954856,10513.62259262602,10969.28145872263,12648.80059797253,12886.43477925203,12204.46029334875,12504.37273948901,12364.91185127258,11645.26889893575,11749.67361171501,12843.46811046624,15575.97939873463,18102.98661010554,19215.6623067218,20751.08732016394,24175.0503054007,26501.46566817808,23237.11513412263,23684.87661481241,26221.78565833883,25146.01977550911,26177.10964099416,26444.79300695681,22676.94945654663,22496.77585009121,23780.61679491335,25362.67581145792,24975.41664314364,24121.47910357668,27591.41087869772,27782.86162062228,29835.71805236541,31392.58196373199
A,Annual,ECU,Ecuador,WB_WDI_NY_GDP_PCAP_CD,GDP per capita (current US$),USD,US dollars,_Z,Not Applicable,2,Two,WB_WDI,World Development Indicators (WDI),0,Units,WB_WDI,World Development Indicators (WDI),A,Normal value,PU,Public,450.7763171022586,371.3951764622346,312.4354102417404,364.7435941413051,435.7634632208375,450.0497827195517,444.6231119806411,453.6452858955648,445.2279891571483,520.8439846364925,465.0403198050071,434.415880347799,487.9720472179857,578.9549307832859,953.8465582605164,1086.176150865167,1241.910984611405,1464.94058354719,1541.137604253222,1783.292805815782,2189.784176573824,2600.571527979964,2314.38354547989,1940.233932008013,1863.682134937787,1841.779054814258,1604.246981020554,1426.016291516632,1303.779060731843,1356.280456362236,1455.007485108705,1587.360499966719,1655.446131926317,1697.888841414451,1996.858947894442,2108.00698245316,2135.847937430799,2340.766000268575,2284.015728477691,1575.302347309707,1382.23421759909,1791.303596850374,2059.158553597405,2315.622152230139,2586.209146633466,2909.026060143883,3243.670103593386,3478.924887706714,4194.757506619805,4053.36331139298,4520.30959039763,5153.691642437503,5634.083931910944,6109.290315103414,6405.799793004407,5976.159680565097,5917.63771271481,6233.322447977176,6303.918866583376,6205.057652467664,5463.645153485981,6061.323501817112,6515.585284183364,6737.847483796376,6874.705739765999
A,Annual,EGY,"Egypt, Arab Rep.",WB_WDI_NY_GDP_PCAP_CD,GDP per capita (current US$),USD,US dollars,_Z,Not Applicable,2,Two,WB_WDI,World Development Indicators (WDI),0,Units,WB_WDI,World Development Indicators (WDI),A,Normal value,PU,Public,156.3873974815189,162.8416441817542,142.4095767397055,143.9284025226565,157.7165365072059,161.5671235669189,168.0543429445008,174.1030445361758,179.7740966942651,192.9649088282573,232.2724923426705,242.9710702658912,256.4828156401148,272.1827100852946,243.0614739023137,299.2175183225376,334.6099184744691,353.4038336765331,354.6742462696866,420.8582168623299,493.0535732710609,490.3087968615984,595.9188981693779,648.0136297714338,689.8076755102054,769.7551371486661,790.2017936985646,753.7222637476153,633.8393694965658,701.0377179291912,735.9829350280247,622.8296050078668,680.7992386455101,740.3342173564175,807.3035372304874,916.3266177008762,1008.976376294474,1146.201721176335,1212.822598204773,1268.309491604959,1366.092743726135,1295.137418416295,1116.828846262128,1031.275562912836,991.2556891452524,1105.539207139034,1298.979002031245,1547.741707359086,1896.21594269779,2161.639645739265,2455.081946452821,2590.64384891965,2996.067707201501,3025.525635524481,3133.391022655408,3306.981594141408,3270.628776819699,2395.103332994913,2484.703156305083,2962.988920230026,3511.113810263795,3827.354153743081,4233.307837448563,3456.78968456253,3338.473713958945
A,Annual,EMU,Euro area,WB_WDI_NY_GDP_PCAP_CD,GDP per capita (current US$),USD,US dollars,_Z,Not Applicable,2,Two,WB_WDI,World Development Indicators (WDI),0,Units,WB_WDI,World Development Indicators (WDI),A,Normal value,PU,Public,930.6466981097732,1026.605406048338,1125.784138418645,1228.376781833245,1349.145918282953,1462.137637530635,1569.242561473577,1655.918452060486,1768.533447896375,1962.344293578479,2210.53515758492,2491.161363167244,2989.597928897285,3857.615662226894,4350.250301561519,5015.424343479781,5213.073946330838,5908.687185850679,7203.605628942683,8690.83859345365,9689.637561315849,8385.374488302505,8096.364479113875,7882.887475154548,7550.829865523482,7742.59506384408,10846.47289229559,13379.95320508033,14667.43264530038,14916.0812076059,18683.51161571869,19305.46502144776,21178.52563598309,19310.81300462448,20344.76552280807,23430.24209406715,23652.35208853122,21582.23021684186,22144.69486698622,22011.26099229855,20039.40026566379,20289.65052757126,22047.27956602862,27010.5876151852,30803.28609986179,31781.66188327055,33646.2501787992,38544.2484903779,42174.6917988916,38467.86582621688,37495.48206093963,40574.37223485591,37486.62822168388,39101.82490529891,39982.9007375611,34467.57666351338,35232.26956612649,37237.53635545517,40096.71220515596,39212.51114979751,38234.53358892847,42967.25516564343,41446.43228275693,45068.70109303974,46724.35562279499
A,Annual,ERI,Eritrea,WB_WDI_NY_GDP_PCAP_CD,GDP per capita (current US$),USD,US dollars,_Z,Not Applicable,2,Two,WB_WDI,World Development Indicators (WDI),0,Units,WB_WDI,World Development Indicators (WDI),A,Normal value,PU,Public,,,,,,,,,,,,,,,,,,,,,,,,,,,,,,,,,265.2409629633365,252.0857770694724,277.8014236203341,285.4021840083308,325.8387053716046,318.9809608319835,341.9173640020804,311.3362092551249,314.3573967535008,325.4091615135927,304.7757564650923,348.9503270777424,426.8409478870323,412.7530791994235,447.9974047272008,480.4476236545604,490.0669560033334,642.9257228800705,539.6995120696864,688.6816595768397,,,,,,,,,,,,,
A,Annual,ESP,Spain,WB_WDI_NY_GDP_PCAP_CD,GDP per capita (current US$),USD,US dollars,_Z,Not Applicable,2,Two,WB_WDI,World Development Indicators (WDI),0,Units,WB_WDI,World Development Indicators (WDI),A,Normal value,PU,Public,407.9630278693298,463.19044087717,535.3910594544878,627.2784509642617,694.9520867978989,797.3770661709043,915.6292336786304,996.5718635252967,978.2923737680344,1109.136371355257,1211.423433213093,1361.192519172062,1707.588000526551,2245.947991106602,2747.960367379938,3207.544650820245,3276.970232604945,3624.999402559621,4353.327374405202,5766.092966724847,6204.143215442246,5367.329762784106,5156.023037929453,4475.301268312955,4486.781738633817,4696.298796207288,6508.850654756497,8233.728229930273,9696.192853853798,10674.3410230107,13795.01593851282,14801.32261521722,16100.67994280317,13330.37981922105,13405.70441488296,15460.91102666525,16100.62158311145,14722.37176335364,15382.33485733728,15707.94730681376,14743.26710314548,15368.23379844348,17111.06850589405,21522.01709902615,24925.02678445755,26450.95301303823,28421.68652740703,32652.01559470198,35603.24832807104,32279.82084761514,30658.74222829119,31824.62191347769,28456.44381514769,29228.84655984204,29707.76550946702,25982.44161977755,26755.60611493981,28381.34255969062,30602.42128811132,29786.5245689007,27233.94264616077,30799.47759377748,30270.26870174581,33509.01279821385,35297.00949955651
A,Annual,EST,Estonia,WB_WDI_NY_GDP_PCAP_CD,GDP per capita (current US$),USD,US dollars,_Z,Not Applicable,2,Two,WB_WDI,World Development Indicators (WDI),0,Units,WB_WDI,World Development Indicators (WDI),A,Normal value,PU,Public,,,,,,,,,,,,,,,,,,,,,,,,,,,,,,,,,,2685.908892873569,2819.126121009261,3134.389753454067,3380.92630243199,3682.952301466947,4093.392477387645,4140.936602321673,4070.60902410208,4502.666149923917,5343.183107607348,7205.40703313243,8916.072827460204,10414.63811835649,12641.48009764732,16745.43080111476,18205.9064113446,14712.44942179163,14663.70410187046,17555.54552394261,17568.21379697136,19310.38749007572,20581.78989916954,17722.15576695231,18666.3736521706,20851.5223496861,23618.13612545807,24021.25014133062,23933.99394210654,27953.76702301265,28451.14778251755,30133.30445045403,31170.0915091887
A,Annual,ETH,Ethiopia,WB_WDI_NY_GDP_PCAP_CD,GDP per capita (current US$),USD,US dollars,_Z,Not Applicable,2,Two,WB_WDI,World Development Indicators (WDI),0,Units,WB_WDI,World Development Indicators (WDI),A,Normal value,PU,Public,75.33960907059607,76.73019664117328,77.79018497825044,79.17263437032835,83.83686482709687,88.85002941102428,93.15494678749852,96.08647474367568,99.47436510006672,102.280177675035,109.4304663372852,112.7366742966241,119.8399971247572,134.9355110219469,147.8557225044847,144.2805376354946,151.9561866217098,170.4041437155598,178.3024805749128,192.3571172739988,203.6853944409648,212.6575179802983,215.25098547162,232.6834744211589,214.2288603960016,243.8973825840191,245.9772287692951,254.1213294215537,253.2482624701667,256.3864753063148,262.108971053707,277.5659103650914,207.4064008638466,168.520401400989,127.6859234590333,136.5236190889628,147.3274588519645,143.3695314988438,126.4650957812439,120.734631499865,122.269202606069,118.4572042552607,109.5938136129879,116.8004911327767,133.1698125380956,158.243458082465,189.3457375214183,237.1462559963188,316.4104751180748,368.5747122674447,330.6194127986438,343.0249423518872,452.1010318857536,484.039833104062,549.9865770825876,621.8456738081328,696.1960848063238,745.6324339253431,747.9680036726737,828.7090805229211,905.3131592541484,910.947887074508,1011.073324134622,,
A,Annual,EUU,European Union,WB_WDI_NY_GDP_PCAP_CD,GDP per capita (current US$),USD,US dollars,_Z,Not Applicable,2,Two,WB_WDI,World Development Indicators (WDI),0,Units,WB_WDI,World Development Indicators (WDI),A,Normal value,PU,Public,796.5662864901549,877.7512585355976,962.0890523814317,1048.040488608112,1152.297359342169,1250.473902850131,1343.230415773838,1419.452267256669,1512.77032493811,1676.559800870637,1885.409955562179,2119.458544978106,2540.114788714941,3266.498198302226,3675.470739043324,4252.347654969448,4432.512100421513,4997.869691570436,6057.759838230977,7288.842854145881,8116.450676784436,7053.643424575954,6783.331429946104,6578.61551110075,6326.073926928746,6490.27034271206,9042.123333645752,11144.97268854993,12196.9100067565,12414.35793138097,15470.41883135037,15952.04283206579,17470.07257628991,15908.78685744883,16826.13547898305,19470.10674582785,19755.24963736219,18093.62632694491,18616.51717364971,18506.59904914005,16976.04908019735,17230.65138757404,18797.81496811864,23020.95952028431,26368.68212054834,27431.50340185561,29200.60081087271,33704.68646049218,37170.42987699426,33634.93636380065,33122.55826746133,35967.01143556074,33328.77198576162,34808.0025773528,35592.88748755399,30769.09064410896,31462.43412098846,33391.9679020533,36054.39544663854,35374.64438271312,34698.40320894273,39214.36607848053,37962.8295010744,41392.07438030782,43145.15669302231
A,Annual,FCS,Fragile and conflict affected situations,WB_WDI_NY_GDP_PCAP_CD,GDP per capita (current US$),USD,US dollars,_Z,Not Applicable,2,Two,WB_WDI,World Development Indicators (WDI),0,Units,WB_WDI,World Development Indicators (WDI),A,Normal value,PU,Public,139.1575193202063,142.2386360989602,153.8043194590104,171.9617786984453,152.2158813859059,163.5749913149754,170.7176981684129,164.6758984792945,177.9081732122838,195.2349460382398,227.3530913752576,228.8991730085106,259.0351659785286,313.0338095037582,460.1705302216577,492.9036054246362,571.7168079766452,616.6549292214526,659.9165701535238,811.332056319515,1002.918962135937,1292.633998945481,1206.571124103123,1018.089198219046,894.6714960299381,888.3042812466591,799.9660647780444,785.912881577688,834.1402720247042,806.4982273135,1120.090391909446,773.8798808648504,671.9978730528901,666.7126337871827,652.1613047338752,776.2626073647797,819.765545529677,898.1161391391796,901.011692448878,657.1324169926307,751.3654019788745,718.6475793069453,684.3308138543986,702.9359216385302,872.8356668540015,1080.13322261172,1320.109420713008,1579.123405143125,1970.384030841744,1742.177811788573,2017.094713149177,2056.373637450589,2245.374718616788,2276.322079730205,2358.98005057262,1818.81253623582,1639.707193846283,1710.940512823178,1828.227244145092,1898.512202168483,1689.916907575167,1763.845893676282,1903.898873109755,1781.860100115452,1690.972914086645
A,Annual,FIN,Finland,WB_WDI_NY_GDP_PCAP_CD,GDP per capita (current US$),USD,US dollars,_Z,Not Applicable,2,Two,WB_WDI,World Development Indicators (WDI),0,Units,WB_WDI,World Development Indicators (WDI),A,Normal value,PU,Public,1191.855088734154,1341.499006258906,1426.6675637882,1538.457034027374,1725.604834898255,1902.038471777085,2031.523313939027,2055.75306771186,1927.293804529181,2201.124152377416,2465.864555260408,2716.432235445906,3177.928792975601,4173.544851696442,5298.080087907538,6256.102451361173,6740.291453146369,7069.735651398578,7629.495724751487,9333.07695567452,11224.93800363529,10925.09571611812,10935.31105884863,10493.9626636806,10830.21852226633,11394.19210442457,14946.99261982609,18565.02644260111,22043.77015962881,23969.05279864402,28366.20427607095,25488.84505256045,22320.11246958569,17588.67817155088,20278.29109854,26246.27432144624,25756.67770736177,24682.29083270996,25999.98616949528,26180.41285623488,24335.9225082659,24965.20299677599,26989.38926095902,32920.08571925683,37768.13342020287,39049.87037802232,41214.01877650688,48473.02400914548,53769.47262403853,47478.34953109991,46506.29190165662,51060.32425897667,47551.67408413692,49691.01452007388,50073.77608158712,42560.34567671027,43451.25624421576,46085.01747390359,49654.24970353289,48358.18077737009,48828.68468627994,53099.13514001479,50440.56022497404,52821.51143407167,53188.6186245158
A,Annual,FJI,Fiji,WB_WDI_NY_GDP_PCAP_CD,GDP per capita (current US$),USD,US dollars,_Z,Not Applicable,2,Two,WB_WDI,World Development Indicators (WDI),0,Units,WB_WDI,World Development Indicators (WDI),A,Normal value,PU,Public,277.431535497766,280.2733667310456,285.4730730015931,291.3835737775595,305.5322031321269,311.2410729121985,309.5744090095995,325.9865454002999,327.3574165101414,349.8139730136083,413.9372165289203,457.8445998607842,575.2174821370372,761.6840673648276,984.3135239323286,1188.184242499809,1186.166484577572,1203.572679691619,1354.811440503738,1626.660190239258,1873.310979724315,1879.363151392593,1773.143925170515,1628.049011814553,1666.865725410621,1576.72069091401,1745.241266336342,1569.467270393877,1463.047201659467,1543.296171925801,1728.94076871199,1774.992111381176,1951.255929303506,2070.047341101947,2297.180058843042,2466.743478159032,2648.327662639996,2573.723386056775,2010.496360731489,2327.957205140908,1995.720711632639,1944.997414609002,2136.567941186826,2655.580795860445,3097.190966517593,3377.691269534927,3455.105999073486,3762.74692789299,3899.922315121293,3164.132754081691,3449.144528833689,4139.602886097022,4341.403387487495,4572.443775442445,5293.356766804642,5097.531068646955,5363.790266792433,5826.848144593282,6085.419794853761,5950.828668667015,4844.421271545238,4696.171039446337,5405.030061626715,5888.736673324293,6288.398672644161
A,Annual,FRA,France,WB_WDI_NY_GDP_PCAP_CD,GDP per capita (current US$),USD,US dollars,_Z,Not Applicable,2,Two,WB_WDI,World Development Indicators (WDI),0,Units,WB_WDI,World Development Indicators (WDI),A,Normal value,PU,Public,1302.531497298924,1394.535571251121,1547.620259022292,1717.703790678205,1884.137913815737,2015.379809644834,2165.072794560528,2321.469184317383,2512.620174152542,2723.567305410474,2825.129722732067,3128.386121166651,3806.887888927895,4913.52707779625,5267.353300051368,6606.701467471836,6794.617393378611,7464.907844630015,9166.590119613908,11062.5731730373,12565.1639377144,10955.90029961675,10359.89206635489,9862.284493865862,9311.894264521288,9657.01938533723,13430.48245996854,16175.70904675658,17549.64404871614,17547.26454225144,21586.4674617483,21500.77783662335,23615.01685654829,22238.82506184338,23359.89851047743,26791.81519823694,26757.63514941445,24169.40081028216,24869.40307959395,24576.31522545283,22340.59395162171,22331.79483430362,24144.57270195286,29479.52221011751,33644.92822203642,34696.37183169715,36431.56589065553,41486.19078287867,45464.8181385158,41728.08841641321,40694.82116970245,43929.78408738117,40863.58144123333,42669.17951118927,43148.0459288416,36702.43237333794,37024.21571336689,38687.16264071636,41418.17664848442,40408.28485747505,39169.86060007072,43725.0999521245,41082.81193207471,44690.93453951175,46150.48768615926
A,Annual,FRO,Faroe Islands,WB_WDI_NY_GDP_PCAP_CD,GDP per capita (current US$),USD,US dollars,_Z,Not Applicable,2,Two,WB_WDI,World Development Indicators (WDI),0,Units,WB_WDI,World Development Indicators (WDI),A,Normal value,PU,Public,,,,,,1594.478840667068,1749.161535328274,1780.157076469191,1735.534256301029,1849.438538176766,2219.376867264191,2563.601861710957,3046.459149780504,4067.929806832722,4906.275143253845,5605.512621122035,6593.621293255902,8387.149238817097,9479.437544903538,10549.34015330217,11446.2829681746,10458.09652525814,10052.91923026645,10893.33171485743,9437.293473608672,10048.94832728762,14933.86852394915,18982.64753076627,20453.53092451198,18181.2283745133,20125.79407100695,19163.95933958775,19301.07036598322,16374.17833489651,16976.30954070279,20669.67919813538,22706.21649057092,21158.89246551465,24729.01990645801,24978.6210817538,23322.75933575153,24879.77296178637,26937.65056028466,31269.60319972171,35647.54404005308,36389.08164409801,41743.68128476605,48348.73937110107,51287.89110816627,47059.19472967382,47923.15153749911,51618.99077663916,50261.96162676925,55758.2083680611,60172.06325416637,52635.03754636089,56875.28038132955,59387.35308648198,62526.49085157429,63067.06956979109,62240.82240917496,68749.40055579566,66139.3809716876,71774.35223533932,
A,Annual,FSM,"Micronesia, Fed. Sts.",WB_WDI_NY_GDP_PCAP_CD,GDP per capita (current US$),USD,US dollars,_Z,Not Applicable,2,Two,WB_WDI,World Development Indicators (WDI),0,Units,WB_WDI,World Development Indicators (WDI),A,Normal value,PU,Public,,,,,,,,,,,337.4957740741998,359.244640147767,403.0464690580944,544.2044666020691,701.0779631629379,683.9767455656404,677.9706150704573,668.6014727290716,737.510432416087,803.0321901564207,829.2098130660017,958.3744266486202,973.6886364465636,993.2729452054796,971.323735890612,1136.276332950606,1216.157631196757,1230.441567205095,1284.282727581697,1365.615183378281,1459.043692014908,1617.455281546217,1699.330191019598,1853.062596902845,1856.520742608297,2010.117935226345,1973.938216963237,1860.308271285934,1965.155283406807,1971.172098853868,2081.966013351897,2144.536999955502,2156.705321570859,2185.803090350448,2146.40160821979,2246.45370337127,2289.751555599707,2336.978522024026,2415.593559521187,2596.261474475949,2761.243258322485,2890.504930453676,3033.169895263694,2933.883334412371,2945.414959961622,2911.162110452923,2979.601191840477,3279.107790392854,3566.586903711252,3572.659182822219,3362.027931422148,3508.223562702215,3710.124484532565,3941.372478874137,4166.00476748564
A,Annual,GAB,Gabon,WB_WDI_NY_GDP_PCAP_CD,GDP per capita (current US$),USD,US dollars,_Z,Not Applicable,2,Two,WB_WDI,World Development Indicators (WDI),0,Units,WB_WDI,World Development Indicators (WDI),A,Normal value,PU,Public,276.1361694732275,323.4592026542005,348.4168201331275,290.6758165464092,400.4029565049584,414.5542180950354,443.4015998781416,482.22309050643,514.5739837962167,545.410237141201,543.433161441757,627.4156775766158,693.2948314129794,1140.041642750896,2384.186288925724,3258.234241535887,4441.09448586623,4048.146742894904,3359.572681236642,4154.585940150932,5718.467190527173,5026.476467571558,4583.899677854448,4181.571915755775,4272.882168717054,3898.463169354868,3864.674538239812,3624.376758654764,4118.604730327946,4373.884919269482,6050.714689995232,5345.096530305199,5385.688117450781,4105.987013393308,3828.211181144539,4414.875582857198,4942.678700276148,4508.753405411422,3699.995139065038,3751.353189506247,3982.906200927996,3835.757182797274,3966.480018646625,4710.74862768151,5465.791935907084,6547.876139551863,6847.009856853938,8003.542896960487,9688.645196906333,7290.575260931136,8356.746620133452,10219.11393394536,9296.965879410882,9197.701063239469,9201.362766481054,7047.126546343554,6677.070039016437,6921.73373135624,7624.277523377101,7441.178647228097,6605.803460779041,8181.409141343981,8409.207414522787,8071.39777400455,8218.763070618485
A,Annual,GBR,United Kingdom,WB_WDI_NY_GDP_PCAP_CD,GDP per capita (current US$),USD,US dollars,_Z,Not Applicable,2,Two,WB_WDI,World Development Indicators (WDI),0,Units,WB_WDI,World Development Indicators (WDI),A,Normal value,PU,Public,1397.594803284405,1472.385714078682,1525.775852710321,1613.456883733922,1748.288117614103,1873.567774354205,1986.747158696848,2058.781881980558,1951.758595875321,2100.667868586717,2347.544317737474,2649.801513872233,3030.432514119772,3426.276220503779,3665.862797641903,4299.745617992836,4138.167787615347,4681.43993173038,5976.938168999906,7804.762080511547,10032.06208001497,9599.306222219648,9146.077357018516,8691.51881306514,8179.194440649911,8652.21654247593,10611.11221009598,13118.58653462903,15987.16807756882,16239.28219609442,19095.46699846078,19900.72665050686,20487.17078528785,18389.01956750987,19709.2380983653,23168.95295801709,24406.400298359,26766.00562496839,28274.50451196992,28762.09135702561,28280.926786099,27906.56950296405,30077.74143218798,34442.68754023079,40366.88866509681,42104.78843750239,44512.45902968646,50397.6854954706,47396.12020784835,38744.13169304295,39598.95711954499,42109.64187957491,42490.14654635207,43419.03525989323,47426.6209829995,44983.88552293405,40988.10442330255,40629.23403473455,43315.48745013178,42794.00226482881,40404.80622389507,46926.47573610501,46062.99140796976,49200.81015261457,52636.78659438527
A,Annual,GEO,Georgia,WB_WDI_NY_GDP_PCAP_CD,GDP per capita (current US$),USD,US dollars,_Z,Not Applicable,2,Two,WB_WDI,World Development Indicators (WDI),0,Units,WB_WDI,World Development Indicators (WDI),A,Normal value,PU,Public,,,,,,,,,,,,,,,,,,,,,,,,,,,,1543.58202459728,1843.903432358576,1853.440908386747,1610.980271468683,1307.823427130064,757.2235485053577,550.0155426092244,519.8155788149649,578.3369234608658,689.0346341533118,807.0322857523524,851.515542450841,673.5377828872752,749.9085349939613,801.9838370792896,853.5261718689393,1010.031516308684,1305.047485572078,1642.783594147973,1996.02013272284,2635.366502761162,3324.753720501501,2822.689396687966,3281.729309373429,4119.668183071927,4530.695334094308,4712.002293826649,4830.334861702489,4086.622346596499,4143.401256863152,4418.752065466785,4804.054604044404,4741.283271587601,4300.85701291207,5083.606954845773,6729.846599302833,8283.669606522612,9193.66366361489
A,Annual,GHA,Ghana,WB_WDI_NY_GDP_PCAP_CD,GDP per capita (current US$),USD,US dollars,_Z,Not Applicable,2,Two,WB_WDI,World Development Indicators (WDI),0,Units,WB_WDI,World Development Indicators (WDI),A,Normal value,PU,Public,174.8588565318045,181.8700108330845,188.421016299893,205.0374223918847,224.9681543933539,260.50559523622,263.3345894115142,211.2192965403649,196.668571830464,225.7726219635542,248.159869409818,263.4087878822346,223.80286383233,309.5095523003914,289.4258568165083,272.9767151885026,260.9982958131072,292.2897980949895,325.5984766782333,346.6534037776974,372.2520263679609,343.799126739425,319.2069103297907,311.3834381549493,329.9988888631113,329.7146049370137,410.7116583886113,355.1537249192034,355.1218449328811,349.9649419149825,382.5424636835398,418.2541213499865,396.4264076405174,359.8008440975283,320.5039034325201,371.5372430338355,389.2712678988311,377.8419355014606,400.366799508524,403.037326127273,253.7469362033438,263.5421564948529,297.4616446877405,358.3992714207296,406.1321053295653,478.6119091910278,906.4410275648868,1050.124615249259,1182.657612560165,1047.704300935863,1263.892517605389,1507.435731987529,1543.775242357638,2294.795846937434,1949.908329238455,1722.772828336062,1912.479913399506,2012.286626412654,2195.321660163773,2186.658226826129,2195.454816599868,2445.18662529344,2229.89122647803,2383.904104834181,2405.794663780829
A,Annual,GIN,Guinea,WB_WDI_NY_GDP_PCAP_CD,GDP per capita (current US$),USD,US dollars,_Z,Not Applicable,2,Two,WB_WDI,World Development Indicators (WDI),0,Units,WB_WDI,World Development Indicators (WDI),A,Normal value,PU,Public,,,,,,,,,,,752.8225035723877,825.2899770530956,948.4974212970546,1143.300035140776,1242.529225203899,1311.330513625633,1430.664352867641,1440.157665151015,1657.963932307056,1789.995549245669,1930.991842579486,1875.539667723962,2272.632987242744,2822.839322846816,3361.528201545497,4061.698672424434,505.8769442503032,504.5108687994058,574.0011272251821,570.4934179867868,604.304422702532,656.4237311951799,692.6478026628057,670.7417782299591,671.5763850587522,713.0314605586832,726.0254425837992,695.5817422582603,647.3799208327779,610.6148429427624,518.1570669240263,483.0851202147411,495.9160735592694,566.4854058806803,584.8977405380814,463.1776868509797,446.9805541350129,650.1485753047425,703.5328257843689,662.1859146655747,659.2353262113152,636.6949587476483,699.3533772121965,748.4550208247343,765.1469993892789,747.3569667594476,711.9965097823158,833.598621691121,933.273615633705,1031.341464807319,1053.660976964146,1244.965504779137,1416.596120117642,1555.493758068606,1717.023181207793
A,Annual,GMB,"Gambia, The",WB_WDI_NY_GDP_PCAP_CD,GDP per capita (current US$),USD,US dollars,_Z,Not Applicable,2,Two,WB_WDI,World Development Indicators (WDI),0,Units,WB_WDI,World Development Indicators (WDI),A,Normal value,PU,Public,,,,,,,94.36621449476576,96.9604868849254,83.10648527589122,88.66220216103099,99.78169197724478,103.3183222887494,106.5246042826247,131.4491820607871,162.6183346865514,189.8083933773437,179.3139632911066,213.8425431620232,257.5810422372912,300.2585280343968,337.6925343895167,295.9820645480825,282.1413070553875,268.6492998168027,214.7943573899284,262.8166167457791,207.6544087149454,236.9548027258459,274.8744659995887,280.9298095539194,300.6398957403812,627.5789193188269,623.4859277835976,635.3611677282,608.2774907808005,621.6813912696456,651.784945724837,600.2240234057539,610.2347114617243,575.4598931512156,538.0540723488539,459.8030683813988,376.5310269625843,308.7191234375875,593.2853463265806,616.4836578653483,614.5443079044642,724.7264072424318,859.1276714112262,774.8880309080911,801.0333727145356,710.6084114681515,692.579361628102,653.8627132727431,568.0045355886399,619.5363642964605,650.0565013236113,642.5226412963307,696.2198069606148,738.1867519874828,720.3351433521331,781.8909251695309,836.2448755826309,888.1574074419019,908.5256741509648
A,Annual,GNB,Guinea-Bissau,WB_WDI_NY_GDP_PCAP_CD,GDP per capita (current US$),USD,US dollars,_Z,Not Applicable,2,Two,WB_WDI,World Development Indicators (WDI),0,Units,WB_WDI,World Development Indicators (WDI),A,Normal value,PU,Public,,,,,,,,,,,350.2215949621068,348.2770096202673,388.6437613745526,391.9165756129003,418.6431140140639,435.2178098748475,420.8529374381777,402.9065878033257,402.7775257009358,375.8453301716247,346.8554415675542,477.4638963756304,502.7322660055679,488.9938923221068,407.4394446849117,416.5761399988982,371.1375759131034,487.5519494369932,453.8074726882085,578.4909858312559,651.3376406509944,672.0738788496598,574.3211064181103,581.6126818139535,560.8834225379733,589.4870230819454,614.729892454585,598.9534701984837,497.7242795637327,478.7331909899092,316.9454950376389,327.1384319723973,362.034574570354,419.7848661180698,431.3765576696339,463.0739626504516,448.5130754697008,519.0697897947414,640.2103311017534,583.1900201390936,600.1942985407677,719.5395734989372,635.4616533038806,654.304534409417,652.0225010294494,645.0668372070388,679.6653866268176,783.123186602022,808.531613218504,807.4255248728346,836.2673142373203,912.4841046928468,873.4378618754282,964.9275542189088,962.983627901892
A,Annual,GNQ,Equatorial Guinea,WB_WDI_NY_GDP_PCAP_CD,GDP per capita (current US$),USD,US dollars,_Z,Not Applicable,2,Two,WB_WDI,World Development Indicators (WDI),0,Units,WB_WDI,World Development Indicators (WDI),A,Normal value,PU,Public,,,132.9118590772758,154.7974985283747,177.8264175760939,217.1028954503898,226.6949639013446,231.9316461657744,211.743758689178,208.4408396633799,206.7668586996648,205.5673696170095,211.4247619744464,268.6349023386668,319.2368367413421,362.2621782780781,368.8313742539787,375.7059606250019,,,175.4510080713625,121.1250802820472,137.4688027083664,129.4110055810214,137.903678570149,161.1180218376697,188.7870270224797,220.9254418225087,228.6692328272473,193.2233561169003,236.4021883762649,225.3193785197631,263.7335470889445,256.683023652574,183.2394827119643,248.3148962088551,391.6868682357315,717.041481576821,577.8685253427452,930.9125492997788,1487.316550670098,1948.611459078437,2264.210655803648,2930.601837437329,4901.301274081193,8673.902608653498,10184.88412485415,12616.95329420112,18210.55529705989,13232.50193781018,13720.16587232224,17198.2136668275,17308.57239245747,16304.07131964181,15548.66246566192,9068.910032386446,7453.197979485167,7809.104656554882,8102.470848340313,6804.149230738878,5764.055029129468,6945.630697945393,7589.299649093814,6677.793435386001,6745.40013244916
A,Annual,GRC,Greece,WB_WDI_NY_GDP_PCAP_CD,GDP per capita (current US$),USD,US dollars,_Z,Not Applicable,2,Two,WB_WDI,World Development Indicators (WDI),0,Units,WB_WDI,World Development Indicators (WDI),A,Normal value,PU,Public,513.0858623909154,582.5635035910627,608.4755154623066,685.5592820017444,772.8055007703119,886.7736110715513,983.5575491587098,1053.2588863313,1138.382190326714,1305.643959768619,1473.603948087065,1629.345279328702,1873.254127735922,2468.00395502023,2789.405773506348,3109.379439789196,3343.388194446757,3832.321100046106,4629.339376712085,5626.588790870816,5811.690696009411,5305.437293813394,5501.63700061234,4950.060265187614,4785.074630337755,4746.760358163547,5577.832586927687,6473.577831681169,7492.352048112514,7737.54385772032,9466.662385021744,10046.66638754746,11021.01222460705,10257.30857890728,10937.02238086112,12779.08149160601,13432.52621832444,13015.91750468541,13022.96487748089,12742.54043881433,11638.20106972148,12156.95728242209,13782.19564094299,18020.61203976405,21449.25527642452,22054.13157568859,24416.02329702746,28440.76253289554,31695.83310922093,29425.45732002625,26653.04880086258,25504.78665101244,21624.34605255105,21573.34497628047,21474.72571238919,17980.72982381374,17919.24263770477,18631.99301292935,19873.40152387715,19335.36020029687,17886.73316523605,20654.7001960815,20971.83492582833,23400.72788176914,24752.1068401681
A,Annual,GRD,Grenada,WB_WDI_NY_GDP_PCAP_CD,GDP per capita (current US$),USD,US dollars,_Z,Not Applicable,2,Two,WB_WDI,World Development Indicators (WDI),0,Units,WB_WDI,World Development Indicators (WDI),A,Normal value,PU,Public,,,,,,,,,,,,,,,,,,736.9274991515423,917.1111188027236,1070.733712663339,1173.078095972382,1229.659325574032,1329.006176959834,1388.165650905993,1523.940927985306,1745.15357435866,1938.108509066976,2204.638451588598,2404.255235623792,2696.982901930188,2782.183968736186,2983.916431586409,3052.700187441629,3026.041542313934,3152.202047885501,3294.269883396572,3508.294236637004,3724.754661683043,4206.280528941812,4516.28332446682,4839.828111142478,4819.507766538427,4984.474059314471,5427.96377252312,5480.261176445877,6338.560114053579,6344.038377143203,6864.548167718577,7448.204056386498,6932.564721767806,6909.60169568597,6947.381360964636,7092.71985352677,7424.802122873267,7986.334212107877,8694.12438005692,9221.234610794238,9751.426611559324,10083.02127922496,10462.79291595335,8968.558901084838,9622.240504593448,10535.45887714543,11308.28742494512,11871.61170060314
A,Annual,GRL,Greenland,WB_WDI_NY_GDP_PCAP_CD,GDP per capita (current US$),USD,US dollars,_Z,Not Applicable,2,Two,WB_WDI,World Development Indicators (WDI),0,Units,WB_WDI,World Development Indicators (WDI),A,Normal value,PU,Public,,,,,,,,,,,1498.276436781609,1874.295301900993,2196.714240191975,2860.280576401153,3432.706032912763,4257.875611484055,4844.656293474845,5713.962533605535,7235.516939343295,8480.762531058217,9483.102405851982,8544.097910165125,7813.651282121718,7988.177946629883,7198.707808166498,7760.834263706284,11271.33257358838,14554.35136697355,16397.95019387614,16813.74145011074,18326.92950232516,18315.31656319062,18768.82753254548,16797.35782188279,18124.09980757633,21665.82951731155,21422.46098536716,19145.614890096,20496.57878355897,20170.32276379803,19009.07744075149,19265.51914687377,20657.95063230966,27466.64945255037,32030.99879151085,32489.72773098986,35457.62975782141,39780.94413687209,44366.78586881754,44918.84138321552,44277.19934009718,47186.87599693878,45936.95628177236,47535.48837923765,50485.22441352912,44536.35497053773,48181.74535412656,50765.74946653718,54545.13585776503,53309.20359050652,54812.66617710234,58135.9939910203,55635.00064912226,58498.97431424332,
A,Annual,GTM,Guatemala,WB_WDI_NY_GDP_PCAP_CD,GDP per capita (current US$),USD,US dollars,_Z,Not Applicable,2,Two,WB_WDI,World Development Indicators (WDI),0,Units,WB_WDI,World Development Indicators (WDI),A,Normal value,PU,Public,256.8131152866077,257.2021505895202,265.2106518393597,284.3975042925376,284.197970339364,282.9776417040297,287.2778487233312,291.9341809433561,314.6668761189431,326.3027333990098,352.7908087618117,358.3735603802934,369.762757413424,440.5628716906128,528.5731100313199,594.8866086633595,697.0646096930188,856.1254952929112,925.1800264999008,1025.982234600717,1141.805498149912,1216.496397220438,1203.96540667638,1219.735453543446,1241.042425827731,1238.47545209176,896.0632634736324,853.903772501246,919.0707731388818,958.4274711562624,847.6885618303594,1014.402796826823,1096.459769926979,1165.674427162245,1292.672027504829,1421.061778097957,1481.059867506717,1638.462818517887,1741.201141828558,1603.647761449343,1648.965789715591,1537.686635782517,1669.335174697054,1722.547019107736,1840.911848839996,2046.46611650758,2225.123475387798,2458.815739193844,2763.059881729258,2611.646327733525,2805.259602373215,3168.98370607705,3286.619593362674,3444.159712648615,3689.144718137768,3893.505220935085,4060.137549741862,4324.996081578011,4352.946517902529,4511.997551576558,4477.617617964175,4912.622257212007,5358.701274943964,5758.308762988451,6150.025977678509
A,Annual,GUM,Guam,WB_WDI_NY_GDP_PCAP_CD,GDP per capita (current US$),USD,US dollars,_Z,Not Applicable,2,Two,WB_WDI,World Development Indicators (WDI),0,Units,WB_WDI,World Development Indicators (WDI),A,Normal value,PU,Public,,,,,,,,,,,,,,,,,,,,,,,,,,,,,,,,,,,,,,,,,,,20909.95903028063,21877.31783715527,23618.8266894573,25631.97761080522,25709.9351488422,26605.43242147555,28112.23165734219,29054.05812015189,29719.79678360817,29926.20524429126,31653.75065381679,32530.75931214827,33900.14865305826,35165.70146447955,35930.6594898711,36779.00789039085,37195.95030704639,39274.94314248986,36482.93639536748,38074.8793745801,41833.15171328248,,
A,Annual,GUY,Guyana,WB_WDI_NY_GDP_PCAP_CD,GDP per capita (current US$),USD,US dollars,_Z,Not Applicable,2,Two,WB_WDI,World Development Indicators (WDI),0,Units,WB_WDI,World Development Indicators (WDI),A,Normal value,PU,Public,299.0746457850906,319.017754796284,327.3925792389736,288.8203904423207,313.2611618937689,335.7359368783096,352.5896750352907,377.7326219679807,339.7864410790345,361.1876161762213,381.098754100227,395.7696635992939,395.4742645765723,420.5336786300933,587.9688770034637,663.7997226518986,604.1052677756021,592.9975983781803,663.2085860844954,688.8276528383429,778.9588141023571,734.5674588711194,620.5646365705693,630.6727792091071,565.3344355824396,587.8183952250337,657.0140002120611,464.0525662707107,544.715209244099,503.1090191039224,528.8510953429941,466.0399389888825,498.1566365699537,603.084316652805,715.6115252017171,819.6685415849051,927.5238472116686,982.8047538055868,939.6854881697236,908.7906313917968,931.7966517189552,931.5747238476732,950.8669324709928,973.7425980541882,1033.310309021879,1084.06541388904,3135.605535283261,3608.286852401877,4008.962867160304,4209.132306245647,4581.761796934918,4947.221705899166,5444.397519139134,5556.912311569316,5472.688204522369,5640.41560569466,5870.878237598348,6178.665043729804,6048.386971804177,6405.824434445621,6775.709390963032,9860.870148343864,17913.49280668791,20473.70021906171,29883.63411520007
A,Annual,HIC,High income,WB_WDI_NY_GDP_PCAP_CD,GDP per capita (current US$),USD,US dollars,_Z,Not Applicable,2,Two,WB_WDI,World Development Indicators (WDI),0,Units,WB_WDI,World Development Indicators (WDI),A,Normal value,PU,Public,1204.074230619211,1268.771776386841,1355.705621133386,1440.911514542862,1556.149595972861,1672.13430678757,1810.710390650974,1915.937664316971,2059.048763358211,2247.538044807061,2442.99851704017,2684.721777106934,3089.301998123683,3713.999956372225,4163.27938755787,4604.711813357158,4975.041404532674,5587.366718941511,6653.636340509878,7627.618560841601,8448.323512661525,8509.65144183863,8364.86530985678,8583.24568086364,8889.977565717794,9267.21964691775,11181.57577353766,12876.39252622337,14393.2032715763,14885.07947839761,16565.25778115605,17357.2402715603,18452.68853377461,18458.99850187629,19620.71793680891,21643.4432326428,21690.79458647764,21217.28449868447,21072.80346794112,21956.89547332427,22351.8560153139,22061.97011012504,22907.42846733343,25580.3970735603,28420.74300690915,30015.32513594797,31668.71861840568,34616.73141096616,36852.98649095985,34068.42206015737,35725.92110821534,38728.22099581738,38632.51657177345,38968.52432532542,39409.73277681959,36571.19290468801,37055.75388548935,38782.91754068531,41079.78726996093,41351.49890532567,40219.13601855555,45211.94104542484,46655.16485904119,48708.46246858223,50443.92760113165
A,Annual,HKG,"Hong Kong SAR, China",WB_WDI_NY_GDP_PCAP_CD,GDP per capita (current US$),USD,US dollars,_Z,Not Applicable,2,Two,WB_WDI,World Development Indicators (WDI),0,Units,WB_WDI,World Development Indicators (WDI),A,Normal value,PU,Public,426.7738079172329,436.7544115203925,487.8211340508127,565.7278103580461,629.5915257844941,676.8055071100957,685.9266141350843,723.2392256166614,714.4829695806095,825.5234491420116,960.031961510704,1106.469716959154,1384.734264514101,1893.181241894645,2144.61495884823,2252.126940573693,2850.0146101832,3429.420276072544,3923.971378498697,4569.483849558798,5700.432108915777,5991.284888045358,6133.766899732801,5595.260553437536,6208.226159371994,6542.973528409761,7434.999255130726,9071.390764734446,10609.74563945455,12097.74879145533,13485.63145250518,15465.92453058577,17976.46886290535,20395.56218861214,22502.5302426236,23497.39207674773,24818.30216000842,27330.09336133546,25808.86098997089,25091.66659979665,25756.77287237039,25230.37809103037,24665.83623182162,23977.17341204772,24928.10037225512,26649.63772415501,28224.09515631463,30593.95117386461,31515.52921034432,30697.53838616405,32550.13648917896,35142.48793445426,36730.79619581499,38403.7777145477,40315.37395101912,42432.16197404415,43734.19807029992,46160.42979149298,48537.56688883427,48359.00119505975,46109.22999466091,49770.56423747394,48825.84418735359,50565.46477172653,54107.03452174602
A,Annual,HND,Honduras,WB_WDI_NY_GDP_PCAP_CD,GDP per capita (current US$),USD,US dollars,_Z,Not Applicable,2,Two,WB_WDI,World Development Indicators (WDI),0,Units,WB_WDI,World Development Indicators (WDI),A,Normal value,PU,Public,162.7741190847987,167.920491862786,177.6987292765015,182.7270791553038,197.8479168605822,213.9740875339744,224.767456925531,237.4686736693655,249.4353190076423,250.1602073783025,262.8407523134894,257.8832547336218,274.8045000097485,303.0091041419635,333.727332671793,351.994247837772,409.1721185008637,491.2237193831089,883.5472212943055,980.4427676106736,1064.656791085361,1052.610244136959,1077.746065276523,1097.72098615704,1170.354142767004,1220.842744455562,1276.232379966369,1352.554723929463,1253.84921085629,1121.959243932601,988.4592737812882,907.2711145510068,937.8289180060752,908.4460132571252,832.0629723791365,931.6695472577384,883.3112497974216,944.9301024417074,1021.158188434338,1002.196330111857,1092.564007462518,1132.164875332899,1132.499653453166,1156.081626813565,1215.139954127609,1304.700391538262,1425.847800518923,1577.737891974073,1732.490627028026,1781.157036146735,1893.327226620346,2073.661210880738,2126.034746865032,2081.128435279448,2179.881719772706,2271.202659803486,2307.344683510815,2413.007656294202,2464.642415319176,2502.327443280727,2307.614943195114,2735.14751503977,3003.289968263993,3227.457625097758,3426.434833289226
A,Annual,HPC,Heavily indebted poor countries (HIPC),WB_WDI_NY_GDP_PCAP_CD,GDP per capita (current US$),USD,US dollars,_Z,Not Applicable,2,Two,WB_WDI,World Development Indicators (WDI),0,Units,WB_WDI,World Development Indicators (WDI),A,Normal value,PU,Public,132.9840276945566,133.9717145782767,142.2444436142083,163.185415538434,148.0315311868772,163.3013412976433,172.6377666075503,165.6139385866698,173.6370250910584,186.0188535702149,174.764282141552,183.2972127758556,198.6869129519839,236.8312344420319,271.5343391078161,297.5937130368424,310.4650705795987,350.5004314984348,400.6084924688836,428.0546375271458,458.1743180066225,450.5466936614559,446.121846034306,430.9159356474493,428.0957075382844,437.4669251431706,391.8522942516523,406.5790526358691,414.9590022126028,410.6752077015028,459.3699803511962,485.03440388315,357.7556994042013,359.6425750370756,298.5428680715454,337.6512534809866,357.6376517101892,364.1367816224476,365.9491080307862,357.743970147461,376.3214782667069,353.8582632722815,373.0788754043111,411.0694403093486,463.5195926468364,519.5291523381569,592.5543381246378,686.5892204111766,793.8451915907067,765.6027167199111,808.7772606984425,872.4629902911892,880.2793908590207,957.5337459296856,983.371112213922,917.9998017981778,900.4980360254725,939.7455321353456,977.345900504428,984.5706615581624,968.0740220233444,1049.999875060136,1111.391857936976,1173.173709514695,1272.360669413354
A,Annual,HRV,Croatia,WB_WDI_NY_GDP_PCAP_CD,GDP per capita (current US$),USD,US dollars,_Z,Not Applicable,2,Two,WB_WDI,World Development Indicators (WDI),0,Units,WB_WDI,World Development Indicators (WDI),A,Normal value,PU,Public,,,,,,,,,,,,,,,,,,,,,,,,,,,,,,,5369.109785906815,4000.916774286249,2321.152041230353,2447.503191417612,3237.926463152847,4929.057721834237,5299.641053619295,5331.023438588076,5712.589856595479,5269.033946372887,4953.651587890217,5364.838246916065,6219.581641439454,8190.111351938866,9718.973228019671,10443.52783532945,11502.75312428704,13757.60565419202,15889.43470747595,14475.96329287249,13731.28652139891,14694.99932014166,13508.68369896929,14136.39676695045,14187.96945314934,12285.30325821053,12821.17381403043,13902.63104854222,15460.41832958435,15563.81673971991,14808.46201888193,17789.93047367224,18466.09554726475,21865.45628386405,23931.45283827457
A,Annual,HTI,Haiti,WB_WDI_NY_GDP_PCAP_CD,GDP per capita (current US$),USD,US dollars,_Z,Not Applicable,2,Two,WB_WDI,World Development Indicators (WDI),0,Units,WB_WDI,World Development Indicators (WDI),A,Normal value,PU,Public,70.80244544237145,68.99056510131,70.44646170570338,72.39834935238008,78.45201584856078,83.63325141696379,85.74937381453569,84.21726767448499,82.40577175965574,86.12698034481531,71.45439906246305,76.81161506794906,77.27651825993493,95.13418025811814,113.0392606017547,133.6317920505753,169.091888071558,178.6969126758947,180.3212539194237,196.2019685561198,246.4692715798203,258.468043101302,252.6072505580509,272.8236949966863,299.2471862163734,324.5751560929641,366.9973442564915,317.6355206875028,397.3653362764123,407.4987080642111,451.7202496892161,496.5459874338645,316.2765131343539,258.066372258817,292.134224374091,372.0061046651246,377.2294650259723,425.1110858792564,465.3633062590507,509.578585275375,820.6000467614642,748.821159844528,720.9695680425219,578.9952910797085,683.1852981552732,775.8457040569159,828.8057002895894,984.5669834485212,1094.660584216437,1196.852870601795,1209.727335030943,1312.039535520132,1361.393965873743,1457.832211796265,1460.188986139145,1411.126847467965,1318.402681679532,1395.239451844611,1496.380489701559,1352.172041915325,1290.325386673831,1835.443940784961,1760.626356687774,1705.758084609991,2142.623305267883
A,Annual,HUN,Hungary,WB_WDI_NY_GDP_PCAP_CD,GDP per capita (current US$),USD,US dollars,_Z,Not Applicable,2,Two,WB_WDI,World Development Indicators (WDI),0,Units,WB_WDI,World Development Indicators (WDI),A,Normal value,PU,Public,,,,,,,,,476.4343501382922,527.2316176026824,559.197091346639,606.8527385813935,709.652502602719,875.9819999212235,955.8742078230237,1083.474733432842,1248.798513138915,1388.395099040287,1617.878534027711,1864.671888515881,2158.221813552459,2213.052676993219,2255.06405686887,2049.716179217927,1991.238947955132,2020.022865690621,2330.841883084763,2565.973910738399,2812.237546028969,2902.435081265489,3323.539672376327,3361.222680379241,3747.329663949558,3886.66608419616,4187.031179966297,4509.417409100772,4542.012038097802,4606.056973329504,4751.773243020204,4801.959495841624,4629.917608125478,5280.948879870632,6658.044943268094,8410.092481984786,10291.2694721409,11212.20469689938,11478.48916405011,13934.60546037497,15762.63225151128,13051.18317771845,13189.84338747684,14211.46055782197,12950.15944881428,13739.46201514013,14352.50188317398,12782.94125779727,13215.86052777888,14736.16681572584,16605.05705118868,17012.85985531987,16386.93088212582,19030.62813032901,18483.63668670348,22312.17902897625,23310.75127339573
A,Annual,IBD,IBRD only,WB_WDI_NY_GDP_PCAP_CD,GDP per capita (current US$),USD,US dollars,_Z,Not Applicable,2,Two,WB_WDI,World Development Indicators (WDI),0,Units,WB_WDI,World Development Indicators (WDI),A,Normal value,PU,Public,161.7433422149271,161.8498575303943,160.974471553081,173.4828416559279,192.1419873083708,205.890576537169,207.826638065249,208.8993856396032,216.3465908674076,235.9978542361109,251.0400096896291,267.412429098937,294.8828867211846,374.1538135624843,463.6694177320295,490.766709031992,522.4889133036336,581.091233819881,630.6612089373593,723.3877716276456,843.1018878225755,888.9905364466883,859.3330431950872,832.847719784271,846.4542344323247,862.8496858715135,879.2180745183202,889.0554389652672,932.9012527885152,954.5877299214276,1053.475735216993,1005.912247889154,1034.457213039975,1085.005353017068,1179.87906230366,1320.296042173836,1421.848246315834,1487.614312874307,1428.911910470203,1374.575708760549,1477.578630780185,1481.282282689257,1487.095461877692,1652.000100671674,1946.097497717839,2299.03457818262,2698.453696082913,3318.339479315298,3941.122193764023,3786.413604539598,4557.209203075178,5338.490088335306,5614.904444362224,5865.322642050422,6002.377185116973,5572.514111285806,5560.963294465743,6080.71326559023,6429.487612755685,6517.954322409431,6236.681204990362,7366.114738217498,7745.393065753719,7964.736753471279,8253.921252755357
A,Annual,IBT,IDA & IBRD total,WB_WDI_NY_GDP_PCAP_CD,GDP per capita (current US$),USD,US dollars,_Z,Not Applicable,2,Two,WB_WDI,World Development Indicators (WDI),0,Units,WB_WDI,World Development Indicators (WDI),A,Normal value,PU,Public,153.5580499612121,154.2638421897553,154.6591828806477,166.6770792533281,180.8346477884253,194.2437247034066,197.228381786024,197.701507178517,204.6065417330208,223.2328331402122,238.0641887793454,250.7082963918056,274.2846575458069,342.7343358694873,426.2546428104981,455.8876923826478,482.2308418229919,532.8126389101715,579.4947790998751,661.8182702926283,770.0964324988354,844.6013593757033,810.8468991826247,768.7349853665044,769.8161382825618,782.7455083930507,782.9869747929021,790.7883816842407,827.0148923886961,841.9390321831421,927.9441759479046,893.3871977401683,902.9333816874586,943.5991981319376,1017.98737351606,1142.907627723743,1233.557466651862,1285.790628625051,1239.713651942389,1162.572888558469,1251.569502345371,1248.716067506512,1256.008085580101,1391.632411965107,1632.397820258391,1918.536977315976,2246.056793801742,2740.428684749317,3242.349451636349,3106.564773277973,3712.168344747182,4320.709809055373,4529.033580745217,4729.042469643172,4841.001030494559,4494.441197033105,4467.698315831039,4853.165654733433,5111.821394511665,5169.581322579862,4932.646213630926,5764.255488799417,6043.777287255023,6162.30588823383,6351.481062774713
A,Annual,IDA,IDA total,WB_WDI_NY_GDP_PCAP_CD,GDP per capita (current US$),USD,US dollars,_Z,Not Applicable,2,Two,WB_WDI,World Development Indicators (WDI),0,Units,WB_WDI,World Development Indicators (WDI),A,Normal value,PU,Public,109.3420070021859,112.6930240441608,118.2436859970241,127.4642863357101,122.852649699072,134.0456388753936,141.0432204889648,139.2375721925048,143.6373226679591,157.0213319225527,170.0776543397196,167.8008749969938,175.0582939884489,198.0443877496247,253.0974168060337,290.1921225950179,295.4174141246449,313.5898203916352,346.9777852683647,386.6267887859874,446.8227359490909,616.6373449091861,572.35669312665,481.1224778607676,440.7847985278403,442.6360385110269,390.560797873829,393.0877291009548,403.0000784890616,394.1576281962389,433.3849779644235,455.4318250685496,395.1502762847173,404.1474066873409,407.3036544801768,482.3411221627485,541.493968645973,552.6085871244802,561.1912891985054,408.3794754084776,457.6181152796385,441.622901078448,464.746959945568,511.7271846341221,585.546860406566,664.7596280129019,775.2771280547536,887.1203496785096,1031.722463454068,984.0916578779824,1108.428056264789,1224.232827737913,1263.086016425901,1344.913030786567,1417.696216434763,1350.628403080245,1316.751058841707,1358.710747194153,1409.898674819543,1434.204637601338,1374.492015969052,1465.046915761424,1551.173813601912,1480.943613410539,1486.647109058591
A,Annual,IDB,IDA blend,WB_WDI_NY_GDP_PCAP_CD,GDP per capita (current US$),USD,US dollars,_Z,Not Applicable,2,Two,WB_WDI,World Development Indicators (WDI),0,Units,WB_WDI,World Development Indicators (WDI),A,Normal value,PU,Public,99.62563756934634,104.2700208882041,108.5227306457918,112.5460849453109,120.2965656097398,126.6020083948078,134.3679245063629,132.030533716859,136.595964806738,151.2672407900282,198.6803189357369,181.5989547576595,198.6245093073055,209.693179429904,289.6257574863649,325.420772721957,380.0155420785784,396.7461556327174,424.3509577807682,501.2386696581983,612.3520970338794,1078.42035126397,953.5240486458116,708.3874662095199,595.1597793156543,579.6644152850946,519.2316404979935,518.7552899630424,524.1457677499961,493.6793178953686,529.404916195772,549.3920905602436,519.4246925251788,535.6775374989672,568.230403304497,774.0671344764698,925.68759253698,943.884289989592,964.2611159271212,530.0139256345379,619.9187417439317,602.9845064774174,645.0584991709516,712.3849054758632,837.2715950606771,958.1184439858569,1149.052937799511,1296.37968261181,1480.049291812903,1350.270543016429,1535.434179886502,1705.809203739818,1844.388191343159,1968.061782233679,2095.056357921548,1947.836297765541,1790.524013415159,1804.574021767692,1869.419707447655,1878.133757714859,1735.425043877691,1857.197345932574,1962.521522708068,1729.919829307924,1565.836271130677
A,Annual,IDN,Indonesia,WB_WDI_NY_GDP_PCAP_CD,GDP per capita (current US$),USD,US dollars,_Z,Not Applicable,2,Two,WB_WDI,World Development Indicators (WDI),0,Units,WB_WDI,World Development Indicators (WDI),A,Normal value,PU,Public,,,,,,,,53.20518669885809,64.65477306425558,74.09881141287931,79.11882348400205,78.54283938697522,90.11475491389557,129.8862310886851,200.7109844545908,231.0601206184967,275.7131678247956,330.670214101079,362.4837797790066,353.4241758263287,486.620172021155,560.8303360329612,577.745632722784,507.6829456534142,519.774063103241,511.4008836180266,469.8342412534288,437.6065503993601,476.6624834058177,524.1430273225765,578.4201211353821,624.387495384411,673.6710395474199,817.395116417856,899.7939829498166,1011.226142055677,1118.921330241287,1044.606748324718,454.877800792123,657.268934667018,763.7111249509245,732.3070934057076,881.0029135691312,1043.210583867103,1126.840044471728,1238.21447629488,1558.315628471634,1823.219762550727,2124.55483920618,2218.485418529766,3065.683483777649,3579.464424661521,3632.272540303306,3566.602845060776,3441.068084640084,3288.222697255384,3521.469434575738,3798.883261745258,3860.953530907256,4106.948561603577,3853.702887741459,4287.173139950984,4730.834848361069,4876.307745122524,4925.430487518614
A,Annual,IDX,IDA only,WB_WDI_NY_GDP_PCAP_CD,GDP per capita (current US$),USD,US dollars,_Z,Not Applicable,2,Two,WB_WDI,World Development Indicators (WDI),0,Units,WB_WDI,World Development Indicators (WDI),A,Normal value,PU,Public,118.1600701504101,120.8672023662668,127.3213745726734,139.7823520860613,127.9629164317654,142.2780454998354,149.0355334371686,147.4762924653607,151.908728688553,164.9493452221984,158.7446547665715,164.1608195669449,166.355899614951,196.1180369385995,239.0738128824555,277.5231678210415,256.3876420692527,275.3523885109574,312.2312521485559,332.135894500662,364.6148878942362,372.7598674528538,370.2283408925753,362.3097255332952,361.5795715449687,372.5935330632636,323.9614273161822,327.7332760743802,340.0444574002214,343.5309090611184,385.3198328818779,408.4170799562949,330.6918099635267,335.7783690124144,322.747390131179,326.3722309106222,334.8211388790226,341.7355709514237,343.4352903774827,344.8433221026498,371.764828536657,355.8802386021736,368.6256081082188,404.6340176828543,450.5138308045015,506.969882077692,573.4428084647145,665.7217838621297,788.6629319631991,784.8784197800886,875.3656513212111,960.8499165619778,944.9531465482786,1003.615494729055,1046.785397136035,1023.94411088699,1058.233474919434,1116.074160519413,1160.504188918731,1194.07215693518,1179.866456159563,1254.095721249343,1330.402538759479,1347.746909690923,1444.428954904334
A,Annual,IMN,Isle of Man,WB_WDI_NY_GDP_PCAP_CD,GDP per capita (current US$),USD,US dollars,_Z,Not Applicable,2,Two,WB_WDI,World Development Indicators (WDI),0,Units,WB_WDI,World Development Indicators (WDI),A,Normal value,PU,Public,,,,,,,,,,,,,,,,,,,,,,,,,3892.818571076989,3980.230930514394,5507.180038739838,7012.142113062397,8768.790532181716,9110.77499886082,11049.89493962347,11768.10589771855,12150.85454563515,10818.51396634142,11708.28574743511,12896.52528297161,13979.84549304106,16160.7112518361,18753.1202301034,21042.1461816648,21161.3963073772,21819.71238256062,24471.07988148465,28861.61780629176,35564.60239101461,38135.85978858581,42627.50893528912,55040.24370462358,72276.77413294613,66156.10565684695,70587.31402837412,77808.8579649376,79329.20343474342,83207.65884304506,91885.45287180255,84753.51874227317,82025.94545092407,83481.30384890136,89393.82442488115,87127.55179774042,79513.53303465979,94299.96934896502,88328.54812588703,,
A,Annual,IND,India,WB_WDI_NY_GDP_PCAP_CD,GDP per capita (current US$),USD,US dollars,_Z,Not Applicable,2,Two,WB_WDI,World Development Indicators (WDI),0,Units,WB_WDI,World Development Indicators (WDI),A,Normal value,PU,Public,84.93280847931055,87.85386134702051,92.19995836295163,103.4350212629315,117.8564307728546,121.5083190288298,91.02769505178408,97.9951481214155,101.5568025211955,109.4776643842884,114.3553200200799,120.6805955399116,125.2707059618825,146.5684925824047,166.6996617553323,161.0866940220787,164.1199995873217,189.5855685524769,209.3890635734626,227.9581798734256,271.0809459536783,274.9643307685276,278.65038258267,295.999773299382,281.0498678407166,300.9282585763782,314.8971164025424,344.9410282930754,358.4845396416932,349.915155021864,371.0859362037652,305.5740559285923,319.1824726263153,302.8848062461737,347.7342147399402,375.1760053730496,401.0467546735786,416.2281162037531,413.630864056851,441.9279914363966,442.7502189372632,450.3579005141282,469.1499289739273,544.1431335450022,624.2588265100661,710.4880804089489,801.6683536590223,1021.887077068259,992.5195849238276,1094.949745984362,1347.519390713668,1445.461274860366,1429.321995200319,1432.843975121953,1553.883960751183,1583.998159079848,1707.508929122434,1950.104682808663,1966.254551716789,2041.428636985853,1907.042516376687,2239.613843674822,2347.448294346232,2530.120312782038,2696.663899844631
A,Annual,IRL,Ireland,WB_WDI_NY_GDP_PCAP_CD,GDP per capita (current US$),USD,US dollars,_Z,Not Applicable,2,Two,WB_WDI,World Development Indicators (WDI),0,Units,WB_WDI,World Development Indicators (WDI),A,Normal value,PU,Public,706.5510223451685,761.8513595700184,821.3441130768872,878.1565764762861,994.6073316117462,1055.036247010983,1107.318230347535,1187.183212365764,1158.855497879293,1330.783295499509,1486.514527346381,1703.93218277317,2080.465147181694,2424.269047065575,2516.927686051962,2973.400123017146,2919.583086956153,3427.0734359204,4399.98680535092,5429.962000874791,6372.437775454527,5986.154108939203,6160.63861381484,5915.241771643414,5692.027385972847,6011.735546423201,8112.171363164533,9581.913085724143,10715.87061841629,11175.81660364705,14031.30256754686,14087.20779803055,15714.38474872315,14657.06155498047,15902.92967551677,19158.45647739073,20835.89736667169,22551.11391341263,24294.85476740075,26338.1077543817,26334.56720505008,28282.40988207296,32705.43455656982,41203.52958475685,47754.2023194244,50933.02160955888,54329.16185996238,61396.417461176,61353.10656295232,52133.09092378848,48679.40268203612,52692.78131356058,49411.73874767873,52619.21237458172,57278.25909111072,64311.82346840575,64192.94180531784,72198.1076995377,80738.96288346963,81810.19264814066,86622.50672512945,103961.9763506494,105234.5115675971,103887.8003880809,107316.3373069208
A,Annual,IRN,"Iran, Islamic Rep.",WB_WDI_NY_GDP_PCAP_CD,GDP per capita (current US$),USD,US dollars,_Z,Not Applicable,2,Two,WB_WDI,World Development Indicators (WDI),0,Units,WB_WDI,World Development Indicators (WDI),A,Normal value,PU,Public,195.5775272125841,200.0815292948256,205.7868096572145,209.559376274185,221.7317278106578,247.5266755054425,262.8776837962968,283.733705768519,314.2854566563705,344.6016874574681,376.6068791523844,457.2836380132401,554.748034125811,850.5601771439183,1408.96571902077,1531.706171225861,1953.519696785499,2243.055595383141,2100.770153247072,2352.426551526497,2368.392857304733,2393.449855761435,2844.87611384054,3397.061400212751,3395.336975565815,3634.032095607428,4064.34667297518,2513.151115647396,2234.462351413392,2124.972148203415,2137.942227398779,2194.439068028407,1957.485077942519,1038.109856807957,1167.762725132101,1550.009595523704,1914.78121290985,1790.066175761067,1709.193340959493,1739.594620019712,1650.013858326029,1881.022666347478,1891.257560920311,2208.996365535292,2672.422665126686,3132.050819258556,3618.916013679104,4687.991662659148,5377.411507255866,5415.522805541445,6291.194436523436,8025.687433643556,8114.080998318772,6222.741948403264,5672.063728963186,4952.733555321775,5477.037123899129,5753.115446593992,4631.787090165143,3831.278947633373,2988.781224147159,4334.792686313537,4405.092915197908,4465.637668533057,4771.40029026226
A,Annual,IRQ,Iraq,WB_WDI_NY_GDP_PCAP_CD,GDP per capita (current US$),USD,US dollars,_Z,Not Applicable,2,Two,WB_WDI,World Development Indicators (WDI),0,Units,WB_WDI,World Development Indicators (WDI),A,Normal value,PU,Public,218.917802531101,232.3926121908636,240.6534424616255,235.5136237637333,269.423092996101,284.77757098584,298.2056667634906,290.6436644846776,318.8325525635248,319.8601432187064,337.0429126094423,383.5502870369409,394.4183430292298,475.5863356756739,1031.25081332691,1165.881639456526,1488.54335200482,1608.795451296475,1863.21761229727,2871.329521959738,3867.645007442617,2700.412047908736,2941.974812538102,2743.354492187553,3065.717826623597,3087.663941518059,2940.406231810915,3436.4763126353,3707.208417632968,3791.170275833994,10261.41577068883,22.95213276153522,30.2539012636825,53.74378423488194,198.182101881974,619.1355309270377,485.2584927848249,936.3411709084212,900.937142559106,1560.364667102716,1980.189160387819,1435.695683788996,1266.159612750944,817.8878624996222,1328.371576282922,1762.39360423421,2276.554357440865,3128.990103290663,4542.966090460324,3714.71205987194,4461.751961615549,5775.542290802934,6477.596184509547,6650.352822473952,6249.392269789691,4440.141892523674,4334.420964041879,4759.284643546699,5646.689320747416,5671.856863294203,4295.189451212281,4868.494310807826,6520.73154560584,5965.318350777613,6073.610323427084
A,Annual,ISL,Iceland,WB_WDI_NY_GDP_PCAP_CD,GDP per capita (current US$),USD,US dollars,_Z,Not Applicable,2,Two,WB_WDI,World Development Indicators (WDI),0,Units,WB_WDI,World Development Indicators (WDI),A,Normal value,PU,Public,1436.25885405655,1439.449723564322,1585.721437797002,1859.248361677728,2332.47365785423,2764.473564838787,3264.04742660905,3172.648770525591,2389.883504678128,2069.858963907756,2576.353444342761,3252.099177884484,4014.842730175577,5437.342525412168,7040.554044197263,6454.177151593782,7583.275298043265,9957.254434334634,11236.73573506399,12640.64081283551,14821.81509127069,15137.25384086826,13711.73627185966,11671.80922921191,11959.54001029209,12361.18703651835,16406.04794506998,22453.18822838088,24451.97331723341,22434.3467683494,25384.91502263025,26802.98951566781,27124.27453795936,23579.79536124172,24018.63139671889,26633.59137615486,27614.87702731222,27919.18549665616,31030.24834424749,32381.62523564881,32096.37226136954,28897.44393969084,32409.21614917532,39476.69784866839,47334.93065377233,56794.85015889529,57492.9342498703,69495.7267376825,56943.37044685632,41301.27321971804,43237.07294889581,47714.59223084845,45995.54787894672,49804.98299783713,54576.74481465649,52951.68151108975,61987.92636202835,72010.14903162584,74452.18907314472,68452.23622306001,59023.56634657781,69178.40469609607,75121.01522806275,79960.09615356618,82703.85799374706
A,Annual,ISR,Israel,WB_WDI_NY_GDP_PCAP_CD,GDP per capita (current US$),USD,US dollars,_Z,Not Applicable,2,Two,WB_WDI,World Development Indicators (WDI),0,Units,WB_WDI,World Development Indicators (WDI),A,Normal value,PU,Public,1452.48664030437,1697.293579617332,1293.56913708296,1486.317397608015,1625.997920221401,1689.069226931656,1789.007264385812,1734.931432684663,1947.352096998252,2189.034675403071,2490.488526019906,2297.994134927835,2929.656143133362,3631.047668984533,5085.166460800133,4672.002134149325,4516.374058878184,5053.172959935733,4797.096722788284,5971.933718922071,6548.544733779692,6795.250207114665,7257.575142982411,7959.989150325572,7368.503797308193,6828.664390906673,8335.462868937484,9853.40893452981,11852.98264528924,11607.67584199069,13308.31106023804,14346.08102786459,15509.99136388172,15178.83998753905,16806.83530813222,19025.68405025172,20224.2789080629,20469.46990174966,20188.81414816667,19823.21388762766,21706.51940563291,20966.30526679706,19076.45842983208,19643.46903807417,20568.06940888339,21286.83886365953,22527.2619795719,25721.25940773109,30269.21777348898,28508.49388864749,31439.08870276139,34522.52159790729,33321.43008816015,37034.31610807846,38343.30466262348,36213.10414819579,37671.53891387975,41138.47096427196,42362.6652754196,44250.63136280731,44575.57190454923,52270.90402419562,54949.62155642901,52003.72007299969,54176.68443833022
A,Annual,ITA,Italy,WB_WDI_NY_GDP_PCAP_CD,GDP per capita (current US$),USD,US dollars,_Z,Not Applicable,2,Two,WB_WDI,World Development Indicators (WDI),0,Units,WB_WDI,World Development Indicators (WDI),A,Normal value,PU,Public,836.9058502818848,923.0877837521404,1030.158003437625,1171.386962809796,1271.801193015176,1357.010616220097,1458.947138890108,1595.485781292155,1718.496464271471,1886.450027304653,2111.719864043323,2310.923760588161,2677.29372999774,3212.63949627574,3629.491823195939,4116.459649330539,4042.39482463789,4614.210049316507,5623.429176227189,7006.396990545561,8476.410450008365,7640.402412505162,7573.939675977749,7850.627890422754,7757.553748368221,8009.103476421267,11341.09398929026,14267.53681687574,15780.94951221744,16424.43015870048,20873.78340927193,22007.13509640739,23297.04603254558,18781.95294271368,19382.20021501545,20712.17986903242,23122.93372191156,21883.98726666506,22365.18376445445,22049.99906202609,20190.00356360841,20570.43859178618,22451.39643793685,27577.57003198548,31348.19018414454,32062.72383366903,33537.12869942695,37826.17545548228,40828.57955809372,37099.6133958219,35856.86254855392,38432.37428200186,34854.39494419646,35701.67460023755,36028.34940223488,30639.88297514321,31391.56928981085,32844.11566060402,34904.10819238336,33812.78872486798,32091.48666213664,36852.5425414951,35653.9042103495,39065.42443656329,40226.0472416173
A,Annual,JAM,Jamaica,WB_WDI_NY_GDP_PCAP_CD,GDP per capita (current US$),USD,US dollars,_Z,Not Applicable,2,Two,WB_WDI,World Development Indicators (WDI),0,Units,WB_WDI,World Development Indicators (WDI),A,Normal value,PU,Public,423.6740981840952,447.0572736605943,458.3139977965673,480.3364997117146,514.4165113134519,549.4935604141075,612.210363692586,633.259680574944,591.0458171732439,642.1334210589152,747.9093991724914,808.8665060837545,970.8029064055022,971.802513228502,1192.985693509576,1416.775467645684,1449.977882067003,1569.421270511311,1262.403272394646,1144.175629865845,1248.744847274176,1370.412779015413,1494.40208283218,1619.478456312204,1048.134053955336,916.8722928386744,1191.349767821417,1410.845987024277,1632.014816561593,1864.984975500619,1929.598919058568,1710.300582437224,1458.10146892635,2220.515183271865,2202.858310384713,2630.849353828216,2928.896926119964,3296.916348050831,3419.493528687391,3431.568134683354,3453.092528002265,3503.550266888578,3680.645517277238,3549.707583946181,3807.562931245522,4184.439748674969,4417.001271353632,4716.486125427274,5029.800952817452,4428.381533335574,4809.977380311997,5232.636449181319,5340.833332321578,5124.213014111368,4975.113254598724,5062.895550242595,5009.794487242953,5259.313327669567,5578.103475258318,5607.242992666079,4879.440257733735,5165.337821303312,6022.153397917634,6839.725024081808,7019.74634780454
A,Annual,JOR,Jordan,WB_WDI_NY_GDP_PCAP_CD,GDP per capita (current US$),USD,US dollars,_Z,Not Applicable,2,Two,WB_WDI,World Development Indicators (WDI),0,Units,WB_WDI,World Development Indicators (WDI),A,Normal value,PU,Public,,,,,,545.5138616896747,558.4029810924551,496.9227462356726,408.8423528205483,474.4278870735944,408.5962575093471,412.2188188494683,459.8742441088948,530.7839966380021,651.0959484626691,717.7640972870995,872.506019353732,1038.522300704925,1248.903260449874,1518.824513438282,1750.098010765639,1885.148421989425,1928.875896433383,1939.336544988717,1871.09074979987,1797.028771463608,2200.102782308814,2216.870451793854,1965.980318139945,1260.251865000098,1148.590054698994,1109.655646119968,1286.634736059598,1289.414543100696,1367.187217766915,1415.711515921284,1410.174241894192,1435.875938468626,1532.113803956023,1544.587505929793,1570.610029404775,1632.294540105629,1706.267443844012,1775.676255814318,1940.08641342805,2087.870792736346,2342.634595749326,2506.205994841393,3241.652413555596,3435.833759069801,3718.465716229453,3946.855038555245,4169.504700546181,4311.219167130379,4191.180500849864,4042.756780975546,3986.716770108529,4065.616287493843,4145.439896732647,4170.114400346496,4022.040135613496,4183.499983268664,4332.251598979315,4466.083142085751,4618.095924985674
A,Annual,JPN,Japan,WB_WDI_NY_GDP_PCAP_CD,GDP per capita (current US$),USD,US dollars,_Z,Not Applicable,2,Two,WB_WDI,World Development Indicators (WDI),0,Units,WB_WDI,World Development Indicators (WDI),A,Normal value,PU,Public,508.7027792917734,608.8645811449506,684.5655097977053,775.5921230801616,902.8677215151262,993.732722209078,1143.607896523949,1326.361039122527,1553.27139379996,1802.980280619718,2100.748070360091,2321.390925214178,3031.438605707586,4061.013389532604,4448.319656236265,4775.899535593055,5310.431409049921,6472.787787407898,9012.13603523182,9301.148310262934,9668.746263957091,10583.12789084019,9779.974906362666,10652.01471617676,11207.45235242926,11809.46034507154,17451.83493941417,21141.71839517888,25499.88117281072,25265.9487590208,25801.39503930941,29428.42890394692,31992.79021191607,36345.24412627077,39933.51505648736,44197.61910139078,39150.03963080887,35638.23195569414,32423.75561338007,36610.16831631973,39169.35957015043,34406.18246380916,32820.79364332542,35387.03742035993,38298.98017123033,37812.89501999483,35991.54600286202,35779.02454164271,39876.30396857249,41308.99683705116,44968.15623497395,48760.07894942111,49145.28043081928,40898.64789647444,38475.39524618382,34960.63938433849,39375.47316207813,38834.05293412266,39751.13309827112,40415.9567649547,40028.73417267625,40094.55997952878,34065.64389625263,33836.17562716171,32475.89249921912
A,Annual,KAZ,Kazakhstan,WB_WDI_NY_GDP_PCAP_CD,GDP per capita (current US$),USD,US dollars,_Z,Not Applicable,2,Two,WB_WDI,World Development Indicators (WDI),0,Units,WB_WDI,World Development Indicators (WDI),A,Normal value,PU,Public,,,,,,,,,,,,,,,,,,,,,,,,,,,,,,,1570.008831125907,1442.424555408246,1437.598481009127,1355.134938591387,1246.836330182178,1217.791387698629,1281.391528953966,1381.63593295187,1414.592896525966,1091.547277221586,1180.0444563226,1422.27331810957,1573.552199323248,1958.020502465113,2722.474077554025,3577.358040017821,5030.13494711519,6449.439310965321,8123.547058917361,6938.011756630006,8793.075899807822,11287.1464926039,12018.79665279926,13478.45962761196,12427.70945769386,10196.12262559821,7475.566886894244,8943.084167919838,9472.485273277582,9457.126146571356,8781.507977876476,9983.60103576902,11255.33964378811,12879.42752579738,14005.34873623448
A,Annual,KEN,Kenya,WB_WDI_NY_GDP_PCAP_CD,GDP per capita (current US$),USD,US dollars,_Z,Not Applicable,2,Two,WB_WDI,World Development Indicators (WDI),0,Units,WB_WDI,World Development Indicators (WDI),A,Normal value,PU,Public,102.8244174655821,99.2716957068382,104.6004559362588,107.3936559782434,111.3005448238923,106.8656013402621,119.8334763893585,121.9021420783403,128.6546468822431,133.3107930932474,141.0393909625972,150.8529790931782,172.642044778441,198.5780838725564,227.2334420664112,241.2244261470565,248.9351081985748,311.4862529164798,355.141982232607,403.2420798343577,453.5589734448092,412.8837042253917,373.7948356888882,335.0371517351891,334.4028357575302,319.5036110107143,363.7451177727169,386.6309299925117,391.2387712042824,374.4891936821028,374.4589928955619,344.722642127742,336.6813997869596,228.9980328434343,276.4478719812441,340.0648421754292,440.5270788808763,466.7238146113995,487.8832399054524,433.7212357013053,414.6263651308463,410.7004524748136,402.9363856053818,442.8984572534054,463.6627813001211,523.4563124338626,699.8023706338097,840.2014394767648,915.5443547360396,1047.967832448497,1091.518731011939,1096.144998076755,1285.005361715117,1370.878852146593,1482.815662534974,1489.11959777284,1554.126103144233,1667.484472308354,1836.452755289929,1960.408088548926,1927.664590278489,2061.356220895941,2109.562885131375,1952.304579296361,2206.134978517601
A,Annual,KGZ,Kyrgyz Republic,WB_WDI_NY_GDP_PCAP_CD,GDP per capita (current US$),USD,US dollars,_Z,Not Applicable,2,Two,WB_WDI,World Development Indicators (WDI),0,Units,WB_WDI,World Development Indicators (WDI),A,Normal value,PU,Public,,,,,,,,,,,,,,,,,,,,,,,,,,,,,,,605.7981449664884,569.5485840350472,512.7667411203882,448.5541908782316,372.4817599489413,364.2503652583446,394.8568796142121,376.4279300598114,345.1370460842463,258.0480559369757,279.6217384643647,308.4112955014804,321.7267753668044,380.5058288124407,433.2338732860004,476.5481936400766,543.1135124722191,721.7715775443605,966.3885693704937,870.1988945469169,876.9544764403543,1117.401743501848,1168.622446754458,1269.663034643477,1264.526688238907,1105.651938442607,1103.274894284119,1221.390468070819,1283.520303741702,1421.999275041019,1229.517666029075,1349.997306505423,1739.720183441745,2138.22210211478,2419.265535745231
A,Annual,KHM,Cambodia,WB_WDI_NY_GDP_PCAP_CD,GDP per capita (current US$),USD,US dollars,_Z,Not Applicable,2,Two,WB_WDI,World Development Indicators (WDI),0,Units,WB_WDI,World Development Indicators (WDI),A,Normal value,PU,Public,,,,,,,,,,,,,,,,113.8257892087581,128.827777341533,126.357117453489,147.1015733660961,142.2216170620369,143.1543179731275,154.2538411741512,159.2066340203571,166.6531993436103,174.705837134358,182.4468523171866,185.7599977983494,158.1243754469752,244.1095774646049,191.2974924316578,190.1814700361591,267.3363067269822,307.0949223851362,294.0593727275583,302.1307854831996,343.4852246715848,324.6558709830036,297.5904196080298,258.7809531893768,286.753596443196,296.4266875263343,327.5009843144443,350.1472766342943,386.691123931778,444.1990675290812,525.7973251209264,612.2526485507273,731.6922951254261,866.2839997897495,875.7489361935693,952.2746163240076,1088.981528230814,1192.802630416731,1305.660097268598,1431.563964699934,1547.320104443935,1675.195557111086,1826.353916887541,2036.673775665782,2225.877054856862,2081.739142429391,2167.403241984992,2325.030500408412,2429.748534528382,2627.879697422601
A,Annual,KIR,Kiribati,WB_WDI_NY_GDP_PCAP_CD,GDP per capita (current US$),USD,US dollars,_Z,Not Applicable,2,Two,WB_WDI,World Development Indicators (WDI),0,Units,WB_WDI,World Development Indicators (WDI),A,Normal value,PU,Public,,,,,,,,,,,201.0237746677981,210.6685941462794,256.1870001092766,421.6269970948225,1131.290751499964,730.4417925529451,548.0756417111721,519.943894734849,610.7838525825431,572.7946060181365,542.2535996175138,567.7224971031407,518.6224958462899,483.1078210826371,527.291455228898,392.9050653947093,381.9187586411435,423.8224733321285,535.9151345800445,514.6529481650327,488.0675278760144,540.1258611234812,791.99610105394,747.7530207511504,837.9717062040004,844.4296058627227,985.8859414268538,953.1629983849406,874.4843491232207,887.4960194757584,845.3672402319726,718.833787096781,810.1087003744398,1020.500338513941,1083.268898717504,1161.783417399769,1123.19258990684,1352.57814048911,1410.622469140584,1316.627538536778,1522.100687441535,1771.129268487921,1843.553363498889,1772.087183171315,1736.705356821014,1639.852747406524,1742.667993241167,1853.051227133191,1912.738093781873,1750.997718891504,1751.782319705296,2222.04829512346,2069.767201105588,2177.701140804159,2288.634582655312
A,Annual,KNA,St. Kitts and Nevis,WB_WDI_NY_GDP_PCAP_CD,GDP per capita (current US$),USD,US dollars,_Z,Not Applicable,2,Two,WB_WDI,World Development Indicators (WDI),0,Units,WB_WDI,World Development Indicators (WDI),A,Normal value,PU,Public,221.5845860970667,225.5991275721622,230.2865410583424,240.1396165880168,256.4047151527702,265.8231940799326,289.9731087357533,344.4571186500644,309.0274103079691,346.5920272900221,365.4216921490382,443.9385253201886,521.0830312607518,551.4133631887606,720.5372058128443,765.1253336591104,692.1393287901906,1026.253431807193,1143.840001234082,1367.339965625003,1597.648990881196,1894.442102414373,2022.529441884281,2052.111165353477,2341.407729292705,2650.986469107499,3140.112095371839,3573.284031830999,4205.654682981652,4723.453518782042,5373.448240484251,5464.610256720866,5947.1211356266,6395.314377468492,7065.28291984056,7406.444860964541,7788.42839854571,8626.72257471312,8710.789840571835,9116.28627997718,9319.655450935246,10022.59192356372,10453.65870643125,10175.62954499892,10944.61837417683,11783.78671541451,13837.84953112188,14757.95797510352,16604.94486159053,16503.41192927943,16622.94579085767,17832.45729199745,17532.05590086078,18580.13019499348,20219.3954237956,20328.80035301086,21387.54155111032,22464.98996339591,22901.38164031969,23595.49232312906,18859.01903610459,18361.14496978855,20985.01121601595,22600.45022994679,22771.41689220335
A,Annual,KOR,"Korea, Rep.",WB_WDI_NY_GDP_PCAP_CD,GDP per capita (current US$),USD,US dollars,_Z,Not Applicable,2,Two,WB_WDI,World Development Indicators (WDI),0,Units,WB_WDI,World Development Indicators (WDI),A,Normal value,PU,Public,158.274135881229,93.83138319447538,106.159702780685,146.3024925901315,123.6063744926654,108.723112442051,133.479834432364,161.159443282246,198.4348843970427,243.4261376566332,279.3087463022168,301.1787366553762,324.1928111787446,406.8970935284551,563.3524757756693,617.4560619335673,834.134207951691,1055.880041159898,1405.822374445542,1783.622312878469,1715.422399736407,1883.455980029634,1992.516777846286,2198.939290638781,2413.276501095933,2482.399955736061,2834.890339668152,3554.606008944715,4748.640644061228,5817.065567219829,6609.997283161748,7636.948063884899,8126.662061836287,8884.919464089866,10385.39045729973,12564.72437430916,13402.99460470699,12398.49045434621,8281.719482714454,10672.44755867653,12257.0206622345,11561.20717451151,13165.08362496998,14672.80575394649,16496.13161671141,19402.50262595489,21743.47745142545,24086.41043916775,21350.427979823,19143.85160530255,23079.26012577353,25097.59542684498,25459.16890009645,27179.51701460517,29252.93123773524,28737.43917064988,29280.44031700484,31600.73587413646,33447.15628361658,31902.41690481942,31721.29891418567,35125.52249847225,32394.68337252032,33121.37128855084,
A,Annual,KWT,Kuwait,WB_WDI_NY_GDP_PCAP_CD,GDP per capita (current US$),USD,US dollars,_Z,Not Applicable,2,Two,WB_WDI,World Development Indicators (WDI),0,Units,WB_WDI,World Development Indicators (WDI),A,Normal value,PU,Public,,,4748.392843542259,4444.523085811196,4378.784297759983,4023.990377724782,4176.110381809642,3887.345620382447,3871.945592192745,3694.964977504154,3551.587107063356,4485.60842678202,4835.691045743249,5532.432340391279,12526.60317107257,10881.72164402887,11141.19814096684,11237.79671795075,11567.0653748784,17385.89428869657,19031.90519020004,15825.19191819099,12978.8949980867,11965.33905110881,11918.61689259054,11321.663553949,9076.70885221848,10895.65002804043,9692.347546007251,10964.69290803715,10937.5415268808,8147.10807329839,12146.19505586,14317.72094190565,14929.74411103351,16168.16560237405,18201.0958607918,16977.38956203988,14066.95095721827,15853.62644234662,19296.34716987291,17374.23186642269,18512.75230358616,22690.65517514399,27552.28273997867,36122.61427412268,42946.63741040661,45709.41328763706,55585.18893444415,37907.10013200415,39212.25221904609,49169.60639831395,52155.22254604792,49651.04397094482,44368.78137304304,29882.21268670684,27323.6890643847,29047.6535822842,32067.96236895116,31707.87374649174,25236.0755520534,34018.63428796473,39981.76909819573,34075.84904398466,32213.86222923163
A,Annual,LAC,Latin America & Caribbean (excluding high income),WB_WDI_NY_GDP_PCAP_CD,GDP per capita (current US$),USD,US dollars,_Z,Not Applicable,2,Two,WB_WDI,World Development Indicators (WDI),0,Units,WB_WDI,World Development Indicators (WDI),A,Normal value,PU,Public,320.0585322082343,344.8498903529719,346.6458355028612,370.582278177372,413.4690846288274,436.1574380619531,469.4383556736089,464.8821619976313,487.3740796334635,532.3084923276897,564.2965543720201,609.4536175956332,676.6361461976602,884.1562248760871,1135.196685692222,1195.229808656833,1270.53078622218,1346.057719878635,1597.106814547731,1716.891272516275,2027.736191922918,2277.605738004048,2056.027201393273,1736.099854191626,1824.101495031952,1757.735842988974,1745.029357320473,1875.183901180895,1999.650771248439,2229.907821012261,2425.459000401633,2561.13005895143,2729.072416634191,3232.893450325051,3757.133682487477,3937.416427277285,4230.163898383476,4542.980053394009,4507.538211109805,3936.833330390391,4290.897169654264,4122.797335650119,3658.16106394401,3686.288601276791,4149.538593354684,4960.451043771678,5717.845512132445,6672.179322266669,7623.438677823638,6981.207788280581,8637.62473414238,9979.98044298679,9823.23365099871,9971.165121590611,9905.721867518863,8307.333696217882,7975.721648270054,8811.13555430764,8468.20128438484,8266.47471229954,6892.381715609133,7955.361334137715,9093.652742200864,10166.92867109701,10344.66889923997
A,Annual,LAO,Lao PDR,WB_WDI_NY_GDP_PCAP_CD,GDP per capita (current US$),USD,US dollars,_Z,Not Applicable,2,Two,WB_WDI,World Development Indicators (WDI),0,Units,WB_WDI,World Development Indicators (WDI),A,Normal value,PU,Public,,,,,,,,,,,,,,,,,,,,,,,,,483.0177816685237,632.8010982812913,461.9115523670027,274.7295853399439,147.0709429423306,170.3772968035108,200.7349054895996,231.8062275481391,247.3452861505316,283.4005732863491,320.9681289516463,357.7581621934062,371.3418791976728,339.0931924118696,243.923962451418,272.325307005412,318.749852236965,320.3160054395676,313.3508171481308,355.0972161514613,409.2962982841173,466.0615069977412,579.3919474407194,697.323013673925,885.7473760887619,935.0323728328304,1125.91610151261,1361.547043949128,1563.565077133696,1812.517744246506,1981.039109004727,2121.013390973629,2303.221560353627,2432.430594785113,2545.1075420815,2589.320810352372,2583.77730696131,2526.051050185293,2046.404402556205,2066.949797769571,2123.979094117969
A,Annual,LBN,Lebanon,WB_WDI_NY_GDP_PCAP_CD,GDP per capita (current US$),USD,US dollars,_Z,Not Applicable,2,Two,WB_WDI,World Development Indicators (WDI),0,Units,WB_WDI,World Development Indicators (WDI),A,Normal value,PU,Public,,,,,,,,,,,,,,,,,,,,,,,,,,,,,959.1539018674424,771.0011212455208,789.5263384847376,1278.421257456334,1559.381006284464,2078.638642155623,2467.769427205772,2958.742639574617,3393.050907493587,3834.059078753099,4124.855278925752,4086.938727896333,3986.835139410256,4009.559297511015,4290.852838032664,4437.715885075258,4600.683714129933,4602.198046379449,4635.251411748604,5125.25809960149,5912.045328208416,7090.854938566208,7625.810515511655,7834.96257108993,8406.984056081175,8162.379293613964,7577.641330236905,7714.109999880404,8089.012088155,8608.21084982387,9174.536662047589,8905.880054974366,5561.19166950397,4045.373910662337,3654.358455348785,3477.724898426838,
A,Annual,LBR,Liberia,WB_WDI_NY_GDP_PCAP_CD,GDP per capita (current US$),USD,US dollars,_Z,Not Applicable,2,Two,WB_WDI,World Development Indicators (WDI),0,Units,WB_WDI,World Development Indicators (WDI),A,Normal value,PU,Public,167.1714982246942,157.5046864951011,160.2803250353581,163.1312662231325,173.9264902740428,177.5624324248968,184.5836891594048,192.1507469993043,198.6471048344851,214.717911590964,220.2938481300573,227.0782014484631,238.6109796651261,244.3617279241823,299.413660673331,345.6489356417719,347.4984566642983,381.0891049303547,394.4680783193922,434.6997644593699,443.0271716565945,426.0549397619468,422.4461425093383,390.7597266971444,390.4079579922257,379.951475961811,364.2886691897938,409.2159400714025,424.325719336919,312.2892553908918,172.8676101232784,177.8670065902793,107.842801384441,74.42720286424088,61.49043130746703,62.14381406275788,71.40652487200359,122.6279937455164,134.6753933525185,156.5731669456963,298.4853405789455,300.463828598983,299.5364455396212,239.7795566770913,284.1402239924584,287.4873334413809,320.5580861851496,374.2113081042777,451.7138562832848,448.3863670255448,492.2528080337235,568.0878655200041,638.3687514620826,710.7445709278632,706.7144900645072,692.590082351257,714.6130631456588,699.2690957274035,692.2031271297944,658.1641807705065,616.787867006715,667.9661051431905,744.617175237387,799.1944702296419,846.2773683873891
A,Annual,LBY,Libya,WB_WDI_NY_GDP_PCAP_CD,GDP per capita (current US$),USD,US dollars,_Z,Not Applicable,2,Two,WB_WDI,World Development Indicators (WDI),0,Units,WB_WDI,World Development Indicators (WDI),A,Normal value,PU,Public,269.038073094669,285.341580882777,382.0845057274447,527.8619395044274,764.8983894208452,1000.534740791029,1250.600188216727,1436.618032569417,1971.866325486966,2174.950457160407,2209.581175805797,2442.582808267182,2829.80145194559,3727.385498781981,6213.500274906173,5720.626911352845,7017.743407345574,7783.46009141417,7251.837541562594,9442.75933267842,11959.52226907834,10044.04100427266,9063.698512677343,8927.364427853623,7811.069373400394,8087.363067929044,6018.913452155231,6464.7328401846,5736.282439922782,5792.579163131304,6502.278865654206,7039.833919705958,7302.689086792258,6477.87035840641,5933.291213540774,5205.257063787405,5591.020275445585,6061.813660335979,5301.083547755587,6894.518755347579,7214.100403770844,6312.800304989652,3718.294346967551,4674.099432003214,5773.763332342814,8079.249573290012,10048.84804342891,11144.94484134354,13906.1407818125,9551.054038697546,11600.90686494719,7593.839152570198,14975.89027951445,11951.71341260111,8926.420745914742,7458.489177563744,7525.802993082159,9965.832367297568,11196.58548108437,9963.194890844828,6650.338105853479,4935.827873498015,5986.636948512581,6172.81246940233,6318.403140310168
A,Annual,LCA,St. Lucia,WB_WDI_NY_GDP_PCAP_CD,GDP per capita (current US$),USD,US dollars,_Z,Not Applicable,2,Two,WB_WDI,World Development Indicators (WDI),0,Units,WB_WDI,World Development Indicators (WDI),A,Normal value,PU,Public,,,,,,,,,,,,,,,,,,,,,1428.203289214271,1604.77728442339,1489.461383682544,1575.741635240691,1979.125040187314,2202.281253683014,2590.693315249278,2818.914751180733,3182.441700960219,3565.010157837162,4204.571618631115,4398.679068977233,4759.838678082956,4764.724648392183,4892.067336374691,5147.920240222949,5244.016650860757,5282.370114020056,5672.513737707658,5882.833989686486,5879.56191426207,5570.452470981062,5567.89428424719,6058.606220593261,6494.600348678856,6863.436419193446,7611.178566753192,7964.382114801171,8516.960754887867,8250.521807327345,8673.687203405294,9128.994420116123,9260.300065517144,9577.217337543578,10044.82183776766,10334.98608239182,10638.12693966526,11333.11238221016,11642.69847277694,11794.05972298053,8411.07474936367,10459.13212480918,13103.82431474717,13554.76847849327,14181.6303351598
A,Annual,LCN,Latin America & Caribbean,WB_WDI_NY_GDP_PCAP_CD,GDP per capita (current US$),USD,US dollars,_Z,Not Applicable,2,Two,WB_WDI,World Development Indicators (WDI),0,Units,WB_WDI,World Development Indicators (WDI),A,Normal value,PU,Public,361.6772942358442,389.5116288371726,398.1859168992434,421.0829146255235,455.4072025989692,476.3575679428918,510.8119098909064,507.6048761229419,530.98471487104,578.3625368200056,615.6027248439401,669.9933694253098,735.9234296246867,955.8849949760764,1209.615698632021,1238.891691291423,1327.713850317373,1425.515761104793,1670.827958647473,1833.384061358561,2179.662498807442,2435.223273402231,2193.727097108894,1894.896593031527,1952.572286839058,1891.262165045867,1876.849741109842,1974.953007884576,2123.833748537042,2300.789136883619,2501.00478992429,2651.246117810955,2842.864092627671,3304.968502309634,3795.036812035028,4036.912886626659,4295.18484537009,4634.547769468718,4618.67022162368,4110.883781835897,4472.562667715565,4326.61919101622,3839.177865048965,3862.118859508348,4385.877024025716,5229.873372755062,6047.704175642681,7035.765126340425,8077.924720087497,7495.02210483155,9183.095643551416,10333.41167937969,10343.77598095997,10490.17201521484,10582.04734970896,8758.631461288003,8460.655436172981,9308.696170880174,9032.038482760625,8830.227821561017,7445.296453093452,8597.53194021339,9716.032667438236,10838.82794865901,11044.67965565067
A,Annual,LDC,Least developed countries: UN classification,WB_WDI_NY_GDP_PCAP_CD,GDP per capita (current US$),USD,US dollars,_Z,Not Applicable,2,Two,WB_WDI,World Development Indicators (WDI),0,Units,WB_WDI,World Development Indicators (WDI),A,Normal value,PU,Public,114.7422291158947,117.1375850222153,123.7803483618312,138.7285052253477,122.836819541813,134.7508431805547,143.16566116605,141.820291243388,147.4771304323571,158.9749481874405,150.0290247042845,153.996922277008,155.5415561090203,184.4003048061508,223.7149898386565,262.708869177657,236.2427250191782,253.9592555370845,291.5727459235594,311.3265691001883,334.2123926108369,335.021584737837,330.9811120632151,318.6128487805246,315.2763902178023,335.4408056541504,284.4490396906672,294.6898240697442,315.0067208620442,329.5055272983656,369.8717812434544,390.6560718804378,300.6805552475464,302.718831569823,289.3137230240519,288.8937718690032,296.4496514253974,301.7760291138279,298.2541515291234,299.9305119599833,332.6859201190813,313.1296022240917,334.0684519022882,368.995551236418,416.1237575344582,481.3816563514753,544.265857064955,637.5613753833406,763.4388405470437,738.6114924202842,815.3318669601298,908.8455748104898,929.4890143917826,986.6279515900496,1035.127450311209,970.916596442798,963.9465482122274,1030.330022213263,1072.374860633831,1104.186331510516,1088.704908565131,1161.529354921004,1273.789791947048,1254.232793135803,1325.309353866292
A,Annual,LIC,Low income,WB_WDI_NY_GDP_PCAP_CD,GDP per capita (current US$),USD,US dollars,_Z,Not Applicable,2,Two,WB_WDI,World Development Indicators (WDI),0,Units,WB_WDI,World Development Indicators (WDI),A,Normal value,PU,Public,,,,,,,,126.3169720207139,133.5855924659139,151.3621647507235,150.499677572488,163.4444856322852,178.3055128244945,207.7380775609245,253.0878684907889,291.5112118726193,298.5225771469974,336.7896880712846,381.4464077919774,391.7723240231101,421.4082271221322,422.2178782884559,416.2680003656831,387.7763055940563,371.590825346894,339.3743419690434,348.1576250686176,356.73118257306,376.4470679633313,397.1800905794632,487.0193249494676,532.0458956641611,355.9223472443968,381.547636598135,352.8581614246635,313.2979276855735,289.5738253382486,302.9847034302024,301.0084696568793,296.1631186557614,360.084301104989,329.9299715087867,356.4365354429412,386.9235394402115,444.4992583382373,520.2901484797462,585.1917748750532,686.4136511383942,793.9449514368466,753.856197781408,820.5629151354611,868.5303573882204,772.447998642062,767.5443853721416,789.2845303071902,736.6455640297927,630.7698559468274,635.4754494208303,647.1633972183552,654.9409479125445,607.9647536800086,643.3693050229583,723.504638939919,697.1711915354783,746.9347888443378
A,Annual,LIE,Liechtenstein,WB_WDI_NY_GDP_PCAP_CD,GDP per capita (current US$),USD,US dollars,_Z,Not Applicable,2,Two,WB_WDI,World Development Indicators (WDI),0,Units,WB_WDI,World Development Indicators (WDI),A,Normal value,PU,Public,,,,,,,,,,,4262.032206403339,4856.009043233604,5645.232664188511,7282.373559601479,8271.735315427964,10332.51286813776,11326.34884312191,12416.86930205231,17456.93094870893,19674.41268394475,20958.73953026658,19929.41028023509,19885.6126562976,19814.85384899608,18898.36786933913,19684.26268522877,28612.88650047947,38206.22694672891,41568.54411827548,39551.6404002324,49457.56093432035,50811.7464531317,55057.11106256542,55604.54799720494,63935.99024454616,78909.70433777182,80688.71824903759,73590.86202897131,78302.99059058478,82682.28488217702,76087.91111420198,75067.80016800432,79795.1785891101,90108.36736470077,100280.8313567052,105295.0570276112,114167.939211301,130492.5953495174,143249.2273020933,126024.7145674663,141089.8128490141,158066.3693791629,148842.035144342,172823.6077946481,178735.1530209078,167187.1573098204,165375.4913962594,170547.092298954,174988.7750834455,166907.8393050156,164671.0935534544,201944.8303350759,186821.881757157,207973.6177467582,
A,Annual,LKA,Sri Lanka,WB_WDI_NY_GDP_PCAP_CD,GDP per capita (current US$),USD,US dollars,_Z,Not Applicable,2,Two,WB_WDI,World Development Indicators (WDI),0,Units,WB_WDI,World Development Indicators (WDI),A,Normal value,PU,Public,145.928701305768,145.9009451399985,141.3831978378836,119.352332353465,122.9418089985442,155.5669847554785,156.6060321771827,162.2948230666113,153.4876474865497,163.6065798752903,186.9007918245457,188.7608021677393,199.3828928812296,220.1702392083373,268.6509050047535,279.8215826003204,260.3014950102613,292.1489924967876,190.996464636951,230.7750693702515,271.0552900736846,292.4513597576804,311.9578788892782,335.8231517146467,391.3696175698585,384.6115376891964,407.164600454213,419.8244094436653,434.0155527805372,430.0238897381804,491.2136862384933,546.2925155708858,579.6551176182833,607.2318471028458,678.2680120202053,741.8382552934553,776.1923710575871,827.0357560586306,849.3746127685797,826.421228127739,846.4608133049659,803.5440266273846,834.9360149053377,946.3822551280718,1028.620681325551,1207.219947641648,1389.50625583936,1578.634511253915,1973.584769012873,2026.659399507019,2808.367792374081,3224.957363319279,3327.77612404326,3740.615893483262,3971.919131481664,4057.715834623104,4149.191907755932,4398.888280687147,4358.560959060474,4081.947727220028,3847.601376956395,3996.962400149092,3342.636502538553,3798.890165730114,4515.56787322732
A,Annual,LMC,Lower middle income,WB_WDI_NY_GDP_PCAP_CD,GDP per capita (current US$),USD,US dollars,_Z,Not Applicable,2,Two,WB_WDI,World Development Indicators (WDI),0,Units,WB_WDI,World Development Indicators (WDI),A,Normal value,PU,Public,104.4118771814034,108.5747169217696,107.5616170585035,116.0995783215844,127.2912560430544,133.1016018038394,118.6267440051296,123.6209748740277,128.0963553975867,138.518796281895,146.4918509379077,149.0790595123229,155.4935338928706,178.5347566213998,215.5142117574411,230.3566368777419,237.682902529486,260.5651360852064,287.5880678575158,325.2776451676398,386.2803031372092,466.7987967741223,452.0136757428288,417.7530989890283,391.0376290572814,406.9493189572556,398.8253038787641,424.3040044646062,427.2398452176312,408.5877782115787,433.1841777743512,405.0292525984156,413.3391287225673,408.7874775767951,449.5508779915643,522.313335238093,582.1389616109701,597.8764808818265,597.9210431914996,540.2349480660987,558.9730587867188,553.5186928449328,572.7496223795213,638.2291323934988,721.1592547832798,815.9864701332662,938.650084024484,1128.053747132947,1225.819072049394,1256.463464448148,1486.73323791504,1631.114304421249,1695.30445478252,1763.789030570098,1874.775473728999,1843.922459827022,1892.705240395576,2019.498539828747,2078.757388721054,2153.954271084938,2058.434599827024,2302.447368743878,2424.150546960028,2443.408276491232,2517.632612119242
A,Annual,LMY,Low & middle income,WB_WDI_NY_GDP_PCAP_CD,GDP per capita (current US$),USD,US dollars,_Z,Not Applicable,2,Two,WB_WDI,World Development Indicators (WDI),0,Units,WB_WDI,World Development Indicators (WDI),A,Normal value,PU,Public,127.5993627421493,127.4565881325585,126.9187425990976,137.3011034961,150.1378118930503,161.803641611793,163.6781218907476,163.9046182289754,169.499391628537,184.9758075124929,196.8481036741377,206.5099582372965,226.5372597209701,282.1016801359993,350.9769129103482,379.7733024139396,399.9694637988524,439.7962672455652,478.6016490756694,543.3415227899226,628.227847036029,688.9860215330498,664.984663911766,630.6415292209884,634.5995842322608,645.3107958332617,645.2741862934926,652.1939256769122,681.4838776625035,715.8422755983917,804.648456500796,767.9718071387503,790.8802082492929,840.4306372388847,926.1005313766782,1040.207392904492,1136.008533299882,1185.711032759973,1160.939075532374,1099.825187591287,1177.757654786125,1162.06593417659,1167.554592319962,1288.221695759729,1490.066347945241,1734.864229306545,2014.038920534549,2439.694266605889,2857.432607615744,2826.194793334599,3390.749902821834,3939.152293735551,4130.064443785129,4326.214926865689,4468.797498614555,4282.04601624269,4269.77006692862,4607.317363113114,4846.863344796517,4904.422916496144,4698.517529767295,5485.924720572144,5702.283441602787,5819.840862549129,5974.804522282622
A,Annual,LSO,Lesotho,WB_WDI_NY_GDP_PCAP_CD,GDP per capita (current US$),USD,US dollars,_Z,Not Applicable,2,Two,WB_WDI,World Development Indicators (WDI),0,Units,WB_WDI,World Development Indicators (WDI),A,Normal value,PU,Public,46.95178026884662,47.04646363320838,53.54212543649346,58.40769579313874,62.62076471631759,64.25549772039105,64.29516518308716,64.83932538628713,64.809251529746,67.09503602800906,67.44019757612632,72.40764462484236,73.95661897832414,106.9912922519127,128.6666182146929,123.2313752187266,117.8250776922451,149.8604602511243,200.8454135216816,212.3709383853733,306.8155659700652,299.8393268470178,233.939892397725,252.0177480633759,210.9984954142882,165.3739218820268,191.3757581840534,236.451032636079,270.3671200992897,279.0352525394205,329.5637851572028,382.2912477391422,443.6242971955764,439.3654106814824,455.593586203956,513.4134487961745,479.6713946257066,501.9813889009648,464.6837455482647,455.6500543873765,442.779545779081,412.6774736768215,388.9233498513496,583.2700362002877,766.6858209282425,861.3814964149951,925.4674855028424,861.1884208995633,898.482517882593,878.8479505377716,1119.47557793042,1280.733909315806,1217.930712289442,1151.037358372267,1173.5377928819,1121.198513425182,992.4918406784652,1069.366732475424,1170.655697028194,1082.057067775158,918.5825774219816,1066.58643600093,1030.125796288329,916.2829704638878,971.8146204687876
A,Annual,LTE,Late-demographic dividend,WB_WDI_NY_GDP_PCAP_CD,GDP per capita (current US$),USD,US dollars,_Z,Not Applicable,2,Two,WB_WDI,World Development Indicators (WDI),0,Units,WB_WDI,World Development Indicators (WDI),A,Normal value,PU,Public,167.9609732761716,155.8088335380845,156.6900395877121,167.0689224339619,179.2242811246592,196.4601693615724,213.6277871191822,209.8565193300601,208.6969490944068,227.2470349707753,252.4206329708058,274.3123606054099,308.9488051147231,393.1845469784118,463.4311891829499,502.8669850210376,533.602480155521,609.9071012227575,625.4764484427103,733.9639111412297,829.9761768731022,857.7302890509496,852.2063490271913,777.2894046911003,799.8727970219851,852.305956376564,892.2728954553756,927.5755186882616,996.63014666891,1046.97268912374,1065.221416507391,1061.143325138766,1069.151737420382,1100.787621441063,1264.779307955088,1551.449628215007,1694.101439854162,1757.165023864088,1678.868391953172,1539.792207745025,1677.020420159657,1722.264572728744,1814.501015021867,2054.757344047909,2453.921652777926,2939.843701718358,3525.537511587525,4413.576408726446,5454.985299310363,5245.253525237255,6273.65791810552,7595.114740796847,8069.361061467318,8639.802284378742,8917.94695533798,8325.54664463079,8290.741629925524,9131.372167045663,9959.665510354109,10112.20128927707,9869.540199510064,11755.42453585351,12280.1075352976,12422.72539815935,12843.33444068112
A,Annual,LTU,Lithuania,WB_WDI_NY_GDP_PCAP_CD,GDP per capita (current US$),USD,US dollars,_Z,Not Applicable,2,Two,WB_WDI,World Development Indicators (WDI),0,Units,WB_WDI,World Development Indicators (WDI),A,Normal value,PU,Public,,,,,,,,,,,,,,,,,,,,,,,,,,,,,,,,,,,,2182.69156931505,2340.675459700076,2844.162867974923,3180.644985552552,3127.511766671832,3300.636349285588,3532.527873632422,4148.130914850149,5507.474341876524,6734.574870619461,7857.031487864918,9210.10118229413,12295.1212779366,14955.5345462921,11854.37110530957,11829.12260945704,14261.84337873254,14288.18534931385,15636.52525860477,16446.16471816631,14269.80398782865,14934.27028404284,16800.15102460987,19247.23153679668,19608.79439455527,20428.64781573941,23870.45948517221,25085.78406349905,27786.00578292757,29386.28783501866
A,Annual,LUX,Luxembourg,WB_WDI_NY_GDP_PCAP_CD,GDP per capita (current US$),USD,US dollars,_Z,Not Applicable,2,Two,WB_WDI,World Development Indicators (WDI),0,Units,WB_WDI,World Development Indicators (WDI),A,Normal value,PU,Public,2261.177418365942,2241.360032214227,2331.556858019247,2461.90112384487,2779.184397463263,2803.853046117653,2925.222047234771,2934.528321110068,3202.505948528254,3690.171826200618,4298.033897421024,4435.398008236809,5486.720627890889,7447.213017866641,8966.728958790474,8701.304731392487,9490.6903118849,10486.33578910951,13034.38820796141,15204.33081919942,16531.11489883969,13837.12998146172,12590.97679562039,12374.03042344085,12126.93919879093,12481.96584485594,18149.86925002392,22443.43146330117,25219.35427817315,26618.06957749679,33465.47820791899,35747.33779920665,39570.86156659859,40066.72425187729,43933.23544273601,51032.34963531796,50444.3591236175,46641.6408754876,47445.38108120512,50872.44926846243,48659.59887532334,48440.14201513551,53005.73392091787,65689.32145369114,76544.91708684732,80988.13762308584,90788.80048761448,107475.3202979777,120422.1379341569,109419.7469531064,110885.9913787211,119025.0572034665,112584.6762709582,120000.1407298592,123678.7021432748,105462.0125844226,106899.2935495517,110193.2137972278,116926.7595939048,112696.649059674,116860.0281723598,134965.8154421515,123719.6589159963,131407.6813645132,137516.5873243666
A,Annual,LVA,Latvia,WB_WDI_NY_GDP_PCAP_CD,GDP per capita (current US$),USD,US dollars,_Z,Not Applicable,2,Two,WB_WDI,World Development Indicators (WDI),0,Units,WB_WDI,World Development Indicators (WDI),A,Normal value,PU,Public,,,,,,,,,,,,,,,,,,,,,,,,,,,,,,,,,,,,2256.773603870537,2360.171481621301,2609.893086971946,2893.799987165626,3063.897945997072,3278.178964408034,3504.618294623966,4003.609357835385,4914.57992829302,6109.732651868175,7283.787381276217,9211.7374468148,13370.97894525078,15677.60808645057,11996.0322729773,11188.4191700977,12902.57405333702,13329.3499931271,14484.47152821325,15185.81458123595,13321.97531406156,13838.52668232723,15132.49583339817,17252.17104286257,17294.97516009692,17564.23215493543,20261.88877889163,20227.23074315806,22675.57862954068,23367.59867889607
A,Annual,MAC,"Macao SAR, China",WB_WDI_NY_GDP_PCAP_CD,GDP per capita (current US$),USD,US dollars,_Z,Not Applicable,2,Two,WB_WDI,World Development Indicators (WDI),0,Units,WB_WDI,World Development Indicators (WDI),A,Normal value,PU,Public,,,,,,,,,,,,,,,,,,,,,,,4486.541208636002,4207.253008170988,4611.494973555727,4701.664342233869,5175.156460685059,6380.071140163616,7242.91715984991,8322.563801958628,9692.43538809962,10707.37867507744,13249.8387410349,14754.18259063326,15905.2615421482,17215.11785222748,17289.55179569175,17415.6982810978,16097.06888514517,15319.7717343472,15731.98687502809,15810.72276665616,16814.99264241342,18589.89983305338,23407.19936921936,25681.21673152215,29813.78771679328,35400.23346594085,38888.51180445027,40351.00356233627,52591.80352251959,67041.2823092952,76051.63123258433,87069.76700334396,88310.8119567344,70070.29180016309,69074.03630492122,77704.9215312666,83761.8171798142,81967.69917276902,36976.25610714294,45376.31458615598,36909.95640903118,67476.52908133058,73046.88902670794
A,Annual,MAF,St. Martin (French part),WB_WDI_NY_GDP_PCAP_CD,GDP per capita (current US$),USD,US dollars,_Z,Not Applicable,2,Two,WB_WDI,World Development Indicators (WDI),0,Units,WB_WDI,World Development Indicators (WDI),A,Normal value,PU,Public,,,,,,,,,,,,,,,,,,,,,,,,,,,,,,,,,,,,,,,,,,,,,,,,,,,,20930.58506909395,,,20638.76518951103,,,,,19033.0594854512,,21668.3740927942,,,
A,Annual,MAR,Morocco,WB_WDI_NY_GDP_PCAP_CD,GDP per capita (current US$),USD,US dollars,_Z,Not Applicable,2,Two,WB_WDI,World Development Indicators (WDI),0,Units,WB_WDI,World Development Indicators (WDI),A,Normal value,PU,Public,174.784133911133,169.318435668945,193.647811889648,210.635650634766,216.263046264648,221.967697143555,210.824432373047,217.304306030273,227.120864868164,246.799652099609,260.26513671875,279.167236328125,317.074066162109,380.527801513672,456.592529296875,521.838928222656,543.368469238281,610.750366210938,712.879638671875,834.812133789063,1109.88220214844,884.443237304688,856.569763183594,766.529602050781,681.909729003906,673.2900390625,855.169311523438,937.457153320313,1086.03527832031,1091.27624511719,1229.07104492188,1292.23376464844,1327.02954101563,1226.43054199219,1358.79443359375,1466.78820800781,1596.83239746094,1426.30114746094,1668.49755859375,1635.65673828125,1499.107421875,1506.24523925781,1596.02062988281,1941.87255859375,2183.55541992188,2242.98828125,2438.12646484375,2755.5859375,3183.20043945313,3119.58862304688,3067.9853515625,3301.98876953125,3164.17724609375,3379.7431640625,3435.40698242188,3146.24780273438,3140.85546875,3296.52661132813,3501.69799804688,3508.09765625,3268.0302734375,3785.93627929688,3455.39624023438,3771.4462890625,3993.38745117188
A,Annual,MCO,Monaco,WB_WDI_NY_GDP_PCAP_CD,GDP per capita (current US$),USD,US dollars,_Z,Not Applicable,2,Two,WB_WDI,World Development Indicators (WDI),0,Units,WB_WDI,World Development Indicators (WDI),A,Normal value,PU,Public,,,,,,,,,,,12098.20187535866,13334.39983867257,16187.43065003974,20882.02134664997,22347.89990545012,27920.74360367351,28396.37940403155,30875.47642919641,37607.78868754318,44989.96532392489,50813.9342272643,44157.42673695181,41479.49844229001,39075.83564090088,36582.3672009832,37689.8648613491,52082.4508807502,62456.07088489968,67180.57637135676,66815.71044982727,81734.86649680113,80997.25209248715,88614.92636722299,82685.4559266948,86703.81305294744,99032.23750540914,98561.01374256574,88581.70446836072,90947.20512244376,89698.19935753023,81789.0206522549,82402.78095701894,90051.44598774679,111110.4513122494,125160.2280875981,130538.7425871167,143083.4611072016,184558.556593338,204263.7971142944,169150.2673446157,161853.9206222442,179363.9842215126,165444.6513787709,184940.6638047183,195693.5707388939,170437.1011882611,173604.7535559152,170663.3752478725,188298.3156684371,193746.7856474117,176891.8865384917,223823.3639602262,226052.0019052007,256580.5151227452,
A,Annual,MDA,Moldova,WB_WDI_NY_GDP_PCAP_CD,GDP per capita (current US$),USD,US dollars,_Z,Not Applicable,2,Two,WB_WDI,World Development Indicators (WDI),0,Units,WB_WDI,World Development Indicators (WDI),A,Normal value,PU,Public,,,,,,,,,,,,,,,,,,,,,,,,,,,,,,,1206.502087049774,1037.89950336245,778.0176674201016,796.9893888483364,573.7986472013042,593.5931770491607,575.1454551390186,657.2921345979496,578.7346275621932,399.4998185963363,440.5386839803724,507.4040762528191,570.7998661882931,682.319095965299,897.1784947494684,1034.391977469929,1183.02481442894,1531.216185907477,2110.553053538569,1898.439757109881,2436.799351024209,2941.362240660208,3044.808432481499,3321.043977957193,3289.957585687773,2749.55137054338,2847.087947704789,3453.267277202941,4156.449819566462,4405.334181621547,4375.778893052403,5274.605821953523,5744.296184344349,6799.585946445756,7617.516130898152
A,Annual,MDG,Madagascar,WB_WDI_NY_GDP_PCAP_CD,GDP per capita (current US$),USD,US dollars,_Z,Not Applicable,2,Two,WB_WDI,World Development Indicators (WDI),0,Units,WB_WDI,World Development Indicators (WDI),A,Normal value,PU,Public,131.6920183296099,133.2712328828253,137.308007316434,137.4335635336494,141.5346691320016,143.245722030305,150.6900806927211,155.8606883648542,163.5884852953194,162.9047525899627,166.6455442065183,174.6295941450655,189.6402620284654,226.8182557253824,255.3366381206044,294.9929057678067,273.5226781855346,286.8963209622805,314.9832412494288,396.3987119329972,577.5927009585154,512.9139299832129,500.6426069654452,476.1186713405838,385.4081810106213,364.4691019131055,404.9592714229655,290.8315310793478,280.5283983576535,271.3061832769821,326.0992532219784,262.0244023804787,290.2120463948005,307.8876030964414,258.7238064345055,273.1496539459756,339.8772836636077,284.3718439672442,284.1929231398515,267.360530991414,280.2829055596488,319.2832782356575,304.9417773984449,352.6200958499248,272.2007485885601,305.812074924388,324.1468748826038,419.548001431865,512.579800058444,446.3152383705922,450.0093916457255,506.1636915593093,493.5111629042107,515.3015893618319,505.6849225034353,445.3200694805676,453.9707145224634,491.8668487189288,500.4571855291595,499.8188376225341,450.7716152015095,483.4694633513706,503.5145334728794,508.7184277057355,544.9973026931273
A,Annual,MDV,Maldives,WB_WDI_NY_GDP_PCAP_CD,GDP per capita (current US$),USD,US dollars,_Z,Not Applicable,2,Two,WB_WDI,World Development Indicators (WDI),0,Units,WB_WDI,World Development Indicators (WDI),A,Normal value,PU,Public,,,,,,,,,,,156.8592369341536,169.7674185611313,192.2388486393938,228.689027239389,281.4846324369277,171.4251219223981,151.8350591781946,137.259189834243,156.0531838804235,240.2305093912529,257.6126196435247,264.1475175992874,274.8265685984833,322.8405789940297,594.4882468826523,668.8301350903077,720.4522011332552,692.4598388923629,799.0825017192836,870.3783181805635,956.763019768672,1054.334138287588,1194.232524281299,1316.614548773995,1419.392765134082,1554.609427546039,1716.74281753716,1898.432250105262,1980.384483967507,2124.060075306314,2213.812350531779,3033.932345070365,3076.07007160101,3548.576701105599,4070.260945944601,3796.515465246436,5018.943354091592,5758.102869330527,6757.432809292917,6734.03165601895,7173.596018446917,7424.520410970998,7461.29703686309,8236.081779441261,8939.074165714721,9644.906550281454,9947.807447317393,10509.62880581196,11423.28384270287,11740.27240297847,7393.888654393296,10176.14388254702,11786.00915453432,12530.36023596828,13215.5353637008
A,Annual,MEA,Middle East and North Africa,WB_WDI_NY_GDP_PCAP_CD,GDP per capita (current US$),USD,US dollars,_Z,Not Applicable,2,Two,WB_WDI,World Development Indicators (WDI),0,Units,WB_WDI,World Development Indicators (WDI),A,Normal value,PU,Public,183.7761760647202,191.1969781776502,185.3017671810393,198.8575170593871,215.7607271874637,230.9399072011682,241.8335693166019,255.4364350355476,282.2821400778089,304.5917008665324,334.6853113303209,370.9971287690577,425.1429808833101,538.0086964652453,949.6274490514828,1013.132620307979,1220.758599981993,1373.881004655136,1415.974731114914,1785.006583646538,2223.902747873965,2219.614993440932,2156.090214454926,2113.541144147249,2068.317957470888,2039.157487985811,2000.414146310731,1810.617840347212,1755.782844688835,1756.453727337916,2183.541705246017,1708.904975503671,1752.029561708189,1598.252783310203,1643.168624244926,1775.490659446572,1918.377375155976,1954.532673533855,1868.517311662917,1974.907257614937,2220.384393002944,2153.193325461925,2092.424276339456,2279.518860727473,2624.189354963536,3050.860862685123,3482.47657916496,4010.052280735943,4834.322043961452,4256.640483462495,4858.243166667323,5718.869078610573,6035.565810081063,5852.491970957725,5794.328102847264,5108.831177864094,5080.740677223574,5232.296315549282,5509.559137855232,5371.489871651665,4707.819860848866,5575.272986267284,6383.398392567134,6063.052476578639,6180.858784468242
A,Annual,MEX,Mexico,WB_WDI_NY_GDP_PCAP_CD,GDP per capita (current US$),USD,US dollars,_Z,Not Applicable,2,Two,WB_WDI,World Development Indicators (WDI),0,Units,WB_WDI,World Development Indicators (WDI),A,Normal value,PU,Public,355.0751995630179,373.712216995471,388.4567024114983,419.5520663248489,480.7042144377452,505.8544194988164,544.9358541934495,575.7690375344182,615.9229121288416,659.7175068511704,699.0068454850287,747.9123610032542,836.5696734461385,993.0428795484256,1256.102806013292,1491.970486111111,1465.498778624739,1314.620444816446,1604.409204524824,2049.264688718163,3054.621622917841,3829.144375441285,2620.957933929473,2169.852852792229,2506.307427547546,2601.708252266837,1756.935633674908,1888.2631431041,2278.812227209922,2725.055722754416,3154.46920349038,3708.842054815697,4220.566436770572,6048.348403880993,6202.365883728625,4183.878477274793,4674.367927336813,5567.355995166675,5832.693420044676,6499.971829504254,7524.027138009098,7952.76479510706,7983.033983817592,7434.074650315621,7849.667596495654,8671.758918851627,9512.635753466991,10134.33271297061,10523.76854276652,8423.569332147112,9728.800782377815,10664.49440462819,10744.13352296861,11216.80085186601,11391.3773510244,10021.23861240389,9097.923976747688,9649.278167724024,10084.79375536785,10369.55535852714,8841.270751132804,10314.05067259792,11402.14103747819,13826.13065701219,14157.94458358486
A,Annual,MHL,Marshall Islands,WB_WDI_NY_GDP_PCAP_CD,GDP per capita (current US$),USD,US dollars,_Z,Not Applicable,2,Two,WB_WDI,World Development Indicators (WDI),0,Units,WB_WDI,World Development Indicators (WDI),A,Normal value,PU,Public,,,,,,,,,,,373.2128717265868,390.1741847128306,415.7074024674891,472.2088605020137,601.5785895003163,638.1930488644184,671.8347581510677,724.2194868487064,770.9177687528203,859.0135853117224,867.9616884382921,968.86029296936,1045.543012845465,1199.304817442762,1244.870946393117,1162.019014326951,1425.164180624141,1542.64230430097,1670.281893149973,1670.215206717754,1758.408209908356,1810.634655898876,1963.072346296456,2112.012400993778,2265.069584171697,2490.987444577964,2272.84469502819,2230.753770884508,2254.160548705674,2257.920003187124,2264.791148976452,2394.345011051777,2566.067087992222,2539.330738395399,2566.082910158136,2658.652178938851,2754.269887675027,2892.284039588738,2817.605227753219,2906.630269709145,3095.457689647222,3319.398154391508,3514.265154903829,3677.906907914209,3735.239778295445,3764.344262295082,4229.809889119453,4592.834576285757,4858.120790548747,5292.339855023065,5661.96787336674,6258.611937051272,6322.828555031564,6678.342390604476,7466.651865074092
A,Annual,MIC,Middle income,WB_WDI_NY_GDP_PCAP_CD,GDP per capita (current US$),USD,US dollars,_Z,Not Applicable,2,Two,WB_WDI,World Development Indicators (WDI),0,Units,WB_WDI,World Development Indicators (WDI),A,Normal value,PU,Public,129.1211866937645,129.0713903317248,127.9827095085155,137.5276290062035,152.7281126464122,164.2209061623823,166.0262741884358,166.7283676904837,172.2898847987682,187.7686551032129,200.3148004034677,209.8981969550005,230.3084807079109,287.4754494934309,357.9460691837436,386.535815605473,407.5367498253921,447.7777258311341,486.6784979055045,554.6072688508407,642.8466363181053,706.9325375080833,681.8706632312687,647.1088779877161,652.2229584064121,665.276582386433,664.9082210772161,671.8938239227986,701.979280918855,737.4095154671667,827.0237384192263,785.7400979845929,820.3154517138634,871.9642266744231,965.2436073284292,1089.621377984832,1193.822865282297,1246.737260072837,1221.162092856816,1156.94603815533,1236.954521587762,1222.856322455139,1227.92937219673,1356.376066738157,1570.321606576493,1829.607381616979,2127.300930556208,2580.905677089597,3026.282219731022,2998.356292339446,3607.269977818816,4201.462341994764,4420.32330991182,4637.494687426451,4794.476094663691,4599.808454208874,4600.229368477439,4973.537079677238,5240.738757119684,5310.453500329758,5096.735904037605,5966.000157876601,6205.545997767499,6347.753919283718,6524.257358160504
A,Annual,MKD,North Macedonia,WB_WDI_NY_GDP_PCAP_CD,GDP per capita (current US$),USD,US dollars,_Z,Not Applicable,2,Two,WB_WDI,World Development Indicators (WDI),0,Units,WB_WDI,World Development Indicators (WDI),A,Normal value,PU,Public,,,,,,,,,,,,,,,,,,,,,,,,,,,,,,,2277.303723143139,2402.135176563785,1198.928298462569,1336.647756414629,1786.354883349138,2355.247053711382,2306.533669576349,1959.560737821876,1875.816627359884,1915.392810609958,1861.89899780644,1823.022676826363,1989.13537265159,2445.362864000133,2818.581456124196,3120.984013942331,3440.441105796795,4204.113287604519,5026.420298987297,4799.78722768888,4833.365867599679,5416.866729316594,5049.826538615697,5626.261156648935,5925.385922180148,5262.686719286744,5598.486226179673,5955.297386345096,6713.989253989886,6718.858266354576,6659.596510707756,7620.802969775082,7606.237525379702,8624.284002321167,9310.027900152563
A,Annual,MLI,Mali,WB_WDI_NY_GDP_PCAP_CD,GDP per capita (current US$),USD,US dollars,_Z,Not Applicable,2,Two,WB_WDI,World Development Indicators (WDI),0,Units,WB_WDI,World Development Indicators (WDI),A,Normal value,PU,Public,,,,,,,,45.98544487029136,56.51375304663309,55.02268595141246,57.32078707627437,61.96646269090697,75.0521043387011,85.44408765066144,80.22522140871162,121.4975726654217,134.9275751654746,148.0526945728071,169.1233190712787,216.3207341463109,233.6747468665733,200.0544959207581,169.6846445519647,161.5261034928216,150.2000650869611,166.2390532009407,217.1027213338936,240.823694492631,245.5333467656016,242.4263266345743,292.1845320916087,290.9499139861716,296.2957582351737,288.9126511936252,208.873284105014,265.7170516121872,267.161312421177,253.3327469243256,267.4425740371409,306.4574267177782,256.1995549782415,291.1594979113469,318.0424320392223,371.6270163897588,542.8873476408627,591.6303934737055,633.2219467374316,711.6754632150783,820.7157056018414,815.7886879517304,827.6176600827155,941.5749447066391,878.2171753448575,903.190452512378,940.243260037952,838.1198694010295,872.4685871716532,924.0575316922836,996.3792921369012,971.9493186380917,953.2429432909744,1027.273453653569,969.7222056056204,1035.862426284115,1086.176217677904
A,Annual,MLT,Malta,WB_WDI_NY_GDP_PCAP_CD,GDP per capita (current US$),USD,US dollars,_Z,Not Applicable,2,Two,WB_WDI,World Development Indicators (WDI),0,Units,WB_WDI,World Development Indicators (WDI),A,Normal value,PU,Public,,,,,,,,,,,828.4447258826305,874.0617270241006,975.720378043786,1143.666796434674,1245.318230286059,1560.105191151071,1726.559448453026,2037.864190869498,2558.734554684279,3195.514316115163,3948.265726895037,3898.368539978639,3787.91647703123,3526.913951393541,3332.820183879216,3322.308796328577,4194.534802362956,5083.801793080128,5814.44775940093,6040.840542299864,7192.389946939621,7558.759215831641,8220.334039246656,7296.351111274892,8000.345328660404,9828.22830085662,10061.69896567933,9893.311765231892,10408.0648734109,10609.19826401694,10348.48601630005,10357.70264072695,11251.20248773984,13593.97871829017,15212.13129648833,15831.34398027558,16653.60383123885,19444.17436355645,22315.31048126109,21176.32166650177,21946.60701882417,23516.96912827617,22878.31312576564,25415.55668069417,27424.5765369278,25529.68131315645,26459.0772054811,30317.24433579385,33382.26775026375,32421.91797531879,31833.59638246397,38065.35434657504,36224.28199558167,40182.43138546337,42347.30738601734
A,Annual,MMR,Myanmar,WB_WDI_NY_GDP_PCAP_CD,GDP per capita (current US$),USD,US dollars,_Z,Not Applicable,2,Two,WB_WDI,World Development Indicators (WDI),0,Units,WB_WDI,World Development Indicators (WDI),A,Normal value,PU,Public,25.08477572236225,27.26545412238726,27.94700396954308,25.80398443539971,17.33220062364346,15.11786323264839,11.8013216738981,16.5453805372426,21.54534100072645,21.51031805279368,20.72427827680259,21.12575175132662,23.29413027449437,24.79656288474351,41.4076276435663,35.16329156987604,39.16600837158228,27.86008671937905,29.25623110441513,29.21367578588478,31.24623928810933,32.81277904435814,42.95354149018616,39.29086861612648,36.32557684436364,40.38214126036629,42.41937358928741,41.14781372246021,39.92360888780039,51.34432850346149,53.12254010945059,51.2408970610106,58.88967395588833,76.21288948259803,105.391561114159,124.1434803905097,141.8972675803673,108.0397702920324,145.9508303837569,189.4901558490666,196.6195806252842,141.525660705722,146.5983903644486,224.2926889124093,224.5088114133274,252.6851930607284,303.4950871192538,419.3757807250424,658.4424872297052,758.4429357892551,1010.534173434015,1213.62898703376,1202.665896005501,1199.095615970549,1293.000422986882,1166.733055463368,1229.197135158932,1272.822418306033,1298.213103207846,1425.989542119029,1490.216835483673,1242.721344195987,1158.050050343317,1233.196662092691,1359.259613941352
A,Annual,MNA,Middle East & North Africa (excluding high income),WB_WDI_NY_GDP_PCAP_CD,GDP per capita (current US$),USD,US dollars,_Z,Not Applicable,2,Two,WB_WDI,World Development Indicators (WDI),0,Units,WB_WDI,World Development Indicators (WDI),A,Normal value,PU,Public,144.5287836409614,146.9720073283119,145.8316686694442,156.5106357886803,170.2706770590552,183.832655356947,191.0993307093655,204.1770751147105,223.0017622345525,241.1910373306939,263.5070810887901,290.0715469971059,320.7327693912391,384.7875111253235,575.3470258527069,642.0689514339631,768.94632426819,862.3855047286622,898.6802641888045,1084.265720419202,1276.996631139043,1208.897174606272,1310.024471734096,1390.236977640419,1407.142055944298,1465.401888412934,1527.500871374949,1297.364158291147,1221.347868737589,1191.061951355486,1555.058274610296,1024.139923344017,1022.142745751209,877.4449785678792,899.2697931283295,977.954473377344,1058.066078398713,1077.336230744332,1075.358597066275,1137.922327551595,1247.472381232732,1226.509914120213,1168.282049814251,1263.876062118615,1463.041488065684,1657.110244323772,1883.120678376627,2237.261883205527,2652.790391457205,2510.747626661229,2816.193472680482,3232.55085445125,3412.573024702392,3148.364124206197,3073.799942563083,2802.631349809337,2832.830525979997,2827.772470425225,2789.82637461637,2674.370460830078,2381.425424699339,2719.531267735927,2975.955662927411,2797.407307193163,2903.597939791577
A,Annual,MNE,Montenegro,WB_WDI_NY_GDP_PCAP_CD,GDP per capita (current US$),USD,US dollars,_Z,Not Applicable,2,Two,WB_WDI,World Development Indicators (WDI),0,Units,WB_WDI,World Development Indicators (WDI),A,Normal value,PU,Public,,,,,,,,,,,,,,,,,,,,,,,,,,,,,,,,,,,,,,1375.326168134422,1405.816326698536,1367.90257335097,1627.065119119869,1909.598701861789,2106.635068452299,2789.159064835086,3380.165121358591,3674.617924279698,4425.678873078031,5976.394144545959,7367.751909108816,6727.107766769686,6688.402596413458,7325.646892447149,6577.740332292729,7172.929085211432,7364.965901015487,6491.192806186459,6999.135813410904,7758.369219560338,8790.881521166786,8842.485287068688,7612.628458812907,9377.488797149894,9990.204446169962,12077.37470946875,12935.45227121263
A,Annual,MNG,Mongolia,WB_WDI_NY_GDP_PCAP_CD,GDP per capita (current US$),USD,US dollars,_Z,Not Applicable,2,Two,WB_WDI,World Development Indicators (WDI),0,Units,WB_WDI,World Development Indicators (WDI),A,Normal value,PU,Public,,,,,,,,,,,,,,,,,,,,,1235.144224976269,1325.466805366132,1429.625518008279,1490.212976347463,1119.713884660754,1137.907647303116,1469.421763789142,1493.282380858216,1543.335555210929,1683.924328624861,1220.171276641365,1098.680174455485,607.8134246627973,354.8986130877005,422.8643493830414,652.6745628491504,595.5810149554,515.2980049473156,483.8780660748705,448.6603683375333,476.0275508271704,524.453483552485,570.2492132483989,643.1680689216577,794.1545520018152,994.9001091324096,1329.891795790527,1627.68787743359,2127.426785947373,1703.32756790019,2625.218814024331,3736.042014550773,4328.890019056554,4340.143105444494,4126.239758005238,3838.921269899843,3619.900263837922,3645.967086695514,4107.642885284678,4347.54610314873,4001.251930777028,4517.61578018785,4993.514874634954,5838.631080839024,6691.482098342281
A,Annual,MNP,Northern Mariana Islands,WB_WDI_NY_GDP_PCAP_CD,GDP per capita (current US$),USD,US dollars,_Z,Not Applicable,2,Two,WB_WDI,World Development Indicators (WDI),0,Units,WB_WDI,World Development Indicators (WDI),A,Normal value,PU,Public,,,,,,,,,,,,,,,,,,,,,,,,,,,,,,,,,,,,,,,,,,,19227.88942466082,18938.87283899665,18924.58318996528,17015.74878917151,16314.55785900267,15914.21930404981,16430.44619422572,14369.63398102124,14771.40374553992,13598.71660946127,14013.60033061577,14632.85188976079,15945.41760895397,17665.10074931087,24225.47416934197,31225.6049960968,26509.36283798928,24496.6652122421,18220.83824272008,19455.50139423998,23785.75459004297,,
A,Annual,MOZ,Mozambique,WB_WDI_NY_GDP_PCAP_CD,GDP per capita (current US$),USD,US dollars,_Z,Not Applicable,2,Two,WB_WDI,World Development Indicators (WDI),0,Units,WB_WDI,World Development Indicators (WDI),A,Normal value,PU,Public,,,,,,,,,,,,,,,,,,,,,,,,,,,,,,,,288.7080924844444,205.5852160620939,205.1898442086986,196.7631431756458,191.8260968614061,244.3626510124979,287.5320914753888,320.1251217232918,354.4062457237109,327.1262397915697,304.7921386219133,313.886661721198,339.4887378006477,400.0569731615448,436.7738561673842,457.4876478331826,507.8749239143042,592.1591111841216,547.6971441936511,496.1858393926593,618.1764928678903,685.6857481995128,686.505672517351,697.1426804441226,610.5637747065892,441.4897348190715,470.9385630519602,517.5072602581007,519.0925509136196,462.4338764799215,509.9078294755515,578.251663751351,622.9856193205957,647.2857995020698
A,Annual,MRT,Mauritania,WB_WDI_NY_GDP_PCAP_CD,GDP per capita (current US$),USD,US dollars,_Z,Not Applicable,2,Two,WB_WDI,World Development Indicators (WDI),0,Units,WB_WDI,World Development Indicators (WDI),A,Normal value,PU,Public,,188.1584015977393,188.9951466127693,188.249348047987,244.2945996975243,269.9621658231405,273.6043627319116,281.5333774467557,300.9415295286603,276.5982677118583,281.327175871626,295.9939270213312,335.23154288786,409.7211387853108,494.2884082903366,550.6625832417803,589.237667658903,590.2266984132174,577.7427774768319,664.3836190427778,710.9189525305338,728.7965218220947,710.2188688423896,725.1745225106682,649.6811865096734,593.2196544213023,677.3633238789013,745.787178962507,762.4239180168455,762.2755806374748,772.0330921402192,1061.677042852636,1036.474378085765,849.6203016966615,864.5994783654526,904.7191700710424,904.1208797981424,859.2839581757596,821.2663785519374,781.3370335631973,680.9110618797781,651.8178401997768,648.8796439348624,732.0178208126755,823.554457141893,998.96583416747,1300.603679886593,1405.150162033685,1635.563062312401,1435.430108118934,1659.963697054548,1931.199755254651,1859.117332476409,1934.241030647141,1713.008652642339,1554.948978717825,1565.765757226957,1615.004013273232,1722.935288540727,1767.072710620998,1795.764595667144,1947.789183833133,1960.352400774235,2120.823184217474,2082.783744237136
A,Annual,MUS,Mauritius,WB_WDI_NY_GDP_PCAP_CD,GDP per capita (current US$),USD,US dollars,_Z,Not Applicable,2,Two,WB_WDI,World Development Indicators (WDI),0,Units,WB_WDI,World Development Indicators (WDI),A,Normal value,PU,Public,238.2510334374941,281.6830814486366,282.342386236302,353.1135476115104,297.2843802115606,305.4769728076501,295.9550416734414,304.1639495855069,258.7340518962374,272.7132561636288,271.3387469803935,299.6048018320258,373.996570209941,467.4802184962618,762.9407586702791,754.8332814724017,787.0982259625891,905.9496387478696,1102.347536919741,1292.201430248205,1187.351570804116,1180.840709374382,1101.159205273914,1103.091245801366,1041.83252378016,1068.673593160991,1441.714528377143,1839.791095654221,2073.592387871892,2103.488026944579,2539.928464674518,2705.26648158805,3013.237063371673,3013.833137904921,3240.386246627024,3648.016496222559,3951.944946493356,3695.736688443267,3641.621425640862,3745.696250698308,3981.983432495823,3908.556949274354,4073.060530559032,4858.265755497474,5460.608001841983,5354.029742606423,5695.975255098691,6574.663576409905,8030.05228087539,7318.126409724222,8000.376431821543,9197.042990894592,9291.23627601053,9764.644130600447,10366.35507549362,9507.871336564236,9965.725310852278,10841.68477548439,11643.4605962124,11403.25278706741,9011.042884450237,9068.973002267072,10223.78823165735,11182.18656861604,11871.73367943804
A,Annual,MWI,Malawi,WB_WDI_NY_GDP_PCAP_CD,GDP per capita (current US$),USD,US dollars,_Z,Not Applicable,2,Two,WB_WDI,World Development Indicators (WDI),0,Units,WB_WDI,World Development Indicators (WDI),A,Normal value,PU,Public,,,,,,,,,,,,,,,,,,,,,287.4708224267295,276.4070627247165,253.3426979051326,252.4420746001224,239.7482896910296,216.0541361403914,217.8701899466004,207.6058947371795,229.4218439227284,252.1959074194297,286.7305989682694,325.7527310593097,258.3934308775571,293.0168830799217,169.1965269196394,200.3623700072472,320.6627355591374,366.9544612741043,236.0454794505039,233.9359861978729,224.2241591842804,215.4745248983569,428.2104398383979,383.3485968526416,404.6742484454283,414.3611219844747,440.822149023873,475.1802616593313,554.0488203961194,625.8697298696254,683.1246947167995,763.0610003945718,558.46208832772,496.9473682673129,529.5133440205997,539.605363240686,450.5061055107187,495.7696833671653,533.2031736867051,580.8898160667763,602.5074781761056,617.4475208024538,604.2697511845147,602.343619809252,508.3712735317081
A,Annual,MYS,Malaysia,WB_WDI_NY_GDP_PCAP_CD,GDP per capita (current US$),USD,US dollars,_Z,Not Applicable,2,Two,WB_WDI,World Development Indicators (WDI),0,Units,WB_WDI,World Development Indicators (WDI),A,Normal value,PU,Public,240.8474145545374,232.9437688183154,238.8363391807173,291.8000069938066,302.9339523452387,326.4360074430445,338.5701214544116,335.4256305829492,342.4447634172842,368.385655484736,379.6267642708489,407.1967279733101,472.3635094499588,700.7286260106032,847.806802570239,810.5709997012723,940.4377341416728,1091.70837095855,1326.887697983533,1679.877794199372,1886.123393238754,1866.102468317442,1937.749227258993,2124.292291062206,2299.808708162353,2045.574717721126,1759.731857367024,1977.129086620195,2099.954676567011,2243.60219599914,2468.690803201162,2679.201011067447,3141.433219876511,3461.995042141889,3757.652928586008,4363.144583330344,4837.168972507679,4678.563900581818,3294.309784440952,3527.815813792487,4083.528744836047,3943.799439102389,4184.031637735386,4465.321945672084,4939.248518544275,5555.581799512061,6158.407855332362,7168.930319425083,8371.82156086005,7191.43287234626,8899.34505544675,10217.10685850309,10600.57442400258,10713.64076388987,11013.31073344032,9648.679793752302,9476.534098099228,9862.548066122346,10901.80199544212,10920.19176397203,9957.526266976134,10903.11164259381,11748.09193079444,11379.08519235572,11867.25864354426
A,Annual,NAC,North America,WB_WDI_NY_GDP_PCAP_CD,GDP per capita (current US$),USD,US dollars,_Z,Not Applicable,2,Two,WB_WDI,World Development Indicators (WDI),0,Units,WB_WDI,World Development Indicators (WDI),A,Normal value,PU,Public,2935.349500604957,2988.812670757477,3153.793454578486,3282.590263026734,3480.195151201626,3729.649727825818,4040.724933850899,4228.288635495482,4577.138079666906,4907.307706543837,5130.464966588291,5506.319957353046,5999.162900396233,6642.717478048507,7209.110567185415,7775.529503667464,8615.910363957964,9403.39083487762,10427.5235353317,11518.75424833222,12441.49040838667,13820.19328050982,14247.34798630686,15341.78524709678,16808.91734010445,17838.58254460951,18625.65943970122,19679.33709079838,21180.34723517742,22652.66304587189,23653.50200586972,24094.13069165214,24974.74056308783,25772.07243709732,26931.65092829002,27897.93460771393,29112.24514369214,30518.06376943452,31691.94532651263,33320.9315858675,35151.37418652714,35831.45447241329,36652.00312785095,38395.54529697293,40788.4830356565,43368.57170445749,45741.25142684995,47727.77338111933,48398.372260079,46581.41233133239,48545.79435947286,50251.99272935559,51812.88573344559,53240.40421170379,54742.83204268009,55534.45702915745,56416.78502350918,58555.88978104266,61228.19582732204,63306.79998079774,62262.64240983799,69412.91375123026,75613.45071465858,79326.90765995708,82406.47886648688
A,Annual,NAM,Namibia,WB_WDI_NY_GDP_PCAP_CD,GDP per capita (current US$),USD,US dollars,_Z,Not Applicable,2,Two,WB_WDI,World Development Indicators (WDI),0,Units,WB_WDI,World Development Indicators (WDI),A,Normal value,PU,Public,,,,,,,,,,,,,,,,,,,,,2467.807655044386,2266.910406076727,2097.093409464606,2214.338631157153,1830.469205540973,1466.179243537319,1599.39785666132,1969.423649823723,2062.579975828837,1966.827028192518,2037.475893597782,2116.905525162141,2346.862429637409,2154.964736554347,2355.904456731535,2483.203534151607,2423.398290731301,2459.645117639355,2235.245154686255,2177.787333700919,2156.675905127136,1915.589265948749,1772.075655374934,2569.247393178826,3403.154961929546,3685.772999915872,4017.183471692802,4379.043136827322,4204.785554227491,4302.913741483761,5418.216333658139,5834.791767579403,5942.646809786729,5346.621311499674,5378.323262412051,4774.106508657753,4395.687761623764,5143.960723230756,5308.608134087051,4731.921031883102,3878.589829939662,4412.835569305204,4349.799084933142,4187.605003507864,4413.127441864595
A,Annual,NCL,New Caledonia,WB_WDI_NY_GDP_PCAP_CD,GDP per capita (current US$),USD,US dollars,_Z,Not Applicable,2,Two,WB_WDI,World Development Indicators (WDI),0,Units,WB_WDI,World Development Indicators (WDI),A,Normal value,PU,Public,,,,,,1713.140893135984,1713.697938271367,1826.171479493857,2124.458183268402,2509.40725556196,3281.710695932721,3615.154291961296,4225.838162732412,4318.138311602647,4848.944698387897,5940.930325473519,5618.325732733267,5792.710368387945,5779.036339131188,7069.544214442948,7892.722129118463,6422.066381066757,5912.378806189716,5315.109340871612,5051.726358417934,5334.828398324553,7374.685470458021,8983.357087248745,12301.19231907018,12701.82898773334,14334.68073721764,14642.51797137216,15713.71985621583,14787.21650751833,15534.30932789239,18107.88807780222,17592.05027458454,15704.95934835367,16614.59788121785,16692.68351191892,15329.72972000578,14482.36062636025,16104.55204068187,20768.10614888481,24475.64885470371,25528.29183534443,28193.25375733869,35177.65352614477,35723.90331949466,33836.49408047197,35798.90847578292,38835.94018513848,35559.5672006157,36671.15667526206,37816.95585992946,30858.72370605329,30782.85444335143,32354.71028329008,34902.89687800308,33411.33588356718,33270.33059763696,35311.5543551452,33516.36308590602,,
A,Annual,NER,Niger,WB_WDI_NY_GDP_PCAP_CD,GDP per capita (current US$),USD,US dollars,_Z,Not Applicable,2,Two,WB_WDI,World Development Indicators (WDI),0,Units,WB_WDI,World Development Indicators (WDI),A,Normal value,PU,Public,128.251201351162,134.6350942610081,143.1508241308337,153.3248825849194,148.0802691398549,166.2800558592353,168.5964854994146,155.3806205249444,145.6101459338027,138.2912097561822,139.7587500186501,145.2137836115914,151.4379477473177,187.8543996700452,198.2891653108904,197.2328730084044,194.7895705935831,229.8084176250063,306.8280224820474,354.1697308696491,408.8227797554706,343.3868007067379,309.7950623454715,268.7725807481308,211.4688073406995,202.372740665362,259.5618941518658,295.3262539332984,292.5878784844892,271.2665579311334,423.887460599302,384.4431167992201,384.0296573043157,335.4295819023835,206.2146171358558,237.0199895686205,239.4945132139727,220.562957209,246.0908559230259,228.2716561160643,194.7719598989347,205.4179361209311,225.2943911474382,265.2253634524692,283.4682817982956,318.6431219182733,333.3450784194467,387.1680658833007,475.0449553981623,461.1315339614871,474.4256923408307,510.7595617626796,528.5101044696552,552.1033343631171,565.3098973117496,485.6625741752788,502.7064754064456,521.8041300234345,578.5680356808915,561.6913043496979,579.5124957582361,608.722439593808,609.7451476616831,638.3360807232988,722.7486503262572
A,Annual,NGA,Nigeria,WB_WDI_NY_GDP_PCAP_CD,GDP per capita (current US$),USD,US dollars,_Z,Not Applicable,2,Two,WB_WDI,World Development Indicators (WDI),0,Units,WB_WDI,World Development Indicators (WDI),A,Normal value,PU,Public,93.13700904244176,97.1375281143562,104.532495533943,107.6757413589439,113.2973456718751,117.2872268247344,124.3824401762526,99.50149066046966,97.33720812559643,121.4366633076971,224.4629359959502,160.4792558411128,209.4547762943445,252.3690324528678,402.8369997826852,438.0788139167954,556.3896877198777,535.9653078173286,526.8958529284758,660.9940408642932,870.3599346820567,2162.209954360747,1821.532654823869,1207.073745653486,890.4341063323023,868.6405405488935,628.2484537185358,587.9566134340895,539.5394683971656,465.4880895321879,556.3764491309016,596.9387957107224,508.5159056827852,539.5732022975423,744.8842471513773,1271.616173531988,1632.724693702759,1720.275409493957,1822.469984524733,480.6693639418046,547.3182989033786,566.4282318129331,712.1648520776855,763.3887453672226,962.48104194733,1211.377035043862,1599.538915563649,1815.526975458268,2154.105435453643,1820.486338547819,2202.25672957344,2418.413169758746,2633.197346713614,2872.790833793982,3088.721313161693,2585.733606717974,2070.412733959496,1876.34027111773,2057.879445540106,2265.155208630557,2019.65706326224,2017.274864815266,2139.374784769735,1596.63696129001,806.9456950552443
A,Annual,NIC,Nicaragua,WB_WDI_NY_GDP_PCAP_CD,GDP per capita (current US$),USD,US dollars,_Z,Not Applicable,2,Two,WB_WDI,World Development Indicators (WDI),0,Units,WB_WDI,World Development Indicators (WDI),A,Normal value,PU,Public,127.483812082529,132.943507152279,142.3035235514207,152.4614983165541,172.6813563382398,272.2512631631631,283.9995932658886,297.9460659084734,304.4419653314905,319.366650327118,321.3161590069706,331.4511829725681,341.3807723919764,412.5274942047143,556.8661224653907,561.4596953502077,632.5737783880058,744.1853204403221,690.7412616962987,495.3665974192205,659.2971431216478,739.6716557102146,713.7778090663575,779.852730684977,861.428649767358,724.0564253472877,760.5905590927604,992.0240664159352,662.3081966211665,249.1554740690115,242.5083906008222,349.514318640612,411.4733306617863,394.3780740210711,849.1793313648951,891.7793523099956,910.8616459172948,912.7574297885328,949.1553734947704,980.2197446752456,1017.312443488204,1051.874235890996,1014.333904259097,1021.352166687938,1098.621186623352,1183.302140101751,1248.173715777879,1350.381457533766,1523.684370864089,1467.082880528449,1526.567069514084,1679.71192084633,1784.698360175548,1835.439963637147,1958.370475795471,2074.456206347306,2131.687048283223,2182.61380995674,2035.165493905072,1958.620515280954,1938.447047543815,2138.385884694495,2322.890539645831,2609.444920729308,2847.53966339498
A,Annual,NLD,Netherlands,WB_WDI_NY_GDP_PCAP_CD,GDP per capita (current US$),USD,US dollars,_Z,Not Applicable,2,Two,WB_WDI,World Development Indicators (WDI),0,Units,WB_WDI,World Development Indicators (WDI),A,Normal value,PU,Public,1156.385977277669,1254.420282621309,1342.368271870151,1436.887260839343,1668.330861146974,1848.098015324274,1986.2702443166,2154.579697430458,2364.359419266296,2646.845817668247,2931.380780265255,3383.58715579996,4110.491645519477,5353.442651549807,6450.457702364927,7346.304747686197,7937.352467139982,9180.299184617716,11195.84248729591,12817.37901534008,13812.16000981912,11537.40268650921,11088.95431508848,10696.07749586819,9991.843776556509,9940.73843593795,13804.13606032653,16734.15140523157,17770.61623763876,17423.29615855233,21322.19448027035,21764.21449872583,23939.21734821084,23156.44044445681,24682.58667428631,29301.19404923763,29063.62365325361,26744.96013180972,27924.28180899401,28318.74665383569,26225.16977341492,26955.71280322782,29446.53308728684,35896.75046307055,40611.34143530906,42165.39616838797,45123.54324064257,52100.79962859473,58246.70269058744,53172.02615814183,51305.73385339734,54701.77280306112,50473.94420026887,52602.28605207657,53457.22348643223,45793.81354346971,46808.52914925029,49513.6817346384,53955.07700242659,53554.90074914751,53467.92774137373,60141.98809114923,59123.31855648699,64572.00595588537,68218.72610194064
A,Annual,NOR,Norway,WB_WDI_NY_GDP_PCAP_CD,GDP per capita (current US$),USD,US dollars,_Z,Not Applicable,2,Two,WB_WDI,World Development Indicators (WDI),0,Units,WB_WDI,World Development Indicators (WDI),A,Normal value,PU,Public,1451.285077989396,1570.638043747188,1678.267256539915,1787.31853394909,1950.693242229307,2178.775081118079,2332.510598660979,2530.66057799458,2679.713004381892,2894.239982366806,3306.219476077693,3736.348737499914,4413.575691685282,5689.588806696703,6811.527336532321,8204.451511529785,8927.201627344768,10266.1206718698,11462.59459160534,13046.53722106533,15772.24090738139,15512.50670435746,15224.89391009816,14927.51747663394,14989.48576659057,15753.55276521288,18883.23335238727,22505.86226236839,24207.28146896301,24281.13040513956,28242.98140282198,28596.93300364437,30523.98505589745,27963.69790957439,29315.80923377322,34875.70433475359,37321.97419934726,36629.03090366214,34803.46340587382,36393.29274710878,38178.23687770755,38601.897639231,43170.55717449903,50250.3298214345,57768.69809584616,67047.17045582643,74434.49968356708,85502.26770877308,97503.54078037836,80347.57006651835,88163.2085931423,101221.813476644,102175.9192983737,103553.8401344168,97666.69518387492,74809.96580498976,70867.36099707492,76131.83840327642,82792.84271133045,76430.58894733385,68340.01810337017,93072.89251195708,109269.5205802976,87497.32892973417,86809.72468974315
A,Annual,NPL,Nepal,WB_WDI_NY_GDP_PCAP_CD,GDP per capita (current US$),USD,US dollars,_Z,Not Applicable,2,Two,WB_WDI,World Development Indicators (WDI),0,Units,WB_WDI,World Development Indicators (WDI),A,Normal value,PU,Public,50.21252337495866,51.55448207475853,54.56560893296704,46.31466297406283,45.32075731516302,65.80506904241366,79.48417865163098,72.25560336857598,64.85924192478386,64.81791994632864,69.63348972973036,69.45407040964935,78.84291284223697,73.22668352678005,89.76374555916261,113.6056451727459,102.4703732517745,95.34335574265432,108.0994250528365,121.8682097491495,125.1143474780973,142.9168988078427,146.9766629337487,146.6329530862542,151.0781871159387,149.9004534188819,159.5456828060438,162.0369068989132,187.0847776219752,184.9754164572507,185.7946004499034,195.7166214104618,165.0295941272605,172.8052025797666,187.2581762461509,197.8430013303259,198.821907435345,211.8348695891527,205.0752463060687,208.6466679137428,223.8302891830779,240.7951145446641,238.89140296106,246.4297065876329,279.5877500444283,309.0241683393721,340.4317964379677,385.4497676606421,464.8173918915294,473.0787511986214,585.2784919845743,785.518656222132,788.2029371483766,803.2695954204771,821.455224911731,875.5436354748624,877.2564546967368,1034.283749068464,1179.198431903892,1203.142947064013,1154.215175783182,1252.750767319858,1385.910662748508,1382.330557693036,1447.310044584281
A,Annual,NRU,Nauru,WB_WDI_NY_GDP_PCAP_CD,GDP per capita (current US$),USD,US dollars,_Z,Not Applicable,2,Two,WB_WDI,World Development Indicators (WDI),0,Units,WB_WDI,World Development Indicators (WDI),A,Normal value,PU,Public,,,,,,,,,,,2618.534459377246,2811.2146269153,3190.585538988371,3863.940690957289,5199.264975047663,5740.19978696317,5703.203171407651,5646.335580966102,5721.31368927221,5949.562162336804,6137.681296114954,6593.906951887166,6576.833640470273,5895.702668110752,5653.961000200283,4858.933517458254,4568.678876534907,4484.508145869511,5011.580314846111,5722.767421974202,5775.55347423089,5333.379548896264,5102.596859139067,4310.244332986227,3920.53972987914,3932.091093920902,3678.562428946336,3661.028467013268,2908.849865254278,2682.694866800457,2648.601528609383,2232.308740267263,2084.648245209707,2463.282590780788,3040.513498890001,3013.517781518552,2908.473860333223,2302.257829911749,3715.148899362566,4395.464252109142,4723.917082586793,6480.904513395973,9817.368722160045,8974.518868744333,9193.097844472371,7703.431499439229,8724.307002550191,9613.412090825752,11408.6947593898,10776.82846103157,10695.69933016012,14989.66474507507,12896.43410464811,12754.18675665848,13421.83305846379
A,Annual,NZL,New Zealand,WB_WDI_NY_GDP_PCAP_CD,GDP per capita (current US$),USD,US dollars,_Z,Not Applicable,2,Two,WB_WDI,World Development Indicators (WDI),0,Units,WB_WDI,World Development Indicators (WDI),A,Normal value,PU,Public,2334.133721433199,2364.753839000974,2471.055008951114,2646.236529377624,2839.315546924531,2170.998097776507,2211.382224064649,2208.442137620219,1902.421824268832,2096.926467293007,2311.027619790128,2772.918596939596,3294.648942683036,4323.196534586552,4610.570426340132,4171.769739674754,4373.840997912308,4950.588205389275,5936.985260364228,6668.138666224702,7467.16803773805,7813.887543360674,7656.475732389627,7598.312038750064,6713.760131041543,7600.56524172937,9427.55394035348,12330.91683054831,13759.15562959216,13312.38558581127,13663.02161842979,12230.0734548834,11793.13924162137,13094.34545026389,15280.31278429224,17400.42018481721,18794.43603939305,17474.18702972395,14738.44557039182,15322.22383402669,13641.10271838223,13882.8568268586,16874.18749181956,21913.70817199608,25420.23488294401,27751.06547088586,26654.59320189852,32479.98173814667,31324.73979771024,28276.72554162253,33761.90096399468,38431.77667884989,40053.69915363686,43000.4646849189,44618.26697384698,38665.37230181578,40113.71953824275,42950.38417111379,43257.07692388786,42779.22981641014,41850.92032801996,49689.49813451896,48760.03819359356,48654.90422747796,48747.01368530416
A,Annual,OED,OECD members,WB_WDI_NY_GDP_PCAP_CD,GDP per capita (current US$),USD,US dollars,_Z,Not Applicable,2,Two,WB_WDI,World Development Indicators (WDI),0,Units,WB_WDI,World Development Indicators (WDI),A,Normal value,PU,Public,1311.370450405907,1379.679071666793,1471.839642691869,1562.9809857922,1687.383687315043,1809.565133021577,1956.071050936411,2065.885535067316,2215.304541981003,2412.85279654283,2612.868378039946,2857.033409597981,3280.676647409731,3927.683030221587,4358.486289997151,4833.32020405663,5187.973679336232,5796.025388009194,6910.908598087313,7903.356886026038,8696.385082282633,8775.386389965443,8566.056400011923,8781.555429746413,9106.131085543631,9510.841797356286,11435.5069698687,13138.73440616364,14693.57107278285,15241.27958113916,17011.41352684257,17839.53882231496,19011.45286562813,19133.09728467879,20283.25562387716,22178.78509584161,22192.55128259684,21688.95621276094,21752.911469375,22687.66140450283,23025.78752420601,22648.44598555095,23456.16415539848,26045.49670634534,28790.077147912,30235.20408344753,31673.81219245758,34431.43284037412,36277.49360113947,33699.06455904071,35109.15374255294,37574.56018588641,37293.6070680492,37604.10105768363,38158.00621491025,35772.53213744491,36235.99882506374,37617.86310468858,39539.18611512874,39718.01361475647,38704.97730913429,43149.60724844621,44046.42624559802,46672.51399167617,48454.69754006734
A,Annual,OMN,Oman,WB_WDI_NY_GDP_PCAP_CD,GDP per capita (current US$),USD,US dollars,_Z,Not Applicable,2,Two,WB_WDI,World Development Indicators (WDI),0,Units,WB_WDI,World Development Indicators (WDI),A,Normal value,PU,Public,83.3853105243323,84.53116463697155,102.3258898630482,106.8293119594552,108.0597470713694,108.127276326149,113.1588514706162,174.7084424224476,300.3823944989025,371.9456772906116,386.7927128390234,441.9353844232558,523.6757266309982,669.8295299952123,2203.405913469861,2691.99653514052,3142.527178366453,3204.869729580608,3043.751210361288,3933.505108571049,5974.304346114672,6865.58482819779,6759.298702939069,6714.191259106989,7070.072958048849,7548.69588410284,5181.879802905613,5203.999940658388,5279.104114371829,5591.227238475582,7545.703052304412,6977.328592234504,7317.788158381663,7038.930158773602,7068.389969790728,7414.302792041086,8068.000767846118,8234.64063759005,7219.029324320252,7915.441693805335,9753.847551854038,9611.963601910536,9869.130502194375,10463.54258321412,11800.85074111713,14434.85779246471,16930.85650718528,18792.65377248198,26576.77924150898,20655.91802492185,23570.17981473248,25188.00741518851,24642.29787685956,23458.02338400529,23160.65022525467,18808.30779218389,17110.18974605448,17820.06618093345,19901.76156420162,19180.18641528015,16784.86306300576,19403.4600160211,23223.58294059346,20972.48308866368,20248.41681246077
A,Annual,OSS,Other small states,WB_WDI_NY_GDP_PCAP_CD,GDP per capita (current US$),USD,US dollars,_Z,Not Applicable,2,Two,WB_WDI,World Development Indicators (WDI),0,Units,WB_WDI,World Development Indicators (WDI),A,Normal value,PU,Public,,,,,,,,,,,,,,,,1100.535644438382,1255.763586893091,1512.102131672284,1721.543388876847,2225.153029697869,3266.117627547582,2993.032983896915,2819.455471889542,2546.494521266277,2473.37234592565,2367.591330341731,2314.987545713136,2839.712172903593,3001.858875244507,3008.844025849665,3547.635933537629,3649.466687576871,3923.869328059704,3741.300420214122,3927.057490844928,4632.967281255402,4711.511651287181,4663.400335075998,4622.042961580612,4817.465754043665,4841.121925389016,4776.62850980299,5136.076431306259,6303.260234296246,7412.850356078183,8212.84224459687,9025.35597950548,10725.39963901435,11492.33526348788,9798.296877245926,10129.00112426254,11452.41971588943,11066.66112260597,11402.96920881156,11654.51636852773,10334.09870060053,10776.87092046999,11912.47635559559,12980.3425379993,12871.16576220006,11728.95245192745,13671.45654898299,14298.10282140278,15151.4664915358,15867.67335159915
A,Annual,PAK,Pakistan,WB_WDI_NY_GDP_PCAP_CD,GDP per capita (current US$),USD,US dollars,_Z,Not Applicable,2,Two,WB_WDI,World Development Indicators (WDI),0,Units,WB_WDI,World Development Indicators (WDI),A,Normal value,PU,Public,82.02410000719124,87.77782469661811,89.50395257534132,93.65087286134631,102.45976384531,113.5672064145957,122.2293537547131,135.1904749429683,141.5583064593456,148.528512990071,166.6620619583894,172.453662202274,148.073976270617,97.51364259282428,132.0051566072929,161.6817748995185,183.8597334223473,204.6777626493673,233.4179916140895,249.229389957057,287.4487072700219,327.5050699617449,344.8897924669947,311.0983613567025,327.3456251522911,317.0634993864322,313.9463240439057,317.2386741611099,353.8545427854899,357.5957961050069,344.4554738418897,380.019843346229,395.6772085959304,407.8881406884656,399.9559275613518,450.5502793462062,456.9969618329429,438.0309426801528,424.453697798497,418.2492570553673,642.3383464998977,609.9395069050735,599.9373457239274,672.44178669894,771.9022473489538,827.6198611899258,900.8735649848084,998.090114197524,1067.043245652837,963.7880663952247,987.3045711244854,1131.735138343238,1204.364754915847,1225.434011919803,1266.613408499593,1380.470208383172,1424.691611958974,1519.234595142478,1569.338146263549,1390.416909817447,1278.397352068955,1455.31922370186,1538.3228133171,1365.169274109758,1484.749858647752
A,Annual,PAN,Panama,WB_WDI_NY_GDP_PCAP_CD,GDP per capita (current US$),USD,US dollars,_Z,Not Applicable,2,Two,WB_WDI,World Development Indicators (WDI),0,Units,WB_WDI,World Development Indicators (WDI),A,Normal value,PU,Public,477.0379350002887,516.4598618810729,545.5704462725289,586.6166879307602,611.100612960754,651.3313748486249,688.8469787627894,744.8909283119742,778.4766416663227,830.3197528564416,892.8908774874923,979.3302533736996,1046.063412228242,1164.327458340685,1296.447593081687,1405.748997482667,1456.500097077271,1503.265034094721,1738.487636840805,1937.981075063613,2357.091319997507,2605.45529924397,2811.406437064111,2819.351284513965,2874.948321122271,2972.180706660639,3019.481505335747,2966.009678666534,2508.782292778794,2462.110224559243,2620.138272662744,2820.545476654181,3139.899528995805,3358.414117400527,3508.195700692178,3513.89737854631,3308.184295742758,3545.976708810781,3807.838691820144,3950.34145012809,3975.093086595032,3991.776707692398,4090.586173971286,4264.664288466355,4644.565823530407,5017.741092282403,5528.767054693537,6317.817302741244,7347.59050324397,7796.926170350476,8331.464213518679,9662.295922166071,11064.80636062029,12273.32250376373,13213.19896374734,14082.65485027279,14832.3611608191,15694.62974542947,16151.32734784758,16477.90662856873,13290.56083475941,15509.80691097838,17332.43607429877,18686.40509612652,19102.85219363993
A,Annual,PER,Peru,WB_WDI_NY_GDP_PCAP_CD,GDP per capita (current US$),USD,US dollars,_Z,Not Applicable,2,Two,WB_WDI,World Development Indicators (WDI),0,Units,WB_WDI,World Development Indicators (WDI),A,Normal value,PU,Public,252.7967826750337,276.6414001320025,304.5378175198433,324.1074046728369,380.9654574658661,438.9907969693029,504.8259485424193,497.5847562569896,447.9917971909495,487.6603185755469,550.4846094425446,599.0419676156166,646.6796866549923,753.9245811619988,926.5799504771696,1104.161330012873,1026.414385429282,902.8609010255092,756.3473067619107,942.176901705359,1044.691654685752,1216.273502231346,1194.450006185621,927.2586569338522,917.8962746831452,767.4358875440704,1086.609137553823,1792.300702383615,733.2997848746566,1044.907257848472,1199.666667566151,1527.388794728656,1567.409107651284,1487.674043141753,1879.366577579185,2189.534315153114,2226.916824292651,2300.672007744614,2156.393776516134,1916.533973679075,1945.413384516983,1929.572730388463,2007.370196267527,2129.441141976342,2397.251472777139,2706.669472976084,3129.559964969821,3581.089308191696,4197.584446341415,4181.187554622526,5072.114940196154,5861.357936452448,6519.378529815272,6746.800256966015,6667.134103608605,6231.711503388939,6217.03599995447,6736.16693725487,6978.491215486268,7037.008036926039,6133.325524101831,6826.20255614477,7350.630343004173,7887.54185920108,8452.371670475985
A,Annual,PHL,Philippines,WB_WDI_NY_GDP_PCAP_CD,GDP per capita (current US$),USD,US dollars,_Z,Not Applicable,2,Two,WB_WDI,World Development Indicators (WDI),0,Units,WB_WDI,World Development Indicators (WDI),A,Normal value,PU,Public,269.4651464747943,283.7947411923693,166.6892213573768,179.4644340452957,188.1537835821132,199.7635753760625,213.8495860208431,223.1247663326588,242.2320676278144,261.0908903694134,200.9216556450366,217.4290550933431,230.0976113140444,283.2285927331262,379.0681812076022,400.6388830909519,448.6200845044839,502.2342428834595,565.2674870535976,666.9563867716722,766.9694511462094,821.293256858092,832.5362002580545,723.4304971380162,665.0423493440426,633.211065310196,600.0028439354619,649.8128575906072,722.3437184542465,791.8643244258333,803.5725882558125,804.3233305305467,916.5156945320286,918.6429537969613,1059.9838951587,1199.841714149928,1311.092494038655,1273.27604875636,982.865943728564,1101.435159753185,1050.792731079523,969.5306117444528,1014.908793201062,1027.230119284296,1099.630130237584,1220.460185598673,1426.146491795462,1712.655432827928,1959.292335349778,1864.450434064713,2162.91375885614,2383.91892522087,2614.616444013082,2781.279576773972,2866.838037614072,2909.858180103006,2985.195640240464,3038.121249592892,3168.510366097269,3400.789497670743,3227.579102351993,3484.385938828189,3548.069305721156,3804.082741310969,3984.831538765602
A,Annual,PLW,Palau,WB_WDI_NY_GDP_PCAP_CD,GDP per capita (current US$),USD,US dollars,_Z,Not Applicable,2,Two,WB_WDI,World Development Indicators (WDI),0,Units,WB_WDI,World Development Indicators (WDI),A,Normal value,PU,Public,,,,,,,,,,,1017.157019704434,1080.608385066757,1144.53616532721,1221.469805608668,1328.033341215417,1463.541050967997,1616.480393713288,1781.086147704591,1971.86615755627,2188.883115830429,2422.626843778013,2638.815836155459,2838.158421301402,3049.479471013378,3360.14538501912,3728.129529514903,4143.562036508842,4616.290288823776,5145.00614544213,5741.086851789896,6402.929615308998,6824.343537850646,6552.711238976796,5891.503786953335,6329.069767441861,7038.005234079675,7788.297269740568,7944.599072233267,8047.916216799827,7629.569864028358,7797.257273959745,8239.63931376602,8340.537353227708,7862.042830255862,8395.136226034308,9639.658913164136,9885.147756851937,10408.43435913377,10582.73975485296,10155.43321396119,10229.08784518374,11000.87952207103,12145.36448072052,12768.90865820489,13726.02314422805,15690.75970737198,16762.57234365342,16034.13429148888,16197.7265072415,15841.19563995955,14556.58723021583,13257.20632064331,14392.20113745143,15899.42460653241,
A,Annual,PNG,Papua New Guinea,WB_WDI_NY_GDP_PCAP_CD,GDP per capita (current US$),USD,US dollars,_Z,Not Applicable,2,Two,WB_WDI,World Development Indicators (WDI),0,Units,WB_WDI,World Development Indicators (WDI),A,Normal value,PU,Public,115.5304904889284,119.6563259138491,124.7345488480914,128.8741650951944,139.5186038865012,153.9372825487601,171.0545585691018,188.9720366080589,202.9377533947675,225.2882346723945,257.6472705808342,279.669733884528,326.720237042343,482.8162524214146,533.0886517749565,481.9503940205574,525.4332356006493,558.0150162497822,648.4901127816536,747.8009490829039,812.9646175789813,781.4125744628599,725.645992789394,768.636364904269,749.6370599267776,696.5748066363248,744.9085227429489,865.4685695633136,984.9935560164269,934.2464948543308,826.3171520828321,941.7077216165632,1050.707168925805,1151.283881166006,1228.243436387717,998.2299673761314,1071.041851502512,989.7215509653432,733.4798601376624,649.994719718763,635.9579190477252,537.8474596341313,506.3317895344825,577.4679223872586,620.5961476805612,744.4864899774326,1238.18282926706,1370.753415829,1624.793199351879,1568.831933686068,1866.868898512078,2288.375911412337,2635.087363154696,2560.774589763268,2723.175298251957,2484.5963398603,2316.394797584923,2477.765309863235,2566.368337350406,2575.772741403927,2429.611345852686,2607.57861874444,3102.289685940608,2966.068304320546,3076.48786186584
A,Annual,POL,Poland,WB_WDI_NY_GDP_PCAP_CD,GDP per capita (current US$),USD,US dollars,_Z,Not Applicable,2,Two,WB_WDI,World Development Indicators (WDI),0,Units,WB_WDI,World Development Indicators (WDI),A,Normal value,PU,Public,,,,,,,,,,,,,,,,,,,,,,,,,,,,,,,1731.209509438204,2235.541088625215,2459.020684682533,2497.130559361271,2874.83163555069,3700.959567751443,4163.511954319591,4137.008318231452,4533.535655178098,4415.500675478264,4520.641004491105,5015.237900366129,5223.451789670818,5720.81366178104,6711.72715262967,8043.923322537572,9068.855283076273,11272.52936833831,14048.56046726539,11556.30268660262,12567.73176763815,13867.66694081915,13087.42094332095,13621.90237940309,14262.28419141159,12637.52203244061,12464.01210448273,13913.34151901244,15658.21058669296,15874.52205312538,16150.92910097257,18635.50888125089,18891.21352939597,22145.26430889086,25022.67164459534
A,Annual,PRE,Pre-demographic dividend,WB_WDI_NY_GDP_PCAP_CD,GDP per capita (current US$),USD,US dollars,_Z,Not Applicable,2,Two,WB_WDI,World Development Indicators (WDI),0,Units,WB_WDI,World Development Indicators (WDI),A,Normal value,PU,Public,129.0055864451324,130.6726791488807,139.7685549851023,157.6964653178164,145.5970397484463,156.4448262025473,166.7645831922882,154.662599940166,162.5244038217906,178.0722018826682,195.3655154397742,188.1307871832901,215.2430050184672,258.0305853326569,345.7149594697499,382.6955116478861,434.8532429632873,466.3501061659274,513.299137352679,614.1547655251923,734.6342225218966,980.4332945836812,906.7462279319732,731.7406996318983,664.8670964372889,670.2708278885283,565.2799002327064,591.7733302008431,603.1631619908405,593.5857414532185,938.7406831716088,517.0180434686155,390.7594107085923,395.9205455593115,399.9099172143015,570.6785445949897,673.1856616352932,719.300540456959,739.664539851467,447.7288812830216,502.6648676586188,464.8996277438472,519.001665642262,548.7155607685098,666.4009573256823,808.6044759110472,987.5371356355516,1160.619251117645,1405.724824606307,1237.384611081852,1403.062568756613,1578.498283164795,1666.734155815416,1773.263420953964,1824.364908073625,1508.887720647344,1307.18884005457,1327.757462850888,1439.933708703269,1476.621873296905,1320.709111111189,1412.709089209029,1577.716271235271,1416.333530409514,1290.200001265082
A,Annual,PRI,Puerto Rico,WB_WDI_NY_GDP_PCAP_CD,GDP per capita (current US$),USD,US dollars,_Z,Not Applicable,2,Two,WB_WDI,World Development Indicators (WDI),0,Units,WB_WDI,World Development Indicators (WDI),A,Normal value,PU,Public,717.5148430873621,777.2150274073414,854.7448049684898,931.751665981242,1006.434446094972,1110.832690824981,1207.811824403475,1335.274111625242,1480.693176422505,1661.866885233687,1852.354672553348,2044.319905582165,2246.476713511303,2432.41421904928,2614.500940530378,2738.243152972611,2946.46195251152,3208.771356141277,3567.7526290007,4024.509420192873,4502.838427947599,4920.722936748586,5115.008514233461,5217.722728560392,5730.117008902006,6008.054486230382,6455.184461076141,6980.490143382192,7595.444656118286,8033.089441330424,8652.50749222505,9064.018517114857,9659.338899959164,10212.27676305636,10876.41882398978,11579.18499699845,12173.16368898596,12817.64496213522,14304.40498680146,15220.99134202666,16192.12697196377,18123.19870199179,18731.45938973785,19557.12024923584,20988.9923326534,21959.32269698605,22935.94115863129,23664.88234850958,24898.33458570446,25768.72588833845,26414.88106345475,27170.07665432775,27742.02447661801,28212.04997374311,28576.09880232088,29242.04146508496,29978.08892689183,30328.48711328041,30679.91819344879,31830.52849933584,31427.11307628314,32619.07046011737,35353.68215700139,36948.40364168461,39285.01745858561
A,Annual,PRT,Portugal,WB_WDI_NY_GDP_PCAP_CD,GDP per capita (current US$),USD,US dollars,_Z,Not Applicable,2,Two,WB_WDI,World Development Indicators (WDI),0,Units,WB_WDI,World Development Indicators (WDI),A,Normal value,PU,Public,376.9764302508744,400.2231620578265,426.4943362982296,452.2802916182134,490.2073858562887,544.7196198757605,601.2892222618756,676.3866698871183,751.947085624465,832.1306821072445,934.0821560961168,1064.53771257341,1302.266267739296,1747.989040602659,2000.418245746823,2127.637507259303,2173.283934259753,2267.371003194784,2457.313216445991,2755.624617700803,3368.366669402794,3245.975213677476,3079.94956634271,2735.491065800466,2522.74747620658,2705.193001973171,3861.948433368805,4803.86609546941,5623.696999821233,6056.381027718889,7884.617987563318,8958.985333024697,10810.56650796256,9534.656363730795,9977.319909057707,11781.36185022205,12185.09140106294,11575.50711243583,12199.20638502403,12475.2917701476,11526.37206679682,11734.7649743954,12936.6928204482,15797.78213402759,18064.15809329872,18780.12751241,19839.45404990321,22811.05648443652,24949.04135667393,23151.21541307117,22551.93509880897,23246.54254164811,20593.4274224109,21676.48596427139,22120.68501271075,19215.78130143468,19980.28088665157,21442.38427688791,23541.14010752886,23343.36289700343,22299.40440621731,24711.45100621109,24620.51955687504,27386.29205950238,28844.49792467989
A,Annual,PRY,Paraguay,WB_WDI_NY_GDP_PCAP_CD,GDP per capita (current US$),USD,US dollars,_Z,Not Applicable,2,Two,WB_WDI,World Development Indicators (WDI),0,Units,WB_WDI,World Development Indicators (WDI),A,Normal value,PU,Public,153.3752167581094,167.0928274959506,182.8051941323748,189.8724234892678,196.9733557741771,208.729579506696,213.9476083994413,220.9309097578752,226.8019781232899,238.2422084502434,248.9967082090793,272.0824407455971,307.6305162284455,388.7122598130594,507.87047971714,561.5223962868232,615.8250499342176,739.8344940965299,882.9319193414419,1148.895273176368,1456.844069188026,1792.614961293991,1679.818437390333,1709.804840095014,1319.234467666527,934.9919818066944,1031.156237810622,1068.953802873355,1113.894068631377,1211.296343339641,1440.158296100294,1685.268900826209,1682.674447776108,1661.709553062175,1760.288070832916,1978.715140995749,2088.171091022356,2078.508413138239,1889.88455618586,1766.306572882587,1736.11729210765,1637.686151229318,1367.765069359971,1443.998852362052,1786.215339385431,1970.87169852378,2439.43124694576,3211.936216595464,4384.954694379298,3941.84815479271,4750.962736693221,5805.401545430437,5642.169916729802,6435.683427331823,6652.254789422911,5879.337923086712,5775.159633994601,6152.267115377034,6258.449916409537,5821.181995486371,5365.472207211913,5976.931797899601,6205.625953793703,6299.990265336433,6416.097090029169
A,Annual,PSE,West Bank and Gaza,WB_WDI_NY_GDP_PCAP_CD,GDP per capita (current US$),USD,US dollars,_Z,Not Applicable,2,Two,WB_WDI,World Development Indicators (WDI),0,Units,WB_WDI,World Development Indicators (WDI),A,Normal value,PU,Public,,,,,,,,,,,,,,,,,,,,,,,,,,,,,,,,,,,1201.581542138818,1326.562857371459,1317.466751313854,1389.164971376507,1465.046056858683,1499.492176570189,1476.171850002378,1335.55319529359,1156.217473457691,1257.698570096885,1422.190886435442,1543.701413927736,1570.104399627283,1664.245716692765,2035.202341217664,2191.781787368677,2557.075623566985,2880.798437079093,3067.438727356144,3315.297539092817,3352.112595060428,3272.154323607079,3527.613824131779,3620.360487159371,3562.330942702557,3656.858271370109,3233.568638358584,3678.63565662194,3799.95527015163,3455.028529117122,2592.30591217647
A,Annual,PSS,Pacific island small states,WB_WDI_NY_GDP_PCAP_CD,GDP per capita (current US$),USD,US dollars,_Z,Not Applicable,2,Two,WB_WDI,World Development Indicators (WDI),0,Units,WB_WDI,World Development Indicators (WDI),A,Normal value,PU,Public,,,,,,,,,,,358.6873311753617,395.8100127649125,460.1838437099427,604.3209101894437,804.4361690345467,872.1398318930692,854.424460640589,879.5238055665071,986.17530347436,1162.210120544797,1299.84947305632,1314.595530139663,1265.722565986486,1185.336570659567,1219.060379717041,1145.730229242716,1222.707074565862,1173.873103595142,1188.983907964488,1219.294707931718,1343.27719993773,1404.20977100088,1519.648248976573,1573.635255760826,1818.225090659821,1948.765867850682,2061.836951124427,2037.026074599928,1729.290698966642,1858.849670984759,1688.387673615946,1639.28207473882,1697.335606132958,1999.392433763362,2272.931629931322,2494.53419435975,2589.157280985382,2822.039708184837,2991.323492859717,2670.886099683152,2903.690511664342,3341.488320704968,3494.912424323145,3586.991152357944,3847.922230021386,3721.794651629993,3853.812730153795,4096.993537670882,4245.783626038258,4170.321209537026,3666.08926363725,3649.533887092985,3888.628680118393,4153.197066285175,4399.411053914074
A,Annual,PST,Post-demographic dividend,WB_WDI_NY_GDP_PCAP_CD,GDP per capita (current US$),USD,US dollars,_Z,Not Applicable,2,Two,WB_WDI,World Development Indicators (WDI),0,Units,WB_WDI,World Development Indicators (WDI),A,Normal value,PU,Public,1371.057185632069,1443.4153960488,1543.41730564695,1641.658029238179,1773.209918848523,1907.231613341927,2064.750390759385,2185.52579163579,2348.859014362516,2563.374995116913,2785.630111874194,3058.090320937182,3518.198748723427,4218.587502545983,4673.880024292483,5196.168196282632,5598.399237432849,6283.589270901854,7517.421618717694,8576.814048077513,9426.9217725708,9472.343573926715,9372.372450549943,9671.656724962828,10052.57952245087,10528.80138984839,12802.18512674047,14760.05943042312,16531.67052351602,17156.82177211828,19124.54101234007,20028.00547223753,21339.11770312657,21354.99384700113,22742.69158106232,25095.57806333177,25075.69138345945,24454.25877657957,24436.91865832735,25546.73088697897,25863.38157685885,25491.5748215839,26456.96865746957,29517.9859216064,32633.35996542531,34174.95756428455,35768.79387316117,38809.86916959164,40864.24266476141,38285.83849530276,39742.81206807189,42571.92287068412,42306.38822688136,42602.24158926352,43284.95196961817,40767.67320699885,41511.10887224666,43134.08647406136,45528.32681088685,45864.97046829697,44887.38351891486,50022.03892287865,51102.35626610774,53961.34181045199,55865.78653739762
A,Annual,PYF,French Polynesia,WB_WDI_NY_GDP_PCAP_CD,GDP per capita (current US$),USD,US dollars,_Z,Not Applicable,2,Two,WB_WDI,World Development Indicators (WDI),0,Units,WB_WDI,World Development Indicators (WDI),A,Normal value,PU,Public,,,,,,1838.576381297608,2171.35978202717,2150.615719354775,2440.834527732495,2206.353435558084,2228.190516205482,2516.982608392195,2678.187470883273,3425.442528900972,4273.167458143357,5149.937621917316,5302.061386057564,5573.604510542438,6848.951004261221,8016.365244036478,8438.726824473411,7645.183912674091,7416.307369446266,7477.034649245238,7511.321790703319,8002.084271649966,11913.82675384693,14061.38736989691,13952.83827825894,13682.84129397821,16293.18232944735,16414.81326968879,17554.37379370317,16469.77519836695,16806.05924911218,18850.31491859557,18475.72533294746,16423.02143086808,16759.71417025263,16532.90223437539,14978.32410466797,14640.9360062298,16004.05832921119,19582.89363953116,21764.2203208782,21984.19362307195,22330.86766590555,24888.17813373606,26592.02628357317,24434.21975552078,22494.80670618603,22831.51853485235,20846.54574783644,21955.63292640951,22258.63213842508,19166.95947619307,19690.07757345887,20826.93124921722,21925.61604393803,21582.58920468011,19966.48385038589,21982.9038942614,20738.64999716613,22774.14189887337,
A,Annual,QAT,Qatar,WB_WDI_NY_GDP_PCAP_CD,GDP per capita (current US$),USD,US dollars,_Z,Not Applicable,2,Two,WB_WDI,World Development Indicators (WDI),0,Units,WB_WDI,World Development Indicators (WDI),A,Normal value,PU,Public,,,,,,,,,,,2593.822963397523,2951.769414533004,3482.877835560997,4905.342650943293,13539.5587974924,13013.68380994958,15710.3208135683,16057.72527193843,16757.09824613275,21776.63817538333,28375.48525011129,29504.94038124721,24384.59385012282,19616.03203944177,19272.26160946028,16815.04196328348,13213.20936177691,13718.79115204766,14682.02184720042,15242.50689049606,16721.6207714589,15133.49693970686,16280.29388152733,14769.71933225222,14764.87713552217,15822.50907115535,17124.79208613563,20522.80129951792,17665.44084382218,20233.68468266428,27535.18294093405,25870.79918643144,27226.65935101168,31602.470865136,41035.50083801774,53949.67640911465,62582.44531387553,65954.3419525051,80781.4039187792,60785.73515516575,77387.3267885308,103261.5065393456,108470.378825036,103697.0083723728,95840.6310094498,68985.29469615073,61253.63754827974,63279.85569493315,71039.8490579352,66841.30134849194,51683.50543766771,71751.88312571691,88701.46335227301,80195.87465085486,76275.90767828333
A,Annual,ROU,Romania,WB_WDI_NY_GDP_PCAP_CD,GDP per capita (current US$),USD,US dollars,_Z,Not Applicable,2,Two,WB_WDI,World Development Indicators (WDI),0,Units,WB_WDI,World Development Indicators (WDI),A,Normal value,PU,Public,,,,,,,,,,,,,,,,,,,,,,,,,,,,1658.758738999948,1753.192856321981,1789.644555281129,1648.485229745424,1254.312442129798,1102.103784732465,1158.056327997125,1323.032377669268,1650.049223652008,1633.010643541172,1577.336560239743,1852.554969333904,1599.906228083388,1659.929049105278,1825.192993731835,2119.855096845543,2679.406260161544,3494.990564489553,4618.003508029132,5757.531273011785,8360.337759165957,10435.15612307872,8548.454340924196,8399.537423428405,9560.675527745803,8929.953662314741,9497.674116152371,10031.77107554039,8977.017481581965,9404.540058707147,10727.98220074259,12502.2624061935,12992.03261046737,13082.30065595539,14986.7854904274,15557.88262475836,18404.27308717039,20072.4079244042
A,Annual,RUS,Russian Federation,WB_WDI_NY_GDP_PCAP_CD,GDP per capita (current US$),USD,US dollars,_Z,Not Applicable,2,Two,WB_WDI,World Development Indicators (WDI),0,Units,WB_WDI,World Development Indicators (WDI),A,Normal value,PU,Public,,,,,,,,,,,,,,,,,,,,,,,,,,,,,3778.01977539063,3429.64990234375,3494.06323242188,3490.45239257813,3098.802734375,2930.67016601563,2662.10400390625,2665.77978515625,2643.92919921875,2737.57202148438,1834.86181640625,1330.75720214844,1771.59411621094,2100.3525390625,2377.52954101563,2975.123046875,4102.36474609375,5323.455078125,6920.19970703125,9101.2392578125,11635.2841796875,8562.82421875,10674.990234375,14305.33203125,15401.8515625,15941.4482421875,14055.47265625,9277.7138671875,8663.158203125,10658.9130859375,11211.8876953125,11447.701171875,10108.3271484375,12425.029296875,15619.6142578125,14159.3876953125,14889.0185546875
A,Annual,RWA,Rwanda,WB_WDI_NY_GDP_PCAP_CD,GDP per capita (current US$),USD,US dollars,_Z,Not Applicable,2,Two,WB_WDI,World Development Indicators (WDI),0,Units,WB_WDI,World Development Indicators (WDI),A,Normal value,PU,Public,39.3740728069473,39.26897149748984,39.23384405332664,39.27717719837123,38.98244830177454,43.46796720037626,35.36028608862578,43.96105055768206,45.99347170547087,48.86992832152936,55.24197214086376,54.37807604164007,58.39769552338403,66.91438715068473,68.94114988861863,124.1096480192968,134.3784312122537,152.744262359212,179.8765278126661,213.7657513357448,234.3928514426742,254.5692013748669,246.3855495688644,250.5689517356363,259.9066845307671,271.5789790387055,297.7259818223081,319.6436632523337,343.7813258191047,334.7419634222547,345.7734951346552,253.9669020259442,264.0839145174645,247.0233184760138,110.9536682513723,227.9711478493178,206.0491141748498,238.7493713682135,246.1546732883844,264.74368682977,251.8692638609096,237.308846200901,234.0430167557329,249.0122749822519,269.5404463334021,324.0168638471888,356.9950229011537,426.2341834876285,528.3263917555024,564.039095842449,593.6249277443457,651.1336779646617,706.8172686891002,704.9242179661595,724.9575261092621,733.9986303923145,729.5191340446113,758.3009667376243,771.7735110579006,810.0514121373539,778.7014987874107,829.5448456397766,975.4693239795414,1027.034468044321,999.6545614026984
A,Annual,SAS,South Asia,WB_WDI_NY_GDP_PCAP_CD,GDP per capita (current US$),USD,US dollars,_Z,Not Applicable,2,Two,WB_WDI,World Development Indicators (WDI),0,Units,WB_WDI,World Development Indicators (WDI),A,Normal value,PU,Public,85.19072066316832,88.53744013690398,92.47597840080203,101.6997303470768,113.9539935526714,118.7255826395149,93.50950907788186,100.4902319792101,103.2576242795261,111.460473459612,116.6401077553213,121.4576382710281,121.8257709832214,142.6341923148196,167.0318565435166,172.0846706968326,160.6996744024995,181.8976147625721,201.5260918231601,220.8683288297267,261.1807959414907,267.2070519036504,268.0484262661358,281.5910511868098,270.8822492058972,290.8365615959412,302.2155684742079,330.2638036359555,344.3914073596103,338.6450080185986,359.9539731280879,303.8180568377101,315.5371313393102,302.9949945071911,342.7231116843968,370.570693920918,400.0951140235445,415.0027241700314,413.7050579951288,437.9362538475455,440.2536675779128,446.4189193488711,462.8988364966721,532.66154684429,606.4780416962581,686.3381934754727,769.3877680774556,967.697911561283,958.2755114602974,1054.435558857448,1294.027421316217,1397.006824244804,1387.182059382607,1405.856955153394,1528.490383550868,1570.54142462917,1722.907034151444,1956.067075541859,1988.366333179902,2067.059756876371,1957.20343722686,2273.720557986886,2385.083415784143,2532.375600516906,2691.645562640891
A,Annual,SAU,Saudi Arabia,WB_WDI_NY_GDP_PCAP_CD,GDP per capita (current US$),USD,US dollars,_Z,Not Applicable,2,Two,WB_WDI,World Development Indicators (WDI),0,Units,WB_WDI,World Development Indicators (WDI),A,Normal value,PU,Public,717.7966289585565,760.3117403200044,812.9262476688546,811.7382746612342,840.4803714602323,904.118334125664,960.7447767338429,1031.603602975846,1275.707094261758,1312.738657371233,1509.439611655209,1929.30910330483,2474.386832089747,3640.083611924126,10503.42807770848,10265.64144064706,13312.51199265456,14595.37399333293,14914.15426861384,19611.56512603304,27205.64522851415,28703.35585508003,22454.48431696141,17809.55274710538,15541.13121846089,12745.41992535003,10078.28960805121,9385.984695198986,9165.496153233966,9413.581193527692,11054.74950496664,11847.16995342182,11730.26876652435,10884.86078807771,10601.91966978054,10786.4008952769,11471.50459601909,11545.34559985508,9836.057297685738,10452.1899400479,11714.56236751585,10805.31132512199,10586.05434713628,11487.22041069298,13154.49789894463,15975.7473782258,17563.61453706394,18596.15026278984,22320.48889643311,17718.39116483647,22028.39014265857,27126.74987477018,28733.43755134522,27865.46560496202,27805.48503194224,23256.15495535307,22267.72170503874,23929.29071359815,29360.06589685663,29566.79338274359,24338.83073010673,31920.76536556431,38510.22762110374,36156.84833770098,35057.22523069695
A,Annual,SDN,Sudan,WB_WDI_NY_GDP_PCAP_CD,GDP per capita (current US$),USD,US dollars,_Z,Not Applicable,2,Two,WB_WDI,World Development Indicators (WDI),0,Units,WB_WDI,World Development Indicators (WDI),A,Normal value,PU,Public,99.7131195068359,105.313102722168,111.213455200195,109.939208984375,109.650077819824,110.889373779297,110.502571105957,116.241035461426,117.824935913086,125.984886169434,139.038482666016,146.931610107422,154.511581420898,184.524200439453,228.787322998047,269.652893066406,325.185607910156,392.399383544922,410.072082519531,408.899627685547,418.348785400391,483.802581787109,378.945373535156,346.221649169922,429.993377685547,326.402770996094,400.333557128906,471.1572265625,553.07861328125,814.267517089844,1257.1875,1617.55676269531,252.610092163086,312.693908691406,439.420806884766,462.585235595703,294.826965332031,373.09375,350.702880859375,324.659606933594,362.116882324219,451.293304443359,506.262634277344,580.320251464844,705.113342285156,905.543640136719,1132.474609375,1444.37219238281,1527.58239746094,1178.22180175781,1305.63598632813,1332.6572265625,1019.22210693359,1138.62780761719,1275.43835449219,1292.37963867188,1033.21594238281,966.505676269531,731.027465820313,709.975280761719,577.795227050781,712.122009277344,1046.24084472656,797.283447265625,989.312866210938
A,Annual,SEN,Senegal,WB_WDI_NY_GDP_PCAP_CD,GDP per capita (current US$),USD,US dollars,_Z,Not Applicable,2,Two,WB_WDI,World Development Indicators (WDI),0,Units,WB_WDI,World Development Indicators (WDI),A,Normal value,PU,Public,300.4251152362788,308.1663837533014,307.092565107939,308.6298492242441,317.8504265684541,314.3181463943263,314.5343441459452,305.2204810583696,311.1961468466827,287.2531487922034,290.4864252979888,291.0883574216501,341.8353523365532,381.4390071638285,417.4076002853812,547.378148664851,540.594007051938,540.1268492497809,589.1340452556136,716.2814365189589,771.5339695505793,682.972070210382,651.9371233098298,564.3693363039355,536.2317654025136,571.4171660692008,783.9405247062793,916.0948414840896,880.4877551381963,848.5555480589678,957.3143374381772,913.3995757967374,951.2049600878069,877.5290034380299,583.7827760321808,714.994396357297,723.4699500811491,650.7763214074475,684.5881057857857,677.5163387272676,603.2331624551578,637.2135305637236,669.4304473192087,817.8880342214424,918.1020795221552,979.846101520171,1017.201967479874,1188.938778081751,1398.792180100209,1308.694043362051,1275.883574923571,1374.675918738445,1326.837988483788,1379.831965539237,1398.891376013819,1218.006135554377,1266.439571515872,1356.80518449031,1452.556125624453,1431.181289321591,1461.087203505526,1598.106769522743,1574.0281059306,1698.033873008426,1743.988883843595
A,Annual,SGP,Singapore,WB_WDI_NY_GDP_PCAP_CD,GDP per capita (current US$),USD,US dollars,_Z,Not Applicable,2,Two,WB_WDI,World Development Indicators (WDI),0,Units,WB_WDI,World Development Indicators (WDI),A,Normal value,PU,Public,428.0561833712912,449.1481368207761,472.0827401539885,511.2022353714494,485.530686047381,516.5319286367451,566.8039744059614,626.0294375939842,708.6014368964215,812.6774873166182,925.797864348214,1071.41154035538,1264.375107209865,1685.459796321629,2341.705514236334,2489.911575175915,2758.940380284755,2846.335988328539,3193.905657223553,3900.533553108728,4928.13911785754,5596.585977230684,6077.634240709324,6633.236673664907,7228.317584106475,7001.766747711702,6799.930363326706,7539.029302124431,8914.441225747287,10394.53899624059,11861.75615913661,14502.37999386055,16136.24053776606,18290.13011318502,21552.41003669477,24914.85070203578,26232.86609682699,26375.86536681126,21829.2737831583,21796.63738910011,23852.83895147527,21699.74148689069,22159.83737106388,23730.38400545658,27608.08001342299,29961.31728127316,33768.45282346514,39432.88601988765,40008.57204890916,38926.80543654528,47236.68308495301,53891.45702643717,55547.55530777861,56967.42579403833,57564.80231149774,55645.60686146057,57005.58871765469,61236.25127062696,66881.60670352653,65952.03789592929,61410.07926307883,80056.12882478436,90299.0694637269,85412.23034523505,90674.066632628
A,Annual,SLB,Solomon Islands,WB_WDI_NY_GDP_PCAP_CD,GDP per capita (current US$),USD,US dollars,_Z,Not Applicable,2,Two,WB_WDI,World Development Indicators (WDI),0,Units,WB_WDI,World Development Indicators (WDI),A,Normal value,PU,Public,,,,,,,,153.4507840881844,166.8880376883732,165.8573447786414,,277.1131209076099,219.5028598259347,291.252272932738,433.443902987382,371.7188061886479,401.0774168553869,434.4098133352334,500.0582230625657,657.8583296696837,767.8506163453835,785.8309127838794,755.8856533437224,686.2641401829783,664.6964404828074,586.0223522052103,505.8218065256651,514.6693332730996,567.0229355801711,538.1017628705027,648.3252126240978,665.8331041326588,763.8579685495224,828.8699977916912,1078.041092587397,1220.179193111258,1289.330369234352,1292.239519464695,1091.890968893257,1133.622565317907,953.1719013770598,911.7919353854104,756.8902964907919,895.9892726617156,986.081904026618,1144.457585132523,1255.625890999753,1390.156966269598,1525.850924340293,1554.707237180726,1685.154990353629,1924.052773239776,2066.253522898333,2161.39573596215,2164.944239216803,2045.478894852513,2082.629890478709,2143.574652439586,2278.206339133834,2223.665025595652,2063.331015221083,1996.869767793484,2005.413993319798,2076.107687725632,2149.379572673043
A,Annual,SLE,Sierra Leone,WB_WDI_NY_GDP_PCAP_CD,GDP per capita (current US$),USD,US dollars,_Z,Not Applicable,2,Two,WB_WDI,World Development Indicators (WDI),0,Units,WB_WDI,World Development Indicators (WDI),A,Normal value,PU,Public,142.0200183676256,142.33786782723,146.386474591271,146.3741460379845,153.4453771499209,145.6348528005852,149.3774659019868,136.1603208669385,126.3593923561555,153.6255047378194,160.2281742609524,151.814001266268,165.3129140857409,200.7257922518806,222.2049174041454,228.3802388329796,196.3835494622065,224.3111832975285,305.4394692446243,345.8593205444907,336.3222059290534,333.9163509720395,379.9666756413872,285.8643626000057,305.5701453156374,235.5105293436243,131.4730410055868,172.364214833661,268.1609796259574,231.2756229743378,154.7940724676182,183.6865150275667,163.1975716843807,184.9516091548722,218.5072751262222,208.3519972509547,224.2587111630438,199.8800013957771,156.5181188338699,155.0208332690069,143.7437432396441,358.3157160515458,388.9951112168358,413.8176073469269,417.7499833292271,462.6333244279451,580.26796974773,631.8899262649983,705.3590140800051,652.8458067679428,685.0396734909484,761.146365577281,937.504428180231,1117.471830751147,1117.758646572104,964.5759808889884,844.4164111754764,779.1860078417283,845.9145404609322,844.0495551791156,845.9829142845655,886.1929391044689,860.774590932595,757.8486805604443,873.388575182318
A,Annual,SLV,El Salvador,WB_WDI_NY_GDP_PCAP_CD,GDP per capita (current US$),USD,US dollars,_Z,Not Applicable,2,Two,WB_WDI,World Development Indicators (WDI),0,Units,WB_WDI,World Development Indicators (WDI),A,Normal value,PU,Public,,,,,,274.3332793659942,282.44637356687,288.3742803936211,290.0965101717348,293.4165808048965,308.798853901934,315.665399785976,328.5094480390347,366.2506589525625,413.4034763632068,457.2608713273723,552.9949338647273,683.9025856633505,711.8522641879568,773.0669531299521,787.1496054737245,752.0240126075379,735.3609547435282,744.8639122464851,763.1682181107432,776.4242837057017,755.4251358314394,777.2394024790862,806.3923532569272,825.1052325363056,892.1827151970303,955.8268974210916,1040.781640820186,1180.268542676208,1343.929057254395,1548.376303836202,1651.310168008949,1748.921119711295,1859.730858877418,1908.080454522396,1982.870935426154,2058.044590704517,2115.411873556262,2207.830895180691,2285.689074388922,2447.391408453941,2665.618071948525,2830.656937707327,2983.248295779757,2910.186517520108,3040.073009528779,3330.600494866527,3497.912569155091,3582.266940051694,3666.012489138733,3790.340891081616,3901.340149658109,4020.126713739188,4183.546209713581,4320.116715346275,3997.192795837087,4642.607431013421,5074.602102218056,5365.444913991706,5579.659691650286
A,Annual,SMR,San Marino,WB_WDI_NY_GDP_PCAP_CD,GDP per capita (current US$),USD,US dollars,_Z,Not Applicable,2,Two,WB_WDI,World Development Indicators (WDI),0,Units,WB_WDI,World Development Indicators (WDI),A,Normal value,PU,Public,,,,,,,,,,,,,,,,,,,,,,,,,,,,,,,,,,,,,,37852.97261901532,40126.93313698018,41931.79514884075,37600.70773796005,39035.10342904454,41790.8432718184,52529.90937010592,58232.0176184948,59877.80058397368,63270.77807551574,70124.46343856241,75902.13205217646,62428.9943269418,56543.18982040975,55601.3929703047,47945.89917342806,50807.82891380245,51260.49383471246,43146.82404354277,44359.47976626884,45192.02797669425,47950.68805571357,46627.01223569437,44426.64634006585,54168.98282626837,54264.57049589801,,
A,Annual,SOM,Somalia,WB_WDI_NY_GDP_PCAP_CD,GDP per capita (current US$),USD,US dollars,_Z,Not Applicable,2,Two,WB_WDI,World Development Indicators (WDI),0,Units,WB_WDI,World Development Indicators (WDI),A,Normal value,PU,Public,62.73962794129928,64.92425761047537,67.17023599199793,69.49223448391541,71.88993993604193,74.35487087961306,76.48374138872333,78.67389661979169,80.84382049011751,84.14062687778781,93.0828499649358,90.42923093744886,113.6924019555502,119.5621334535374,137.8915758117744,177.8061434122544,199.5835471420141,111.1831323552773,117.2553451260007,108.1949477564637,101.4993122570782,116.8845265942856,129.013919752012,118.6443408683405,122.4932936897343,130.8328756148153,131.4148596811982,140.9698521815778,145.341346820158,166.0423372710063,145.6035013735132,105.3713265162198,109.2049104810744,188.6031586779145,210.7937795813843,210.6732546104923,237.2414409516713,280.1127242332586,363.2000134899916,358.658780828071,386.1192744012752,244.9148425384554,229.5989183100392,286.2730251989747,375.4103262253873,439.9799078054776,457.9966622066593,479.6356280652894,507.03744334738,246.5132516751049,219.2024538523968,235.3259456104336,350.2619467205121,393.3987039529792,429.4316567251017,445.583080073396,460.928490585175,510.9399523177257,509.5258018985085,539.8939315654069,518.1847784943341,549.1147427217014,573.1280924723494,597.4588546030427,636.9834775892725
A,Annual,SRB,Serbia,WB_WDI_NY_GDP_PCAP_CD,GDP per capita (current US$),USD,US dollars,_Z,Not Applicable,2,Two,WB_WDI,World Development Indicators (WDI),0,Units,WB_WDI,World Development Indicators (WDI),A,Normal value,PU,Public,,,,,,,,,,,,,,,,,,,,,,,,,,,,,,,,,,,,2349.406451502889,3053.905168609495,3573.504402400492,2775.473729820474,2768.910413461656,974.7254692786152,1812.42088281393,2390.73459447107,3153.901131275404,3597.087980570085,3807.974173217865,4492.7136699046,6081.087657002025,7376.735179107163,6414.044846384702,5970.926609400723,7082.286166607503,6263.040860728149,7040.418120687808,6886.67809068704,5820.321557688796,5982.370301264708,6548.036538241869,7559.861657473944,7755.632986436999,8098.709556688485,9680.527980744677,10022.96885434025,12281.50584883027,13523.72468268537
A,Annual,SSA,Sub-Saharan Africa (excluding high income),WB_WDI_NY_GDP_PCAP_CD,GDP per capita (current US$),USD,US dollars,_Z,Not Applicable,2,Two,WB_WDI,World Development Indicators (WDI),0,Units,WB_WDI,World Development Indicators (WDI),A,Normal value,PU,Public,166.3865019768345,169.3403398821443,178.9670351214801,199.4217254240385,192.6398064668565,206.9656034349646,218.7010857436019,212.7199529197248,221.7861297691644,244.6735157048766,266.2470405851455,266.0957855447244,292.3144298196971,363.9982915960351,450.9593301174085,482.7228885002147,507.5690431942174,541.2204445626886,588.9524433539871,674.2398827303884,821.4443111480795,1082.585173777059,974.8903135414508,845.1308168834732,732.3920413898618,674.6732630041491,611.7419442140408,666.9619491261861,683.3223252129949,675.9044957034378,773.5160851931374,806.1100373378501,710.0289964040054,702.4840932412791,704.6671176333368,876.2320325575334,953.5919754326565,978.6299515700996,956.928687202163,661.5768080328926,683.5155126612058,637.230082799048,677.3518225377555,832.6701112687118,1009.772733034607,1168.396548578207,1340.656595390102,1506.87442438895,1656.33584174675,1531.054621650994,1772.022781640443,1940.739227348176,1951.192903245871,2014.041429559218,2035.873261750736,1747.884166195564,1536.053591205586,1630.625958971192,1708.801086370293,1705.214630476149,1544.441120773495,1700.421999439141,1772.655354272208,1614.139025016963,1506.228536980276
A,Annual,SSD,South Sudan,WB_WDI_NY_GDP_PCAP_CD,GDP per capita (current US$),USD,US dollars,_Z,Not Applicable,2,Two,WB_WDI,World Development Indicators (WDI),0,Units,WB_WDI,World Development Indicators (WDI),A,Normal value,PU,Public,,,,,,,,,,,,,,,,,,,,,,,,,,,,,,,,,,,,,,,,,,,,,,,,,1654.211535465546,1323.220687478618,1498.270349851942,1448.984350064082,1109.260500834076,1650.189433535279,1242.734501810324,1080.147186247654,,,,,,,,,
A,Annual,SSF,Sub-Saharan Africa,WB_WDI_NY_GDP_PCAP_CD,GDP per capita (current US$),USD,US dollars,_Z,Not Applicable,2,Two,WB_WDI,World Development Indicators (WDI),0,Units,WB_WDI,World Development Indicators (WDI),A,Normal value,PU,Public,158.0881263464066,160.8922012292851,169.6844134347915,188.2735839848961,182.6449074530434,196.0797089226951,207.1148154388167,202.0275167925222,210.5443811714665,231.4676681113767,251.6699004925112,251.8702598307477,276.3067802303802,342.6434063906032,422.6187216815788,451.1046195101101,474.4375740856031,507.0440171496326,551.5466006008305,630.9988678449739,767.0991394550737,1006.171842859467,907.7009943518676,791.1947139512043,686.9641745668889,637.1168275746319,580.0230299457552,630.9623639111221,645.4431674041941,638.6264059660047,727.559410736476,757.8091001783052,663.4823343988329,652.6100347858459,650.2104207007735,805.6225583681132,876.0279259166438,897.8492118288696,876.2662826953131,609.1831520621423,628.8402666155812,586.5738871837732,621.6935933250908,761.9602328385316,922.869892282636,1067.920605851608,1225.831899830519,1379.846717702471,1521.940710240839,1414.331256113978,1627.074966699901,1779.854731263179,1800.189173569158,1860.155120863439,1886.523988121393,1635.044226045257,1452.274200767763,1542.244648742764,1612.735531634898,1617.668880692415,1480.478642261376,1621.100970135129,1696.439992869391,1580.787927573091,1516.354480132062
A,Annual,SST,Small states,WB_WDI_NY_GDP_PCAP_CD,GDP per capita (current US$),USD,US dollars,_Z,Not Applicable,2,Two,WB_WDI,World Development Indicators (WDI),0,Units,WB_WDI,World Development Indicators (WDI),A,Normal value,PU,Public,,,,,,,,,,,462.4076865398312,508.1946660398918,580.5724195529784,717.7548359162706,1127.750463891293,1205.055778588856,1297.268769264459,1536.424075515656,1741.91886692218,2195.331296644281,3020.373997277893,2957.449108392119,2958.171125784179,2769.62724894905,2762.727008575671,2686.700349718913,2482.879917193861,2812.463873770443,2931.992610980468,2919.819033450135,3319.457007627096,3408.228900520984,3598.354278544502,3456.594315198953,3660.454636539314,4164.78535270167,4299.275401863281,4464.715157846526,4488.037248140023,4723.523136784404,4843.337118593246,4837.130241160182,5129.728243079463,6055.638542909622,6950.246146131589,7767.220432349121,8636.715917805006,10035.95954717532,10960.81124452589,9289.989628612911,9773.34614588001,10864.48552342311,10805.94819337343,11103.71333039588,11381.99692838972,10408.66183772409,10444.27244840586,11271.79302010629,12009.78620508134,11958.51070416824,10699.2911713647,12369.06397761118,13598.11079914742,14222.96604801196,15291.69576975996
A,Annual,STP,Sao Tome and Principe,WB_WDI_NY_GDP_PCAP_CD,GDP per capita (current US$),USD,US dollars,_Z,Not Applicable,2,Two,WB_WDI,World Development Indicators (WDI),0,Units,WB_WDI,World Development Indicators (WDI),A,Normal value,PU,Public,,,,,,,,,,,479.3732265858929,470.0472105166641,511.2258832782118,676.4806485644755,682.8419248040058,693.1506878865007,585.2254919769848,538.9611539964782,586.8665671729714,683.1642785186,828.6880077224059,829.8888187720326,783.4292213642884,719.5850659443042,735.1335218624505,761.4079905925295,1042.995112419993,1017.854137310465,846.6017700700802,821.355129173615,970.0596256061548,855.1050758216979,740.4713185764984,963.785698734091,989.5007577992436,768.710751184259,987.0487123952636,661.6682328224884,513.5693802697375,542.6925480183869,529.0893834122617,518.88050130005,568.1025725227101,663.6962118104944,726.5608821304438,844.1691818842738,861.9707076976637,878.8857919187451,1081.868458472896,1128.280462133054,1045.209582345279,1219.801890896708,1210.792646723254,1382.5757842916,1489.67633417608,1298.109465963963,1434.870180505208,1555.794778128885,1825.599717539657,1935.2931816596,2167.220017969252,2362.588272481022,2389.737297847367,2940.933529267149,3244.82899741459
A,Annual,SUR,Suriname,WB_WDI_NY_GDP_PCAP_CD,GDP per capita (current US$),USD,US dollars,_Z,Not Applicable,2,Two,WB_WDI,World Development Indicators (WDI),0,Units,WB_WDI,World Development Indicators (WDI),A,Normal value,PU,Public,377.5793996620162,394.8077465898801,409.1056383668179,424.0255324306308,434.8937519617138,481.71875,574.8410769021698,644.042967325106,680.5953482076387,707.6744452257526,724.4849015132747,767.9903656756784,784.9516749577895,857.6907916679298,1041.084546683059,1190.019684536135,1301.865363170216,1665.943848732818,1927.90601359888,2072.287752713174,2117.870833855031,2367.768518000634,2429.923915497072,2332.697903080164,2260.637949936289,2255.977176643271,2271.047332602656,2469.067372786343,2886.429802076937,1328.570134350614,941.5917361021884,1079.725213427049,968.8952534669256,1022.445835198957,1433.542556527808,1609.825043732063,1962.884958202949,2067.598149383909,2428.586419942021,1898.180181605296,1988.221729254326,1714.648466372421,2202.340682196001,2516.104040209562,2887.772172884395,3453.428659377645,5002.657986957588,5530.176156383091,6576.085463072488,7129.576862629098,7943.604828169148,7949.888672183829,8851.240506689084,9043.192815292216,9108.18905406764,8813.61705392067,5644.206105753196,6049.521285536751,6665.741804722391,6629.667752486033,4755.392217106932,5029.848385439529,6084.438767364452,5494.074094255166,7430.702191764433
A,Annual,SVK,Slovak Republic,WB_WDI_NY_GDP_PCAP_CD,GDP per capita (current US$),USD,US dollars,_Z,Not Applicable,2,Two,WB_WDI,World Development Indicators (WDI),0,Units,WB_WDI,World Development Indicators (WDI),A,Normal value,PU,Public,,,,,,,,,,,,,,,,,,,,,,,,,,,,,,,2437.175170108454,2726.593054985817,2959.336448601108,3143.101430687561,3820.964275426577,4882.511582382283,5247.700810447077,5172.417574912475,5560.916177503,5651.623275142357,5421.6448441887,5712.47802761654,6554.628083694613,8675.396336964648,10650.12900971256,11641.54103217625,13167.89547303789,16110.48172652373,18744.31922783459,16586.75278052277,16899.44868052895,18469.43543168364,17516.96910540779,18312.78051498235,18770.9289896545,16442.07608600175,16636.07691330733,17645.52987167612,19573.37170313141,19406.0589683582,19735.48582808005,22132.44830289481,21334.6011006572,24673.54829791439,26147.90284301326
A,Annual,SVN,Slovenia,WB_WDI_NY_GDP_PCAP_CD,GDP per capita (current US$),USD,US dollars,_Z,Not Applicable,2,Two,WB_WDI,World Development Indicators (WDI),0,Units,WB_WDI,World Development Indicators (WDI),A,Normal value,PU,Public,,,,,,,,,,,,,,,,,,,,,,,,,,,,,,,9925.140710446838,7229.311497886169,7151.152438292239,7254.588874177679,8243.898955451055,10738.08876114678,10796.73994462827,10436.72606618706,11131.56666282314,11401.49067909093,10135.72191092116,10375.62558698606,11639.1297780477,14711.67487425305,17103.82977839046,17969.70959071607,19563.00505914402,23725.15960015154,27461.97641653151,24501.78972904253,23329.84176911558,24940.62848416048,22442.14178599551,23236.9655321695,24013.06820609594,20697.27485306189,21447.83777960361,23303.07770595903,25888.04810656553,25814.16871675721,25392.06510936123,29187.36938278501,28373.83822659993,32610.11092272899,34089.3527652778
A,Annual,SWE,Sweden,WB_WDI_NY_GDP_PCAP_CD,GDP per capita (current US$),USD,US dollars,_Z,Not Applicable,2,Two,WB_WDI,World Development Indicators (WDI),0,Units,WB_WDI,World Development Indicators (WDI),A,Normal value,PU,Public,2128.388844065649,2304.497886035394,2485.494147108732,2675.103624175931,2961.062832395356,3227.91678230659,3477.937313168768,3746.247874726401,3953.128340437512,4262.974964880873,4729.405009752038,5125.329174996959,6018.459632320174,7290.714019100229,8078.278767963706,10102.75486360113,10852.64382722925,11432.15272476002,12602.36640219252,14855.76630481233,17073.24065853226,15564.0119622243,13719.21139782682,12590.09461342835,13080.18039128646,13647.20055872907,17955.15714599023,21761.21445450835,24499.40531829579,25625.31036861658,30549.6692751763,31777.03279941315,32753.80470255688,24390.15380042705,26045.81489277013,30254.29729326311,33022.56494788385,30324.45109310628,30605.62271881029,30969.1033509483,29632.77361015994,27259.48067354349,29957.93876526156,37292.42143430041,42758.20155034174,43378.61521171487,46531.60011205721,53568.56455232127,55817.43927107261,46707.8673215418,52542.82741410365,60379.77481603214,57749.82513286643,60844.27671139754,59583.71400016732,51197.95293411751,51820.39724826757,53300.85872817852,54181.90697809045,51773.04645589933,52653.75659342474,61174.96802156223,55296.93714725353,55567.0890080496,57723.23450315322
A,Annual,SWZ,Eswatini,WB_WDI_NY_GDP_PCAP_CD,GDP per capita (current US$),USD,US dollars,_Z,Not Applicable,2,Two,WB_WDI,World Development Indicators (WDI),0,Units,WB_WDI,World Development Indicators (WDI),A,Normal value,PU,Public,101.5727998136939,121.7957187530654,127.0957664101818,146.3911313807768,171.6084097644786,180.9772256190805,192.7445400460729,182.7733597111514,190.3865900984923,245.2339815807313,254.1611254895968,301.1191521728139,315.0284662445084,463.2516158441775,536.1610038357978,567.8848166202163,520.7996257380946,562.7115784920439,609.9606500136473,713.9533051183186,908.375601827987,925.3687125176472,843.0430068648437,842.7502033788007,726.3451186038257,509.8859514723363,611.2981582196473,764.7521340473219,865.2515444373103,831.8471501292249,1277.691730056654,1273.012245189029,1361.816979514804,1397.265933179775,1461.364001287363,1750.754007737841,1619.191197076623,1705.398749422293,1546.515193253728,1501.664266531892,1668.974913306401,1467.538902382802,1351.865501829194,2060.184181357894,2581.241727930454,2945.363948723108,3035.061561192053,3180.861214985253,2999.828169205085,3239.757800787698,3992.951995626177,4312.34243414155,4347.995693366309,3951.120081390057,3771.907964584065,3420.753570672789,3239.807075014142,3853.991479181022,3973.463449336671,3913.12643969301,3454.784217446003,3966.298632538323,3889.652769591611,3741.690107454157,3936.109692423708
A,Annual,SXM,Sint Maarten (Dutch part),WB_WDI_NY_GDP_PCAP_CD,GDP per capita (current US$),USD,US dollars,_Z,Not Applicable,2,Two,WB_WDI,World Development Indicators (WDI),0,Units,WB_WDI,World Development Indicators (WDI),A,Normal value,PU,Public,,,,,,,,,,,,,,,,,,,,,,,,,,,,,,,,,,,,,,,,,,,,,,,,,,25528.41261948303,26403.81436921631,27317.5178881974,28149.09978550408,28529.73246870533,37134.91242309905,37839.62838151634,37308.6147795736,34701.30584944681,31708.31101247417,34861.46952896804,30150.89983804768,32548.43668549022,36476.63008338591,38077.54448697614,40027.91759921131
A,Annual,SYC,Seychelles,WB_WDI_NY_GDP_PCAP_CD,GDP per capita (current US$),USD,US dollars,_Z,Not Applicable,2,Two,WB_WDI,World Development Indicators (WDI),0,Units,WB_WDI,World Development Indicators (WDI),A,Normal value,PU,Public,288.0581444760307,270.2796466144866,287.0447735378304,308.1952484108489,332.3049858752793,328.4848839203278,337.6462290441098,333.2337988418872,314.351070663894,314.1798586362775,343.8811884905696,401.6080221430523,546.9510953340721,648.5319636576384,744.5068982608128,806.2326443381653,814.4747744788797,1044.353113389027,1376.546513282602,2030.135903134091,2478.364703439693,2557.206655046714,2440.684174228604,2426.334608262763,2487.64499220084,2754.145710282177,3368.474095078105,3871.778519958439,4392.198648615454,4689.134507999896,5642.072897242999,5654.639757242509,6520.489505191885,6978.680754458243,6974.86770636796,7180.668327486557,7004.336038963564,7746.698513304445,8209.514442870004,8243.236100990844,8063.655005751688,8153.298636987904,8864.169194954675,9070.284607570127,10827.67163603296,11802.11182768329,12782.99389264754,12669.30266872219,11265.43762700047,9747.09180546291,10934.79494629001,12110.09374619728,12337.15546693878,14821.29214760765,15188.19021751125,15333.10517271051,16566.99460422939,17480.36519113719,18440.23404609316,19141.5118743615,14041.47540745751,14982.91114877671,16836.67218953874,18262.71158492871,17858.82263839782
A,Annual,SYR,Syrian Arab Republic,WB_WDI_NY_GDP_PCAP_CD,GDP per capita (current US$),USD,US dollars,_Z,Not Applicable,2,Two,WB_WDI,World Development Indicators (WDI),0,Units,WB_WDI,World Development Indicators (WDI),A,Normal value,PU,Public,183.5250697352779,196.2935616339185,223.934209140492,234.8997475919448,254.2175270622229,270.8305847961645,239.3075959590799,272.914639434944,293.330341001656,363.5548444457615,335.4513668009425,392.5150695254483,448.2377585564792,458.8300611864185,706.5795802213255,903.7134620664052,976.4892401659698,951.2403985873552,1107.783044775342,1146.361792609738,1458.239764340945,1675.797474038065,1702.680624913161,1775.832037057092,1706.219448105245,1543.764939551899,1208.160842622171,997.1281343551348,897.70876335774,809.0440281624587,978.489616979607,1000.077986849471,990.1382511917082,992.7713674750978,712.3877166357828,779.6991001537441,918.1958573627878,940.826589804978,960.8375049277256,978.1745316949604,1138.188485427796,1186.829134740272,1183.247345103304,1220.179077255998,1368.114823002802,1533.901665365676,1718.783472173377,1937.611385780274,2429.124770871886,2462.201936432022,2730.614771189487,2952.143493722572,1897.661150186963,985.8926692270542,1060.591058868542,847.7316319425646,656.3490586313004,851.5020052541528,1098.066864235699,1109.539260360489,572.3552898319015,663.6142457068148,1051.671495874627,847.3727234185315,
A,Annual,TCA,Turks and Caicos Islands,WB_WDI_NY_GDP_PCAP_CD,GDP per capita (current US$),USD,US dollars,_Z,Not Applicable,2,Two,WB_WDI,World Development Indicators (WDI),0,Units,WB_WDI,World Development Indicators (WDI),A,Normal value,PU,Public,,,,,,,,,,,,,,,,,,,,,,,,,,,,,,,,,,,,,,,,,,18325.74581119738,17803.94717677332,18859.18902747733,21246.00980049002,24122.3028180757,28734.28730645225,29443.85230300723,31453.8228752689,24596.89380159507,23093.84982682672,23626.726317837,22633.95275002335,22412.20693548866,24014.26533523538,25736.101625461,26946.41785201618,25614.83727106457,31625.61659327703,31780.52170689895,20690.91605461181,27329.28850871958,31280.54180208084,35470.21516082947,37506.77984312882
A,Annual,TCD,Chad,WB_WDI_NY_GDP_PCAP_CD,GDP per capita (current US$),USD,US dollars,_Z,Not Applicable,2,Two,WB_WDI,World Development Indicators (WDI),0,Units,WB_WDI,World Development Indicators (WDI),A,Normal value,PU,Public,102.8194704596028,107.3203804919307,112.619958010844,114.7108607610795,118.5941067890323,123.5622761162201,125.7794601244177,128.2099997416149,126.8727749015395,129.1758489977163,125.8820784249372,131.8164108650258,150.3698057044014,162.371866237422,159.998978775959,207.4762551562146,203.7131167303236,215.9354504169736,252.5113816825053,222.9147385329436,228.7704918760172,193.9715795418088,176.083750783324,167.1809745899512,182.1758809463347,202.7109851014348,203.3544495153415,213.9317299190658,263.5446478418147,246.3553785491171,290.5990452621908,302.4872683906028,290.6482861325662,220.7299649032927,173.9288950640348,203.964852705041,216.9125410564845,201.384076969355,219.7795309156014,186.6385311462226,163.1216636833687,194.3229533115605,219.0613919513493,289.0876211221677,445.8507671570869,838.0921077125565,906.8972605727467,980.4835314851032,1166.368834538406,1035.637196942538,1141.800692684123,1308.1421872538,1354.343447019374,1304.887429714747,1278.789814224938,993.9907306108692,861.8317676307461,854.4612004009803,948.6566298712312,893.3364416433249,866.9478148904094,946.3585002083736,966.0364682785676,989.0585289685883,1016.088806627124
A,Annual,TEA,East Asia & Pacific (IDA & IBRD),WB_WDI_NY_GDP_PCAP_CD,GDP per capita (current US$),USD,US dollars,_Z,Not Applicable,2,Two,WB_WDI,World Development Indicators (WDI),0,Units,WB_WDI,World Development Indicators (WDI),A,Normal value,PU,Public,91.38025715440052,80.5543140095914,72.52099270139014,76.46692299980653,86.19444134129841,98.01030811846988,104.3454705350281,98.73979668119348,97.26058189016204,106.4461789473495,115.3719754825045,120.6271484499046,134.0204816120044,164.7131328619253,182.701577930808,201.1940793503292,201.071871936437,228.0882923314799,217.9012563488674,248.3541305591486,282.1727168766856,296.638660486771,306.3010920401753,315.356013514066,336.2859704108299,362.3456299810715,355.3778687083835,345.1544357456647,376.5147454759737,400.299436208748,422.0714100765615,451.2852750779552,499.1127551019562,540.4275086903144,641.9604375873455,781.7412442840186,886.7029988332469,906.4943043359684,818.7946627180354,892.253402109512,972.8352009537882,1026.651788880912,1127.253596586416,1266.110216889093,1456.969491234717,1673.193450773611,1999.863359628073,2510.425347856669,3154.171179469341,3398.532803483532,4104.80586778241,4970.507902333885,5497.157339431361,6020.726810414139,6446.137334655546,6664.487165374688,6758.740154806218,7323.510231761327,8136.368818244209,8379.406868982845,8485.420257804639,10086.47851642647,10220.36050360902,10239.67433403905,10513.97556601234
A,Annual,TEC,Europe & Central Asia (IDA & IBRD),WB_WDI_NY_GDP_PCAP_CD,GDP per capita (current US$),USD,US dollars,_Z,Not Applicable,2,Two,WB_WDI,World Development Indicators (WDI),0,Units,WB_WDI,World Development Indicators (WDI),A,Normal value,PU,Public,,,,,,,,,,,,,,,,,,,,,,,,,,,,,2338.228509162186,2254.651925005941,2377.654663810086,2315.904045338739,2138.298407507089,2110.359377148952,1898.993372255277,2114.955238733281,2173.058805943,2239.45079715359,2164.95616294159,1878.157180972824,2043.317439047552,2079.977516398704,2339.619184073157,2877.835242700796,3720.492948467489,4656.248512841266,5627.108284458277,7238.144357165718,8939.982906475028,7063.638910518861,8268.157718639,10016.6162732559,10406.79155881052,10953.72598670917,10297.08536057176,8004.566419734748,7653.978071241317,8560.707098598865,8890.61596620106,9034.432091003177,8456.581746602056,9987.98864443054,11410.44153230056,12106.92409122962,13257.56545103995
A,Annual,TGO,Togo,WB_WDI_NY_GDP_PCAP_CD,GDP per capita (current US$),USD,US dollars,_Z,Not Applicable,2,Two,WB_WDI,World Development Indicators (WDI),0,Units,WB_WDI,World Development Indicators (WDI),A,Normal value,PU,Public,102.238985564471,104.8307488938412,107.7612095030615,114.6162112570526,130.0693044713717,142.6851029724992,159.0959221133436,163.9448284406135,164.256944901945,174.6532540914074,159.7781842125231,174.5696969107706,198.7610542599003,234.4180575387892,315.0979028103576,338.6057009173855,331.5956245018071,406.3423013590264,420.5070094751575,443.4614284872433,549.4334665916055,451.047897242509,372.494829726432,335.5324707996928,304.2963304886758,312.8672041582936,422.2772965558115,482.289598775121,516.5362388793573,491.9993210557519,575.0945119286539,549.8080115729997,564.7173364807404,414.0139952149067,328.6009560797356,419.2203348927564,452.0684368824279,448.0010969154358,461.1582458549113,445.2914841009535,409.8898027927681,396.6926545201353,445.238691488925,538.1653777692896,560.2663085333824,551.2598500170766,552.5022712525598,607.5882244718094,718.9487863667706,720.694168794129,704.9871641813779,783.9893804909058,762.3920475870876,826.5432594571259,855.5852848566562,751.0524050843359,772.5817870939759,792.7654872190692,851.1308068918074,826.2606540998936,853.5782202637218,939.6133737864068,898.7581544107125,985.6975126299736,1043.140928897648
A,Annual,THA,Thailand,WB_WDI_NY_GDP_PCAP_CD,GDP per capita (current US$),USD,US dollars,_Z,Not Applicable,2,Two,WB_WDI,World Development Indicators (WDI),0,Units,WB_WDI,World Development Indicators (WDI),A,Normal value,PU,Public,102.8145714549585,109.7287942694636,116.1794933378439,120.6585987486965,128.6422269037344,140.8998736967808,164.5334144310686,170.6669715187065,178.8397528858008,191.4387345156921,197.0979034754237,199.6622019862548,215.5820229178539,278.2850629676749,342.9788976334463,363.5263501794784,405.4087340607521,461.6591416406783,548.233113208345,612.0887601857698,708.7294500915839,748.1567261323075,770.3989532058907,826.9323021376975,846.9341684308838,773.8239236746125,842.0984362264511,970.4525225133846,1164.200962294947,1341.729783953029,1559.112093447548,1765.622673595285,1971.608799106936,2245.136887089832,2517.707326416826,2864.36515719866,3054.656908064732,2473.140969820863,1847.703792697707,2033.244905205693,2005.976945142342,1889.934324671445,2089.751831115545,2347.54001286066,2641.562687178572,2867.703834360616,3331.320435117726,3918.528174345805,4309.135092929862,4135.439869528185,4973.862888237778,5373.623283289797,5725.528028354634,6018.082447292549,5801.1978916205,5688.853353978842,5833.577156170984,6413.091825303433,7099.776500814575,7605.696577977591,6985.643938925742,7057.20754802279,6909.352818158268,7195.101309194487,7345.135690003767
A,Annual,TJK,Tajikistan,WB_WDI_NY_GDP_PCAP_CD,GDP per capita (current US$),USD,US dollars,_Z,Not Applicable,2,Two,WB_WDI,World Development Indicators (WDI),0,Units,WB_WDI,World Development Indicators (WDI),A,Normal value,PU,Public,,,,,,,,,,,,,,,,,,,,,,,,,,,,,,,487.0361286630898,457.7678259248049,337.8331455148133,287.6201237549167,261.2712545448647,207.0344573430355,172.0350886883682,150.0885501712387,213.7491455815767,175.0237647356246,136.9257164007228,168.6762853651861,186.9516382852216,233.5812484528902,305.7451585875024,333.9271509416837,401.0184033164272,516.9972106189136,703.3273758986428,664.7956557346566,737.3388832193556,833.6019782028519,952.4528196954687,1028.197042793961,1081.544029320388,956.916310930656,788.710481734485,829.4571476495696,834.2884045788009,871.0223729348457,834.3117154606249,896.7480533721822,1052.179494848942,1178.479900602488,1341.202290276723
A,Annual,TKM,Turkmenistan,WB_WDI_NY_GDP_PCAP_CD,GDP per capita (current US$),USD,US dollars,_Z,Not Applicable,2,Two,WB_WDI,World Development Indicators (WDI),0,Units,WB_WDI,World Development Indicators (WDI),A,Normal value,PU,Public,,,,,,,,,,,,,,,,,,,,,,,,,,,,675.2216780744122,845.9329420023337,821.0298645119159,848.1550473884236,831.9987320747402,811.3541564519019,788.418914207107,622.1347801580899,592.2472473211318,557.8942200513338,565.0226380485007,590.7912932663806,545.5190031060538,633.8354876380108,756.0349762763984,935.5408014784664,1228.948702894039,1379.230096826922,1604.016184523122,1996.593107173076,2414.960719869638,3605.503951205493,3707.978506996173,4058.539370007391,5143.619293346473,6053.874846874895,6599.645290554815,7164.145361840064,5759.497903834004,5686.980409627638,5828.481662348902,6125.051697120854,6648.034896062804,6592.601460277483,7051.202110792134,8156.352119507736,8232.65225980002,8571.607029494322
A,Annual,TLA,Latin America & Caribbean (IDA & IBRD),WB_WDI_NY_GDP_PCAP_CD,GDP per capita (current US$),USD,US dollars,_Z,Not Applicable,2,Two,WB_WDI,World Development Indicators (WDI),0,Units,WB_WDI,World Development Indicators (WDI),A,Normal value,PU,Public,355.8462401302506,383.1213373426664,390.8592193918527,412.9418674977609,446.561072896201,466.3915193045175,499.8853552239264,495.184584827839,517.0987717067702,562.6864052088833,598.2792058484225,648.9145792443752,711.5939358969013,932.0493897823144,1189.532048550549,1214.084656672511,1302.177487044277,1400.033694785778,1639.789157445698,1798.26242645642,2151.055221699099,2410.912465749635,2157.558810833409,1845.090333466958,1895.445877280993,1833.079532450272,1811.756199652566,1906.404544399282,2049.984564998656,2230.301014681423,2428.561640594835,2591.125511765469,2789.463471816212,3260.454427673237,3745.77577327876,3984.634222332065,4256.723951369485,4593.929065992351,4564.441633946037,4029.371705070861,4388.927706744767,4222.975958667407,3714.376209512643,3728.728610709031,4252.839664584519,5103.971922450188,5926.883616166066,6927.884578715945,7989.380919574133,7386.601306806757,9114.95264435886,10277.044381301,10277.50335337379,10420.25733351481,10506.58030832133,8616.957534156307,8301.805325353915,9163.648293754824,8875.74361403055,8654.947212428599,7240.296723763923,8382.425540350905,9482.776399423352,10593.11643023235,10784.31715282071
A,Annual,TLS,Timor-Leste,WB_WDI_NY_GDP_PCAP_CD,GDP per capita (current US$),USD,US dollars,_Z,Not Applicable,2,Two,WB_WDI,World Development Indicators (WDI),0,Units,WB_WDI,World Development Indicators (WDI),A,Normal value,PU,Public,,,,,,,,,,,,,,,,,,,,,,,,,,,,,,,168.6210101993174,189.7946492127492,235.0647677144766,264.0669947908361,283.0580004807618,302.7369820283685,344.013327625123,348.8642409810899,345.5909095731701,269.9873127613973,492.4576694296513,587.8043555609179,533.9824764348656,534.9011536976566,474.4207673446895,487.4645554042925,464.6670018441588,540.1545842376621,628.1532192528493,686.579295832381,813.0601772505967,939.0452411126934,1022.619031884288,1204.568415329314,1224.749577588008,1319.592973709912,1335.543900898143,1266.177679529409,1219.465997289835,1562.364580680321,1630.869385212559,2684.827023789869,2343.245233503891,1502.519645141864,1343.14886031844
A,Annual,TMN,Middle East & North Africa (IDA & IBRD),WB_WDI_NY_GDP_PCAP_CD,GDP per capita (current US$),USD,US dollars,_Z,Not Applicable,2,Two,WB_WDI,World Development Indicators (WDI),0,Units,WB_WDI,World Development Indicators (WDI),A,Normal value,PU,Public,143.3930409515559,145.8170651869246,144.6856875893945,155.2807367614194,168.9326482469511,182.3880531874972,189.5976252197335,202.572601496626,221.2493596002672,239.2956989039969,261.436377707679,287.7920935165802,318.2123724923497,381.7637563290414,570.8258075734002,637.0234158713239,762.9037551388294,855.6086675632841,891.6182138867615,1075.745294007821,1266.961677881464,1199.397363608672,1299.729977590905,1379.312153919361,1396.08438796472,1453.886400356654,1515.497394254194,1287.169152001352,1211.750217126642,1181.702293923914,1551.3318248338,1021.780475418805,1019.887046380362,875.5990894136494,897.4797170300708,975.8461380594914,1056.465785594041,1075.367767927041,1072.890613401087,1135.627555372108,1246.019750688882,1225.814741398118,1168.359273048702,1263.915745403078,1463.304670525783,1657.842969159629,1885.148702481555,2240.988367838965,2656.83046140438,2512.843820366299,2817.903802181516,3234.882598840261,3414.871658769324,3147.246791762192,3071.927719890004,2799.454418115623,2828.100490448764,2822.359691446838,2784.509676751367,2667.558952588946,2375.473844175598,2712.781894131756,2970.114287674757,2792.714575457419,2905.833772092549
A,Annual,TON,Tonga,WB_WDI_NY_GDP_PCAP_CD,GDP per capita (current US$),USD,US dollars,_Z,Not Applicable,2,Two,WB_WDI,World Development Indicators (WDI),0,Units,WB_WDI,World Development Indicators (WDI),A,Normal value,PU,Public,,,,,,,,,,,,,,,,349.4709754143913,315.0948540466234,352.953092694597,427.6312875210762,457.9164480857094,544.7542414375629,635.7128898290138,633.4778635548331,621.073531745178,655.6623588270799,612.9435756294627,695.8050771857286,830.1530195850434,1077.683591501801,1069.835467602533,1139.055381919798,1323.400985503389,1370.361425986988,1383.473865848812,1956.66180354821,2084.027595397176,2214.914747898106,2135.521110862765,1888.831940282816,1952.146262488611,1995.076675462714,1753.516675766262,1759.4805324576,1936.041040123891,2195.448900476729,2477.726201448246,2750.347786008567,2797.06560109144,3218.453039931955,2914.237740045638,3416.083566012071,3849.99375750134,4384.170587242169,4219.246701130143,4136.590108984451,4123.903472388129,3987.986188370427,4365.929297886479,4638.8978542585,4676.848025171454,4700.449405410286,4912.579663491189,4933.074669307846,4863.763846321917,
A,Annual,TSA,South Asia (IDA & IBRD),WB_WDI_NY_GDP_PCAP_CD,GDP per capita (current US$),USD,US dollars,_Z,Not Applicable,2,Two,WB_WDI,World Development Indicators (WDI),0,Units,WB_WDI,World Development Indicators (WDI),A,Normal value,PU,Public,85.19072066316832,88.53744013690398,92.47597840080203,101.6997303470768,113.9539935526714,118.7255826395149,93.50950907788186,100.4902319792101,103.2576242795261,111.460473459612,116.6401077553213,121.4576382710281,121.8257709832214,142.6341923148196,167.0318565435166,172.0846706968326,160.6996744024995,181.8976147625721,201.5260918231601,220.8683288297267,261.1807959414907,267.2070519036504,268.0484262661358,281.5910511868098,270.8822492058972,290.8365615959412,302.2155684742079,330.2638036359555,344.3914073596103,338.6450080185986,359.9539731280879,303.8180568377101,315.5371313393102,302.9949945071911,342.7231116843968,370.570693920918,400.0951140235445,415.0027241700314,413.7050579951288,437.9362538475455,440.2536675779128,446.4189193488711,462.8988364966721,532.66154684429,606.4780416962581,686.3381934754727,769.3877680774556,967.697911561283,958.2755114602974,1054.435558857448,1294.027421316217,1397.006824244804,1387.182059382607,1405.856955153394,1528.490383550868,1570.54142462917,1722.907034151444,1956.067075541859,1988.366333179902,2067.059756876371,1957.20343722686,2273.720557986886,2385.083415784143,2532.375600516906,2691.645562640891
A,Annual,TSS,Sub-Saharan Africa (IDA & IBRD),WB_WDI_NY_GDP_PCAP_CD,GDP per capita (current US$),USD,US dollars,_Z,Not Applicable,2,Two,WB_WDI,World Development Indicators (WDI),0,Units,WB_WDI,World Development Indicators (WDI),A,Normal value,PU,Public,158.0881263464066,160.8922012292851,169.6844134347915,188.2735839848962,182.6449074530434,196.0797089226951,207.1148154388168,202.0275167925223,210.5443811714666,231.4676681113769,251.6699004925113,251.8702598307478,276.3067802303803,342.6434063906034,422.6187216815791,451.1046195101104,474.4375740856034,507.0440171496328,551.5466006008305,630.9988678449741,767.0991394550737,1006.171842859467,907.700994351868,791.1947139512042,686.964174566889,637.1168275746319,580.0230299457552,630.9623639111223,645.4431674041944,638.6264059660049,727.559410736476,757.8091001783054,663.4823343988332,652.6100347858462,650.2104207007736,805.6225583681133,876.027925916644,897.8492118288696,876.2662826953136,609.1831520621425,628.8402666155815,586.5738871837734,621.6935933250913,761.9602328385319,922.869892282636,1067.920605851608,1225.83189983052,1379.846717702471,1521.940710240839,1414.331256113978,1627.074966699901,1779.854731263178,1800.189173569157,1860.155120863439,1886.523988121393,1635.044226045257,1452.274200767763,1542.244648742764,1612.735531634898,1617.668880692415,1480.478642261376,1621.100970135129,1696.439992869391,1580.787927573091,1516.354480132063
A,Annual,TTO,Trinidad and Tobago,WB_WDI_NY_GDP_PCAP_CD,GDP per capita (current US$),USD,US dollars,_Z,Not Applicable,2,Two,WB_WDI,World Development Indicators (WDI),0,Units,WB_WDI,World Development Indicators (WDI),A,Normal value,PU,Public,633.975608394336,677.7138240221573,703.6208040799055,756.2849066258362,779.7660148945788,793.3577387156781,767.5378708408126,796.7038600514734,783.173633599792,794.529655166788,828.9198574643132,894.4530534828803,1067.464125675657,1273.322135733595,1962.026892348865,2318.691698155631,2344.93028321949,2907.373477071705,3258.092756711604,4155.159420172095,5559.052095071009,6159.709472848386,7091.406218920425,6689.808312380335,6613.119474207094,6212.000652997423,3984.996097197334,3941.120139726308,3655.819770358973,3481.845057610673,4047.250935946744,4205.377783480164,4277.474369356039,3646.71231742803,3839.962902331145,4114.689084754638,4427.278324482888,4393.944969430677,4612.709003126863,5179.083508092743,6178.589755596872,6657.414669372205,6762.930808080963,8445.046535182983,9871.03419820086,12346.4373094075,14152.66074221126,16606.67536068105,21298.99452580628,14634.0565003912,16815.424737361,19151.08702297216,20332.13895319251,21304.97764545651,21908.30178029877,19887.23373593377,17449.16235281861,17578.64177658654,17575.8042838042,17293.47301234271,15358.86129730658,17679.18125613412,20874.37682914996,18639.25924129396,19314.71634326638
A,Annual,TUN,Tunisia,WB_WDI_NY_GDP_PCAP_CD,GDP per capita (current US$),USD,US dollars,_Z,Not Applicable,2,Two,WB_WDI,World Development Indicators (WDI),0,Units,WB_WDI,World Development Indicators (WDI),A,Normal value,PU,Public,,200.6718354497622,201.4191669321654,231.9194078512698,228.4847936892731,217.2690134789365,223.7506802465929,228.0447651874063,248.9122554927195,257.7388325216815,280.4769102283463,320.2721029011235,414.6266125811042,493.172121667472,623.7593528048203,741.3549156610302,751.7419464086184,829.9839633231771,945.9646780610012,1113.444450187751,1323.626437633391,1247.128012685512,1177.30518554913,1183.841723303101,1143.281286765795,1134.998130557363,1186.506515257344,1244.76663577347,1266.075832589529,1239.238602267844,1476.431604773108,1537.879165113058,1784.818501882677,1649.18537309075,1733.466146735063,1968.166009443725,2107.408156492565,2202.060906209565,2285.019335418639,2376.065667915961,2199.044659363143,2235.719816247511,2320.772380578498,2725.864314885902,3067.419363769748,3146.826074392703,3322.56933570096,3726.916729356669,4255.050080195232,4080.090324487805,4291.861208915754,4420.64772206537,4297.267824542726,4369.79345826358,4458.978954645474,4014.947736864322,3847.803544488087,3619.032473199532,3628.103664642358,3528.87213306798,3548.653636638027,3906.939263193908,3708.848124103598,3950.375341981596,4350.371797187498
A,Annual,TUR,Turkiye,WB_WDI_NY_GDP_PCAP_CD,GDP per capita (current US$),USD,US dollars,_Z,Not Applicable,2,Two,WB_WDI,World Development Indicators (WDI),0,Units,WB_WDI,World Development Indicators (WDI),A,Normal value,PU,Public,267.0912075527651,274.3508909432619,298.2410208848827,337.0198568592051,354.3655411171675,369.9670822046245,424.9846101317778,459.4493690531593,501.1213090411104,543.9474013294782,487.5650866824351,430.8972596737834,537.3375292325277,661.0808218851721,880.7281677168482,1121.543269149763,1227.924096581994,1371.961856514626,1510.185310649443,2013.373742865027,1515.645898500683,1536.665620641011,1360.238252197752,1275.683376171307,1209.051493833127,1326.427014453074,1461.496586547545,1649.962647944021,1685.694792405351,1948.591794547939,2689.526219212329,2649.272599744394,2743.65320297936,3057.937374804221,2176.280181380901,2774.616272028474,2929.153949306191,3020.99347061272,4329.562439855733,3969.473594065855,4192.443167384937,3045.554139569256,3583.197458971578,4637.882185015292,5960.778989090488,7303.013888602453,7953.078480249695,9711.223761208315,10843.5036940489,9012.999457930342,10622.70204397232,11300.78522156805,11713.2849831139,12578.18786320004,12165.22013503798,11049.99511009425,10970.04589488617,10695.55019623101,9568.835063302282,9215.440498881144,8638.739038481022,9743.212778048552,10674.50415786499,13105.65850047775,15473.28726368557
A,Annual,TUV,Tuvalu,WB_WDI_NY_GDP_PCAP_CD,GDP per capita (current US$),USD,US dollars,_Z,Not Applicable,2,Two,WB_WDI,World Development Indicators (WDI),0,Units,WB_WDI,World Development Indicators (WDI),A,Normal value,PU,Public,,,,,,,,,,,456.6406276033979,477.9225302550473,521.5140449622687,600.5836012711263,708.0605747467171,656.3263125839788,611.9725530802041,548.8213568126623,546.0373527810826,565.9325493156691,571.0192959143003,634.203764501491,537.4406526156386,533.1300942566077,567.1953812394186,480.0959337685733,556.7367909854814,599.750746530394,823.0875054428318,976.0474771753136,1084.667072216986,1134.331755514768,1165.637103603525,1141.179044102473,1278.658700763993,1284.76446104166,1427.809605017526,1461.086180492764,1459.649371417185,1558.603965698686,1579.419062755418,1456.78409421177,1750.251750523477,2006.842499414418,2322.562650728922,2304.826943290521,2396.268443077015,2794.163100841186,3088.308774138355,2683.967495495832,3024.817079057099,3636.081399897922,3598.461630910534,3510.21640142483,3528.858581027818,3357.834177000705,3808.697550159088,4165.663387001063,4466.120349282449,5115.130759502061,4976.112541095707,5905.081980953432,5911.327270553013,6344.775018868903,
A,Annual,TZA,Tanzania,WB_WDI_NY_GDP_PCAP_CD,GDP per capita (current US$),USD,US dollars,_Z,Not Applicable,2,Two,WB_WDI,World Development Indicators (WDI),0,Units,WB_WDI,World Development Indicators (WDI),A,Normal value,PU,Public,275.296020507813,285.156799316406,303.997436523438,329.010589599609,346.301818847656,342.077941894531,380.497924804688,384.642944335938,399.301635742188,405.450805664063,217.235641479492,224.451416015625,246.546295166016,283.801849365234,328.783599853516,364.969940185547,397.542755126953,458.058349609375,529.603637695313,542.11474609375,611.211791992188,683.913269042969,701.959838867188,685.276489257813,609.331420898438,700.450073242188,479.281768798828,334.822784423828,307.50634765625,259.502227783203,243.611557006836,276.452453613281,250.329925537109,224.491546630859,228.890029907227,258.418334960938,313.658386230469,363.597686767578,386.378448486328,392.621765136719,401.698150634766,396.638732910156,402.649047851563,422.18359375,450.385284423828,483.334869384766,475.746734619141,543.198303222656,675.977233886719,693.823547363281,736.530151367188,775.392761230469,861.969909667969,963.05712890625,1022.74841308594,939.127319335938,953.0107421875,986.674011230469,1023.10626220703,1063.32250976563,1117.41528320313,1159.85656738281,1207.85302734375,1224.48962402344,1185.74548339844
A,Annual,UGA,Uganda,WB_WDI_NY_GDP_PCAP_CD,GDP per capita (current US$),USD,US dollars,_Z,Not Applicable,2,Two,WB_WDI,World Development Indicators (WDI),0,Units,WB_WDI,World Development Indicators (WDI),A,Normal value,PU,Public,55.37849761321809,56.17592780915955,55.50487046048867,61.95537681918348,68.62599301943679,99.9527652325075,101.4354146209077,102.8003473284401,106.8512281045313,116.6822963308539,122.0309295856295,133.4680883161315,136.964736487473,152.7094175878244,183.7175719662602,201.2372928447994,203.3098136508089,237.584889064205,190.6901450976065,164.5130121811271,93.7506991135184,98.64675506541091,156.9524229093307,157.5272169225248,247.516937638636,234.2765027775256,253.6430588108169,392.9707432047895,395.1876609609243,310.1860252494446,244.9871681268064,182.9558973483483,152.1135424155368,165.6164762117159,198.4419879987951,278.5208356687668,284.6982592857328,286.8466379129639,292.4530370588349,257.9219496013566,258.050338731086,236.0211888539934,241.9846884083346,250.7154366468096,292.3818579626201,330.4054027070251,346.5182553106472,401.3891308655809,472.8426814958519,798.9470899382466,823.488144282,835.620060555838,795.222867553127,818.2854274167128,896.0547955463935,862.9346103558107,752.6965717256556,765.2183322973606,792.1657002281404,822.1711501416511,845.7664638500104,882.791717442001,963.0673142334972,1002.309139088515,1072.713698376954
A,Annual,UKR,Ukraine,WB_WDI_NY_GDP_PCAP_CD,GDP per capita (current US$),USD,US dollars,_Z,Not Applicable,2,Two,WB_WDI,World Development Indicators (WDI),0,Units,WB_WDI,World Development Indicators (WDI),A,Normal value,PU,Public,,,,,,,,,,,,,,,,,,,,,,,,,,,,1244.04125976563,1444.248046875,1593.07861328125,1563.63415527344,1482.6396484375,1413.24011230469,1254.02868652344,1009.09405517578,933.191772460938,869.846069335938,987.489807128906,831.336791992188,631.910461425781,653.294311523438,800.49072265625,903.011901855469,1076.48156738281,1401.01806640625,1875.33508300781,2366.494140625,3160.32763671875,4017.806640625,2607.08764648438,3039.63232421875,3656.69799804688,3951.34228515625,4129.89697265625,3054.908203125,2094.47387695313,2158.46118164063,2604.28759765625,3059.0517578125,3619.86157226563,3709.76928710938,4775.94580078125,4199.6708984375,5139.59814453125,5389.47314453125
A,Annual,UMC,Upper middle income,WB_WDI_NY_GDP_PCAP_CD,GDP per capita (current US$),USD,US dollars,_Z,Not Applicable,2,Two,WB_WDI,World Development Indicators (WDI),0,Units,WB_WDI,World Development Indicators (WDI),A,Normal value,PU,Public,146.4180201888031,143.6067658950004,142.5899043956474,152.8311362796478,170.9624367536454,186.6603295534472,200.6165476799566,198.0498276856747,204.3471151634647,223.4093441691927,239.1878818578593,253.745723152689,284.2643984618078,366.2527393433194,461.2770113643963,500.3925123032348,532.1311803978325,586.092694590108,634.7875047192723,726.5415275487545,836.8785721113293,889.2417118092484,857.6085887461197,824.0666765535493,856.0990395998703,868.3284802016805,875.9065751827869,868.5388572649676,921.9697220154188,1003.521205290082,1149.129432916467,1099.744724521496,1158.955906217793,1261.084961940669,1402.641412671723,1575.359858172111,1722.576997615575,1813.006529460351,1770.405771066502,1705.869004886688,1846.561596451634,1830.976201913005,1829.299222123581,2022.14220971991,2365.308231371069,2787.476274918908,3261.314383442983,3981.317614089367,4778.178833947365,4708.71336342617,5708.679540795665,6770.880939549835,7164.769714696139,7551.708969033694,7776.909414023942,7434.595696215199,7404.712051582635,8053.633181576589,8559.82716365995,8647.39963930798,8334.90582376743,9905.055834526154,10310.86687610781,10631.31674415638,10961.81844599445
A,Annual,URY,Uruguay,WB_WDI_NY_GDP_PCAP_CD,GDP per capita (current US$),USD,US dollars,_Z,Not Applicable,2,Two,WB_WDI,World Development Indicators (WDI),0,Units,WB_WDI,World Development Indicators (WDI),A,Normal value,PU,Public,491.031760304596,603.9665132337051,659.393716891716,586.8211916694306,744.654270146069,705.2025275266944,668.1763766577602,584.75530449369,578.5488685361361,722.5862549075686,765.7630119866935,1000.283654122567,775.9372510508349,1397.289603043827,1433.177974750633,1231.853709531793,1268.303032409208,1414.237899854028,1678.309256225678,2442.659578942663,3442.812306203507,3728.445569699597,3084.794070021742,1707.144628491355,1615.406472771356,1568.432164863634,1938.810848694698,2415.654199487503,2677.197776909926,2734.366238715349,2995.361056634655,3589.01541942634,4101.710541552913,4753.009246826468,5507.564813000561,6050.486322536444,6398.435751840946,7436.293426206825,7836.891833223072,7370.56995453931,6987.700987662573,6382.761047408588,4149.761403126869,3671.123292568827,4168.660654383865,5284.25677987129,6001.332947831721,7222.054036458771,9423.965625958926,9881.395731270806,12641.05768490079,15132.26757255872,16259.59408142561,18335.25947723224,18322.42767671572,17125.90168002979,17009.75842072758,19184.65026170824,19249.94046775007,18315.73169800282,15757.53559957787,17881.81872109899,20818.61460911435,23019.42215600459,23906.51330294079
A,Annual,USA,United States,WB_WDI_NY_GDP_PCAP_CD,GDP per capita (current US$),USD,US dollars,_Z,Not Applicable,2,Two,WB_WDI,World Development Indicators (WDI),0,Units,WB_WDI,World Development Indicators (WDI),A,Normal value,PU,Public,3002.089295455972,3062.974116001431,3241.857658527999,3373.357305034205,3573.063545521114,3826.517247994658,4141.646538516631,4331.581152742854,4691.63403587259,5025.094774921477,5234.296666211498,5609.382599525187,6094.017989861646,6726.358955966948,7225.691359525657,7801.456663564427,8592.253537276125,9452.57651914511,10564.94822202754,11674.18186665482,12574.7915062163,13976.10539252002,14433.78772705297,15543.89371749247,17121.22548499947,18236.8277265009,19071.22719492948,20038.94109926575,21417.01193051914,22857.15443300556,23888.60000881329,24342.25890481894,25418.9907763319,26387.29373381707,27694.85341623405,28690.87570133469,29967.71271817487,31459.12996915539,32853.6725949234,34515.38130733945,36329.97025957508,37133.6203973517,37997.7424300242,39490.30239031761,41724.64119826138,44123.39964700257,46301.98764855189,48050.22741219505,48570.05942696015,47194.95008938721,48642.6312088213,50024.8812320773,51708.39406140819,53297.38629015953,55153.3940182967,56849.46979231594,57976.62820429104,60047.71907283069,62875.66613827284,65227.95659110383,64401.50743542118,71307.40172772181,77860.91129088482,82304.62042728657,85809.90038463562
A,Annual,UZB,Uzbekistan,WB_WDI_NY_GDP_PCAP_CD,GDP per capita (current US$),USD,US dollars,_Z,Not Applicable,2,Two,WB_WDI,World Development Indicators (WDI),0,Units,WB_WDI,World Development Indicators (WDI),A,Normal value,PU,Public,,,,,,,,,,,,,,,,,,,,,,,,,,,,450.2445364761522,550.9996150850236,598.1231316804362,652.9376529256002,658.3135505280682,602.9205258270478,595.7770995966123,574.2290798966192,582.5421367403402,597.3322869511097,620.5912958136596,621.048904301242,697.7635397908124,555.149231099186,454.4158122567783,381.4092968892826,394.1640288972349,462.1714928678853,542.8358086922086,649.118167003925,824.0281923347682,1074.729287967007,1205.799354703797,1753.207302432779,2087.863861356943,2307.346491171846,2461.979474035951,2674.962838210302,2803.190180217509,2753.379514275888,2190.604115628878,1813.085308136637,2041.384807294311,1978.280518607626,2258.519641192782,2578.666893942188,2878.968792924507,3161.70010632875
A,Annual,VCT,St. Vincent and the Grenadines,WB_WDI_NY_GDP_PCAP_CD,GDP per capita (current US$),USD,US dollars,_Z,Not Applicable,2,Two,WB_WDI,World Development Indicators (WDI),0,Units,WB_WDI,World Development Indicators (WDI),A,Normal value,PU,Public,154.8399535488655,163.0367415871375,166.501945155564,154.8557895980217,164.4396755127326,166.1585179605005,174.9007055805482,170.043233030992,163.0844745705088,175.1562204128006,192.2595973490059,206.9939954387699,282.0922882227549,305.6517928269211,330.705359076164,331.0909379507829,324.0495734354261,483.8592716776816,592.0191825004279,687.0673923890066,790.1158169290744,971.5772773144314,1073.513983649306,1144.305861487763,1253.865255581247,1342.245637892699,1471.862964894782,1596.173193038312,1813.937651074415,1929.910509582125,2149.739443589835,2270.76357246912,2470.518407910083,2539.649686498491,2563.249765644423,2795.363056139547,2930.443947426063,3073.778474384797,3301.100181291028,3446.522930318778,3768.955366040222,4071.086010989624,4303.279767897269,4499.614541933418,4873.489477424427,5157.393738781021,5744.8278621257,6398.191235321719,6598.905314508585,6463.78777336717,6551.968359924052,6527.68996854448,6713.807686438646,7072.46737188939,7168.828753429115,7353.735560541842,7656.900428811777,7988.044450192978,8428.126771530695,8740.594252320614,8351.203240409815,8641.279040244432,9693.558678330251,10582.36567252289,11501.22651871877
A,Annual,VEN,"Venezuela, RB",WB_WDI_NY_GDP_PCAP_CD,GDP per capita (current US$),USD,US dollars,_Z,Not Applicable,2,Two,WB_WDI,World Development Indicators (WDI),0,Units,WB_WDI,World Development Indicators (WDI),A,Normal value,PU,Public,939.1977665775396,954.0383306382132,1006.559408123182,1060.094332103883,873.6047548808759,869.0410678904966,875.9562317150288,892.9853155563931,938.0150786624991,931.5987557481434,1015.219907559861,1106.088242942251,1155.262362633441,1366.833619970706,2033.51900797712,2078.153420351097,2309.192934949831,2585.220510878464,2727.137465853274,3256.649087384515,3874.404706231552,4228.098815268501,4201.542834663421,4078.94233103427,3519.801464893079,3548.704342762838,3376.349605978432,2610.988371260036,3191.476337426564,2250.08459665588,2451.552311456702,2632.539698141059,2907.303344394341,2824.69144366441,2688.983251452953,3486.983506359194,3112.825848105998,3710.826883550958,3869.982588488938,4070.906191894843,4776.281676393797,4920.393136004533,3652.098965018651,3229.505570820789,4269.089708723917,5432.485418465401,6739.380653422186,8331.62096991844,11262.45142567589,11596.60219217309,13646.30466226641,10843.92297031674,12901.41715822741,12403.14669575824,15943.61271971634,,,,,,,,,,
A,Annual,VIR,Virgin Islands (U.S.),WB_WDI_NY_GDP_PCAP_CD,GDP per capita (current US$),USD,US dollars,_Z,Not Applicable,2,Two,WB_WDI,World Development Indicators (WDI),0,Units,WB_WDI,World Development Indicators (WDI),A,Normal value,PU,Public,,,,,,,,,,,,,,,,,,,,,,,,,,,,,,,,,,,,,,,,,,,30062.02250504566,31731.25662411871,35006.36144045139,40828.74609277752,41377.14660096522,44158.50540443246,39152.3750657306,38753.18253938969,39905.12841809943,38997.13731646505,37795.31925906755,34597.97669403282,33045.36437959993,34007.35294117647,35324.97488745861,35365.06930397741,36663.20875505837,38633.52989153362,39787.37416502023,42571.07773684707,44320.90918577405,,
A,Annual,VNM,Viet Nam,WB_WDI_NY_GDP_PCAP_CD,GDP per capita (current US$),USD,US dollars,_Z,Not Applicable,2,Two,WB_WDI,World Development Indicators (WDI),0,Units,WB_WDI,World Development Indicators (WDI),A,Normal value,PU,Public,,,,,,,,,,,,,,,,,,,,,,,,,,238.647805313403,436.4192967722245,595.247488701606,404.5593050788878,98.10701721595764,98.79833703114006,143.7152702319358,144.5493923716766,189.4185735843322,229.8577872657568,287.802661028593,337.0512317902771,361.6438840855664,361.3509284111671,375.9944559004962,404.0297840551183,419.2056775809007,445.1328618173133,497.1170892492557,565.452284586212,710.7467599948609,807.7566451170537,925.6403383487174,1163.831957728732,1226.169760515362,1683.161824439786,1950.925041749125,2185.117676542914,2359.517364728279,2546.384644599033,2577.568853401125,2735.060438041602,2956.109921277532,3222.310031253664,3440.900253754337,3534.039534826468,3704.193559003796,4147.69777213621,4323.350319824513,4717.290287324488
A,Annual,VUT,Vanuatu,WB_WDI_NY_GDP_PCAP_CD,GDP per capita (current US$),USD,US dollars,_Z,Not Applicable,2,Two,WB_WDI,World Development Indicators (WDI),0,Units,WB_WDI,World Development Indicators (WDI),A,Normal value,PU,Public,,,,,,,,,,,,,,,,,,,,1055.014466874775,1047.773625879832,962.2220553540428,946.0231546483838,946.7052225955728,1136.682023840453,1011.51017753831,945.9986190222064,1016.599047630782,1125.006169777124,1066.625128063515,1140.590203117242,1326.373212562116,1343.68942861831,1257.293874866564,1430.993677764832,1491.789670046175,1529.275731150211,1562.030906701533,1470.971890486583,1472.177517414618,1460.238176922293,1350.183382385216,1340.715375282868,1566.513967908582,1774.318675858938,1873.991426406186,2034.792896243511,2333.705067489144,2603.608831367241,2546.383245659856,2815.188289857788,3163.1861645138,3004.784166642932,2979.796080843987,2973.09026493408,2854.894122726535,2956.126448014892,3159.860557901264,3206.657487188111,3207.446504520825,3042.987115982865,3211.71947349318,3292.34108821237,3515.236336117979,3542.810715928743
A,Annual,WLD,World,WB_WDI_NY_GDP_PCAP_CD,GDP per capita (current US$),USD,US dollars,_Z,Not Applicable,2,Two,WB_WDI,World Development Indicators (WDI),0,Units,WB_WDI,World Development Indicators (WDI),A,Normal value,PU,Public,452.2631588516808,471.5197973469466,495.786853879008,524.8901407678104,563.4944450830203,601.4791984272258,638.2869771132052,663.6182836378819,702.6245688364168,759.9893896104222,816.0488605269235,883.0457983670346,999.8076374378784,1198.771947869432,1359.134233257371,1485.428049259414,1586.037683167992,1761.909950257441,2049.621258050625,2329.111581437344,2580.485526273338,2621.601659088166,2547.598572022436,2554.24907321511,2607.258471579401,2683.121467418446,3107.887374827896,3474.925126663609,3814.424465867189,3915.096593786529,4322.945332520131,4437.341246176013,4662.100916099039,4665.284404088355,4945.314127258717,5430.936094825421,5473.849535224105,5376.571942028772,5290.431143552421,5389.133680563275,5496.486022896207,5390.181690677577,5525.029659593797,6116.555079545444,6804.784149525848,7276.275612131479,7786.76387235499,8666.128891406055,9403.728196914148,8806.25100952158,9530.010808845833,10471.5364278845,10570.75881336087,10744.62036430344,10911.80673831489,10175.40941950777,10221.36598046476,10765.26622335043,11326.93390160633,11376.82334099987,10963.17564223637,12418.56592450642,12819.74483797328,13263.61954880462,13673.00395789011
A,Annual,WSM,Samoa,WB_WDI_NY_GDP_PCAP_CD,GDP per capita (current US$),USD,US dollars,_Z,Not Applicable,2,Two,WB_WDI,World Development Indicators (WDI),0,Units,WB_WDI,World Development Indicators (WDI),A,Normal value,PU,Public,,,,,,,,,,,321.9967066195588,376.9714950949611,432.8696700900884,562.757551160649,626.0388469154998,609.6703004599426,541.0314722318099,615.2978099579949,670.6332718715314,750.5887260905389,765.2477328882803,713.3756725429042,728.1279379358726,670.9863813175799,654.6975606640357,572.8063877132357,604.2574188157643,666.3083373090815,790.1349923138382,728.1511288588055,743.9942130083548,741.5639638084816,776.7408244097105,774.988631552282,1276.850215748969,1288.104733214013,1419.358490452284,1607.887443305207,1506.303592158463,1416.769159669872,1424.752400024706,1453.870213246061,1527.55790455937,1798.124297140484,2189.260426079918,2550.042214375108,2663.29135939532,3038.619040933768,3373.606398842629,3279.182694772948,3524.247924620296,3821.506782644792,3934.603207999815,4023.525401382498,3982.680802020836,4084.360838199326,4147.070976748883,4307.59381964907,4231.814094691937,4351.942349437056,4099.660090714701,3947.645179054152,3869.466394921443,4330.178405313288,4898.771408176764
A,Annual,XKX,Kosovo,WB_WDI_NY_GDP_PCAP_CD,GDP per capita (current US$),USD,US dollars,_Z,Not Applicable,2,Two,WB_WDI,World Development Indicators (WDI),0,Units,WB_WDI,World Development Indicators (WDI),A,Normal value,PU,Public,,,,,,,,,,,,,,,,,,,,,,,,,,,,,,,,,,,,,,,,,,,,,,,,,2877.393314027239,2794.86699473069,2987.545195744637,3538.947598385758,3410.655507493158,3704.558727816719,3902.494243609465,3520.628506993746,3759.449590671039,4009.317993475884,4384.186240849474,4415.997161075136,4310.890655487986,5270.429652898325,5290.947472246869,6221.203652120936,7299.434980831179
A,Annual,YEM,"Yemen, Rep.",WB_WDI_NY_GDP_PCAP_CD,GDP per capita (current US$),USD,US dollars,_Z,Not Applicable,2,Two,WB_WDI,World Development Indicators (WDI),0,Units,WB_WDI,World Development Indicators (WDI),A,Normal value,PU,Public,,,,,,,,,,,,,,,,,,,,,,,,,,,,,,,910.4224659607484,1016.302230448135,1198.130316740845,1396.615444190086,1735.044195432142,764.4146560909375,375.2149946633629,382.5849287224208,342.7394074777304,401.4481416608006,493.2351826348137,487.1412579463175,513.2414865706028,548.9058830499728,627.6320233957623,734.1599084509268,809.7131276247031,890.3057681149879,1071.635832821047,969.2435098644784,1155.203052614175,1186.475005808762,1245.050682715856,1378.750029546106,1430.164209641797,1362.17381205593,975.3594170032254,811.165970405745,633.887202450998,623.3761681446791,559.5646758055017,522.1735116897826,615.702077657755,426.3540759146152,433.1740150681478
A,Annual,ZAF,South Africa,WB_WDI_NY_GDP_PCAP_CD,GDP per capita (current US$),USD,US dollars,_Z,Not Applicable,2,Two,WB_WDI,World Development Indicators (WDI),0,Units,WB_WDI,World Development Indicators (WDI),A,Normal value,PU,Public,532.1475043303318,545.6575119226733,563.4230088179452,604.5368552709906,645.873375685446,684.6212277403505,721.7537594141801,778.8393358297907,817.1283406140661,890.9220891029356,952.3521880735368,1020.439835907178,1038.394074682835,1369.16160033933,1656.2890557998,1670.118168989536,1558.998247334865,1671.466188372723,1851.75191300848,2201.519223398682,3028.974475618321,3049.71474333882,2717.163887104247,2938.489802396751,2504.077367902888,1839.484190818405,2027.466203818898,2586.274233142276,2702.055047745079,2726.709806794882,3093.489203523345,3243.23616023953,3462.394002028346,3399.64009566241,3488.59711541763,3855.634087156698,3617.553360029318,3700.235547898668,3309.609330874719,3242.368304839578,3217.846934484671,2847.151919459081,2688.236760328064,4062.217559937858,5221.463337317212,5836.876633251265,6077.382933888757,6591.85535960564,6184.754743283988,6374.705600429925,7973.471957715169,8646.055710716348,8076.976784797406,7331.654673849192,6856.731370925222,6112.273824859742,5651.205851657492,6618.335082557006,6914.178031807599,6533.711210328561,5580.603830751887,6843.399418862039,6523.410978158534,6022.54254192335,6253.37158194543
A,Annual,ZMB,Zambia,WB_WDI_NY_GDP_PCAP_CD,GDP per capita (current US$),USD,US dollars,_Z,Not Applicable,2,Two,WB_WDI,World Development Indicators (WDI),0,Units,WB_WDI,World Development Indicators (WDI),A,Normal value,PU,Public,221.5598489228489,209.6932064269514,202.2810311905099,203.2194512275858,229.9792456320971,287.42547598963,325.0258472765623,340.5799403864118,387.0872886522941,458.9816507837445,413.9046752249445,372.1440715113891,409.7811463569481,517.6300551618726,601.1013714326912,489.5050187405579,533.2316317218533,474.3623624430187,514.334878626644,595.4558491019563,669.419722015371,669.8868293616838,626.5325334481952,520.4558335417698,413.2699742717346,332.1737372532979,238.2337961609696,314.9996026228411,504.4860201541136,526.3617692560721,422.3362988042192,423.0712568355922,389.2546658322258,390.9166737846458,426.3865983901017,433.3127826421176,399.5113047424493,465.8719421647989,373.0847630574078,349.5157230956866,359.4295009882214,396.5489529935036,393.8646255186162,446.2901048390412,548.6859745662773,710.9820681716964,1051.717148956864,1118.731626269526,1375.502110069974,1136.241683168477,1451.106160171549,1624.868177634425,1710.050613437281,1820.718548273905,1707.485731366938,1295.877886800678,1239.085278777133,1483.465773280652,1463.899978555931,1258.98619844462,951.6443166559574,1127.160778728572,1447.123101380346,1330.727805767091,1235.084664825141
A,Annual,ZWE,Zimbabwe,WB_WDI_NY_GDP_PCAP_CD,GDP per capita (current US$),USD,US dollars,_Z,Not Applicable,2,Two,WB_WDI,World Development Indicators (WDI),0,Units,WB_WDI,World Development Indicators (WDI),A,Normal value,PU,Public,276.4197840611886,279.0164892335904,275.5456083228292,277.0057011617849,281.7445387811874,294.1453590037706,278.5675188117354,294.2105707327516,301.9320753105776,345.5785668298563,361.2415785127782,405.3643200652755,483.1314727717475,578.517507935409,673.9913086472416,716.7644180031074,686.8618144135131,676.699640439917,665.0188697132307,778.8516286106627,948.527387299136,1068.377704083839,1095.325565177325,958.7157698171128,756.9725907327518,648.9445270553088,692.1759210579476,726.060756103479,815.4761634638719,839.9891581359466,866.4865270340804,830.5271708599169,630.8195823126415,604.3867187046533,633.7332624209554,647.9754998417612,766.5236906396102,750.1936737284719,552.1653201980271,582.0034876176419,562.5569456804952,566.1076921454616,524.6772810782093,468.2342234730348,469.4846914010346,461.0283184464444,430.8092140102423,413.3026050100036,340.7402102981584,735.4462485618061,901.5505175281896,1037.246137419024,1238.594794814333,1362.299529323959,1372.214746103728,1386.418559275747,1407.420964132122,3448.086990688239,2271.852503658166,1683.913135841412,1730.453910347008,1724.387271022724,2040.546587053951,2156.034093229838,2656.409376543325
