{
"type": "FeatureCollection",
"name": "GDP_PPP_per_capita",
"crs": { "type": "name", "properties": { "name": "urn:ogc:def:crs:OGC:1.3:CRS84" } },
"features": [
{ "type": "Feature", "properties": { "name": "Afghanistan", "iso3": "AFG", "name_with_flag": "🇦🇫 Afghanistan", "1990": null, "1991": null, "1992": null, "1993": null, "1994": null, "1995": null, "1996": null, "1997": null, "1998": null, "1999": null, "2000": 813.55025598962447, "2001": 747.68804549241315, "2002": 926.50794101164558, "2003": 966.96203205578115, "2004": 971.63350304666596, "2005": 1076.087352608705, "2006": 1121.8344707774861, "2007": 1286.9498431267491, "2008": 1333.747266618969, "2009": 1570.6981451794879, "2010": 1765.538028306152, "2011": 1744.060623215581, "2012": 1988.429303815544, "2013": 2133.241270986467, "2014": 2224.4907481521468, "2015": 2284.075847893494, "2016": 2213.1814410479042, "2017": 2335.7958623445379, "2018": 2432.2767008333622, "2019": 2583.4853323987691, "2020": 2561.981760586219, "2021": 2144.1665700281878, "2022": 2122.9958151266328, "2023": 2201.722906916772, "2024": null }, "geometry": { "type": "Polygon", "coordinates": [ [ [ 61.210817, 35.650072 ], [ 62.230651, 35.270664 ], [ 62.984662, 35.404041 ], [ 63.193538, 35.857166 ], [ 63.982896, 36.007957 ], [ 64.546479, 36.312073 ], [ 64.746105, 37.111818 ], [ 65.588948, 37.305217 ], [ 65.745631, 37.661164 ], [ 66.217385, 37.39379 ], [ 66.518607, 37.362784 ], [ 67.075782, 37.356144 ], [ 67.83, 37.144994 ], [ 68.135562, 37.023115 ], [ 68.859446, 37.344336 ], [ 69.196273, 37.151144 ], [ 69.518785, 37.608997 ], [ 70.116578, 37.588223 ], [ 70.270574, 37.735165 ], [ 70.376304, 38.138396 ], [ 70.806821, 38.486282 ], [ 71.348131, 38.258905 ], [ 71.239404, 37.953265 ], [ 71.541918, 37.905774 ], [ 71.448693, 37.065645 ], [ 71.844638, 36.738171 ], [ 72.193041, 36.948288 ], [ 72.63689, 37.047558 ], [ 73.260056, 37.495257 ], [ 73.948696, 37.421566 ], [ 74.980002, 37.41999 ], [ 75.158028, 37.133031 ], [ 74.575893, 37.020841 ], [ 74.067552, 36.836176 ], [ 72.920025, 36.720007 ], [ 71.846292, 36.509942 ], [ 71.262348, 36.074388 ], [ 71.498768, 35.650563 ], [ 71.613076, 35.153203 ], [ 71.115019, 34.733126 ], [ 71.156773, 34.348911 ], [ 70.881803, 33.988856 ], [ 69.930543, 34.02012 ], [ 70.323594, 33.358533 ], [ 69.687147, 33.105499 ], [ 69.262522, 32.501944 ], [ 69.317764, 31.901412 ], [ 68.926677, 31.620189 ], [ 68.556932, 31.71331 ], [ 67.792689, 31.58293 ], [ 67.683394, 31.303154 ], [ 66.938891, 31.304911 ], [ 66.381458, 30.738899 ], [ 66.346473, 29.887943 ], [ 65.046862, 29.472181 ], [ 64.350419, 29.560031 ], [ 64.148002, 29.340819 ], [ 63.550261, 29.468331 ], [ 62.549857, 29.318572 ], [ 60.874248, 29.829239 ], [ 61.781222, 30.73585 ], [ 61.699314, 31.379506 ], [ 60.941945, 31.548075 ], [ 60.863655, 32.18292 ], [ 60.536078, 32.981269 ], [ 60.9637, 33.528832 ], [ 60.52843, 33.676446 ], [ 60.803193, 34.404102 ], [ 61.210817, 35.650072 ] ] ] } },
{ "type": "Feature", "properties": { "name": "Angola", "iso3": "AGO", "name_with_flag": "🇦🇴 Angola", "1990": 3340.598481807202, "1991": 3372.5969684874121, "1992": 3143.4406104598311, "1993": 2369.2418315343712, "1994": 2374.0208209748971, "1995": 2695.8059851033881, "1996": 3013.3328130118261, "1997": 3178.4948025426788, "1998": 3254.244474608558, "1999": 3262.9755288830638, "2000": 3326.7799138279202, "2001": 3427.8539496339522, "2002": 3824.284804372277, "2003": 3878.50795458421, "2004": 4262.9060125877577, "2005": 4876.2876839482269, "2006": 5404.3838301697788, "2007": 6095.999266893502, "2008": 6651.377741161682, "2009": 6498.1692820980961, "2010": 6607.0221970300991, "2011": 6711.3902572388306, "2012": 7354.9429663126093, "2013": 7561.0392049517905, "2014": 7990.2744567277496, "2015": 7119.7264427440059, "2016": 6843.7358966050379, "2017": 6992.7288342811999, "2018": 7347.7999363505187, "2019": 7528.3824179121748, "2020": 6450.7499462515398, "2021": 7408.1265912105882, "2022": 7924.8888058390057, "2023": 8046.8172987557891, "2024": 8347.9527911705463 }, "geometry": { "type": "MultiPolygon", "coordinates": [ [ [ [ 16.326528, -5.87747 ], [ 16.57318, -6.622645 ], [ 16.860191, -7.222298 ], [ 17.089996, -7.545689 ], [ 17.47297, -8.068551 ], [ 18.134222, -7.987678 ], [ 18.464176, -7.847014 ], [ 19.016752, -7.988246 ], [ 19.166613, -7.738184 ], [ 19.417502, -7.155429 ], [ 20.037723, -7.116361 ], [ 20.091622, -6.94309 ], [ 20.601823, -6.939318 ], [ 20.514748, -7.299606 ], [ 21.728111, -7.290872 ], [ 21.746456, -7.920085 ], [ 21.949131, -8.305901 ], [ 21.801801, -8.908707 ], [ 21.875182, -9.523708 ], [ 22.208753, -9.894796 ], [ 22.155268, -11.084801 ], [ 22.402798, -10.993075 ], [ 22.837345, -11.017622 ], [ 23.456791, -10.867863 ], [ 23.912215, -10.926826 ], [ 24.017894, -11.237298 ], [ 23.904154, -11.722282 ], [ 24.079905, -12.191297 ], [ 23.930922, -12.565848 ], [ 24.016137, -12.911046 ], [ 21.933886, -12.898437 ], [ 21.887843, -16.08031 ], [ 22.562478, -16.898451 ], [ 23.215048, -17.523116 ], [ 21.377176, -17.930636 ], [ 18.956187, -17.789095 ], [ 18.263309, -17.309951 ], [ 14.209707, -17.353101 ], [ 14.058501, -17.423381 ], [ 13.462362, -16.971212 ], [ 12.814081, -16.941343 ], [ 12.215461, -17.111668 ], [ 11.734199, -17.301889 ], [ 11.640096, -16.673142 ], [ 11.778537, -15.793816 ], [ 12.123581, -14.878316 ], [ 12.175619, -14.449144 ], [ 12.500095, -13.5477 ], [ 12.738479, -13.137906 ], [ 13.312914, -12.48363 ], [ 13.633721, -12.038645 ], [ 13.738728, -11.297863 ], [ 13.686379, -10.731076 ], [ 13.387328, -10.373578 ], [ 13.120988, -9.766897 ], [ 12.87537, -9.166934 ], [ 12.929061, -8.959091 ], [ 13.236433, -8.562629 ], [ 12.93304, -7.596539 ], [ 12.728298, -6.927122 ], [ 12.227347, -6.294448 ], [ 12.322432, -6.100092 ], [ 12.735171, -5.965682 ], [ 13.024869, -5.984389 ], [ 13.375597, -5.864241 ], [ 16.326528, -5.87747 ] ] ], [ [ [ 12.436688, -5.684304 ], [ 12.182337, -5.789931 ], [ 11.914963, -5.037987 ], [ 12.318608, -4.60623 ], [ 12.62076, -4.438023 ], [ 12.995517, -4.781103 ], [ 12.631612, -4.991271 ], [ 12.468004, -5.248362 ], [ 12.436688, -5.684304 ] ] ] ] } },
{ "type": "Feature", "properties": { "name": "Albania", "iso3": "ALB", "name_with_flag": "🇦🇱 Albania", "1990": 2655.0599005418858, "1991": 1988.181406328328, "1992": 1898.820303620502, "1993": 2142.6811848922771, "1994": 2384.7287854520118, "1995": 2776.1876057527711, "1996": 3053.329986617603, "1997": 2759.4280259137622, "1998": 3085.5727957565618, "1999": 3549.2844245194769, "2000": 3976.9260830203161, "2001": 4451.0005236607431, "2002": 4840.3478818915492, "2003": 5169.8425107784724, "2004": 5595.5505802569332, "2005": 6014.3268228393972, "2006": 6754.3567952485319, "2007": 7584.970686975551, "2008": 8469.260124856497, "2009": 9025.926106922876, "2010": 9755.9287596459635, "2011": 10273.46683456605, "2012": 10463.60624147735, "2013": 10588.15787670098, "2014": 11317.283777099319, "2015": 11747.31803154199, "2016": 12208.375347337231, "2017": 13004.777625684639, "2018": 13696.533998541259, "2019": 14792.03082172207, "2020": 14511.88936677106, "2021": 16126.77749319308, "2022": 19444.706898241249, "2023": 21259.797781456909, "2024": 23487.99362517026 }, "geometry": { "type": "Polygon", "coordinates": [ [ [ 20.590247, 41.855404 ], [ 20.463175, 41.515089 ], [ 20.605182, 41.086226 ], [ 21.02004, 40.842727 ], [ 20.99999, 40.580004 ], [ 20.674997, 40.435 ], [ 20.615, 40.110007 ], [ 20.150016, 39.624998 ], [ 19.98, 39.694993 ], [ 19.960002, 39.915006 ], [ 19.406082, 40.250773 ], [ 19.319059, 40.72723 ], [ 19.40355, 41.409566 ], [ 19.540027, 41.719986 ], [ 19.371769, 41.877548 ], [ 19.304486, 42.195745 ], [ 19.738051, 42.688247 ], [ 19.801613, 42.500093 ], [ 20.0707, 42.58863 ], [ 20.283755, 42.32026 ], [ 20.52295, 42.21787 ], [ 20.590247, 41.855404 ] ] ] } },
{ "type": "Feature", "properties": { "name": "United Arab Emirates", "iso3": "ARE", "name_with_flag": "🇦🇪 United Arab Emirates", "1990": 86949.009413811422, "1991": 85764.626787533562, "1992": 86019.082017744455, "1993": 84860.309387091911, "1994": 88427.284902777013, "1995": 92106.955454721465, "1996": 93008.570368713961, "1997": 94374.189877443205, "1998": 88693.030677735602, "1999": 86165.452712927785, "2000": 91317.628365690442, "2001": 88831.576609184034, "2002": 86960.316743420539, "2003": 91058.669066439164, "2004": 96981.590787113193, "2005": 99576.61687038574, "2006": 104995.3978934473, "2007": 99096.705445173953, "2008": 93017.090648634447, "2009": 83336.81973927631, "2010": 83670.909373916365, "2011": 87709.04440613155, "2012": 87339.687658075854, "2013": 85514.802433676959, "2014": 85248.154733591262, "2015": 71720.308451254328, "2016": 67702.147392995801, "2017": 68043.231215685853, "2018": 75071.18005165302, "2019": 76884.946898334485, "2020": 65352.834418227678, "2021": 67401.121292925265, "2022": 73777.744394525143, "2023": 76110.384842075815, "2024": 77958.895409303557 }, "geometry": { "type": "Polygon", "coordinates": [ [ [ 51.579519, 24.245497 ], [ 51.757441, 24.294073 ], [ 51.794389, 24.019826 ], [ 52.577081, 24.177439 ], [ 53.404007, 24.151317 ], [ 54.008001, 24.121758 ], [ 54.693024, 24.797892 ], [ 55.439025, 25.439145 ], [ 56.070821, 26.055464 ], [ 56.261042, 25.714606 ], [ 56.396847, 24.924732 ], [ 55.886233, 24.920831 ], [ 55.804119, 24.269604 ], [ 55.981214, 24.130543 ], [ 55.528632, 23.933604 ], [ 55.525841, 23.524869 ], [ 55.234489, 23.110993 ], [ 55.208341, 22.70833 ], [ 55.006803, 22.496948 ], [ 52.000733, 23.001154 ], [ 51.617708, 24.014219 ], [ 51.579519, 24.245497 ] ] ] } },
{ "type": "Feature", "properties": { "name": "Argentina", "iso3": "ARG", "name_with_flag": "🇦🇷 Argentina", "1990": 7158.3084915707823, "1991": 7960.9784401880761, "1992": 8667.8528038659897, "1993": 9472.445099427996, "1994": 10103.02974159792, "1995": 9890.9247092483565, "1996": 10495.839245253061, "1997": 11403.480792604139, "1998": 11835.676986910899, "1999": 11463.85330832631, "2000": 11499.98280025185, "2001": 11117.754923786981, "2002": 9953.4649288085693, "2003": 10933.392549159449, "2004": 12117.679742309771, "2005": 13464.812847056121, "2006": 14843.577865964189, "2007": 16455.1129801674, "2008": 17276.757088680559, "2009": 16182.07534776769, "2010": 17847.611037317809, "2011": 19104.990940522792, "2012": 19430.41780681118, "2013": 19928.98949016702, "2014": 19487.41817488681, "2015": 19899.149927524541, "2016": 20105.761359796019, "2017": 23385.07409049166, "2018": 24410.391906333491, "2019": 23516.826198088638, "2020": 22393.347957535341, "2021": 26300.27426117504, "2022": 29597.693842926288, "2023": 30082.304524732499, "2024": 30175.53596566986 }, "geometry": { "type": "MultiPolygon", "coordinates": [ [ [ [ -65.5, -55.2 ], [ -66.45, -55.25 ], [ -66.95992, -54.89681 ], [ -67.56244, -54.87001 ], [ -68.63335, -54.8695 ], [ -68.63401, -52.63637 ], [ -68.25, -53.1 ], [ -67.75, -53.85 ], [ -66.45, -54.45 ], [ -65.05, -54.7 ], [ -65.5, -55.2 ] ] ], [ [ [ -64.964892, -22.075862 ], [ -64.377021, -22.798091 ], [ -63.986838, -21.993644 ], [ -62.846468, -22.034985 ], [ -62.685057, -22.249029 ], [ -60.846565, -23.880713 ], [ -60.028966, -24.032796 ], [ -58.807128, -24.771459 ], [ -57.777217, -25.16234 ], [ -57.63366, -25.603657 ], [ -58.618174, -27.123719 ], [ -57.60976, -27.395899 ], [ -56.486702, -27.548499 ], [ -55.695846, -27.387837 ], [ -54.788795, -26.621786 ], [ -54.625291, -25.739255 ], [ -54.13005, -25.547639 ], [ -53.628349, -26.124865 ], [ -53.648735, -26.923473 ], [ -54.490725, -27.474757 ], [ -55.162286, -27.881915 ], [ -56.2909, -28.852761 ], [ -57.625133, -30.216295 ], [ -57.874937, -31.016556 ], [ -58.14244, -32.044504 ], [ -58.132648, -33.040567 ], [ -58.349611, -33.263189 ], [ -58.427074, -33.909454 ], [ -58.495442, -34.43149 ], [ -57.22583, -35.288027 ], [ -57.362359, -35.97739 ], [ -56.737487, -36.413126 ], [ -56.788285, -36.901572 ], [ -57.749157, -38.183871 ], [ -59.231857, -38.72022 ], [ -61.237445, -38.928425 ], [ -62.335957, -38.827707 ], [ -62.125763, -39.424105 ], [ -62.330531, -40.172586 ], [ -62.145994, -40.676897 ], [ -62.745803, -41.028761 ], [ -63.770495, -41.166789 ], [ -64.73209, -40.802677 ], [ -65.118035, -41.064315 ], [ -64.978561, -42.058001 ], [ -64.303408, -42.359016 ], [ -63.755948, -42.043687 ], [ -63.458059, -42.563138 ], [ -64.378804, -42.873558 ], [ -65.181804, -43.495381 ], [ -65.328823, -44.501366 ], [ -65.565269, -45.036786 ], [ -66.509966, -45.039628 ], [ -67.293794, -45.551896 ], [ -67.580546, -46.301773 ], [ -66.597066, -47.033925 ], [ -65.641027, -47.236135 ], [ -65.985088, -48.133289 ], [ -67.166179, -48.697337 ], [ -67.816088, -49.869669 ], [ -68.728745, -50.264218 ], [ -69.138539, -50.73251 ], [ -68.815561, -51.771104 ], [ -68.149995, -52.349983 ], [ -68.571545, -52.299444 ], [ -69.498362, -52.142761 ], [ -71.914804, -52.009022 ], [ -72.329404, -51.425956 ], [ -72.309974, -50.67701 ], [ -72.975747, -50.74145 ], [ -73.328051, -50.378785 ], [ -73.415436, -49.318436 ], [ -72.648247, -48.878618 ], [ -72.331161, -48.244238 ], [ -72.447355, -47.738533 ], [ -71.917258, -46.884838 ], [ -71.552009, -45.560733 ], [ -71.659316, -44.973689 ], [ -71.222779, -44.784243 ], [ -71.329801, -44.407522 ], [ -71.793623, -44.207172 ], [ -71.464056, -43.787611 ], [ -71.915424, -43.408565 ], [ -72.148898, -42.254888 ], [ -71.746804, -42.051386 ], [ -71.915734, -40.832339 ], [ -71.680761, -39.808164 ], [ -71.413517, -38.916022 ], [ -70.814664, -38.552995 ], [ -71.118625, -37.576827 ], [ -71.121881, -36.658124 ], [ -70.364769, -36.005089 ], [ -70.388049, -35.169688 ], [ -69.817309, -34.193571 ], [ -69.814777, -33.273886 ], [ -70.074399, -33.09121 ], [ -70.535069, -31.36501 ], [ -69.919008, -30.336339 ], [ -70.01355, -29.367923 ], [ -69.65613, -28.459141 ], [ -69.001235, -27.521214 ], [ -68.295542, -26.89934 ], [ -68.5948, -26.506909 ], [ -68.386001, -26.185016 ], [ -68.417653, -24.518555 ], [ -67.328443, -24.025303 ], [ -66.985234, -22.986349 ], [ -67.106674, -22.735925 ], [ -66.273339, -21.83231 ], [ -64.964892, -22.075862 ] ] ] ] } },
{ "type": "Feature", "properties": { "name": "Armenia", "iso3": "ARM", "name_with_flag": "🇦🇲 Armenia", "1990": 2760.2495002461378, "1991": 2476.6030920512671, "1992": 1491.6126717429529, "1993": 1440.393677661129, "1994": 1591.4788351410341, "1995": 1766.910147612339, "1996": 1921.5499890479621, "1997": 2039.7883227803479, "1998": 2239.4275831804421, "1999": 2376.519169465781, "2000": 2530.7439465719399, "2001": 2844.3626636700892, "2002": 3282.1170633736901, "2003": 3836.225567686728, "2004": 4377.2275968255126, "2005": 5172.2189210295019, "2006": 6072.7592447985453, "2007": 7136.7540551995344, "2008": 7827.3166674649419, "2009": 6811.6924795958084, "2010": 7095.2126797900873, "2011": 7624.2677262690486, "2012": 8942.6353789716431, "2013": 9454.8785283655634, "2014": 9736.234974627896, "2015": 9756.8408483602598, "2016": 10570.272041393569, "2017": 12066.00430938194, "2018": 12877.49375435533, "2019": 14975.753953815691, "2020": 14706.31730434223, "2021": 15921.705281964019, "2022": 19161.370051418889, "2023": 21534.030536116941, "2024": 22823.179525569169 }, "geometry": { "type": "Polygon", "coordinates": [ [ [ 43.582746, 41.092143 ], [ 44.97248, 41.248129 ], [ 45.179496, 40.985354 ], [ 45.560351, 40.81229 ], [ 45.359175, 40.561504 ], [ 45.891907, 40.218476 ], [ 45.610012, 39.899994 ], [ 46.034534, 39.628021 ], [ 46.483499, 39.464155 ], [ 46.50572, 38.770605 ], [ 46.143623, 38.741201 ], [ 45.735379, 39.319719 ], [ 45.739978, 39.473999 ], [ 45.298145, 39.471751 ], [ 45.001987, 39.740004 ], [ 44.79399, 39.713003 ], [ 44.400009, 40.005 ], [ 43.656436, 40.253564 ], [ 43.752658, 40.740201 ], [ 43.582746, 41.092143 ] ] ] } },
{ "type": "Feature", "properties": { "name": "Antarctica", "iso3": "ATA", "name_with_flag": "🇦🇶 Antarctica", "1990": null, "1991": null, "1992": null, "1993": null, "1994": null, "1995": null, "1996": null, "1997": null, "1998": null, "1999": null, "2000": null, "2001": null, "2002": null, "2003": null, "2004": null, "2005": null, "2006": null, "2007": null, "2008": null, "2009": null, "2010": null, "2011": null, "2012": null, "2013": null, "2014": null, "2015": null, "2016": null, "2017": null, "2018": null, "2019": null, "2020": null, "2021": null, "2022": null, "2023": null, "2024": null }, "geometry": { "type": "MultiPolygon", "coordinates": [ [ [ [ -59.572095, -80.040179 ], [ -59.865849, -80.549657 ], [ -60.159656, -81.000327 ], [ -62.255393, -80.863178 ], [ -64.488125, -80.921934 ], [ -65.741666, -80.588827 ], [ -65.741666, -80.549657 ], [ -66.290031, -80.255773 ], [ -64.037688, -80.294944 ], [ -61.883246, -80.39287 ], [ -61.138976, -79.981371 ], [ -60.610119, -79.628679 ], [ -59.572095, -80.040179 ] ] ], [ [ [ -159.208184, -79.497059 ], [ -161.127601, -79.634209 ], [ -162.439847, -79.281465 ], [ -163.027408, -78.928774 ], [ -163.066604, -78.869966 ], [ -163.712896, -78.595667 ], [ -163.105801, -78.223338 ], [ -161.245113, -78.380176 ], [ -160.246208, -78.693645 ], [ -159.482405, -79.046338 ], [ -159.208184, -79.497059 ] ] ], [ [ [ -45.154758, -78.04707 ], [ -43.920828, -78.478103 ], [ -43.48995, -79.08556 ], [ -43.372438, -79.516645 ], [ -43.333267, -80.026123 ], [ -44.880537, -80.339644 ], [ -46.506174, -80.594357 ], [ -48.386421, -80.829485 ], [ -50.482107, -81.025442 ], [ -52.851988, -80.966685 ], [ -54.164259, -80.633528 ], [ -53.987991, -80.222028 ], [ -51.853134, -79.94773 ], [ -50.991326, -79.614623 ], [ -50.364595, -79.183487 ], [ -49.914131, -78.811209 ], [ -49.306959, -78.458569 ], [ -48.660616, -78.047018 ], [ -48.660616, -78.047019 ], [ -48.151396, -78.04707 ], [ -46.662857, -77.831476 ], [ -45.154758, -78.04707 ] ] ], [ [ [ -121.211511, -73.50099 ], [ -119.918851, -73.657725 ], [ -118.724143, -73.481353 ], [ -119.292119, -73.834097 ], [ -120.232217, -74.08881 ], [ -121.62283, -74.010468 ], [ -122.621735, -73.657778 ], [ -122.621735, -73.657777 ], [ -122.406245, -73.324619 ], [ -121.211511, -73.50099 ] ] ], [ [ [ -125.559566, -73.481353 ], [ -124.031882, -73.873268 ], [ -124.619469, -73.834097 ], [ -125.912181, -73.736118 ], [ -127.28313, -73.461769 ], [ -127.28313, -73.461768 ], [ -126.558472, -73.246226 ], [ -125.559566, -73.481353 ] ] ], [ [ [ -98.98155, -71.933334 ], [ -97.884743, -72.070535 ], [ -96.787937, -71.952971 ], [ -96.20035, -72.521205 ], [ -96.983765, -72.442864 ], [ -98.198083, -72.482035 ], [ -99.432013, -72.442864 ], [ -100.783455, -72.50162 ], [ -101.801868, -72.305663 ], [ -102.330725, -71.894164 ], [ -101.703967, -71.717792 ], [ -100.430919, -71.854993 ], [ -98.98155, -71.933334 ] ] ], [ [ [ -68.451346, -70.955823 ], [ -68.333834, -71.406493 ], [ -68.510128, -71.798407 ], [ -68.784297, -72.170736 ], [ -69.959471, -72.307885 ], [ -71.075889, -72.503842 ], [ -72.388134, -72.484257 ], [ -71.8985, -72.092343 ], [ -73.073622, -72.229492 ], [ -74.19004, -72.366693 ], [ -74.953895, -72.072757 ], [ -75.012625, -71.661258 ], [ -73.915819, -71.269345 ], [ -73.915819, -71.269344 ], [ -73.230331, -71.15178 ], [ -72.074717, -71.190951 ], [ -71.780962, -70.681473 ], [ -71.72218, -70.309196 ], [ -71.741791, -69.505782 ], [ -71.173815, -69.035475 ], [ -70.253252, -68.87874 ], [ -69.724447, -69.251017 ], [ -69.489422, -69.623346 ], [ -69.058518, -70.074016 ], [ -68.725541, -70.505153 ], [ -68.451346, -70.955823 ] ] ], [ [ [ -58.614143, -64.152467 ], [ -59.045073, -64.36801 ], [ -59.789342, -64.211223 ], [ -60.611928, -64.309202 ], [ -61.297416, -64.54433 ], [ -62.0221, -64.799094 ], [ -62.51176, -65.09303 ], [ -62.648858, -65.484942 ], [ -62.590128, -65.857219 ], [ -62.120079, -66.190326 ], [ -62.805567, -66.425505 ], [ -63.74569, -66.503847 ], [ -64.294106, -66.837004 ], [ -64.881693, -67.150474 ], [ -65.508425, -67.58161 ], [ -65.665082, -67.953887 ], [ -65.312545, -68.365335 ], [ -64.783715, -68.678908 ], [ -63.961103, -68.913984 ], [ -63.1973, -69.227556 ], [ -62.785955, -69.619419 ], [ -62.570516, -69.991747 ], [ -62.276736, -70.383661 ], [ -61.806661, -70.716768 ], [ -61.512906, -71.089045 ], [ -61.375809, -72.010074 ], [ -61.081977, -72.382351 ], [ -61.003661, -72.774265 ], [ -60.690269, -73.166179 ], [ -60.827367, -73.695242 ], [ -61.375809, -74.106742 ], [ -61.96337, -74.439848 ], [ -63.295201, -74.576997 ], [ -63.74569, -74.92974 ], [ -64.352836, -75.262847 ], [ -65.860987, -75.635124 ], [ -67.192818, -75.79191 ], [ -68.446282, -76.007452 ], [ -69.797724, -76.222995 ], [ -70.600724, -76.634494 ], [ -72.206776, -76.673665 ], [ -73.969536, -76.634494 ], [ -75.555977, -76.712887 ], [ -77.24037, -76.712887 ], [ -76.926979, -77.104802 ], [ -75.399294, -77.28107 ], [ -74.282876, -77.55542 ], [ -73.656119, -77.908112 ], [ -74.772536, -78.221633 ], [ -76.4961, -78.123654 ], [ -77.925858, -78.378419 ], [ -77.984666, -78.789918 ], [ -78.023785, -79.181833 ], [ -76.848637, -79.514939 ], [ -76.633224, -79.887216 ], [ -75.360097, -80.259545 ], [ -73.244852, -80.416331 ], [ -71.442946, -80.69063 ], [ -70.013163, -81.004151 ], [ -68.191646, -81.317672 ], [ -65.704279, -81.474458 ], [ -63.25603, -81.748757 ], [ -61.552026, -82.042692 ], [ -59.691416, -82.37585 ], [ -58.712121, -82.846106 ], [ -58.222487, -83.218434 ], [ -57.008117, -82.865691 ], [ -55.362894, -82.571755 ], [ -53.619771, -82.258235 ], [ -51.543644, -82.003521 ], [ -49.76135, -81.729171 ], [ -47.273931, -81.709586 ], [ -44.825708, -81.846735 ], [ -42.808363, -82.081915 ], [ -42.16202, -81.65083 ], [ -40.771433, -81.356894 ], [ -38.244818, -81.337309 ], [ -36.26667, -81.121715 ], [ -34.386397, -80.906172 ], [ -32.310296, -80.769023 ], [ -30.097098, -80.592651 ], [ -28.549802, -80.337938 ], [ -29.254901, -79.985195 ], [ -29.685805, -79.632503 ], [ -29.685805, -79.260226 ], [ -31.624808, -79.299397 ], [ -33.681324, -79.456132 ], [ -35.639912, -79.456132 ], [ -35.914107, -79.083855 ], [ -35.77701, -78.339248 ], [ -35.326546, -78.123654 ], [ -33.896763, -77.888526 ], [ -32.212369, -77.65345 ], [ -30.998051, -77.359515 ], [ -29.783732, -77.065579 ], [ -28.882779, -76.673665 ], [ -27.511752, -76.497345 ], [ -26.160336, -76.360144 ], [ -25.474822, -76.281803 ], [ -23.927552, -76.24258 ], [ -22.458598, -76.105431 ], [ -21.224694, -75.909474 ], [ -20.010375, -75.674346 ], [ -18.913543, -75.439218 ], [ -17.522982, -75.125698 ], [ -16.641589, -74.79254 ], [ -15.701491, -74.498604 ], [ -15.40771, -74.106742 ], [ -16.46532, -73.871614 ], [ -16.112784, -73.460114 ], [ -15.446855, -73.146542 ], [ -14.408805, -72.950585 ], [ -13.311973, -72.715457 ], [ -12.293508, -72.401936 ], [ -11.510067, -72.010074 ], [ -11.020433, -71.539767 ], [ -10.295774, -71.265416 ], [ -9.101015, -71.324224 ], [ -8.611381, -71.65733 ], [ -7.416622, -71.696501 ], [ -7.377451, -71.324224 ], [ -6.868232, -70.93231 ], [ -5.790985, -71.030289 ], [ -5.536375, -71.402617 ], [ -4.341667, -71.461373 ], [ -3.048981, -71.285053 ], [ -1.795492, -71.167438 ], [ -0.659489, -71.226246 ], [ -0.228637, -71.637745 ], [ 0.868195, -71.304639 ], [ 1.886686, -71.128267 ], [ 3.022638, -70.991118 ], [ 4.139055, -70.853917 ], [ 5.157546, -70.618789 ], [ 6.273912, -70.462055 ], [ 7.13572, -70.246512 ], [ 7.742866, -69.893769 ], [ 8.48711, -70.148534 ], [ 9.525135, -70.011333 ], [ 10.249845, -70.48164 ], [ 10.817821, -70.834332 ], [ 11.953824, -70.638375 ], [ 12.404287, -70.246512 ], [ 13.422778, -69.972162 ], [ 14.734998, -70.030918 ], [ 15.126757, -70.403247 ], [ 15.949342, -70.030918 ], [ 17.026589, -69.913354 ], [ 18.201711, -69.874183 ], [ 19.259373, -69.893769 ], [ 20.375739, -70.011333 ], [ 21.452985, -70.07014 ], [ 21.923034, -70.403247 ], [ 22.569403, -70.697182 ], [ 23.666184, -70.520811 ], [ 24.841357, -70.48164 ], [ 25.977309, -70.48164 ], [ 27.093726, -70.462055 ], [ 28.09258, -70.324854 ], [ 29.150242, -70.20729 ], [ 30.031583, -69.93294 ], [ 30.971733, -69.75662 ], [ 31.990172, -69.658641 ], [ 32.754053, -69.384291 ], [ 33.302443, -68.835642 ], [ 33.870419, -68.502588 ], [ 34.908495, -68.659271 ], [ 35.300202, -69.012014 ], [ 36.16201, -69.247142 ], [ 37.200035, -69.168748 ], [ 37.905108, -69.52144 ], [ 38.649404, -69.776205 ], [ 39.667894, -69.541077 ], [ 40.020431, -69.109941 ], [ 40.921358, -68.933621 ], [ 41.959434, -68.600514 ], [ 42.938702, -68.463313 ], [ 44.113876, -68.267408 ], [ 44.897291, -68.051866 ], [ 45.719928, -67.816738 ], [ 46.503343, -67.601196 ], [ 47.44344, -67.718759 ], [ 48.344419, -67.366068 ], [ 48.990736, -67.091718 ], [ 49.930885, -67.111303 ], [ 50.753471, -66.876175 ], [ 50.949325, -66.523484 ], [ 51.791547, -66.249133 ], [ 52.614133, -66.053176 ], [ 53.613038, -65.89639 ], [ 54.53355, -65.818049 ], [ 55.414943, -65.876805 ], [ 56.355041, -65.974783 ], [ 57.158093, -66.249133 ], [ 57.255968, -66.680218 ], [ 58.137361, -67.013324 ], [ 58.744508, -67.287675 ], [ 59.939318, -67.405239 ], [ 60.605221, -67.679589 ], [ 61.427806, -67.953887 ], [ 62.387489, -68.012695 ], [ 63.19049, -67.816738 ], [ 64.052349, -67.405239 ], [ 64.992447, -67.620729 ], [ 65.971715, -67.738345 ], [ 66.911864, -67.855909 ], [ 67.891133, -67.934302 ], [ 68.890038, -67.934302 ], [ 69.712624, -68.972791 ], [ 69.673453, -69.227556 ], [ 69.555941, -69.678226 ], [ 68.596258, -69.93294 ], [ 67.81274, -70.305268 ], [ 67.949889, -70.697182 ], [ 69.066307, -70.677545 ], [ 68.929157, -71.069459 ], [ 68.419989, -71.441788 ], [ 67.949889, -71.853287 ], [ 68.71377, -72.166808 ], [ 69.869307, -72.264787 ], [ 71.024895, -72.088415 ], [ 71.573285, -71.696501 ], [ 71.906288, -71.324224 ], [ 72.454627, -71.010703 ], [ 73.08141, -70.716768 ], [ 73.33602, -70.364024 ], [ 73.864877, -69.874183 ], [ 74.491557, -69.776205 ], [ 75.62756, -69.737034 ], [ 76.626465, -69.619419 ], [ 77.644904, -69.462684 ], [ 78.134539, -69.07077 ], [ 78.428371, -68.698441 ], [ 79.113859, -68.326216 ], [ 80.093127, -68.071503 ], [ 80.93535, -67.875546 ], [ 81.483792, -67.542388 ], [ 82.051767, -67.366068 ], [ 82.776426, -67.209282 ], [ 83.775331, -67.30726 ], [ 84.676206, -67.209282 ], [ 85.655527, -67.091718 ], [ 86.752359, -67.150474 ], [ 87.477017, -66.876175 ], [ 87.986289, -66.209911 ], [ 88.358411, -66.484261 ], [ 88.828408, -66.954568 ], [ 89.67063, -67.150474 ], [ 90.630365, -67.228867 ], [ 91.5901, -67.111303 ], [ 92.608539, -67.189696 ], [ 93.548637, -67.209282 ], [ 94.17542, -67.111303 ], [ 95.017591, -67.170111 ], [ 95.781472, -67.385653 ], [ 96.682399, -67.248504 ], [ 97.759646, -67.248504 ], [ 98.68021, -67.111303 ], [ 99.718182, -67.248504 ], [ 100.384188, -66.915346 ], [ 100.893356, -66.58224 ], [ 101.578896, -66.30789 ], [ 102.832411, -65.563284 ], [ 103.478676, -65.700485 ], [ 104.242557, -65.974783 ], [ 104.90846, -66.327527 ], [ 106.181561, -66.934931 ], [ 107.160881, -66.954568 ], [ 108.081393, -66.954568 ], [ 109.15864, -66.837004 ], [ 110.235835, -66.699804 ], [ 111.058472, -66.425505 ], [ 111.74396, -66.13157 ], [ 112.860378, -66.092347 ], [ 113.604673, -65.876805 ], [ 114.388088, -66.072762 ], [ 114.897308, -66.386283 ], [ 115.602381, -66.699804 ], [ 116.699161, -66.660633 ], [ 117.384701, -66.915346 ], [ 118.57946, -67.170111 ], [ 119.832924, -67.268089 ], [ 120.871, -67.189696 ], [ 121.654415, -66.876175 ], [ 122.320369, -66.562654 ], [ 123.221296, -66.484261 ], [ 124.122274, -66.621462 ], [ 125.160247, -66.719389 ], [ 126.100396, -66.562654 ], [ 127.001427, -66.562654 ], [ 127.882768, -66.660633 ], [ 128.80328, -66.758611 ], [ 129.704259, -66.58224 ], [ 130.781454, -66.425505 ], [ 131.799945, -66.386283 ], [ 132.935896, -66.386283 ], [ 133.85646, -66.288304 ], [ 134.757387, -66.209963 ], [ 135.031582, -65.72007 ], [ 135.070753, -65.308571 ], [ 135.697485, -65.582869 ], [ 135.873805, -66.033591 ], [ 136.206705, -66.44509 ], [ 136.618049, -66.778197 ], [ 137.460271, -66.954568 ], [ 138.596223, -66.895761 ], [ 139.908442, -66.876175 ], [ 140.809421, -66.817367 ], [ 142.121692, -66.817367 ], [ 143.061842, -66.797782 ], [ 144.374061, -66.837004 ], [ 145.490427, -66.915346 ], [ 146.195552, -67.228867 ], [ 145.999699, -67.601196 ], [ 146.646067, -67.895131 ], [ 147.723263, -68.130259 ], [ 148.839629, -68.385024 ], [ 150.132314, -68.561292 ], [ 151.483705, -68.71813 ], [ 152.502247, -68.874813 ], [ 153.638199, -68.894502 ], [ 154.284567, -68.561292 ], [ 155.165857, -68.835642 ], [ 155.92979, -69.149215 ], [ 156.811132, -69.384291 ], [ 158.025528, -69.482269 ], [ 159.181013, -69.599833 ], [ 159.670699, -69.991747 ], [ 160.80665, -70.226875 ], [ 161.570479, -70.579618 ], [ 162.686897, -70.736353 ], [ 163.842434, -70.716768 ], [ 164.919681, -70.775524 ], [ 166.11444, -70.755938 ], [ 167.309095, -70.834332 ], [ 168.425616, -70.971481 ], [ 169.463589, -71.20666 ], [ 170.501665, -71.402617 ], [ 171.20679, -71.696501 ], [ 171.089227, -72.088415 ], [ 170.560422, -72.441159 ], [ 170.109958, -72.891829 ], [ 169.75737, -73.24452 ], [ 169.287321, -73.65602 ], [ 167.975101, -73.812806 ], [ 167.387489, -74.165498 ], [ 166.094803, -74.38104 ], [ 165.644391, -74.772954 ], [ 164.958851, -75.145283 ], [ 164.234193, -75.458804 ], [ 163.822797, -75.870303 ], [ 163.568239, -76.24258 ], [ 163.47026, -76.693302 ], [ 163.489897, -77.065579 ], [ 164.057873, -77.457442 ], [ 164.273363, -77.82977 ], [ 164.743464, -78.182514 ], [ 166.604126, -78.319611 ], [ 166.995781, -78.750748 ], [ 165.193876, -78.907483 ], [ 163.666217, -79.123025 ], [ 161.766385, -79.162248 ], [ 160.924162, -79.730482 ], [ 160.747894, -80.200737 ], [ 160.316964, -80.573066 ], [ 159.788211, -80.945395 ], [ 161.120016, -81.278501 ], [ 161.629287, -81.690001 ], [ 162.490992, -82.062278 ], [ 163.705336, -82.395435 ], [ 165.095949, -82.708956 ], [ 166.604126, -83.022477 ], [ 168.895665, -83.335998 ], [ 169.404782, -83.825891 ], [ 172.283934, -84.041433 ], [ 172.477049, -84.117914 ], [ 173.224083, -84.41371 ], [ 175.985672, -84.158997 ], [ 178.277212, -84.472518 ], [ 180.0, -84.71338 ], [ -179.942499, -84.721443 ], [ -179.058677, -84.139412 ], [ -177.256772, -84.452933 ], [ -177.140807, -84.417941 ], [ -176.084673, -84.099259 ], [ -175.947235, -84.110449 ], [ -175.829882, -84.117914 ], [ -174.382503, -84.534323 ], [ -173.116559, -84.117914 ], [ -172.889106, -84.061019 ], [ -169.951223, -83.884647 ], [ -168.999989, -84.117914 ], [ -168.530199, -84.23739 ], [ -167.022099, -84.570497 ], [ -164.182144, -84.82521 ], [ -161.929775, -85.138731 ], [ -158.07138, -85.37391 ], [ -155.192253, -85.09956 ], [ -150.942099, -85.295517 ], [ -148.533073, -85.609038 ], [ -145.888918, -85.315102 ], [ -143.107718, -85.040752 ], [ -142.892279, -84.570497 ], [ -146.829068, -84.531274 ], [ -150.060732, -84.296146 ], [ -150.902928, -83.904232 ], [ -153.586201, -83.68869 ], [ -153.409907, -83.23802 ], [ -153.037759, -82.82652 ], [ -152.665637, -82.454192 ], [ -152.861517, -82.042692 ], [ -154.526299, -81.768394 ], [ -155.29018, -81.41565 ], [ -156.83745, -81.102129 ], [ -154.408787, -81.160937 ], [ -152.097662, -81.004151 ], [ -150.648293, -81.337309 ], [ -148.865998, -81.043373 ], [ -147.22075, -80.671045 ], [ -146.417749, -80.337938 ], [ -146.770286, -79.926439 ], [ -148.062947, -79.652089 ], [ -149.531901, -79.358205 ], [ -151.588416, -79.299397 ], [ -153.390322, -79.162248 ], [ -155.329376, -79.064269 ], [ -155.975668, -78.69194 ], [ -157.268302, -78.378419 ], [ -158.051768, -78.025676 ], [ -158.365134, -76.889207 ], [ -157.875474, -76.987238 ], [ -156.974573, -77.300759 ], [ -155.329376, -77.202728 ], [ -153.742832, -77.065579 ], [ -152.920247, -77.496664 ], [ -151.33378, -77.398737 ], [ -150.00195, -77.183143 ], [ -148.748486, -76.908845 ], [ -147.612483, -76.575738 ], [ -146.104409, -76.47776 ], [ -146.143528, -76.105431 ], [ -146.496091, -75.733154 ], [ -146.20231, -75.380411 ], [ -144.909624, -75.204039 ], [ -144.322037, -75.537197 ], [ -142.794353, -75.34124 ], [ -141.638764, -75.086475 ], [ -140.209007, -75.06689 ], [ -138.85759, -74.968911 ], [ -137.5062, -74.733783 ], [ -136.428901, -74.518241 ], [ -135.214583, -74.302699 ], [ -134.431194, -74.361455 ], [ -133.745654, -74.439848 ], [ -132.257168, -74.302699 ], [ -130.925311, -74.479019 ], [ -129.554284, -74.459433 ], [ -128.242038, -74.322284 ], [ -126.890622, -74.420263 ], [ -125.402082, -74.518241 ], [ -124.011496, -74.479019 ], [ -122.562152, -74.498604 ], [ -121.073613, -74.518241 ], [ -119.70256, -74.479019 ], [ -118.684145, -74.185083 ], [ -117.469801, -74.028348 ], [ -116.216312, -74.243891 ], [ -115.021552, -74.067519 ], [ -113.944331, -73.714828 ], [ -113.297988, -74.028348 ], [ -112.945452, -74.38104 ], [ -112.299083, -74.714198 ], [ -111.261059, -74.420263 ], [ -110.066325, -74.79254 ], [ -108.714909, -74.910103 ], [ -107.559346, -75.184454 ], [ -106.149148, -75.125698 ], [ -104.876074, -74.949326 ], [ -103.367949, -74.988497 ], [ -102.016507, -75.125698 ], [ -100.645531, -75.302018 ], [ -100.1167, -74.870933 ], [ -100.763043, -74.537826 ], [ -101.252703, -74.185083 ], [ -102.545337, -74.106742 ], [ -103.113313, -73.734413 ], [ -103.328752, -73.362084 ], [ -103.681289, -72.61753 ], [ -102.917485, -72.754679 ], [ -101.60524, -72.813436 ], [ -100.312528, -72.754679 ], [ -99.13738, -72.911414 ], [ -98.118889, -73.20535 ], [ -97.688037, -73.558041 ], [ -96.336595, -73.616849 ], [ -95.043961, -73.4797 ], [ -93.672907, -73.283743 ], [ -92.439003, -73.166179 ], [ -91.420564, -73.401307 ], [ -90.088733, -73.322914 ], [ -89.226951, -72.558722 ], [ -88.423951, -73.009393 ], [ -87.268337, -73.185764 ], [ -86.014822, -73.087786 ], [ -85.192236, -73.4797 ], [ -83.879991, -73.518871 ], [ -82.665646, -73.636434 ], [ -81.470913, -73.851977 ], [ -80.687447, -73.4797 ], [ -80.295791, -73.126956 ], [ -79.296886, -73.518871 ], [ -77.925858, -73.420892 ], [ -76.907367, -73.636434 ], [ -76.221879, -73.969541 ], [ -74.890049, -73.871614 ], [ -73.852024, -73.65602 ], [ -72.833533, -73.401307 ], [ -71.619215, -73.264157 ], [ -70.209042, -73.146542 ], [ -68.935916, -73.009393 ], [ -67.956622, -72.79385 ], [ -67.369061, -72.480329 ], [ -67.134036, -72.049244 ], [ -67.251548, -71.637745 ], [ -67.56494, -71.245831 ], [ -67.917477, -70.853917 ], [ -68.230843, -70.462055 ], [ -68.485452, -70.109311 ], [ -68.544209, -69.717397 ], [ -68.446282, -69.325535 ], [ -67.976233, -68.953206 ], [ -67.5845, -68.541707 ], [ -67.427843, -68.149844 ], [ -67.62367, -67.718759 ], [ -67.741183, -67.326845 ], [ -67.251548, -66.876175 ], [ -66.703184, -66.58224 ], [ -66.056815, -66.209963 ], [ -65.371327, -65.89639 ], [ -64.568276, -65.602506 ], [ -64.176542, -65.171423 ], [ -63.628152, -64.897073 ], [ -63.001394, -64.642308 ], [ -62.041686, -64.583552 ], [ -61.414928, -64.270031 ], [ -60.709855, -64.074074 ], [ -59.887269, -63.95651 ], [ -59.162585, -63.701745 ], [ -58.594557, -63.388224 ], [ -57.811143, -63.27066 ], [ -57.223582, -63.525425 ], [ -57.59573, -63.858532 ], [ -58.614143, -64.152467 ] ] ] ] } },
{ "type": "Feature", "properties": { "name": "French Southern and Antarctic Lands", "iso3": "ATF", "name_with_flag": "🇹🇫 French Southern and Antarctic Lands", "1990": null, "1991": null, "1992": null, "1993": null, "1994": null, "1995": null, "1996": null, "1997": null, "1998": null, "1999": null, "2000": null, "2001": null, "2002": null, "2003": null, "2004": null, "2005": null, "2006": null, "2007": null, "2008": null, "2009": null, "2010": null, "2011": null, "2012": null, "2013": null, "2014": null, "2015": null, "2016": null, "2017": null, "2018": null, "2019": null, "2020": null, "2021": null, "2022": null, "2023": null, "2024": null }, "geometry": { "type": "Polygon", "coordinates": [ [ [ 68.935, -48.625 ], [ 69.58, -48.94 ], [ 70.525, -49.065 ], [ 70.56, -49.255 ], [ 70.28, -49.71 ], [ 68.745, -49.775 ], [ 68.72, -49.2425 ], [ 68.8675, -48.83 ], [ 68.935, -48.625 ] ] ] } },
{ "type": "Feature", "properties": { "name": "Australia", "iso3": "AUS", "name_with_flag": "🇦🇺 Australia", "1990": 17381.225272482279, "1991": 17835.830456476549, "1992": 18253.969760081422, "1993": 19216.30664876763, "1994": 20170.784764353499, "1995": 21038.666785302219, "1996": 22132.192903435622, "1997": 23124.96391172332, "1998": 24378.245310924449, "1999": 25485.391445939989, "2000": 26541.665320843698, "2001": 27645.81402897013, "2002": 29032.490955588812, "2003": 30121.818417733721, "2004": 31763.796092685399, "2005": 33036.583477024877, "2006": 34846.715630241837, "2007": 36653.841717944277, "2008": 37532.999043413263, "2009": 40312.39511869452, "2010": 39372.851103854227, "2011": 42022.7392158859, "2012": 42863.348316994518, "2013": 45930.850508150339, "2014": 46903.770304138983, "2015": 46263.731388771987, "2016": 47260.15299337473, "2017": 48371.140995658498, "2018": 50183.689812763383, "2019": 52673.063817623079, "2020": 53984.124697907493, "2021": 58182.33694775006, "2022": 65871.771515776942, "2023": 70513.474870698075, "2024": 71193.215850978784 }, "geometry": { "type": "MultiPolygon", "coordinates": [ [ [ [ 145.397978, -40.792549 ], [ 146.364121, -41.137695 ], [ 146.908584, -41.000546 ], [ 147.689259, -40.808258 ], [ 148.289068, -40.875438 ], [ 148.359865, -42.062445 ], [ 148.017301, -42.407024 ], [ 147.914052, -43.211522 ], [ 147.564564, -42.937689 ], [ 146.870343, -43.634597 ], [ 146.663327, -43.580854 ], [ 146.048378, -43.549745 ], [ 145.43193, -42.693776 ], [ 145.29509, -42.03361 ], [ 144.718071, -41.162552 ], [ 144.743755, -40.703975 ], [ 145.397978, -40.792549 ] ] ], [ [ [ 143.561811, -13.763656 ], [ 143.922099, -14.548311 ], [ 144.563714, -14.171176 ], [ 144.894908, -14.594458 ], [ 145.374724, -14.984976 ], [ 145.271991, -15.428205 ], [ 145.48526, -16.285672 ], [ 145.637033, -16.784918 ], [ 145.888904, -16.906926 ], [ 146.160309, -17.761655 ], [ 146.063674, -18.280073 ], [ 146.387478, -18.958274 ], [ 147.471082, -19.480723 ], [ 148.177602, -19.955939 ], [ 148.848414, -20.39121 ], [ 148.717465, -20.633469 ], [ 149.28942, -21.260511 ], [ 149.678337, -22.342512 ], [ 150.077382, -22.122784 ], [ 150.482939, -22.556142 ], [ 150.727265, -22.402405 ], [ 150.899554, -23.462237 ], [ 151.609175, -24.076256 ], [ 152.07354, -24.457887 ], [ 152.855197, -25.267501 ], [ 153.136162, -26.071173 ], [ 153.161949, -26.641319 ], [ 153.092909, -27.2603 ], [ 153.569469, -28.110067 ], [ 153.512108, -28.995077 ], [ 153.339095, -29.458202 ], [ 153.069241, -30.35024 ], [ 153.089602, -30.923642 ], [ 152.891578, -31.640446 ], [ 152.450002, -32.550003 ], [ 151.709117, -33.041342 ], [ 151.343972, -33.816023 ], [ 151.010555, -34.31036 ], [ 150.714139, -35.17346 ], [ 150.32822, -35.671879 ], [ 150.075212, -36.420206 ], [ 149.946124, -37.109052 ], [ 149.997284, -37.425261 ], [ 149.423882, -37.772681 ], [ 148.304622, -37.809061 ], [ 147.381733, -38.219217 ], [ 146.922123, -38.606532 ], [ 146.317922, -39.035757 ], [ 145.489652, -38.593768 ], [ 144.876976, -38.417448 ], [ 145.032212, -37.896188 ], [ 144.485682, -38.085324 ], [ 143.609974, -38.809465 ], [ 142.745427, -38.538268 ], [ 142.17833, -38.380034 ], [ 141.606582, -38.308514 ], [ 140.638579, -38.019333 ], [ 139.992158, -37.402936 ], [ 139.806588, -36.643603 ], [ 139.574148, -36.138362 ], [ 139.082808, -35.732754 ], [ 138.120748, -35.612296 ], [ 138.449462, -35.127261 ], [ 138.207564, -34.384723 ], [ 137.71917, -35.076825 ], [ 136.829406, -35.260535 ], [ 137.352371, -34.707339 ], [ 137.503886, -34.130268 ], [ 137.890116, -33.640479 ], [ 137.810328, -32.900007 ], [ 136.996837, -33.752771 ], [ 136.372069, -34.094766 ], [ 135.989043, -34.890118 ], [ 135.208213, -34.47867 ], [ 135.239218, -33.947953 ], [ 134.613417, -33.222778 ], [ 134.085904, -32.848072 ], [ 134.273903, -32.617234 ], [ 132.990777, -32.011224 ], [ 132.288081, -31.982647 ], [ 131.326331, -31.495803 ], [ 129.535794, -31.590423 ], [ 128.240938, -31.948489 ], [ 127.102867, -32.282267 ], [ 126.148714, -32.215966 ], [ 125.088623, -32.728751 ], [ 124.221648, -32.959487 ], [ 124.028947, -33.483847 ], [ 123.659667, -33.890179 ], [ 122.811036, -33.914467 ], [ 122.183064, -34.003402 ], [ 121.299191, -33.821036 ], [ 120.580268, -33.930177 ], [ 119.893695, -33.976065 ], [ 119.298899, -34.509366 ], [ 119.007341, -34.464149 ], [ 118.505718, -34.746819 ], [ 118.024972, -35.064733 ], [ 117.295507, -35.025459 ], [ 116.625109, -35.025097 ], [ 115.564347, -34.386428 ], [ 115.026809, -34.196517 ], [ 115.048616, -33.623425 ], [ 115.545123, -33.487258 ], [ 115.714674, -33.259572 ], [ 115.679379, -32.900369 ], [ 115.801645, -32.205062 ], [ 115.689611, -31.612437 ], [ 115.160909, -30.601594 ], [ 114.997043, -30.030725 ], [ 115.040038, -29.461095 ], [ 114.641974, -28.810231 ], [ 114.616498, -28.516399 ], [ 114.173579, -28.118077 ], [ 114.048884, -27.334765 ], [ 113.477498, -26.543134 ], [ 113.338953, -26.116545 ], [ 113.778358, -26.549025 ], [ 113.440962, -25.621278 ], [ 113.936901, -25.911235 ], [ 114.232852, -26.298446 ], [ 114.216161, -25.786281 ], [ 113.721255, -24.998939 ], [ 113.625344, -24.683971 ], [ 113.393523, -24.384764 ], [ 113.502044, -23.80635 ], [ 113.706993, -23.560215 ], [ 113.843418, -23.059987 ], [ 113.736552, -22.475475 ], [ 114.149756, -21.755881 ], [ 114.225307, -22.517488 ], [ 114.647762, -21.82952 ], [ 115.460167, -21.495173 ], [ 115.947373, -21.068688 ], [ 116.711615, -20.701682 ], [ 117.166316, -20.623599 ], [ 117.441545, -20.746899 ], [ 118.229559, -20.374208 ], [ 118.836085, -20.263311 ], [ 118.987807, -20.044203 ], [ 119.252494, -19.952942 ], [ 119.805225, -19.976506 ], [ 120.85622, -19.683708 ], [ 121.399856, -19.239756 ], [ 121.655138, -18.705318 ], [ 122.241665, -18.197649 ], [ 122.286624, -17.798603 ], [ 122.312772, -17.254967 ], [ 123.012574, -16.4052 ], [ 123.433789, -17.268558 ], [ 123.859345, -17.069035 ], [ 123.503242, -16.596506 ], [ 123.817073, -16.111316 ], [ 124.258287, -16.327944 ], [ 124.379726, -15.56706 ], [ 124.926153, -15.0751 ], [ 125.167275, -14.680396 ], [ 125.670087, -14.51007 ], [ 125.685796, -14.230656 ], [ 126.125149, -14.347341 ], [ 126.142823, -14.095987 ], [ 126.582589, -13.952791 ], [ 127.065867, -13.817968 ], [ 127.804633, -14.276906 ], [ 128.35969, -14.86917 ], [ 128.985543, -14.875991 ], [ 129.621473, -14.969784 ], [ 129.4096, -14.42067 ], [ 129.888641, -13.618703 ], [ 130.339466, -13.357376 ], [ 130.183506, -13.10752 ], [ 130.617795, -12.536392 ], [ 131.223495, -12.183649 ], [ 131.735091, -12.302453 ], [ 132.575298, -12.114041 ], [ 132.557212, -11.603012 ], [ 131.824698, -11.273782 ], [ 132.357224, -11.128519 ], [ 133.019561, -11.376411 ], [ 133.550846, -11.786515 ], [ 134.393068, -12.042365 ], [ 134.678632, -11.941183 ], [ 135.298491, -12.248606 ], [ 135.882693, -11.962267 ], [ 136.258381, -12.049342 ], [ 136.492475, -11.857209 ], [ 136.95162, -12.351959 ], [ 136.685125, -12.887223 ], [ 136.305407, -13.29123 ], [ 135.961758, -13.324509 ], [ 136.077617, -13.724278 ], [ 135.783836, -14.223989 ], [ 135.428664, -14.715432 ], [ 135.500184, -14.997741 ], [ 136.295175, -15.550265 ], [ 137.06536, -15.870762 ], [ 137.580471, -16.215082 ], [ 138.303217, -16.807604 ], [ 138.585164, -16.806622 ], [ 139.108543, -17.062679 ], [ 139.260575, -17.371601 ], [ 140.215245, -17.710805 ], [ 140.875463, -17.369069 ], [ 141.07111, -16.832047 ], [ 141.274095, -16.38887 ], [ 141.398222, -15.840532 ], [ 141.702183, -15.044921 ], [ 141.56338, -14.561333 ], [ 141.63552, -14.270395 ], [ 141.519869, -13.698078 ], [ 141.65092, -12.944688 ], [ 141.842691, -12.741548 ], [ 141.68699, -12.407614 ], [ 141.928629, -11.877466 ], [ 142.118488, -11.328042 ], [ 142.143706, -11.042737 ], [ 142.51526, -10.668186 ], [ 142.79731, -11.157355 ], [ 142.866763, -11.784707 ], [ 143.115947, -11.90563 ], [ 143.158632, -12.325656 ], [ 143.522124, -12.834358 ], [ 143.597158, -13.400422 ], [ 143.561811, -13.763656 ] ] ] ] } },
{ "type": "Feature", "properties": { "name": "Austria", "iso3": "AUT", "name_with_flag": "🇦🇹 Austria", "1990": 19382.966474791439, "1991": 20522.18551490931, "1992": 21194.75739725235, "1993": 21632.318674808361, "1994": 22538.074265738211, "1995": 23588.456299075711, "1996": 24417.66429689002, "1997": 25294.723885165011, "1998": 26529.181568318782, "1999": 27500.08495453397, "2000": 29214.738648481289, "2001": 29556.403560048981, "2002": 30952.17082323982, "2003": 31962.92553310646, "2004": 33523.020496828278, "2005": 34776.669953521807, "2006": 37396.03509608662, "2007": 39193.817364097689, "2008": 41046.790035211161, "2009": 40665.504660501872, "2010": 41740.114924175839, "2011": 44171.561868702804, "2012": 46156.483207303711, "2013": 47519.852279657127, "2014": 48355.497762440697, "2015": 49562.593925798647, "2016": 52397.863517667407, "2017": 53869.832118355604, "2018": 56636.495303054173, "2019": 60354.927942212104, "2020": 58523.033781624559, "2021": 62968.942231189198, "2022": 70734.94256479021, "2023": 70478.78736354108, "2024": 71617.901749632074 }, "geometry": { "type": "Polygon", "coordinates": [ [ [ 16.979667, 48.123497 ], [ 16.903754, 47.714866 ], [ 16.340584, 47.712902 ], [ 16.534268, 47.496171 ], [ 16.202298, 46.852386 ], [ 16.011664, 46.683611 ], [ 15.137092, 46.658703 ], [ 14.632472, 46.431817 ], [ 13.806475, 46.509306 ], [ 12.376485, 46.767559 ], [ 12.153088, 47.115393 ], [ 11.164828, 46.941579 ], [ 11.048556, 46.751359 ], [ 10.442701, 46.893546 ], [ 9.932448, 46.920728 ], [ 9.47997, 47.10281 ], [ 9.632932, 47.347601 ], [ 9.594226, 47.525058 ], [ 9.896068, 47.580197 ], [ 10.402084, 47.302488 ], [ 10.544504, 47.566399 ], [ 11.426414, 47.523766 ], [ 12.141357, 47.703083 ], [ 12.62076, 47.672388 ], [ 12.932627, 47.467646 ], [ 13.025851, 47.637584 ], [ 12.884103, 48.289146 ], [ 13.243357, 48.416115 ], [ 13.595946, 48.877172 ], [ 14.338898, 48.555305 ], [ 14.901447, 48.964402 ], [ 15.253416, 49.039074 ], [ 16.029647, 48.733899 ], [ 16.499283, 48.785808 ], [ 16.960288, 48.596982 ], [ 16.879983, 48.470013 ], [ 16.979667, 48.123497 ] ] ] } },
{ "type": "Feature", "properties": { "name": "Azerbaijan", "iso3": "AZE", "name_with_flag": "🇦🇿 Azerbaijan", "1990": 5342.5708211889896, "1991": 5412.0976074100236, "1992": 4220.1463772091729, "1993": 3272.2379536040871, "1994": 2647.7653869536971, "1995": 2356.8978038729779, "1996": 2406.7723186384842, "1997": 2565.408284378756, "1998": 2826.7069372133742, "1999": 3051.942336652111, "2000": 3439.1444322200368, "2001": 3834.898156869559, "2002": 4230.4059025540546, "2003": 4718.4211499968969, "2004": 5247.5383506146209, "2005": 6854.9361947582292, "2006": 9398.0132394043503, "2007": 11973.959638145519, "2008": 13216.843483748669, "2009": 14245.50354548808, "2010": 14930.41003379442, "2011": 14804.57445079108, "2012": 15994.14665018366, "2013": 17267.511891953709, "2014": 17563.612245438511, "2015": 15075.272634791039, "2016": 14535.8020210633, "2017": 14315.92964310603, "2018": 15282.999523229801, "2019": 16675.317936155829, "2020": 15163.57033272821, "2021": 20111.3756952109, "2022": 22552.088665980518, "2023": 23651.599455176562, "2024": 25088.950176755468 }, "geometry": { "type": "MultiPolygon", "coordinates": [ [ [ [ 45.001987, 39.740004 ], [ 45.298145, 39.471751 ], [ 45.739978, 39.473999 ], [ 45.735379, 39.319719 ], [ 46.143623, 38.741201 ], [ 45.457722, 38.874139 ], [ 44.952688, 39.335765 ], [ 44.79399, 39.713003 ], [ 45.001987, 39.740004 ] ] ], [ [ [ 47.373315, 41.219732 ], [ 47.815666, 41.151416 ], [ 47.987283, 41.405819 ], [ 48.584353, 41.80887 ], [ 49.110264, 41.282287 ], [ 49.618915, 40.572924 ], [ 50.08483, 40.526157 ], [ 50.392821, 40.256561 ], [ 49.569202, 40.176101 ], [ 49.395259, 39.399482 ], [ 49.223228, 39.049219 ], [ 48.856532, 38.815486 ], [ 48.883249, 38.320245 ], [ 48.634375, 38.270378 ], [ 48.010744, 38.794015 ], [ 48.355529, 39.288765 ], [ 48.060095, 39.582235 ], [ 47.685079, 39.508364 ], [ 46.50572, 38.770605 ], [ 46.483499, 39.464155 ], [ 46.034534, 39.628021 ], [ 45.610012, 39.899994 ], [ 45.891907, 40.218476 ], [ 45.359175, 40.561504 ], [ 45.560351, 40.81229 ], [ 45.179496, 40.985354 ], [ 44.97248, 41.248129 ], [ 45.217426, 41.411452 ], [ 45.962601, 41.123873 ], [ 46.501637, 41.064445 ], [ 46.637908, 41.181673 ], [ 46.145432, 41.722802 ], [ 46.404951, 41.860675 ], [ 46.686071, 41.827137 ], [ 47.373315, 41.219732 ] ] ] ] } },
{ "type": "Feature", "properties": { "name": "Burundi", "iso3": "BDI", "name_with_flag": "🇧🇮 Burundi", "1990": 598.16418446747741, "1991": 635.99666948378774, "1992": 639.72621689136099, "1993": 633.66319928770588, "1994": 618.37408826899969, "1995": 547.56081264462432, "1996": 512.62446363205243, "1997": 513.21234914880108, "1998": 533.34569208694688, "1999": 522.75247582842417, "2000": 519.11506039635526, "2001": 528.31116155676693, "2002": 544.79449650416859, "2003": 531.68740526713952, "2004": 551.43235258373329, "2005": 552.91776730007109, "2006": 579.57132132555751, "2007": 593.4637559488167, "2008": 608.67043831071976, "2009": 604.36785092248556, "2010": 613.64984895619318, "2011": 628.66767798263709, "2012": 638.87318163300847, "2013": 687.36592007770571, "2014": 724.36035749138455, "2015": 797.42623440688328, "2016": 771.98743371754108, "2017": 761.26925722128976, "2018": 753.45551606619472, "2019": 779.19799065336326, "2020": 786.51583067464844, "2021": 836.66557133782862, "2022": 888.51815838692482, "2023": 919.59797149180565, "2024": 949.83461311820804 }, "geometry": { "type": "Polygon", "coordinates": [ [ [ 29.339998, -4.499983 ], [ 29.276384, -3.293907 ], [ 29.024926, -2.839258 ], [ 29.632176, -2.917858 ], [ 29.938359, -2.348487 ], [ 30.469696, -2.413858 ], [ 30.527677, -2.807632 ], [ 30.743013, -3.034285 ], [ 30.752263, -3.35933 ], [ 30.50556, -3.568567 ], [ 30.116333, -4.090138 ], [ 29.753512, -4.452389 ], [ 29.339998, -4.499983 ] ] ] } },
{ "type": "Feature", "properties": { "name": "Belgium", "iso3": "BEL", "name_with_flag": "🇧🇪 Belgium", "1990": 18675.312194798451, "1991": 19587.855350042599, "1992": 20258.547446144239, "1993": 20459.18914783726, "1994": 21504.01177389003, "1995": 22431.459360451001, "1996": 22736.75806859853, "1997": 23727.897520819261, "1998": 24368.757408823902, "1999": 25440.84118886384, "2000": 27788.090883225621, "2001": 28796.579580446221, "2002": 30282.288645028249, "2003": 30934.582645457751, "2004": 32063.982694986538, "2005": 33177.890945815823, "2006": 35258.985063203028, "2007": 36799.531868634323, "2008": 37883.331941781937, "2009": 37885.905912560163, "2010": 39844.405438649592, "2011": 41244.849503521291, "2012": 42483.525066678783, "2013": 43864.120419683823, "2014": 45147.642953405673, "2015": 46084.242455171683, "2016": 48414.551806568117, "2017": 50256.063177278389, "2018": 52466.733078459903, "2019": 56712.469571978043, "2020": 56120.095842046547, "2021": 60669.213774653123, "2022": 68157.834786076055, "2023": 69059.176826911193, "2024": 72126.002888808871 }, "geometry": { "type": "Polygon", "coordinates": [ [ [ 3.314971, 51.345781 ], [ 4.047071, 51.267259 ], [ 4.973991, 51.475024 ], [ 5.606976, 51.037298 ], [ 6.156658, 50.803721 ], [ 6.043073, 50.128052 ], [ 5.782417, 50.090328 ], [ 5.674052, 49.529484 ], [ 4.799222, 49.985373 ], [ 4.286023, 49.907497 ], [ 3.588184, 50.378992 ], [ 3.123252, 50.780363 ], [ 2.658422, 50.796848 ], [ 2.513573, 51.148506 ], [ 3.314971, 51.345781 ] ] ] } },
{ "type": "Feature", "properties": { "name": "Benin", "iso3": "BEN", "name_with_flag": "🇧🇯 Benin", "1990": 1186.116069026157, "1991": 1239.2249973474411, "1992": 1265.252418750779, "1993": 1311.344493388146, "1994": 1316.244325391049, "1995": 1395.2664444405871, "1996": 1443.967712803694, "1997": 1507.9241540042169, "1998": 1537.143825527578, "1999": 1592.1378213944661, "2000": 1671.357251728544, "2001": 1745.9825622769549, "2002": 1799.8826963949889, "2003": 1841.602972838738, "2004": 1915.346443463812, "2005": 1945.564140522958, "2006": 2020.605677347221, "2007": 2135.5378787372128, "2008": 2215.3516385954172, "2009": 2213.3289562080931, "2010": 2220.3285461148921, "2011": 2264.8418692638438, "2012": 2346.0841620454689, "2013": 2511.653095883325, "2014": 2670.4156139918719, "2015": 2725.33724817144, "2016": 2842.0246258376051, "2017": 2885.8938398772111, "2018": 2965.3062814366422, "2019": 3148.9796959783848, "2020": 3244.58772756805, "2021": 3464.2886286745002, "2022": 3844.1541574581552, "2023": 4129.9661200141991, "2024": 4434.5642184028029 }, "geometry": { "type": "Polygon", "coordinates": [ [ [ 2.691702, 6.258817 ], [ 1.865241, 6.142158 ], [ 1.618951, 6.832038 ], [ 1.664478, 9.12859 ], [ 1.463043, 9.334624 ], [ 1.425061, 9.825395 ], [ 1.077795, 10.175607 ], [ 0.772336, 10.470808 ], [ 0.899563, 10.997339 ], [ 1.24347, 11.110511 ], [ 1.447178, 11.547719 ], [ 1.935986, 11.64115 ], [ 2.154474, 11.94015 ], [ 2.490164, 12.233052 ], [ 2.848643, 12.235636 ], [ 3.61118, 11.660167 ], [ 3.572216, 11.327939 ], [ 3.797112, 10.734746 ], [ 3.60007, 10.332186 ], [ 3.705438, 10.06321 ], [ 3.220352, 9.444153 ], [ 2.912308, 9.137608 ], [ 2.723793, 8.506845 ], [ 2.749063, 7.870734 ], [ 2.691702, 6.258817 ] ] ] } },
{ "type": "Feature", "properties": { "name": "Burkina Faso", "iso3": "BFA", "name_with_flag": "🇧🇫 Burkina Faso", "1990": 566.94414729182279, "1991": 623.26800170847014, "1992": 623.38499529254966, "1993": 644.03546436099009, "1994": 649.84240759873774, "1995": 683.63915158119471, "1996": 753.30916674030993, "1997": 793.97084143548636, "1998": 838.07935529001065, "1999": 886.43409065090293, "2000": 896.47748151081475, "2001": 947.91937467695277, "2002": 973.98393338321762, "2003": 1037.8379937465249, "2004": 1079.0000914275131, "2005": 1171.764323195875, "2006": 1244.0024384431911, "2007": 1290.499510174245, "2008": 1351.36041569133, "2009": 1359.692249073021, "2010": 1449.422163829209, "2011": 1531.343382439816, "2012": 1571.838844773145, "2013": 1642.892131257765, "2014": 1661.3177379375691, "2015": 1691.5793538740811, "2016": 1881.758931344066, "2017": 2042.4029525991659, "2018": 2073.323538215504, "2019": 2232.1628201658518, "2020": 2380.7228278180219, "2021": 2486.4309314776169, "2022": 2641.8701127696781, "2023": 2754.713465434274, "2024": 2896.187415937592 }, "geometry": { "type": "Polygon", "coordinates": [ [ [ -2.827496, 9.642461 ], [ -3.511899, 9.900326 ], [ -3.980449, 9.862344 ], [ -4.330247, 9.610835 ], [ -4.779884, 9.821985 ], [ -4.954653, 10.152714 ], [ -5.404342, 10.370737 ], [ -5.470565, 10.95127 ], [ -5.197843, 11.375146 ], [ -5.220942, 11.713859 ], [ -4.427166, 12.542646 ], [ -4.280405, 13.228444 ], [ -4.006391, 13.472485 ], [ -3.522803, 13.337662 ], [ -3.103707, 13.541267 ], [ -2.967694, 13.79815 ], [ -2.191825, 14.246418 ], [ -2.001035, 14.559008 ], [ -1.066363, 14.973815 ], [ -0.515854, 15.116158 ], [ -0.266257, 14.924309 ], [ 0.374892, 14.928908 ], [ 0.295646, 14.444235 ], [ 0.429928, 13.988733 ], [ 0.993046, 13.33575 ], [ 1.024103, 12.851826 ], [ 2.177108, 12.625018 ], [ 2.154474, 11.94015 ], [ 1.935986, 11.64115 ], [ 1.447178, 11.547719 ], [ 1.24347, 11.110511 ], [ 0.899563, 10.997339 ], [ 0.023803, 11.018682 ], [ -0.438702, 11.098341 ], [ -0.761576, 10.93693 ], [ -1.203358, 11.009819 ], [ -2.940409, 10.96269 ], [ -2.963896, 10.395335 ], [ -2.827496, 9.642461 ] ] ] } },
{ "type": "Feature", "properties": { "name": "Bangladesh", "iso3": "BGD", "name_with_flag": "🇧🇩 Bangladesh", "1990": 940.65447083892957, "1991": 987.31319944819199, "1992": 1044.8918861306181, "1993": 1099.385888037978, "1994": 1145.1101660869999, "1995": 1206.366467051861, "1996": 1260.754895215199, "1997": 1315.4692332913639, "1998": 1372.95383934707, "1999": 1429.986452518498, "2000": 1511.905005888442, "2001": 1597.587406144349, "2002": 1658.802309345687, "2003": 1746.1272578229809, "2004": 1861.512562854547, "2005": 2019.7383956343131, "2006": 2195.294854609936, "2007": 2388.1002516035728, "2008": 2554.8578823871908, "2009": 2675.2594592678529, "2010": 2833.6954436886422, "2011": 3051.269832718111, "2012": 3434.2781509044739, "2013": 3691.1043110211672, "2014": 3972.506477334905, "2015": 4212.2357808942761, "2016": 4579.1322868286197, "2017": 4882.6069261563907, "2018": 5490.1588186517929, "2019": 6047.1240150412523, "2020": 6640.5843733106212, "2021": 7441.0691396125412, "2022": 8450.5490253394055, "2023": 9147.7775066555023, "2024": 9646.7698438325478 }, "geometry": { "type": "Polygon", "coordinates": [ [ [ 92.672721, 22.041239 ], [ 92.652257, 21.324048 ], [ 92.303234, 21.475485 ], [ 92.368554, 20.670883 ], [ 92.082886, 21.192195 ], [ 92.025215, 21.70157 ], [ 91.834891, 22.182936 ], [ 91.417087, 22.765019 ], [ 90.496006, 22.805017 ], [ 90.586957, 22.392794 ], [ 90.272971, 21.836368 ], [ 89.847467, 22.039146 ], [ 89.70205, 21.857116 ], [ 89.418863, 21.966179 ], [ 89.031961, 22.055708 ], [ 88.876312, 22.879146 ], [ 88.52977, 23.631142 ], [ 88.69994, 24.233715 ], [ 88.084422, 24.501657 ], [ 88.306373, 24.866079 ], [ 88.931554, 25.238692 ], [ 88.209789, 25.768066 ], [ 88.563049, 26.446526 ], [ 89.355094, 26.014407 ], [ 89.832481, 25.965082 ], [ 89.920693, 25.26975 ], [ 90.872211, 25.132601 ], [ 91.799596, 25.147432 ], [ 92.376202, 24.976693 ], [ 91.915093, 24.130414 ], [ 91.46773, 24.072639 ], [ 91.158963, 23.503527 ], [ 91.706475, 22.985264 ], [ 91.869928, 23.624346 ], [ 92.146035, 23.627499 ], [ 92.672721, 22.041239 ] ] ] } },
{ "type": "Feature", "properties": { "name": "Bulgaria", "iso3": "BGR", "name_with_flag": "🇧🇬 Bulgaria", "1990": 7545.5852032644761, "1991": 7213.0478283956627, "1992": 6914.7650381723197, "1993": 7029.7387208599384, "1994": 7335.235041501026, "1995": 7737.756817361229, "1996": 6846.4428828400414, "1997": 5749.3646083912981, "1998": 6177.6356051381317, "1999": 5807.813190813722, "2000": 6422.7893292647987, "2001": 6961.0399683432806, "2002": 7786.4217453019746, "2003": 8417.4707331587924, "2004": 9201.7397384053438, "2005": 10291.44587762031, "2006": 11408.049515587471, "2007": 12822.31304894881, "2008": 14346.875879501409, "2009": 14180.728070565259, "2010": 14955.915778827521, "2011": 15747.420164831599, "2012": 16327.287737136519, "2013": 16893.816688792671, "2014": 17990.826957744139, "2015": 18901.17169858639, "2016": 20745.40050413827, "2017": 22316.97520172174, "2018": 24053.254073636072, "2019": 26814.471711733691, "2020": 27376.4985703321, "2021": 30971.91318883458, "2022": 35813.695155078363, "2023": 37501.738612080117, "2024": 41086.119413291322 }, "geometry": { "type": "Polygon", "coordinates": [ [ [ 22.65715, 44.234923 ], [ 22.944832, 43.823785 ], [ 23.332302, 43.897011 ], [ 24.100679, 43.741051 ], [ 25.569272, 43.688445 ], [ 26.065159, 43.943494 ], [ 27.2424, 44.175986 ], [ 27.970107, 43.812468 ], [ 28.558081, 43.707462 ], [ 28.039095, 43.293172 ], [ 27.673898, 42.577892 ], [ 27.99672, 42.007359 ], [ 27.135739, 42.141485 ], [ 26.117042, 41.826905 ], [ 26.106138, 41.328899 ], [ 25.197201, 41.234486 ], [ 24.492645, 41.583896 ], [ 23.692074, 41.309081 ], [ 22.952377, 41.337994 ], [ 22.881374, 41.999297 ], [ 22.380526, 42.32026 ], [ 22.545012, 42.461362 ], [ 22.436595, 42.580321 ], [ 22.604801, 42.898519 ], [ 22.986019, 43.211161 ], [ 22.500157, 43.642814 ], [ 22.410446, 44.008063 ], [ 22.65715, 44.234923 ] ] ] } },
{ "type": "Feature", "properties": { "name": "The Bahamas", "iso3": "BHS", "name_with_flag": "🇧🇸 The Bahamas", "1990": 19817.339774295, "1991": 19296.108177516569, "1992": 18635.899107317611, "1993": 18780.870072290509, "1994": 19440.908597739439, "1995": 20377.319698489831, "1996": 21287.33802776986, "1997": 21606.227702328699, "1998": 22555.769796472669, "1999": 24183.56794214002, "2000": 25421.60220885673, "2001": 26351.0545366431, "2002": 27171.286255322499, "2003": 27030.874892160769, "2004": 27659.515397810221, "2005": 29142.876451823438, "2006": 30401.48289695679, "2007": 31232.105902833569, "2008": 30678.601534920999, "2009": 29196.594037770439, "2010": 29624.951226114441, "2011": 30073.65240570113, "2012": 31035.55005688739, "2013": 30294.476830520089, "2014": 31726.17408738624, "2015": 32137.578472990499, "2016": 32285.27603660688, "2017": 34282.17103577908, "2018": 35227.761906324289, "2019": 36116.000202535317, "2020": 27204.625909517959, "2021": 31064.682216619422, "2022": 36791.25307920701, "2023": 39090.166508016417, "2024": 41197.918382990647 }, "geometry": { "type": "MultiPolygon", "coordinates": [ [ [ [ -77.53466, 23.75975 ], [ -77.78, 23.71 ], [ -78.03405, 24.28615 ], [ -78.40848, 24.57564 ], [ -78.19087, 25.2103 ], [ -77.89, 25.17 ], [ -77.54, 24.34 ], [ -77.53466, 23.75975 ] ] ], [ [ [ -77.82, 26.58 ], [ -78.91, 26.42 ], [ -78.98, 26.79 ], [ -78.51, 26.87 ], [ -77.85, 26.84 ], [ -77.82, 26.58 ] ] ], [ [ [ -77.0, 26.59 ], [ -77.17255, 25.87918 ], [ -77.35641, 26.00735 ], [ -77.34, 26.53 ], [ -77.78802, 26.92516 ], [ -77.79, 27.04 ], [ -77.0, 26.59 ] ] ] ] } },
{ "type": "Feature", "properties": { "name": "Bosnia and Herzegovina", "iso3": "BIH", "name_with_flag": "🇧🇦 Bosnia and Herzegovina", "1990": 1042.545319664828, "1991": 974.92522350135903, "1992": 982.24804233293037, "1993": 1066.7619924349499, "1994": 1269.0276421518031, "1995": 1506.508530577901, "1996": 2268.0805384000678, "1997": 3040.3953729847121, "1998": 3523.0824656374821, "1999": 3874.341356329724, "2000": 4147.0381350940088, "2001": 4307.1231181751518, "2002": 4664.6851207200007, "2003": 4917.8640240847899, "2004": 5408.161504748432, "2005": 5955.8392069064994, "2006": 6870.5065279752016, "2007": 7686.4139346004986, "2008": 8586.7780478118093, "2009": 8693.6183974689466, "2010": 9086.7485351598461, "2011": 9761.5151957868602, "2012": 10121.15564283019, "2013": 10808.31174636053, "2014": 11167.86748812326, "2015": 11848.63260841631, "2016": 12899.10359719189, "2017": 13626.91530965892, "2018": 14858.27988989818, "2019": 16428.393478206141, "2020": 16369.76683631756, "2021": 18285.671124295252, "2022": 21115.634254304809, "2023": 22508.880403807449, "2024": 21971.050396156261 }, "geometry": { "type": "Polygon", "coordinates": [ [ [ 19.005486, 44.860234 ], [ 19.36803, 44.863 ], [ 19.11761, 44.42307 ], [ 19.59976, 44.03847 ], [ 19.454, 43.5681 ], [ 19.21852, 43.52384 ], [ 19.03165, 43.43253 ], [ 18.70648, 43.20011 ], [ 18.56, 42.65 ], [ 17.674922, 43.028563 ], [ 17.297373, 43.446341 ], [ 16.916156, 43.667722 ], [ 16.456443, 44.04124 ], [ 16.23966, 44.351143 ], [ 15.750026, 44.818712 ], [ 15.959367, 45.233777 ], [ 16.318157, 45.004127 ], [ 16.534939, 45.211608 ], [ 17.002146, 45.233777 ], [ 17.861783, 45.06774 ], [ 18.553214, 45.08159 ], [ 19.005486, 44.860234 ] ] ] } },
{ "type": "Feature", "properties": { "name": "Belarus", "iso3": "BLR", "name_with_flag": "🇧🇾 Belarus", "1990": 5220.4747312912341, "1991": 5329.7978121484766, "1992": 4917.1211552976001, "1993": 4640.8566361052317, "1994": 4190.3238893326252, "1995": 3845.7068183018682, "1996": 4039.3404239413421, "1997": 4596.4861576694466, "1998": 5061.3349946829821, "1999": 5331.4174396785693, "2000": 5795.6522396552482, "2001": 6238.0986273118633, "2002": 6697.1543637036884, "2003": 7361.721614951045, "2004": 8482.920205868857, "2005": 9636.8911234563311, "2006": 10994.59812744478, "2007": 12320.024024905801, "2008": 13886.131409869709, "2009": 14034.191120683739, "2010": 15339.09990264033, "2011": 16563.201407820929, "2012": 18114.750860670771, "2013": 19014.052973769751, "2014": 19037.88474401856, "2015": 18133.531308588259, "2016": 17832.477885581509, "2017": 18413.747563366978, "2018": 20025.981554359802, "2019": 22301.593241183931, "2020": 24872.306674452841, "2021": 27611.180113515711, "2022": 28429.494881453371, "2023": 30834.177366020111, "2024": 33006.416667782702 }, "geometry": { "type": "Polygon", "coordinates": [ [ [ 23.484128, 53.912498 ], [ 24.450684, 53.905702 ], [ 25.536354, 54.282423 ], [ 25.768433, 54.846963 ], [ 26.588279, 55.167176 ], [ 26.494331, 55.615107 ], [ 27.10246, 55.783314 ], [ 28.176709, 56.16913 ], [ 29.229513, 55.918344 ], [ 29.371572, 55.670091 ], [ 29.896294, 55.789463 ], [ 30.873909, 55.550976 ], [ 30.971836, 55.081548 ], [ 30.757534, 54.811771 ], [ 31.384472, 54.157056 ], [ 31.791424, 53.974639 ], [ 31.731273, 53.794029 ], [ 32.405599, 53.618045 ], [ 32.693643, 53.351421 ], [ 32.304519, 53.132726 ], [ 31.497644, 53.167427 ], [ 31.305201, 53.073996 ], [ 31.540018, 52.742052 ], [ 31.785998, 52.101678 ], [ 30.927549, 52.042353 ], [ 30.619454, 51.822806 ], [ 30.555117, 51.319503 ], [ 30.157364, 51.416138 ], [ 29.254938, 51.368234 ], [ 28.992835, 51.602044 ], [ 28.617613, 51.427714 ], [ 28.241615, 51.572227 ], [ 27.454066, 51.592303 ], [ 26.337959, 51.832289 ], [ 25.327788, 51.910656 ], [ 24.553106, 51.888461 ], [ 24.005078, 51.617444 ], [ 23.527071, 51.578454 ], [ 23.508002, 52.023647 ], [ 23.199494, 52.486977 ], [ 23.799199, 52.691099 ], [ 23.804935, 53.089731 ], [ 23.527536, 53.470122 ], [ 23.484128, 53.912498 ] ] ] } },
{ "type": "Feature", "properties": { "name": "Belize", "iso3": "BLZ", "name_with_flag": "🇧🇿 Belize", "1990": 4473.9029091364246, "1991": 5060.5107059081374, "1992": 5714.3062142159188, "1993": 6083.9677799588453, "1994": 6081.7407284194214, "1995": 6100.070488530022, "1996": 6096.3843719946599, "1997": 6252.0200135766536, "1998": 6342.8558484178429, "1999": 6800.7013475978474, "2000": 7555.1343341816182, "2001": 7863.5171450714843, "2002": 8165.8660185976796, "2003": 8863.0054078412686, "2004": 9258.8829610902703, "2005": 9480.4806817968874, "2006": 9924.6892014448695, "2007": 10242.8475586846, "2008": 9985.9788157582843, "2009": 9744.2302050689286, "2010": 9734.8923972924167, "2011": 9697.8534390360328, "2012": 9266.0914614569847, "2013": 9514.4035428554289, "2014": 9489.9468315486592, "2015": 9538.1905414261419, "2016": 9401.5329396001835, "2017": 9121.7471639799605, "2018": 9527.7091400525514, "2019": 10531.323439862639, "2020": 9618.0164352999436, "2021": 11677.46100951715, "2022": 13465.980706986131, "2023": 13823.437951375799, "2024": 15092.780854666889 }, "geometry": { "type": "Polygon", "coordinates": [ [ [ -89.14308, 17.808319 ], [ -89.150909, 17.955468 ], [ -89.029857, 18.001511 ], [ -88.848344, 17.883198 ], [ -88.490123, 18.486831 ], [ -88.300031, 18.499982 ], [ -88.296336, 18.353273 ], [ -88.106813, 18.348674 ], [ -88.123479, 18.076675 ], [ -88.285355, 17.644143 ], [ -88.197867, 17.489475 ], [ -88.302641, 17.131694 ], [ -88.239518, 17.036066 ], [ -88.355428, 16.530774 ], [ -88.551825, 16.265467 ], [ -88.732434, 16.233635 ], [ -88.930613, 15.887273 ], [ -89.229122, 15.886938 ], [ -89.150806, 17.015577 ], [ -89.14308, 17.808319 ] ] ] } },
{ "type": "Feature", "properties": { "name": "Bermuda", "iso3": "BMU", "name_with_flag": "🇧🇲 Bermuda", "1990": 35944.538350277231, "1991": 35583.991858800233, "1992": 36109.732857215997, "1993": 37812.99849190512, "1994": 38603.853883773612, "1995": 40917.610414649229, "1996": 42545.120218723547, "1997": 44995.78545705563, "1998": 46915.845836542809, "1999": 48798.905012788447, "2000": 54176.37774835599, "2001": 59092.875970467809, "2002": 58862.690798679498, "2003": 61829.324011689707, "2004": 64790.273919806103, "2005": 67771.468375614146, "2006": 73590.116070226475, "2007": 77894.06462138443, "2008": 77556.435003892533, "2009": 73336.987515154542, "2010": 72188.692830458516, "2011": 70911.542318724983, "2012": 69149.050034268177, "2013": 71519.639852658394, "2014": 71988.538362782172, "2015": 75943.464297092243, "2016": 80412.18348954845, "2017": 85680.970191721673, "2018": 85978.21772270088, "2019": 90984.45767083182, "2020": 85146.400627569587, "2021": 92319.671486121879, "2022": 105142.4099671833, "2023": 114372.0499273725, "2024": 119718.5846677713 }, "geometry": { "type": "Polygon", "coordinates": [ [ [ -64.779973433299801, 32.3072000581802 ], [ -64.787331918306094, 32.303923714342801 ], [ -64.794694271017306, 32.303268270038799 ], [ -64.809429798128306, 32.309817572841403 ], [ -64.816789635243694, 32.305884571846597 ], [ -64.810196802964199, 32.302283318051103 ], [ -64.796229146548399, 32.293440973242703 ], [ -64.781508633697797, 32.286897311451398 ], [ -64.799702551343699, 32.279689641732801 ], [ -64.806670769108706, 32.274776756946501 ], [ -64.822558787368294, 32.266911128939498 ], [ -64.828754884030602, 32.266907547381699 ], [ -64.830673214349801, 32.258394484023498 ], [ -64.839992485497206, 32.254782282336002 ], [ -64.856609046235405, 32.2547740387514 ], [ -64.868229678944601, 32.261639361432202 ], [ -64.862824145956296, 32.272448193395903 ], [ -64.874865133895099, 32.275712026475297 ], [ -64.871775285664398, 32.281937158202602 ], [ -64.867142212729505, 32.293076054798902 ], [ -64.855906876443697, 32.296032118647098 ], [ -64.859742907227897, 32.301584202193297 ], [ -64.843923348671694, 32.314055385254299 ], [ -64.835024232931104, 32.324216176000597 ], [ -64.833869059367203, 32.329458756155702 ], [ -64.852029865116407, 32.311091187995402 ], [ -64.863592293257298, 32.304846943336301 ], [ -64.868666899407899, 32.309107450829998 ], [ -64.872135459341493, 32.304190860630101 ], [ -64.877966732848506, 32.303863280046201 ], [ -64.878004684432099, 32.290775783169202 ], [ -64.884977665829197, 32.281926136600397 ], [ -64.878323000462899, 32.261300141868098 ], [ -64.863194968876996, 32.246579948580099 ], [ -64.851981955572199, 32.248551913466301 ], [ -64.842311980074001, 32.249212331729602 ], [ -64.838824260520894, 32.247577347253397 ], [ -64.833400257553194, 32.246271471469797 ], [ -64.825638953058402, 32.247263739859399 ], [ -64.820569755602605, 32.253169888032801 ], [ -64.810508727557902, 32.256120897415599 ], [ -64.790017772733805, 32.265944693699197 ], [ -64.774541597041605, 32.2718413023427 ], [ -64.764474243642596, 32.285593135321399 ], [ -64.755180344227597, 32.290832670253103 ], [ -64.742398297143595, 32.299673499402402 ], [ -64.720699179768204, 32.313754220125801 ], [ -64.711785124713401, 32.317682336080601 ], [ -64.696277881313307, 32.327502911553204 ], [ -64.676892112745193, 32.332409539755503 ], [ -64.6567136927777, 32.345177645846903 ], [ -64.653216882349895, 32.3494356627941 ], [ -64.660572038442893, 32.358942348776303 ], [ -64.651258194709996, 32.361560090646599 ], [ -64.6462011670816, 32.369751697490003 ], [ -64.661322751283194, 32.376313500872101 ], [ -64.669066607439703, 32.388444543924003 ], [ -64.683427054859493, 32.3854968316788 ], [ -64.695461767271397, 32.376322128586899 ], [ -64.704386895650003, 32.370425476046897 ], [ -64.711756998279796, 32.368132600248998 ], [ -64.706176474440397, 32.360011059355898 ], [ -64.700531552697001, 32.359060135681801 ], [ -64.694034803396704, 32.3640708659835 ], [ -64.689516482608198, 32.363359857986602 ], [ -64.686415009925497, 32.3547797587266 ], [ -64.682463599550402, 32.3540628176846 ], [ -64.683587665283497, 32.362644767796802 ], [ -64.6801998697415, 32.3631199096979 ], [ -64.6672170444687, 32.359775161747301 ], [ -64.659881126497794, 32.349762577175497 ], [ -64.673733123538398, 32.3390281851635 ], [ -64.688709064818298, 32.334243940805301 ], [ -64.706732854446003, 32.342901072303597 ], [ -64.714930157611207, 32.355218875351298 ], [ -64.718596766666906, 32.3552239212394 ], [ -64.7214189847314, 32.351883023134199 ], [ -64.727061606722202, 32.346646171547498 ], [ -64.734962460882002, 32.344281983049903 ], [ -64.738352154909407, 32.340721651491798 ], [ -64.741172997633299, 32.331179086462697 ], [ -64.742301921648505, 32.323311561213004 ], [ -64.746248235428098, 32.318538611580998 ], [ -64.756677373961296, 32.313050913017499 ], [ -64.768738200563007, 32.308836981657201 ], [ -64.779973433299801, 32.3072000581802 ] ] ] } },
{ "type": "Feature", "properties": { "name": "Bolivia", "iso3": "BOL", "name_with_flag": "🇧🇴 Bolivia", "1990": 2284.0126832762712, "1991": 2434.3470963195891, "1992": 2479.7102883193529, "1993": 2594.877373744398, "1994": 2720.8037885525519, "1995": 2853.3941027217738, "1996": 2976.766350367961, "1997": 3121.2452985897671, "1998": 3257.0491315738759, "1999": 3259.829448208382, "2000": 3359.095105405665, "2001": 3434.1441565038458, "2002": 3514.9142625967438, "2003": 3620.3377218958622, "2004": 3808.2180037843541, "2005": 4032.7263980008038, "2006": 4282.8716476440704, "2007": 4521.6793200279208, "2008": 4810.2785829452587, "2009": 4919.8103185910022, "2010": 5100.5275723808309, "2011": 5388.5129347758993, "2012": 5866.9841416844474, "2013": 6589.6714554379878, "2014": 7047.2015302798882, "2015": 7152.0446502569212, "2016": 7547.9037664161069, "2017": 8510.2668567936071, "2018": 8952.5878528444355, "2019": 9174.4456361686316, "2020": 8293.9912120836525, "2021": 9454.1981468000231, "2022": 10371.962907945141, "2023": 10925.273052505319, "2024": 11189.805509703559 }, "geometry": { "type": "Polygon", "coordinates": [ [ [ -62.846468, -22.034985 ], [ -63.986838, -21.993644 ], [ -64.377021, -22.798091 ], [ -64.964892, -22.075862 ], [ -66.273339, -21.83231 ], [ -67.106674, -22.735925 ], [ -67.82818, -22.872919 ], [ -68.219913, -21.494347 ], [ -68.757167, -20.372658 ], [ -68.442225, -19.405068 ], [ -68.966818, -18.981683 ], [ -69.100247, -18.260125 ], [ -69.590424, -17.580012 ], [ -68.959635, -16.500698 ], [ -69.389764, -15.660129 ], [ -69.160347, -15.323974 ], [ -69.339535, -14.953195 ], [ -68.948887, -14.453639 ], [ -68.929224, -13.602684 ], [ -68.88008, -12.899729 ], [ -68.66508, -12.5613 ], [ -69.529678, -10.951734 ], [ -68.786158, -11.03638 ], [ -68.271254, -11.014521 ], [ -68.048192, -10.712059 ], [ -67.173801, -10.306812 ], [ -66.646908, -9.931331 ], [ -65.338435, -9.761988 ], [ -65.444837, -10.511451 ], [ -65.321899, -10.895872 ], [ -65.402281, -11.56627 ], [ -64.316353, -12.461978 ], [ -63.196499, -12.627033 ], [ -62.80306, -13.000653 ], [ -62.127081, -13.198781 ], [ -61.713204, -13.489202 ], [ -61.084121, -13.479384 ], [ -60.503304, -13.775955 ], [ -60.459198, -14.354007 ], [ -60.264326, -14.645979 ], [ -60.251149, -15.077219 ], [ -60.542966, -15.09391 ], [ -60.15839, -16.258284 ], [ -58.24122, -16.299573 ], [ -58.388058, -16.877109 ], [ -58.280804, -17.27171 ], [ -57.734558, -17.552468 ], [ -57.498371, -18.174188 ], [ -57.676009, -18.96184 ], [ -57.949997, -19.400004 ], [ -57.853802, -19.969995 ], [ -58.166392, -20.176701 ], [ -58.183471, -19.868399 ], [ -59.115042, -19.356906 ], [ -60.043565, -19.342747 ], [ -61.786326, -19.633737 ], [ -62.265961, -20.513735 ], [ -62.291179, -21.051635 ], [ -62.685057, -22.249029 ], [ -62.846468, -22.034985 ] ] ] } },
{ "type": "Feature", "properties": { "name": "Brazil", "iso3": "BRA", "name_with_flag": "🇧🇷 Brazil", "1990": 6687.9229484583266, "1991": 6866.6303806714241, "1992": 6869.4100056711823, "1993": 7259.9888569401683, "1994": 7727.2454173407286, "1995": 8096.9114918851192, "1996": 8300.6341414720046, "1997": 8601.6090305810158, "1998": 8598.8056921684547, "1999": 8634.6078456951545, "2000": 9091.7685137452299, "2001": 9303.6452920237407, "2002": 9616.5948550082485, "2003": 9801.9621246482802, "2004": 10525.711378335331, "2005": 11081.247473576201, "2006": 11750.53124402168, "2007": 12672.50511601729, "2008": 13445.24546987043, "2009": 13390.68313146603, "2010": 14451.71583896367, "2011": 15211.79203916535, "2012": 15198.08633086223, "2013": 15722.333524290139, "2014": 15827.308162551401, "2015": 14821.43831745339, "2016": 14309.20614892744, "2017": 14559.048889700431, "2018": 15463.74263938894, "2019": 16069.838015262651, "2020": 16101.618306346571, "2021": 18075.70600490678, "2022": 19876.853353144688, "2023": 21175.61869901852, "2024": 22333.41166425851 }, "geometry": { "type": "Polygon", "coordinates": [ [ [ -57.625133, -30.216295 ], [ -56.2909, -28.852761 ], [ -55.162286, -27.881915 ], [ -54.490725, -27.474757 ], [ -53.648735, -26.923473 ], [ -53.628349, -26.124865 ], [ -54.13005, -25.547639 ], [ -54.625291, -25.739255 ], [ -54.428946, -25.162185 ], [ -54.293476, -24.5708 ], [ -54.29296, -24.021014 ], [ -54.652834, -23.839578 ], [ -55.027902, -24.001274 ], [ -55.400747, -23.956935 ], [ -55.517639, -23.571998 ], [ -55.610683, -22.655619 ], [ -55.797958, -22.35693 ], [ -56.473317, -22.0863 ], [ -56.88151, -22.282154 ], [ -57.937156, -22.090176 ], [ -57.870674, -20.732688 ], [ -58.166392, -20.176701 ], [ -57.853802, -19.969995 ], [ -57.949997, -19.400004 ], [ -57.676009, -18.96184 ], [ -57.498371, -18.174188 ], [ -57.734558, -17.552468 ], [ -58.280804, -17.27171 ], [ -58.388058, -16.877109 ], [ -58.24122, -16.299573 ], [ -60.15839, -16.258284 ], [ -60.542966, -15.09391 ], [ -60.251149, -15.077219 ], [ -60.264326, -14.645979 ], [ -60.459198, -14.354007 ], [ -60.503304, -13.775955 ], [ -61.084121, -13.479384 ], [ -61.713204, -13.489202 ], [ -62.127081, -13.198781 ], [ -62.80306, -13.000653 ], [ -63.196499, -12.627033 ], [ -64.316353, -12.461978 ], [ -65.402281, -11.56627 ], [ -65.321899, -10.895872 ], [ -65.444837, -10.511451 ], [ -65.338435, -9.761988 ], [ -66.646908, -9.931331 ], [ -67.173801, -10.306812 ], [ -68.048192, -10.712059 ], [ -68.271254, -11.014521 ], [ -68.786158, -11.03638 ], [ -69.529678, -10.951734 ], [ -70.093752, -11.123972 ], [ -70.548686, -11.009147 ], [ -70.481894, -9.490118 ], [ -71.302412, -10.079436 ], [ -72.184891, -10.053598 ], [ -72.563033, -9.520194 ], [ -73.226713, -9.462213 ], [ -73.015383, -9.032833 ], [ -73.571059, -8.424447 ], [ -73.987235, -7.52383 ], [ -73.723401, -7.340999 ], [ -73.724487, -6.918595 ], [ -73.120027, -6.629931 ], [ -73.219711, -6.089189 ], [ -72.964507, -5.741251 ], [ -72.891928, -5.274561 ], [ -71.748406, -4.593983 ], [ -70.928843, -4.401591 ], [ -70.794769, -4.251265 ], [ -69.893635, -4.298187 ], [ -69.444102, -1.556287 ], [ -69.420486, -1.122619 ], [ -69.577065, -0.549992 ], [ -70.020656, -0.185156 ], [ -70.015566, 0.541414 ], [ -69.452396, 0.706159 ], [ -69.252434, 0.602651 ], [ -69.218638, 0.985677 ], [ -69.804597, 1.089081 ], [ -69.816973, 1.714805 ], [ -67.868565, 1.692455 ], [ -67.53781, 2.037163 ], [ -67.259998, 1.719999 ], [ -67.065048, 1.130112 ], [ -66.876326, 1.253361 ], [ -66.325765, 0.724452 ], [ -65.548267, 0.789254 ], [ -65.354713, 1.095282 ], [ -64.611012, 1.328731 ], [ -64.199306, 1.492855 ], [ -64.083085, 1.916369 ], [ -63.368788, 2.2009 ], [ -63.422867, 2.411068 ], [ -64.269999, 2.497006 ], [ -64.408828, 3.126786 ], [ -64.368494, 3.79721 ], [ -64.816064, 4.056445 ], [ -64.628659, 4.148481 ], [ -63.888343, 4.02053 ], [ -63.093198, 3.770571 ], [ -62.804533, 4.006965 ], [ -62.08543, 4.162124 ], [ -60.966893, 4.536468 ], [ -60.601179, 4.918098 ], [ -60.733574, 5.200277 ], [ -60.213683, 5.244486 ], [ -59.980959, 5.014061 ], [ -60.111002, 4.574967 ], [ -59.767406, 4.423503 ], [ -59.53804, 3.958803 ], [ -59.815413, 3.606499 ], [ -59.974525, 2.755233 ], [ -59.718546, 2.24963 ], [ -59.646044, 1.786894 ], [ -59.030862, 1.317698 ], [ -58.540013, 1.268088 ], [ -58.429477, 1.463942 ], [ -58.11345, 1.507195 ], [ -57.660971, 1.682585 ], [ -57.335823, 1.948538 ], [ -56.782704, 1.863711 ], [ -56.539386, 1.899523 ], [ -55.995698, 1.817667 ], [ -55.9056, 2.021996 ], [ -56.073342, 2.220795 ], [ -55.973322, 2.510364 ], [ -55.569755, 2.421506 ], [ -55.097587, 2.523748 ], [ -54.524754, 2.311849 ], [ -54.088063, 2.105557 ], [ -53.778521, 2.376703 ], [ -53.554839, 2.334897 ], [ -53.418465, 2.053389 ], [ -52.939657, 2.124858 ], [ -52.556425, 2.504705 ], [ -52.249338, 3.241094 ], [ -51.657797, 4.156232 ], [ -51.317146, 4.203491 ], [ -51.069771, 3.650398 ], [ -50.508875, 1.901564 ], [ -49.974076, 1.736483 ], [ -49.947101, 1.04619 ], [ -50.699251, 0.222984 ], [ -50.388211, -0.078445 ], [ -48.620567, -0.235489 ], [ -48.584497, -1.237805 ], [ -47.824956, -0.581618 ], [ -46.566584, -0.941028 ], [ -44.905703, -1.55174 ], [ -44.417619, -2.13775 ], [ -44.581589, -2.691308 ], [ -43.418791, -2.38311 ], [ -41.472657, -2.912018 ], [ -39.978665, -2.873054 ], [ -38.500383, -3.700652 ], [ -37.223252, -4.820946 ], [ -36.452937, -5.109404 ], [ -35.597796, -5.149504 ], [ -35.235389, -5.464937 ], [ -34.89603, -6.738193 ], [ -34.729993, -7.343221 ], [ -35.128212, -8.996401 ], [ -35.636967, -9.649282 ], [ -37.046519, -11.040721 ], [ -37.683612, -12.171195 ], [ -38.423877, -13.038119 ], [ -38.673887, -13.057652 ], [ -38.953276, -13.79337 ], [ -38.882298, -15.667054 ], [ -39.161092, -17.208407 ], [ -39.267339, -17.867746 ], [ -39.583521, -18.262296 ], [ -39.760823, -19.599113 ], [ -40.774741, -20.904512 ], [ -40.944756, -21.937317 ], [ -41.754164, -22.370676 ], [ -41.988284, -22.97007 ], [ -43.074704, -22.967693 ], [ -44.647812, -23.351959 ], [ -45.352136, -23.796842 ], [ -46.472093, -24.088969 ], [ -47.648972, -24.885199 ], [ -48.495458, -25.877025 ], [ -48.641005, -26.623698 ], [ -48.474736, -27.175912 ], [ -48.66152, -28.186135 ], [ -48.888457, -28.674115 ], [ -49.587329, -29.224469 ], [ -50.696874, -30.984465 ], [ -51.576226, -31.777698 ], [ -52.256081, -32.24537 ], [ -52.7121, -33.196578 ], [ -53.373662, -33.768378 ], [ -53.650544, -33.202004 ], [ -53.209589, -32.727666 ], [ -53.787952, -32.047243 ], [ -54.572452, -31.494511 ], [ -55.60151, -30.853879 ], [ -55.973245, -30.883076 ], [ -56.976026, -30.109686 ], [ -57.625133, -30.216295 ] ] ] } },
{ "type": "Feature", "properties": { "name": "Brunei", "iso3": "BRN", "name_with_flag": "🇧🇳 Brunei", "1990": 70200.740620512282, "1991": 72609.806233447729, "1992": 70015.771121784783, "1993": 69387.256353006131, "1994": 69778.576889244854, "1995": 70440.021914510697, "1996": 70007.64124328045, "1997": 73980.41134359072, "1998": 68256.869970590356, "1999": 70584.609710067118, "2000": 73086.931984443989, "2001": 74253.881719350393, "2002": 76838.175858997318, "2003": 79632.172196947358, "2004": 80403.757926631748, "2005": 81534.171661681612, "2006": 86114.337221710317, "2007": 83693.321343875403, "2008": 80476.724892254846, "2009": 77957.144256041502, "2010": 79542.677876387417, "2011": 82735.391483889383, "2012": 87256.042233153799, "2013": 83237.147091823776, "2014": 81225.548478176948, "2015": 62707.826358242753, "2016": 56679.51857513062, "2017": 61657.680280974433, "2018": 65148.826452038207, "2019": 69353.679866617793, "2020": 69787.963339360489, "2021": 78248.797110145373, "2022": 81801.745908278972, "2023": 85032.600867878136, "2024": 90007.077485546994 }, "geometry": { "type": "Polygon", "coordinates": [ [ [ 114.204017, 4.525874 ], [ 114.599961, 4.900011 ], [ 115.45071, 5.44773 ], [ 115.4057, 4.955228 ], [ 115.347461, 4.316636 ], [ 114.869557, 4.348314 ], [ 114.659596, 4.007637 ], [ 114.204017, 4.525874 ] ] ] } },
{ "type": "Feature", "properties": { "name": "Bhutan", "iso3": "BTN", "name_with_flag": "🇧🇹 Bhutan", "1990": 1637.871812110265, "1991": 1656.84173576743, "1992": 1840.0903477572181, "1993": 2001.1346716964081, "1994": 2145.7456674600148, "1995": 2373.568467139507, "1996": 2547.838122030646, "1997": 2682.5947815051031, "1998": 2818.995725274377, "1999": 3017.4887625366591, "2000": 3113.0454392639958, "2001": 3338.492468934478, "2002": 3662.8090717759869, "2003": 3942.2814458004932, "2004": 4172.7821711984943, "2005": 4523.3597064452897, "2006": 4860.2701715110179, "2007": 5728.9156947102183, "2008": 6035.2174114785448, "2009": 6466.0974491582974, "2010": 7245.7726352240379, "2011": 7935.4676097308784, "2012": 8577.4073190100371, "2013": 8666.9106359006855, "2014": 9323.3944894138604, "2015": 10213.81396089217, "2016": 11273.28238076757, "2017": 11677.41426599743, "2018": 11969.561500330539, "2019": 12909.10098403986, "2020": 12475.048003427981, "2021": 13458.812666742981, "2022": 15063.81057630722, "2023": 16253.962950307419, "2024": null }, "geometry": { "type": "Polygon", "coordinates": [ [ [ 91.696657, 27.771742 ], [ 92.103712, 27.452614 ], [ 92.033484, 26.83831 ], [ 91.217513, 26.808648 ], [ 90.373275, 26.875724 ], [ 89.744528, 26.719403 ], [ 88.835643, 27.098966 ], [ 88.814248, 27.299316 ], [ 89.47581, 28.042759 ], [ 90.015829, 28.296439 ], [ 90.730514, 28.064954 ], [ 91.258854, 28.040614 ], [ 91.696657, 27.771742 ] ] ] } },
{ "type": "Feature", "properties": { "name": "Botswana", "iso3": "BWA", "name_with_flag": "🇧🇼 Botswana", "1990": 5978.0270240824984, "1991": 6462.6726474604302, "1992": 6614.0808865229756, "1993": 6705.8273277945664, "1994": 6903.4850019186479, "1995": 7348.4004204729426, "1996": 7727.9981590525658, "1997": 8321.9356608476246, "1998": 8267.5941114057678, "1999": 8998.5990226789309, "2000": 9187.3637761382888, "2001": 9225.970542612964, "2002": 9752.8483079677007, "2003": 10223.968280352679, "2004": 10595.56228234755, "2005": 11222.46056595218, "2006": 12304.467177810469, "2007": 13113.248847025079, "2008": 13526.191179887441, "2009": 11445.72763743291, "2010": 12490.89231582616, "2011": 13354.861783774681, "2012": 12474.513168551781, "2013": 13340.878261986511, "2014": 15003.31975183493, "2015": 14143.694073372761, "2016": 16228.1231235664, "2017": 15700.66504796411, "2018": 15785.81963378099, "2019": 15960.01561439028, "2020": 15292.26247047773, "2021": 17960.62544312562, "2022": 19976.83437764761, "2023": 21012.103197356952, "2024": 20538.132016038591 }, "geometry": { "type": "Polygon", "coordinates": [ [ [ 25.649163, -18.536026 ], [ 25.850391, -18.714413 ], [ 26.164791, -19.293086 ], [ 27.296505, -20.39152 ], [ 27.724747, -20.499059 ], [ 27.727228, -20.851802 ], [ 28.02137, -21.485975 ], [ 28.794656, -21.639454 ], [ 29.432188, -22.091313 ], [ 28.017236, -22.827754 ], [ 27.11941, -23.574323 ], [ 26.786407, -24.240691 ], [ 26.485753, -24.616327 ], [ 25.941652, -24.696373 ], [ 25.765849, -25.174845 ], [ 25.664666, -25.486816 ], [ 25.025171, -25.71967 ], [ 24.211267, -25.670216 ], [ 23.73357, -25.390129 ], [ 23.312097, -25.26869 ], [ 22.824271, -25.500459 ], [ 22.579532, -25.979448 ], [ 22.105969, -26.280256 ], [ 21.605896, -26.726534 ], [ 20.889609, -26.828543 ], [ 20.66647, -26.477453 ], [ 20.758609, -25.868136 ], [ 20.165726, -24.917962 ], [ 19.895768, -24.76779 ], [ 19.895458, -21.849157 ], [ 20.881134, -21.814327 ], [ 20.910641, -18.252219 ], [ 21.65504, -18.219146 ], [ 23.196858, -17.869038 ], [ 23.579006, -18.281261 ], [ 24.217365, -17.889347 ], [ 24.520705, -17.887125 ], [ 25.084443, -17.661816 ], [ 25.264226, -17.73654 ], [ 25.649163, -18.536026 ] ] ] } },
{ "type": "Feature", "properties": { "name": "Central African Republic", "iso3": "CAF", "name_with_flag": "🇨🇫 Central African Republic", "1990": 620.39117650520177, "1991": 618.1795179343984, "1992": 573.15058928748715, "1993": 570.24563784704185, "1994": 592.18543758180977, "1995": 630.69168138974237, "1996": 600.77296786462432, "1997": 626.07845383545612, "1998": 645.12999441536078, "1999": 659.52456304695738, "2000": 639.83699702226716, "2001": 668.44593928347319, "2002": 688.18045108871968, "2003": 648.19321539733096, "2004": 690.42651402775505, "2005": 702.46062459123209, "2006": 743.28748020898274, "2007": 783.35544528092839, "2008": 797.65280616607731, "2009": 877.25213110487834, "2010": 936.485497371468, "2011": 980.18552095185157, "2012": 1062.0680994104889, "2013": 709.85348124544601, "2014": 698.96373892307224, "2015": 768.87088799917353, "2016": 826.01330138316871, "2017": 883.81073487606591, "2018": 905.8177889410938, "2019": 984.8431836788568, "2020": 1066.290054231509, "2021": 1128.552379964586, "2022": 1217.8497714728869, "2023": 1257.094357099144, "2024": 1263.595542790795 }, "geometry": { "type": "Polygon", "coordinates": [ [ [ 15.27946, 7.421925 ], [ 16.106232, 7.497088 ], [ 16.290562, 7.754307 ], [ 16.456185, 7.734774 ], [ 16.705988, 7.508328 ], [ 17.96493, 7.890914 ], [ 18.389555, 8.281304 ], [ 18.911022, 8.630895 ], [ 18.81201, 8.982915 ], [ 19.094008, 9.074847 ], [ 20.059685, 9.012706 ], [ 21.000868, 9.475985 ], [ 21.723822, 10.567056 ], [ 22.231129, 10.971889 ], [ 22.864165, 11.142395 ], [ 22.977544, 10.714463 ], [ 23.554304, 10.089255 ], [ 23.55725, 9.681218 ], [ 23.394779, 9.265068 ], [ 23.459013, 8.954286 ], [ 23.805813, 8.666319 ], [ 24.567369, 8.229188 ], [ 25.114932, 7.825104 ], [ 25.124131, 7.500085 ], [ 25.796648, 6.979316 ], [ 26.213418, 6.546603 ], [ 26.465909, 5.946717 ], [ 27.213409, 5.550953 ], [ 27.374226, 5.233944 ], [ 27.044065, 5.127853 ], [ 26.402761, 5.150875 ], [ 25.650455, 5.256088 ], [ 25.278798, 5.170408 ], [ 25.128833, 4.927245 ], [ 24.805029, 4.897247 ], [ 24.410531, 5.108784 ], [ 23.297214, 4.609693 ], [ 22.84148, 4.710126 ], [ 22.704124, 4.633051 ], [ 22.405124, 4.02916 ], [ 21.659123, 4.224342 ], [ 20.927591, 4.322786 ], [ 20.290679, 4.691678 ], [ 19.467784, 5.031528 ], [ 18.932312, 4.709506 ], [ 18.542982, 4.201785 ], [ 18.453065, 3.504386 ], [ 17.8099, 3.560196 ], [ 17.133042, 3.728197 ], [ 16.537058, 3.198255 ], [ 16.012852, 2.26764 ], [ 15.907381, 2.557389 ], [ 15.862732, 3.013537 ], [ 15.405396, 3.335301 ], [ 15.03622, 3.851367 ], [ 14.950953, 4.210389 ], [ 14.478372, 4.732605 ], [ 14.558936, 5.030598 ], [ 14.459407, 5.451761 ], [ 14.53656, 6.226959 ], [ 14.776545, 6.408498 ], [ 15.27946, 7.421925 ] ] ] } },
{ "type": "Feature", "properties": { "name": "Canada", "iso3": "CAN", "name_with_flag": "🇨🇦 Canada", "1990": 20229.755868162509, "1991": 20224.687331105641, "1992": 20626.20205858985, "1993": 21440.046985599049, "1994": 22632.834086308048, "1995": 23485.641928039538, "1996": 24050.175006217349, "1997": 25258.860560494781, "1998": 26319.674163510452, "1999": 27841.353349657471, "2000": 29362.084160978549, "2001": 30230.84876857615, "2002": 30963.92188566842, "2003": 32351.545696869762, "2004": 33927.669695253229, "2005": 36328.378994377053, "2006": 38119.390959354518, "2007": 39575.477007587608, "2008": 40376.088283638397, "2009": 38864.056695853833, "2010": 40098.253719113927, "2011": 41666.837459027847, "2012": 42291.972935709433, "2013": 44301.056252913259, "2014": 45758.100729730439, "2015": 44669.451363183842, "2016": 46470.646639110877, "2017": 48317.387445716289, "2018": 49982.599911834579, "2019": 50498.973105744823, "2020": 48590.683212193901, "2021": 56995.117678135117, "2022": 63578.320194955413, "2023": 64462.921169449459, "2024": 65463.099099336141 }, "geometry": { "type": "MultiPolygon", "coordinates": [ [ [ [ -63.6645, 46.55001 ], [ -62.9393, 46.41587 ], [ -62.01208, 46.44314 ], [ -62.50391, 46.03339 ], [ -62.87433, 45.96818 ], [ -64.1428, 46.39265 ], [ -64.39261, 46.72747 ], [ -64.01486, 47.03601 ], [ -63.6645, 46.55001 ] ] ], [ [ [ -61.806305, 49.10506 ], [ -62.29318, 49.08717 ], [ -63.58926, 49.40069 ], [ -64.51912, 49.87304 ], [ -64.17322, 49.95718 ], [ -62.85829, 49.70641 ], [ -61.835585, 49.28855 ], [ -61.806305, 49.10506 ] ] ], [ [ [ -123.510002, 48.510011 ], [ -124.012891, 48.370846 ], [ -125.655013, 48.825005 ], [ -125.954994, 49.179996 ], [ -126.850004, 49.53 ], [ -127.029993, 49.814996 ], [ -128.059336, 49.994959 ], [ -128.444584, 50.539138 ], [ -128.358414, 50.770648 ], [ -127.308581, 50.552574 ], [ -126.695001, 50.400903 ], [ -125.755007, 50.295018 ], [ -125.415002, 49.950001 ], [ -124.920768, 49.475275 ], [ -123.922509, 49.062484 ], [ -123.510002, 48.510011 ] ] ], [ [ [ -56.134036, 50.68701 ], [ -56.795882, 49.812309 ], [ -56.143105, 50.150117 ], [ -55.471492, 49.935815 ], [ -55.822401, 49.587129 ], [ -54.935143, 49.313011 ], [ -54.473775, 49.556691 ], [ -53.476549, 49.249139 ], [ -53.786014, 48.516781 ], [ -53.086134, 48.687804 ], [ -52.958648, 48.157164 ], [ -52.648099, 47.535548 ], [ -53.069158, 46.655499 ], [ -53.521456, 46.618292 ], [ -54.178936, 46.807066 ], [ -53.961869, 47.625207 ], [ -54.240482, 47.752279 ], [ -55.400773, 46.884994 ], [ -55.997481, 46.91972 ], [ -55.291219, 47.389562 ], [ -56.250799, 47.632545 ], [ -57.325229, 47.572807 ], [ -59.266015, 47.603348 ], [ -59.419494, 47.899454 ], [ -58.796586, 48.251525 ], [ -59.231625, 48.523188 ], [ -58.391805, 49.125581 ], [ -57.35869, 50.718274 ], [ -56.73865, 51.287438 ], [ -55.870977, 51.632094 ], [ -55.406974, 51.588273 ], [ -55.600218, 51.317075 ], [ -56.134036, 50.68701 ] ] ], [ [ [ -132.710008, 54.040009 ], [ -131.74999, 54.120004 ], [ -132.04948, 52.984621 ], [ -131.179043, 52.180433 ], [ -131.57783, 52.182371 ], [ -132.180428, 52.639707 ], [ -132.549992, 53.100015 ], [ -133.054611, 53.411469 ], [ -133.239664, 53.85108 ], [ -133.180004, 54.169975 ], [ -132.710008, 54.040009 ] ] ], [ [ [ -79.26582, 62.158675 ], [ -79.65752, 61.63308 ], [ -80.09956, 61.7181 ], [ -80.36215, 62.01649 ], [ -80.315395, 62.085565 ], [ -79.92939, 62.3856 ], [ -79.52002, 62.36371 ], [ -79.26582, 62.158675 ] ] ], [ [ [ -81.89825, 62.7108 ], [ -83.06857, 62.15922 ], [ -83.77462, 62.18231 ], [ -83.99367, 62.4528 ], [ -83.25048, 62.91409 ], [ -81.87699, 62.90458 ], [ -81.89825, 62.7108 ] ] ], [ [ [ -85.161308, 65.657285 ], [ -84.975764, 65.217518 ], [ -84.464012, 65.371772 ], [ -83.882626, 65.109618 ], [ -82.787577, 64.766693 ], [ -81.642014, 64.455136 ], [ -81.55344, 63.979609 ], [ -80.817361, 64.057486 ], [ -80.103451, 63.725981 ], [ -80.99102, 63.411246 ], [ -82.547178, 63.651722 ], [ -83.108798, 64.101876 ], [ -84.100417, 63.569712 ], [ -85.523405, 63.052379 ], [ -85.866769, 63.637253 ], [ -87.221983, 63.541238 ], [ -86.35276, 64.035833 ], [ -86.224886, 64.822917 ], [ -85.883848, 65.738778 ], [ -85.161308, 65.657285 ] ] ], [ [ [ -75.86588, 67.14886 ], [ -76.98687, 67.09873 ], [ -77.2364, 67.58809 ], [ -76.81166, 68.14856 ], [ -75.89521, 68.28721 ], [ -75.1145, 68.01036 ], [ -75.10333, 67.58202 ], [ -75.21597, 67.44425 ], [ -75.86588, 67.14886 ] ] ], [ [ [ -95.647681, 69.10769 ], [ -96.269521, 68.75704 ], [ -97.617401, 69.06003 ], [ -98.431801, 68.9507 ], [ -99.797401, 69.40003 ], [ -98.917401, 69.71003 ], [ -98.218261, 70.14354 ], [ -97.157401, 69.86003 ], [ -96.557401, 69.68003 ], [ -96.257401, 69.49003 ], [ -95.647681, 69.10769 ] ] ], [ [ [ -90.5471, 69.49766 ], [ -90.55151, 68.47499 ], [ -89.21515, 69.25873 ], [ -88.01966, 68.61508 ], [ -88.31749, 67.87338 ], [ -87.35017, 67.19872 ], [ -86.30607, 67.92146 ], [ -85.57664, 68.78456 ], [ -85.52197, 69.88211 ], [ -84.10081, 69.80539 ], [ -82.62258, 69.65826 ], [ -81.28043, 69.16202 ], [ -81.2202, 68.66567 ], [ -81.96436, 68.13253 ], [ -81.25928, 67.59716 ], [ -81.38653, 67.11078 ], [ -83.34456, 66.41154 ], [ -84.73542, 66.2573 ], [ -85.76943, 66.55833 ], [ -86.0676, 66.05625 ], [ -87.03143, 65.21297 ], [ -87.32324, 64.77563 ], [ -88.48296, 64.09897 ], [ -89.91444, 64.03273 ], [ -90.70398, 63.61017 ], [ -90.77004, 62.96021 ], [ -91.93342, 62.83508 ], [ -93.15698, 62.02469 ], [ -94.24153, 60.89865 ], [ -94.62931, 60.11021 ], [ -94.6846, 58.94882 ], [ -93.21502, 58.78212 ], [ -92.76462, 57.84571 ], [ -92.29703, 57.08709 ], [ -90.89769, 57.28468 ], [ -89.03953, 56.85172 ], [ -88.03978, 56.47162 ], [ -87.32421, 55.99914 ], [ -86.07121, 55.72383 ], [ -85.01181, 55.3026 ], [ -83.36055, 55.24489 ], [ -82.27285, 55.14832 ], [ -82.4362, 54.28227 ], [ -82.12502, 53.27703 ], [ -81.40075, 52.15788 ], [ -79.91289, 51.20842 ], [ -79.14301, 51.53393 ], [ -78.60191, 52.56208 ], [ -79.12421, 54.14145 ], [ -79.82958, 54.66772 ], [ -78.22874, 55.13645 ], [ -77.0956, 55.83741 ], [ -76.54137, 56.53423 ], [ -76.62319, 57.20263 ], [ -77.30226, 58.05209 ], [ -78.51688, 58.80458 ], [ -77.33676, 59.85261 ], [ -77.77272, 60.75788 ], [ -78.10687, 62.31964 ], [ -77.41067, 62.55053 ], [ -75.69621, 62.2784 ], [ -74.6682, 62.18111 ], [ -73.83988, 62.4438 ], [ -72.90853, 62.10507 ], [ -71.67708, 61.52535 ], [ -71.37369, 61.13717 ], [ -69.59042, 61.06141 ], [ -69.62033, 60.22125 ], [ -69.2879, 58.95736 ], [ -68.37455, 58.80106 ], [ -67.64976, 58.21206 ], [ -66.20178, 58.76731 ], [ -65.24517, 59.87071 ], [ -64.58352, 60.33558 ], [ -63.80475, 59.4426 ], [ -62.50236, 58.16708 ], [ -61.39655, 56.96745 ], [ -61.79866, 56.33945 ], [ -60.46853, 55.77548 ], [ -59.56962, 55.20407 ], [ -57.97508, 54.94549 ], [ -57.3332, 54.6265 ], [ -56.93689, 53.78032 ], [ -56.15811, 53.64749 ], [ -55.75632, 53.27036 ], [ -55.68338, 52.14664 ], [ -56.40916, 51.7707 ], [ -57.12691, 51.41972 ], [ -58.77482, 51.0643 ], [ -60.03309, 50.24277 ], [ -61.72366, 50.08046 ], [ -63.86251, 50.29099 ], [ -65.36331, 50.2982 ], [ -66.39905, 50.22897 ], [ -67.23631, 49.51156 ], [ -68.51114, 49.06836 ], [ -69.95362, 47.74488 ], [ -71.10458, 46.82171 ], [ -70.25522, 46.98606 ], [ -68.65, 48.3 ], [ -66.55243, 49.1331 ], [ -65.05626, 49.23278 ], [ -64.17099, 48.74248 ], [ -65.11545, 48.07085 ], [ -64.79854, 46.99297 ], [ -64.47219, 46.23849 ], [ -63.17329, 45.73902 ], [ -61.52072, 45.88377 ], [ -60.51815, 47.00793 ], [ -60.4486, 46.28264 ], [ -59.80287, 45.9204 ], [ -61.03988, 45.26525 ], [ -63.25471, 44.67014 ], [ -64.24656, 44.26553 ], [ -65.36406, 43.54523 ], [ -66.1234, 43.61867 ], [ -66.16173, 44.46512 ], [ -64.42549, 45.29204 ], [ -66.02605, 45.25931 ], [ -67.13741, 45.13753 ], [ -67.79134, 45.70281 ], [ -67.79046, 47.06636 ], [ -68.23444, 47.35486 ], [ -68.905, 47.185 ], [ -69.237216, 47.447781 ], [ -69.99997, 46.69307 ], [ -70.305, 45.915 ], [ -70.66, 45.46 ], [ -71.08482, 45.30524 ], [ -71.405, 45.255 ], [ -71.50506, 45.0082 ], [ -73.34783, 45.00738 ], [ -74.867, 45.00048 ], [ -75.31821, 44.81645 ], [ -76.375, 44.09631 ], [ -76.5, 44.018459 ], [ -76.820034, 43.628784 ], [ -77.737885, 43.629056 ], [ -78.72028, 43.625089 ], [ -79.171674, 43.466339 ], [ -79.01, 43.27 ], [ -78.92, 42.965 ], [ -78.939362, 42.863611 ], [ -80.247448, 42.3662 ], [ -81.277747, 42.209026 ], [ -82.439278, 41.675105 ], [ -82.690089, 41.675105 ], [ -83.02981, 41.832796 ], [ -83.142, 41.975681 ], [ -83.12, 42.08 ], [ -82.9, 42.43 ], [ -82.43, 42.98 ], [ -82.137642, 43.571088 ], [ -82.337763, 44.44 ], [ -82.550925, 45.347517 ], [ -83.592851, 45.816894 ], [ -83.469551, 45.994686 ], [ -83.616131, 46.116927 ], [ -83.890765, 46.116927 ], [ -84.091851, 46.275419 ], [ -84.14212, 46.512226 ], [ -84.3367, 46.40877 ], [ -84.6049, 46.4396 ], [ -84.543749, 46.538684 ], [ -84.779238, 46.637102 ], [ -84.87608, 46.900083 ], [ -85.652363, 47.220219 ], [ -86.461991, 47.553338 ], [ -87.439793, 47.94 ], [ -88.378114, 48.302918 ], [ -89.272917, 48.019808 ], [ -89.6, 48.01 ], [ -90.83, 48.27 ], [ -91.64, 48.14 ], [ -92.61, 48.45 ], [ -93.63087, 48.60926 ], [ -94.32914, 48.67074 ], [ -94.64, 48.84 ], [ -94.81758, 49.38905 ], [ -95.15609, 49.38425 ], [ -95.15907, 49.0 ], [ -97.22872, 49.0007 ], [ -100.65, 49.0 ], [ -104.04826, 48.99986 ], [ -107.05, 49.0 ], [ -110.05, 49.0 ], [ -113.0, 49.0 ], [ -116.04818, 49.0 ], [ -117.03121, 49.0 ], [ -120.0, 49.0 ], [ -122.84, 49.0 ], [ -122.97421, 49.002538 ], [ -124.91024, 49.98456 ], [ -125.62461, 50.41656 ], [ -127.43561, 50.83061 ], [ -127.99276, 51.71583 ], [ -127.85032, 52.32961 ], [ -129.12979, 52.75538 ], [ -129.30523, 53.56159 ], [ -130.51497, 54.28757 ], [ -130.53611, 54.80278 ], [ -129.98, 55.285 ], [ -130.00778, 55.91583 ], [ -131.70781, 56.55212 ], [ -132.73042, 57.69289 ], [ -133.35556, 58.41028 ], [ -134.27111, 58.86111 ], [ -134.945, 59.27056 ], [ -135.47583, 59.78778 ], [ -136.47972, 59.46389 ], [ -137.4525, 58.905 ], [ -138.34089, 59.56211 ], [ -139.039, 60.0 ], [ -140.013, 60.27682 ], [ -140.99778, 60.30639 ], [ -140.9925, 66.00003 ], [ -140.986, 69.712 ], [ -139.12052, 69.47102 ], [ -137.54636, 68.99002 ], [ -136.50358, 68.89804 ], [ -135.62576, 69.31512 ], [ -134.41464, 69.62743 ], [ -132.92925, 69.50534 ], [ -131.43136, 69.94451 ], [ -129.79471, 70.19369 ], [ -129.10773, 69.77927 ], [ -128.36156, 70.01286 ], [ -128.13817, 70.48384 ], [ -127.44712, 70.37721 ], [ -125.75632, 69.48058 ], [ -124.42483, 70.1584 ], [ -124.28968, 69.39969 ], [ -123.06108, 69.56372 ], [ -122.6835, 69.85553 ], [ -121.47226, 69.79778 ], [ -119.94288, 69.37786 ], [ -117.60268, 69.01128 ], [ -116.22643, 68.84151 ], [ -115.2469, 68.90591 ], [ -113.89794, 68.3989 ], [ -115.30489, 67.90261 ], [ -113.49727, 67.68815 ], [ -110.798, 67.80612 ], [ -109.94619, 67.98104 ], [ -108.8802, 67.38144 ], [ -107.79239, 67.88736 ], [ -108.81299, 68.31164 ], [ -108.16721, 68.65392 ], [ -106.95, 68.7 ], [ -106.15, 68.8 ], [ -105.34282, 68.56122 ], [ -104.33791, 68.018 ], [ -103.22115, 68.09775 ], [ -101.45433, 67.64689 ], [ -99.90195, 67.80566 ], [ -98.4432, 67.78165 ], [ -98.5586, 68.40394 ], [ -97.66948, 68.57864 ], [ -96.11991, 68.23939 ], [ -96.12588, 67.29338 ], [ -95.48943, 68.0907 ], [ -94.685, 68.06383 ], [ -94.23282, 69.06903 ], [ -95.30408, 69.68571 ], [ -96.47131, 70.08976 ], [ -96.39115, 71.19482 ], [ -95.2088, 71.92053 ], [ -93.88997, 71.76015 ], [ -92.87818, 71.31869 ], [ -91.51964, 70.19129 ], [ -92.40692, 69.69997 ], [ -90.5471, 69.49766 ] ] ], [ [ [ -114.16717, 73.12145 ], [ -114.66634, 72.65277 ], [ -112.44102, 72.9554 ], [ -111.05039, 72.4504 ], [ -109.92035, 72.96113 ], [ -109.00654, 72.63335 ], [ -108.18835, 71.65089 ], [ -107.68599, 72.06548 ], [ -108.39639, 73.08953 ], [ -107.51645, 73.23598 ], [ -106.52259, 73.07601 ], [ -105.40246, 72.67259 ], [ -104.77484, 71.6984 ], [ -104.46476, 70.99297 ], [ -102.78537, 70.49776 ], [ -100.98078, 70.02432 ], [ -101.08929, 69.58447 ], [ -102.73116, 69.50402 ], [ -102.09329, 69.11962 ], [ -102.43024, 68.75282 ], [ -104.24, 68.91 ], [ -105.96, 69.18 ], [ -107.12254, 69.11922 ], [ -109.0, 68.78 ], [ -111.534149, 68.630059 ], [ -113.3132, 68.53554 ], [ -113.85496, 69.00744 ], [ -115.22, 69.28 ], [ -116.10794, 69.16821 ], [ -117.34, 69.96 ], [ -116.67473, 70.06655 ], [ -115.13112, 70.2373 ], [ -113.72141, 70.19237 ], [ -112.4161, 70.36638 ], [ -114.35, 70.6 ], [ -116.48684, 70.52045 ], [ -117.9048, 70.54056 ], [ -118.43238, 70.9092 ], [ -116.11311, 71.30918 ], [ -117.65568, 71.2952 ], [ -119.40199, 71.55859 ], [ -118.56267, 72.30785 ], [ -117.86642, 72.70594 ], [ -115.18909, 73.31459 ], [ -114.16717, 73.12145 ] ] ], [ [ [ -104.5, 73.42 ], [ -105.38, 72.76 ], [ -106.94, 73.46 ], [ -106.6, 73.6 ], [ -105.26, 73.64 ], [ -104.5, 73.42 ] ] ], [ [ [ -76.34, 73.102685 ], [ -76.251404, 72.826385 ], [ -77.314438, 72.855545 ], [ -78.39167, 72.876656 ], [ -79.486252, 72.742203 ], [ -79.775833, 72.802902 ], [ -80.876099, 73.333183 ], [ -80.833885, 73.693184 ], [ -80.353058, 73.75972 ], [ -78.064438, 73.651932 ], [ -76.34, 73.102685 ] ] ], [ [ [ -86.562179, 73.157447 ], [ -85.774371, 72.534126 ], [ -84.850112, 73.340278 ], [ -82.31559, 73.750951 ], [ -80.600088, 72.716544 ], [ -80.748942, 72.061907 ], [ -78.770639, 72.352173 ], [ -77.824624, 72.749617 ], [ -75.605845, 72.243678 ], [ -74.228616, 71.767144 ], [ -74.099141, 71.33084 ], [ -72.242226, 71.556925 ], [ -71.200015, 70.920013 ], [ -68.786054, 70.525024 ], [ -67.91497, 70.121948 ], [ -66.969033, 69.186087 ], [ -68.805123, 68.720198 ], [ -66.449866, 68.067163 ], [ -64.862314, 67.847539 ], [ -63.424934, 66.928473 ], [ -61.851981, 66.862121 ], [ -62.163177, 66.160251 ], [ -63.918444, 64.998669 ], [ -65.14886, 65.426033 ], [ -66.721219, 66.388041 ], [ -68.015016, 66.262726 ], [ -68.141287, 65.689789 ], [ -67.089646, 65.108455 ], [ -65.73208, 64.648406 ], [ -65.320168, 64.382737 ], [ -64.669406, 63.392927 ], [ -65.013804, 62.674185 ], [ -66.275045, 62.945099 ], [ -68.783186, 63.74567 ], [ -67.369681, 62.883966 ], [ -66.328297, 62.280075 ], [ -66.165568, 61.930897 ], [ -68.877367, 62.330149 ], [ -71.023437, 62.910708 ], [ -72.235379, 63.397836 ], [ -71.886278, 63.679989 ], [ -73.378306, 64.193963 ], [ -74.834419, 64.679076 ], [ -74.818503, 64.389093 ], [ -77.70998, 64.229542 ], [ -78.555949, 64.572906 ], [ -77.897281, 65.309192 ], [ -76.018274, 65.326969 ], [ -73.959795, 65.454765 ], [ -74.293883, 65.811771 ], [ -73.944912, 66.310578 ], [ -72.651167, 67.284576 ], [ -72.92606, 67.726926 ], [ -73.311618, 68.069437 ], [ -74.843307, 68.554627 ], [ -76.869101, 68.894736 ], [ -76.228649, 69.147769 ], [ -77.28737, 69.76954 ], [ -78.168634, 69.826488 ], [ -78.957242, 70.16688 ], [ -79.492455, 69.871808 ], [ -81.305471, 69.743185 ], [ -84.944706, 69.966634 ], [ -87.060003, 70.260001 ], [ -88.681713, 70.410741 ], [ -89.51342, 70.762038 ], [ -88.467721, 71.218186 ], [ -89.888151, 71.222552 ], [ -90.20516, 72.235074 ], [ -89.436577, 73.129464 ], [ -88.408242, 73.537889 ], [ -85.826151, 73.803816 ], [ -86.562179, 73.157447 ] ] ], [ [ [ -100.35642, 73.84389 ], [ -99.16387, 73.63339 ], [ -97.38, 73.76 ], [ -97.12, 73.47 ], [ -98.05359, 72.99052 ], [ -96.54, 72.56 ], [ -96.72, 71.66 ], [ -98.35966, 71.27285 ], [ -99.32286, 71.35639 ], [ -100.01482, 71.73827 ], [ -102.5, 72.51 ], [ -102.48, 72.83 ], [ -100.43836, 72.70588 ], [ -101.54, 73.36 ], [ -100.35642, 73.84389 ] ] ], [ [ [ -93.196296, 72.771992 ], [ -94.269047, 72.024596 ], [ -95.409856, 72.061881 ], [ -96.033745, 72.940277 ], [ -96.018268, 73.43743 ], [ -95.495793, 73.862417 ], [ -94.503658, 74.134907 ], [ -92.420012, 74.100025 ], [ -90.509793, 73.856732 ], [ -92.003965, 72.966244 ], [ -93.196296, 72.771992 ] ] ], [ [ [ -120.46, 71.383602 ], [ -123.09219, 70.90164 ], [ -123.62, 71.34 ], [ -125.928949, 71.868688 ], [ -125.5, 72.292261 ], [ -124.80729, 73.02256 ], [ -123.94, 73.68 ], [ -124.91775, 74.29275 ], [ -121.53788, 74.44893 ], [ -120.10978, 74.24135 ], [ -117.55564, 74.18577 ], [ -116.58442, 73.89607 ], [ -115.51081, 73.47519 ], [ -116.76794, 73.22292 ], [ -119.22, 72.52 ], [ -120.46, 71.82 ], [ -120.46, 71.383602 ] ] ], [ [ [ -93.612756, 74.979997 ], [ -94.156909, 74.592347 ], [ -95.608681, 74.666864 ], [ -96.820932, 74.927623 ], [ -96.288587, 75.377828 ], [ -94.85082, 75.647218 ], [ -93.977747, 75.29649 ], [ -93.612756, 74.979997 ] ] ], [ [ [ -98.5, 76.72 ], [ -97.735585, 76.25656 ], [ -97.704415, 75.74344 ], [ -98.16, 75.0 ], [ -99.80874, 74.89744 ], [ -100.88366, 75.05736 ], [ -100.86292, 75.64075 ], [ -102.50209, 75.5638 ], [ -102.56552, 76.3366 ], [ -101.48973, 76.30537 ], [ -99.98349, 76.64634 ], [ -98.57699, 76.58859 ], [ -98.5, 76.72 ] ] ], [ [ [ -108.21141, 76.20168 ], [ -107.81943, 75.84552 ], [ -106.92893, 76.01282 ], [ -105.881, 75.9694 ], [ -105.70498, 75.47951 ], [ -106.31347, 75.00527 ], [ -109.7, 74.85 ], [ -112.22307, 74.41696 ], [ -113.74381, 74.39427 ], [ -113.87135, 74.72029 ], [ -111.79421, 75.1625 ], [ -116.31221, 75.04343 ], [ -117.7104, 75.2222 ], [ -116.34602, 76.19903 ], [ -115.40487, 76.47887 ], [ -112.59056, 76.14134 ], [ -110.81422, 75.54919 ], [ -109.0671, 75.47321 ], [ -110.49726, 76.42982 ], [ -109.5811, 76.79417 ], [ -108.54859, 76.67832 ], [ -108.21141, 76.20168 ] ] ], [ [ [ -94.684086, 77.097878 ], [ -93.573921, 76.776296 ], [ -91.605023, 76.778518 ], [ -90.741846, 76.449597 ], [ -90.969661, 76.074013 ], [ -89.822238, 75.847774 ], [ -89.187083, 75.610166 ], [ -87.838276, 75.566189 ], [ -86.379192, 75.482421 ], [ -84.789625, 75.699204 ], [ -82.753445, 75.784315 ], [ -81.128531, 75.713983 ], [ -80.057511, 75.336849 ], [ -79.833933, 74.923127 ], [ -80.457771, 74.657304 ], [ -81.948843, 74.442459 ], [ -83.228894, 74.564028 ], [ -86.097452, 74.410032 ], [ -88.15035, 74.392307 ], [ -89.764722, 74.515555 ], [ -92.422441, 74.837758 ], [ -92.768285, 75.38682 ], [ -92.889906, 75.882655 ], [ -93.893824, 76.319244 ], [ -95.962457, 76.441381 ], [ -97.121379, 76.751078 ], [ -96.745123, 77.161389 ], [ -94.684086, 77.097878 ] ] ], [ [ [ -116.198587, 77.645287 ], [ -116.335813, 76.876962 ], [ -117.106051, 76.530032 ], [ -118.040412, 76.481172 ], [ -119.899318, 76.053213 ], [ -121.499995, 75.900019 ], [ -122.854924, 76.116543 ], [ -122.854925, 76.116543 ], [ -121.157535, 76.864508 ], [ -119.103939, 77.51222 ], [ -117.570131, 77.498319 ], [ -116.198587, 77.645287 ] ] ], [ [ [ -93.840003, 77.519997 ], [ -94.295608, 77.491343 ], [ -96.169654, 77.555111 ], [ -96.436304, 77.834629 ], [ -94.422577, 77.820005 ], [ -93.720656, 77.634331 ], [ -93.840003, 77.519997 ] ] ], [ [ [ -110.186938, 77.697015 ], [ -112.051191, 77.409229 ], [ -113.534279, 77.732207 ], [ -112.724587, 78.05105 ], [ -111.264443, 78.152956 ], [ -109.854452, 77.996325 ], [ -110.186938, 77.697015 ] ] ], [ [ [ -109.663146, 78.601973 ], [ -110.881314, 78.40692 ], [ -112.542091, 78.407902 ], [ -112.525891, 78.550555 ], [ -111.50001, 78.849994 ], [ -110.963661, 78.804441 ], [ -109.663146, 78.601973 ] ] ], [ [ [ -95.830295, 78.056941 ], [ -97.309843, 77.850597 ], [ -98.124289, 78.082857 ], [ -98.552868, 78.458105 ], [ -98.631984, 78.87193 ], [ -97.337231, 78.831984 ], [ -96.754399, 78.765813 ], [ -95.559278, 78.418315 ], [ -95.830295, 78.056941 ] ] ], [ [ [ -100.060192, 78.324754 ], [ -99.670939, 77.907545 ], [ -101.30394, 78.018985 ], [ -102.949809, 78.343229 ], [ -105.176133, 78.380332 ], [ -104.210429, 78.67742 ], [ -105.41958, 78.918336 ], [ -105.492289, 79.301594 ], [ -103.529282, 79.165349 ], [ -100.825158, 78.800462 ], [ -100.060192, 78.324754 ] ] ], [ [ [ -87.02, 79.66 ], [ -85.81435, 79.3369 ], [ -87.18756, 79.0393 ], [ -89.03535, 78.28723 ], [ -90.80436, 78.21533 ], [ -92.87669, 78.34333 ], [ -93.95116, 78.75099 ], [ -93.93574, 79.11373 ], [ -93.14524, 79.3801 ], [ -94.974, 79.37248 ], [ -96.07614, 79.70502 ], [ -96.70972, 80.15777 ], [ -96.01644, 80.60233 ], [ -95.32345, 80.90729 ], [ -94.29843, 80.97727 ], [ -94.73542, 81.20646 ], [ -92.40984, 81.25739 ], [ -91.13289, 80.72345 ], [ -89.45, 80.509322 ], [ -87.81, 80.32 ], [ -87.02, 79.66 ] ] ], [ [ [ -68.5, 83.106322 ], [ -65.82735, 83.02801 ], [ -63.68, 82.9 ], [ -61.85, 82.6286 ], [ -61.89388, 82.36165 ], [ -64.334, 81.92775 ], [ -66.75342, 81.72527 ], [ -67.65755, 81.50141 ], [ -65.48031, 81.50657 ], [ -67.84, 80.9 ], [ -69.4697, 80.61683 ], [ -71.18, 79.8 ], [ -73.2428, 79.63415 ], [ -73.88, 79.430162 ], [ -76.90773, 79.32309 ], [ -75.52924, 79.19766 ], [ -76.22046, 79.01907 ], [ -75.39345, 78.52581 ], [ -76.34354, 78.18296 ], [ -77.88851, 77.89991 ], [ -78.36269, 77.50859 ], [ -79.75951, 77.20968 ], [ -79.61965, 76.98336 ], [ -77.91089, 77.022045 ], [ -77.88911, 76.777955 ], [ -80.56125, 76.17812 ], [ -83.17439, 76.45403 ], [ -86.11184, 76.29901 ], [ -87.6, 76.42 ], [ -89.49068, 76.47239 ], [ -89.6161, 76.95213 ], [ -87.76739, 77.17833 ], [ -88.26, 77.9 ], [ -87.65, 77.970222 ], [ -84.97634, 77.53873 ], [ -86.34, 78.18 ], [ -87.96192, 78.37181 ], [ -87.15198, 78.75867 ], [ -85.37868, 78.9969 ], [ -85.09495, 79.34543 ], [ -86.50734, 79.73624 ], [ -86.93179, 80.25145 ], [ -84.19844, 80.20836 ], [ -83.408696, 80.1 ], [ -81.84823, 80.46442 ], [ -84.1, 80.58 ], [ -87.59895, 80.51627 ], [ -89.36663, 80.85569 ], [ -90.2, 81.26 ], [ -91.36786, 81.5531 ], [ -91.58702, 81.89429 ], [ -90.1, 82.085 ], [ -88.93227, 82.11751 ], [ -86.97024, 82.27961 ], [ -85.5, 82.652273 ], [ -84.260005, 82.6 ], [ -83.18, 82.32 ], [ -82.42, 82.86 ], [ -81.1, 83.02 ], [ -79.30664, 83.13056 ], [ -76.25, 83.172059 ], [ -75.71878, 83.06404 ], [ -72.83153, 83.23324 ], [ -70.665765, 83.169781 ], [ -68.5, 83.106322 ] ] ] ] } },
{ "type": "Feature", "properties": { "name": "Switzerland", "iso3": "CHE", "name_with_flag": "🇨🇭 Switzerland", "1990": 28442.33160476304, "1991": 28773.013936218122, "1992": 29093.323854107599, "1993": 29475.75005220083, "1994": 30245.375967136111, "1995": 30821.437052244419, "1996": 31497.74195689636, "1997": 32728.01142195331, "1998": 33857.653167593489, "1999": 34742.631863155482, "2000": 36695.207055418658, "2001": 37822.92750725009, "2002": 38704.958459724243, "2003": 38737.307926120913, "2004": 40176.570741537384, "2005": 41524.848873293216, "2006": 46275.549484286283, "2007": 50929.492704489603, "2008": 53808.784112706591, "2009": 52971.373276058512, "2010": 54432.332994981021, "2011": 57493.581055921073, "2012": 59440.915860766581, "2013": 61656.46617085157, "2014": 63417.043811031886, "2015": 65282.584193192313, "2016": 67350.751874775699, "2017": 68193.50559402621, "2018": 70688.818749119411, "2019": 73732.23533220934, "2020": 72997.823950328209, "2021": 81001.411120611752, "2022": 91326.131704818225, "2023": 90505.99787735696, "2024": 93818.707480925557 }, "geometry": { "type": "Polygon", "coordinates": [ [ [ 9.594226, 47.525058 ], [ 9.632932, 47.347601 ], [ 9.47997, 47.10281 ], [ 9.932448, 46.920728 ], [ 10.442701, 46.893546 ], [ 10.363378, 46.483571 ], [ 9.922837, 46.314899 ], [ 9.182882, 46.440215 ], [ 8.966306, 46.036932 ], [ 8.489952, 46.005151 ], [ 8.31663, 46.163642 ], [ 7.755992, 45.82449 ], [ 7.273851, 45.776948 ], [ 6.843593, 45.991147 ], [ 6.5001, 46.429673 ], [ 6.022609, 46.27299 ], [ 6.037389, 46.725779 ], [ 6.768714, 47.287708 ], [ 6.736571, 47.541801 ], [ 7.192202, 47.449766 ], [ 7.466759, 47.620582 ], [ 8.317301, 47.61358 ], [ 8.522612, 47.830828 ], [ 9.594226, 47.525058 ] ] ] } },
{ "type": "Feature", "properties": { "name": "Chile", "iso3": "CHL", "name_with_flag": "🇨🇱 Chile", "1990": 4444.5720924777061, "1991": 4885.6286391379963, "1992": 5563.3135364779901, "1993": 6060.9510854488854, "1994": 6475.711818008248, "1995": 7231.7939862759849, "1996": 7895.436780917631, "1997": 8510.6669849866212, "1998": 8850.4917161428548, "1999": 8838.7591718561816, "2000": 9375.5900838833713, "2001": 9775.5532350579961, "2002": 10133.40411420597, "2003": 10708.823647058191, "2004": 11612.39968535172, "2005": 12550.434800764529, "2006": 15510.77007394519, "2007": 16697.516021741591, "2008": 16375.96485360115, "2009": 15951.33048778784, "2010": 17917.895121709669, "2011": 20121.68342142093, "2012": 21366.177126490871, "2013": 22201.066068433749, "2014": 22553.616178737211, "2015": 22457.880061456501, "2016": 23256.50360422114, "2017": 24295.22376660203, "2018": 25305.09034626108, "2019": 25611.757826945839, "2020": 25350.86350829717, "2021": 29089.850459727979, "2022": 30820.352697117869, "2023": 32801.378637841823, "2024": 34637.116827914339 }, "geometry": { "type": "MultiPolygon", "coordinates": [ [ [ [ -68.63401, -52.63637 ], [ -68.63335, -54.8695 ], [ -67.56244, -54.87001 ], [ -66.95992, -54.89681 ], [ -67.29103, -55.30124 ], [ -68.14863, -55.61183 ], [ -68.639991, -55.580018 ], [ -69.2321, -55.49906 ], [ -69.95809, -55.19843 ], [ -71.00568, -55.05383 ], [ -72.2639, -54.49514 ], [ -73.2852, -53.95752 ], [ -74.66253, -52.83749 ], [ -73.8381, -53.04743 ], [ -72.43418, -53.7154 ], [ -71.10773, -54.07433 ], [ -70.59178, -53.61583 ], [ -70.26748, -52.93123 ], [ -69.34565, -52.5183 ], [ -68.63401, -52.63637 ] ] ], [ [ [ -68.219913, -21.494347 ], [ -67.82818, -22.872919 ], [ -67.106674, -22.735925 ], [ -66.985234, -22.986349 ], [ -67.328443, -24.025303 ], [ -68.417653, -24.518555 ], [ -68.386001, -26.185016 ], [ -68.5948, -26.506909 ], [ -68.295542, -26.89934 ], [ -69.001235, -27.521214 ], [ -69.65613, -28.459141 ], [ -70.01355, -29.367923 ], [ -69.919008, -30.336339 ], [ -70.535069, -31.36501 ], [ -70.074399, -33.09121 ], [ -69.814777, -33.273886 ], [ -69.817309, -34.193571 ], [ -70.388049, -35.169688 ], [ -70.364769, -36.005089 ], [ -71.121881, -36.658124 ], [ -71.118625, -37.576827 ], [ -70.814664, -38.552995 ], [ -71.413517, -38.916022 ], [ -71.680761, -39.808164 ], [ -71.915734, -40.832339 ], [ -71.746804, -42.051386 ], [ -72.148898, -42.254888 ], [ -71.915424, -43.408565 ], [ -71.464056, -43.787611 ], [ -71.793623, -44.207172 ], [ -71.329801, -44.407522 ], [ -71.222779, -44.784243 ], [ -71.659316, -44.973689 ], [ -71.552009, -45.560733 ], [ -71.917258, -46.884838 ], [ -72.447355, -47.738533 ], [ -72.331161, -48.244238 ], [ -72.648247, -48.878618 ], [ -73.415436, -49.318436 ], [ -73.328051, -50.378785 ], [ -72.975747, -50.74145 ], [ -72.309974, -50.67701 ], [ -72.329404, -51.425956 ], [ -71.914804, -52.009022 ], [ -69.498362, -52.142761 ], [ -68.571545, -52.299444 ], [ -69.461284, -52.291951 ], [ -69.94278, -52.537931 ], [ -70.845102, -52.899201 ], [ -71.006332, -53.833252 ], [ -71.429795, -53.856455 ], [ -72.557943, -53.53141 ], [ -73.702757, -52.835069 ], [ -73.702757, -52.83507 ], [ -74.946763, -52.262754 ], [ -75.260026, -51.629355 ], [ -74.976632, -51.043396 ], [ -75.479754, -50.378372 ], [ -75.608015, -48.673773 ], [ -75.18277, -47.711919 ], [ -74.126581, -46.939253 ], [ -75.644395, -46.647643 ], [ -74.692154, -45.763976 ], [ -74.351709, -44.103044 ], [ -73.240356, -44.454961 ], [ -72.717804, -42.383356 ], [ -73.3889, -42.117532 ], [ -73.701336, -43.365776 ], [ -74.331943, -43.224958 ], [ -74.017957, -41.794813 ], [ -73.677099, -39.942213 ], [ -73.217593, -39.258689 ], [ -73.505559, -38.282883 ], [ -73.588061, -37.156285 ], [ -73.166717, -37.12378 ], [ -72.553137, -35.50884 ], [ -71.861732, -33.909093 ], [ -71.43845, -32.418899 ], [ -71.668721, -30.920645 ], [ -71.370083, -30.095682 ], [ -71.489894, -28.861442 ], [ -70.905124, -27.64038 ], [ -70.724954, -25.705924 ], [ -70.403966, -23.628997 ], [ -70.091246, -21.393319 ], [ -70.16442, -19.756468 ], [ -70.372572, -18.347975 ], [ -69.858444, -18.092694 ], [ -69.590424, -17.580012 ], [ -69.100247, -18.260125 ], [ -68.966818, -18.981683 ], [ -68.442225, -19.405068 ], [ -68.757167, -20.372658 ], [ -68.219913, -21.494347 ] ] ] ] } },
{ "type": "Feature", "properties": { "name": "China", "iso3": "CHN", "name_with_flag": "🇨🇳 China", "1990": 990.77619088030679, "1991": 1104.992418121509, "1992": 1276.0493440780931, "1993": 1471.239576766525, "1994": 1679.9949420166749, "1995": 1883.876030003448, "1996": 2087.7476964935058, "1997": 2297.3631019424238, "1998": 2483.2540595085852, "1999": 2689.8515658971801, "2000": 2963.5323860202288, "2001": 3258.4021066030459, "2002": 3590.7659594167039, "2003": 4007.1160460542319, "2004": 4504.9293723759574, "2005": 5148.1827393380518, "2006": 5946.2868283018524, "2007": 6935.2658058443358, "2008": 7712.8460842506856, "2009": 8447.9828146922682, "2010": 9411.1382190320437, "2011": 10456.79168261134, "2012": 11420.252705114101, "2013": 12228.37360841971, "2014": 12941.59648091457, "2015": 13463.33315111047, "2016": 14157.25149880043, "2017": 15022.437188312409, "2018": 16298.20506191087, "2019": 17600.890756849331, "2020": 18267.478345582738, "2021": 20843.297834737648, "2022": 23032.17662711427, "2023": 25179.119306638298, "2024": 27104.870267746301 }, "geometry": { "type": "MultiPolygon", "coordinates": [ [ [ [ 110.339188, 18.678395 ], [ 109.47521, 18.197701 ], [ 108.655208, 18.507682 ], [ 108.626217, 19.367888 ], [ 109.119056, 19.821039 ], [ 110.211599, 20.101254 ], [ 110.786551, 20.077534 ], [ 111.010051, 19.69593 ], [ 110.570647, 19.255879 ], [ 110.339188, 18.678395 ] ] ], [ [ [ 127.657407, 49.76027 ], [ 129.397818, 49.4406 ], [ 130.582293, 48.729687 ], [ 130.987282, 47.790132 ], [ 132.506672, 47.78897 ], [ 133.373596, 48.183442 ], [ 135.026311, 48.47823 ], [ 134.500814, 47.57844 ], [ 134.112362, 47.212467 ], [ 133.769644, 46.116927 ], [ 133.097127, 45.144066 ], [ 131.883454, 45.321162 ], [ 131.025212, 44.967953 ], [ 131.288555, 44.11152 ], [ 131.144688, 42.92999 ], [ 130.633866, 42.903015 ], [ 130.640016, 42.395009 ], [ 129.994267, 42.985387 ], [ 129.596669, 42.424982 ], [ 128.052215, 41.994285 ], [ 128.208433, 41.466772 ], [ 127.343783, 41.503152 ], [ 126.869083, 41.816569 ], [ 126.182045, 41.107336 ], [ 125.079942, 40.569824 ], [ 124.265625, 39.928493 ], [ 122.86757, 39.637788 ], [ 122.131388, 39.170452 ], [ 121.054554, 38.897471 ], [ 121.585995, 39.360854 ], [ 121.376757, 39.750261 ], [ 122.168595, 40.422443 ], [ 121.640359, 40.94639 ], [ 120.768629, 40.593388 ], [ 119.639602, 39.898056 ], [ 119.023464, 39.252333 ], [ 118.042749, 39.204274 ], [ 117.532702, 38.737636 ], [ 118.059699, 38.061476 ], [ 118.87815, 37.897325 ], [ 118.911636, 37.448464 ], [ 119.702802, 37.156389 ], [ 120.823457, 37.870428 ], [ 121.711259, 37.481123 ], [ 122.357937, 37.454484 ], [ 122.519995, 36.930614 ], [ 121.104164, 36.651329 ], [ 120.637009, 36.11144 ], [ 119.664562, 35.609791 ], [ 119.151208, 34.909859 ], [ 120.227525, 34.360332 ], [ 120.620369, 33.376723 ], [ 121.229014, 32.460319 ], [ 121.908146, 31.692174 ], [ 121.891919, 30.949352 ], [ 121.264257, 30.676267 ], [ 121.503519, 30.142915 ], [ 122.092114, 29.83252 ], [ 121.938428, 29.018022 ], [ 121.684439, 28.225513 ], [ 121.125661, 28.135673 ], [ 120.395473, 27.053207 ], [ 119.585497, 25.740781 ], [ 118.656871, 24.547391 ], [ 117.281606, 23.624501 ], [ 115.890735, 22.782873 ], [ 114.763827, 22.668074 ], [ 114.152547, 22.22376 ], [ 113.80678, 22.54834 ], [ 113.241078, 22.051367 ], [ 111.843592, 21.550494 ], [ 110.785466, 21.397144 ], [ 110.444039, 20.341033 ], [ 109.889861, 20.282457 ], [ 109.627655, 21.008227 ], [ 109.864488, 21.395051 ], [ 108.522813, 21.715212 ], [ 108.05018, 21.55238 ], [ 107.04342, 21.811899 ], [ 106.567273, 22.218205 ], [ 106.725403, 22.794268 ], [ 105.811247, 22.976892 ], [ 105.329209, 23.352063 ], [ 104.476858, 22.81915 ], [ 103.504515, 22.703757 ], [ 102.706992, 22.708795 ], [ 102.170436, 22.464753 ], [ 101.652018, 22.318199 ], [ 101.80312, 21.174367 ], [ 101.270026, 21.201652 ], [ 101.180005, 21.436573 ], [ 101.150033, 21.849984 ], [ 100.416538, 21.558839 ], [ 99.983489, 21.742937 ], [ 99.240899, 22.118314 ], [ 99.531992, 22.949039 ], [ 98.898749, 23.142722 ], [ 98.660262, 24.063286 ], [ 97.60472, 23.897405 ], [ 97.724609, 25.083637 ], [ 98.671838, 25.918703 ], [ 98.712094, 26.743536 ], [ 98.68269, 27.508812 ], [ 98.246231, 27.747221 ], [ 97.911988, 28.335945 ], [ 97.327114, 28.261583 ], [ 96.248833, 28.411031 ], [ 96.586591, 28.83098 ], [ 96.117679, 29.452802 ], [ 95.404802, 29.031717 ], [ 94.56599, 29.277438 ], [ 93.413348, 28.640629 ], [ 92.503119, 27.896876 ], [ 91.696657, 27.771742 ], [ 91.258854, 28.040614 ], [ 90.730514, 28.064954 ], [ 90.015829, 28.296439 ], [ 89.47581, 28.042759 ], [ 88.814248, 27.299316 ], [ 88.730326, 28.086865 ], [ 88.120441, 27.876542 ], [ 86.954517, 27.974262 ], [ 85.82332, 28.203576 ], [ 85.011638, 28.642774 ], [ 84.23458, 28.839894 ], [ 83.898993, 29.320226 ], [ 83.337115, 29.463732 ], [ 82.327513, 30.115268 ], [ 81.525804, 30.422717 ], [ 81.111256, 30.183481 ], [ 79.721367, 30.882715 ], [ 78.738894, 31.515906 ], [ 78.458446, 32.618164 ], [ 79.176129, 32.48378 ], [ 79.208892, 32.994395 ], [ 78.811086, 33.506198 ], [ 78.912269, 34.321936 ], [ 77.837451, 35.49401 ], [ 76.192848, 35.898403 ], [ 75.896897, 36.666806 ], [ 75.158028, 37.133031 ], [ 74.980002, 37.41999 ], [ 74.829986, 37.990007 ], [ 74.864816, 38.378846 ], [ 74.257514, 38.606507 ], [ 73.928852, 38.505815 ], [ 73.675379, 39.431237 ], [ 73.960013, 39.660008 ], [ 73.822244, 39.893973 ], [ 74.776862, 40.366425 ], [ 75.467828, 40.562072 ], [ 76.526368, 40.427946 ], [ 76.904484, 41.066486 ], [ 78.187197, 41.185316 ], [ 78.543661, 41.582243 ], [ 80.11943, 42.123941 ], [ 80.25999, 42.349999 ], [ 80.18015, 42.920068 ], [ 80.866206, 43.180362 ], [ 79.966106, 44.917517 ], [ 81.947071, 45.317027 ], [ 82.458926, 45.53965 ], [ 83.180484, 47.330031 ], [ 85.16429, 47.000956 ], [ 85.720484, 47.452969 ], [ 85.768233, 48.455751 ], [ 86.598776, 48.549182 ], [ 87.35997, 49.214981 ], [ 87.751264, 49.297198 ], [ 88.013832, 48.599463 ], [ 88.854298, 48.069082 ], [ 90.280826, 47.693549 ], [ 90.970809, 46.888146 ], [ 90.585768, 45.719716 ], [ 90.94554, 45.286073 ], [ 92.133891, 45.115076 ], [ 93.480734, 44.975472 ], [ 94.688929, 44.352332 ], [ 95.306875, 44.241331 ], [ 95.762455, 43.319449 ], [ 96.349396, 42.725635 ], [ 97.451757, 42.74889 ], [ 99.515817, 42.524691 ], [ 100.845866, 42.663804 ], [ 101.83304, 42.514873 ], [ 103.312278, 41.907468 ], [ 104.522282, 41.908347 ], [ 104.964994, 41.59741 ], [ 106.129316, 42.134328 ], [ 107.744773, 42.481516 ], [ 109.243596, 42.519446 ], [ 110.412103, 42.871234 ], [ 111.129682, 43.406834 ], [ 111.829588, 43.743118 ], [ 111.667737, 44.073176 ], [ 111.348377, 44.457442 ], [ 111.873306, 45.102079 ], [ 112.436062, 45.011646 ], [ 113.463907, 44.808893 ], [ 114.460332, 45.339817 ], [ 115.985096, 45.727235 ], [ 116.717868, 46.388202 ], [ 117.421701, 46.672733 ], [ 118.874326, 46.805412 ], [ 119.66327, 46.69268 ], [ 119.772824, 47.048059 ], [ 118.866574, 47.74706 ], [ 118.064143, 48.06673 ], [ 117.295507, 47.697709 ], [ 116.308953, 47.85341 ], [ 115.742837, 47.726545 ], [ 115.485282, 48.135383 ], [ 116.191802, 49.134598 ], [ 116.678801, 49.888531 ], [ 117.879244, 49.510983 ], [ 119.288461, 50.142883 ], [ 119.279366, 50.582908 ], [ 120.18205, 51.643566 ], [ 120.738191, 51.964115 ], [ 120.725789, 52.516226 ], [ 120.177089, 52.753886 ], [ 121.003085, 53.251401 ], [ 122.245748, 53.431726 ], [ 123.571507, 53.458804 ], [ 125.068211, 53.161045 ], [ 125.946349, 52.792799 ], [ 126.564399, 51.784255 ], [ 126.939157, 51.353894 ], [ 127.287456, 50.739797 ], [ 127.657407, 49.76027 ] ] ] ] } },
{ "type": "Feature", "properties": { "name": "Ivory Coast", "iso3": "CIV", "name_with_flag": "🇨🇮 Ivory Coast", "1990": 2693.3614660056201, "1991": 2677.074720014738, "1992": 2624.52422270222, "1993": 2576.993401495331, "1994": 2550.992224483954, "1995": 2683.320976282143, "1996": 2831.7990371103642, "1997": 3039.524738955382, "1998": 3086.1276638342729, "1999": 3064.7994479374129, "2000": 3040.575931853627, "2001": 2961.7628727421638, "2002": 2851.03041356835, "2003": 2701.7416848785078, "2004": 2794.1732571936582, "2005": 2841.823087981727, "2006": 2941.8214116891249, "2007": 2984.5347216156179, "2008": 3115.8378918774529, "2009": 3176.6324242061742, "2010": 3360.5440882605471, "2011": 3175.9192237075949, "2012": 3290.7230694945711, "2013": 3619.0179085486488, "2014": 4074.2144553978928, "2015": 4403.6429661899847, "2016": 4530.6484980848754, "2017": 4690.178018610959, "2018": 4945.6252057591528, "2019": 5516.3905512682904, "2020": 5543.8509631893894, "2021": 6045.2048049087944, "2022": 6719.4438155763673, "2023": 7227.0291171707549, "2024": 7653.4503375602653 }, "geometry": { "type": "Polygon", "coordinates": [ [ [ -2.856125, 4.994476 ], [ -3.311084, 4.984296 ], [ -4.00882, 5.179813 ], [ -4.649917, 5.168264 ], [ -5.834496, 4.993701 ], [ -6.528769, 4.705088 ], [ -7.518941, 4.338288 ], [ -7.712159, 4.364566 ], [ -7.635368, 5.188159 ], [ -7.539715, 5.313345 ], [ -7.570153, 5.707352 ], [ -7.993693, 6.12619 ], [ -8.311348, 6.193033 ], [ -8.60288, 6.467564 ], [ -8.385452, 6.911801 ], [ -8.485446, 7.395208 ], [ -8.439298, 7.686043 ], [ -8.280703, 7.68718 ], [ -8.221792, 8.123329 ], [ -8.299049, 8.316444 ], [ -8.203499, 8.455453 ], [ -7.8321, 8.575704 ], [ -8.079114, 9.376224 ], [ -8.309616, 9.789532 ], [ -8.229337, 10.12902 ], [ -8.029944, 10.206535 ], [ -7.89959, 10.297382 ], [ -7.622759, 10.147236 ], [ -6.850507, 10.138994 ], [ -6.666461, 10.430811 ], [ -6.493965, 10.411303 ], [ -6.205223, 10.524061 ], [ -6.050452, 10.096361 ], [ -5.816926, 10.222555 ], [ -5.404342, 10.370737 ], [ -4.954653, 10.152714 ], [ -4.779884, 9.821985 ], [ -4.330247, 9.610835 ], [ -3.980449, 9.862344 ], [ -3.511899, 9.900326 ], [ -2.827496, 9.642461 ], [ -2.56219, 8.219628 ], [ -2.983585, 7.379705 ], [ -3.24437, 6.250472 ], [ -2.810701, 5.389051 ], [ -2.856125, 4.994476 ] ] ] } },
{ "type": "Feature", "properties": { "name": "Cameroon", "iso3": "CMR", "name_with_flag": "🇨🇲 Cameroon", "1990": 2031.9099884527311, "1991": 1962.540637661094, "1992": 1890.0925310455509, "1993": 1731.4087312637139, "1994": 1751.6852297163859, "1995": 1790.3391498364069, "1996": 1849.506500360111, "1997": 1915.117607114636, "1998": 1975.1559893983299, "1999": 2038.663788989948, "2000": 2108.4945495975062, "2001": 2190.8964072416629, "2002": 2263.0551967435558, "2003": 2368.1011947736929, "2004": 2532.6474442421409, "2005": 2597.6803989321938, "2006": 2704.4373980037649, "2007": 2817.7222811837978, "2008": 2870.441068666054, "2009": 2878.9514388613779, "2010": 2913.9429275560551, "2011": 2988.8172872550999, "2012": 3059.642265682508, "2013": 3238.8682984373249, "2014": 3422.2612815834382, "2015": 3497.6606756395859, "2016": 3626.9993202857818, "2017": 3767.430728838242, "2018": 4010.763600695263, "2019": 4241.111749205922, "2020": 4365.4470412839237, "2021": 4793.5562820019559, "2022": 5188.9775086608142, "2023": 5405.5746574286941, "2024": 5591.4963978170554 }, "geometry": { "type": "Polygon", "coordinates": [ [ [ 13.075822, 2.267097 ], [ 12.951334, 2.321616 ], [ 12.35938, 2.192812 ], [ 11.751665, 2.326758 ], [ 11.276449, 2.261051 ], [ 9.649158, 2.283866 ], [ 9.795196, 3.073404 ], [ 9.404367, 3.734527 ], [ 8.948116, 3.904129 ], [ 8.744924, 4.352215 ], [ 8.488816, 4.495617 ], [ 8.500288, 4.771983 ], [ 8.757533, 5.479666 ], [ 9.233163, 6.444491 ], [ 9.522706, 6.453482 ], [ 10.118277, 7.03877 ], [ 10.497375, 7.055358 ], [ 11.058788, 6.644427 ], [ 11.745774, 6.981383 ], [ 11.839309, 7.397042 ], [ 12.063946, 7.799808 ], [ 12.218872, 8.305824 ], [ 12.753672, 8.717763 ], [ 12.955468, 9.417772 ], [ 13.1676, 9.640626 ], [ 13.308676, 10.160362 ], [ 13.57295, 10.798566 ], [ 14.415379, 11.572369 ], [ 14.468192, 11.904752 ], [ 14.577178, 12.085361 ], [ 14.181336, 12.483657 ], [ 14.213531, 12.802035 ], [ 14.495787, 12.859396 ], [ 14.893386, 12.219048 ], [ 14.960152, 11.555574 ], [ 14.923565, 10.891325 ], [ 15.467873, 9.982337 ], [ 14.909354, 9.992129 ], [ 14.627201, 9.920919 ], [ 14.171466, 10.021378 ], [ 13.954218, 9.549495 ], [ 14.544467, 8.965861 ], [ 14.979996, 8.796104 ], [ 15.120866, 8.38215 ], [ 15.436092, 7.692812 ], [ 15.27946, 7.421925 ], [ 14.776545, 6.408498 ], [ 14.53656, 6.226959 ], [ 14.459407, 5.451761 ], [ 14.558936, 5.030598 ], [ 14.478372, 4.732605 ], [ 14.950953, 4.210389 ], [ 15.03622, 3.851367 ], [ 15.405396, 3.335301 ], [ 15.862732, 3.013537 ], [ 15.907381, 2.557389 ], [ 16.012852, 2.26764 ], [ 15.940919, 1.727673 ], [ 15.146342, 1.964015 ], [ 14.337813, 2.227875 ], [ 13.075822, 2.267097 ] ] ] } },
{ "type": "Feature", "properties": { "name": "Democratic Republic of the Congo", "iso3": "COD", "name_with_flag": "🇨🇩 Democratic Republic of the Congo", "1990": 832.07039596795175, "1991": 761.97784803720606, "1992": 674.34151667123558, "1993": 576.37276746016016, "1994": 539.56904134471563, "1995": 532.18071521507409, "1996": 526.16643789053353, "1997": 497.1220628396577, "1998": 481.28921186333372, "1999": 451.8260051578394, "2000": 416.54933755058693, "2001": 403.98428591939, "2002": 409.64293825063368, "2003": 428.3336255634739, "2004": 455.86778649637148, "2005": 483.91132953747251, "2006": 509.4277829652782, "2007": 539.41263851776296, "2008": 566.6853821261542, "2009": 568.60956779079379, "2010": 597.08874078919644, "2011": 630.28488059771439, "2012": 632.20207613090281, "2013": 712.43900668880178, "2014": 804.59663462824517, "2015": 859.14348273781536, "2016": 913.955559409226, "2017": 1003.257355029122, "2018": 1069.281633913424, "2019": 1167.320615728333, "2020": 1136.0083955636701, "2021": 1313.6182182908601, "2022": 1484.241169103595, "2023": 1616.468491756011, "2024": 1709.7320772417229 }, "geometry": { "type": "Polygon", "coordinates": [ [ [ 30.83386, 3.509166 ], [ 30.773347, 2.339883 ], [ 31.174149, 2.204465 ], [ 30.85267, 1.849396 ], [ 30.468508, 1.583805 ], [ 30.086154, 1.062313 ], [ 29.875779, 0.59738 ], [ 29.819503, -0.20531 ], [ 29.587838, -0.587406 ], [ 29.579466, -1.341313 ], [ 29.291887, -1.620056 ], [ 29.254835, -2.21511 ], [ 29.117479, -2.292211 ], [ 29.024926, -2.839258 ], [ 29.276384, -3.293907 ], [ 29.339998, -4.499983 ], [ 29.519987, -5.419979 ], [ 29.419993, -5.939999 ], [ 29.620032, -6.520015 ], [ 30.199997, -7.079981 ], [ 30.740015, -8.340007 ], [ 30.346086, -8.238257 ], [ 29.002912, -8.407032 ], [ 28.734867, -8.526559 ], [ 28.449871, -9.164918 ], [ 28.673682, -9.605925 ], [ 28.49607, -10.789884 ], [ 28.372253, -11.793647 ], [ 28.642417, -11.971569 ], [ 29.341548, -12.360744 ], [ 29.616001, -12.178895 ], [ 29.699614, -13.257227 ], [ 28.934286, -13.248958 ], [ 28.523562, -12.698604 ], [ 28.155109, -12.272481 ], [ 27.388799, -12.132747 ], [ 27.16442, -11.608748 ], [ 26.553088, -11.92444 ], [ 25.75231, -11.784965 ], [ 25.418118, -11.330936 ], [ 24.78317, -11.238694 ], [ 24.314516, -11.262826 ], [ 24.257155, -10.951993 ], [ 23.912215, -10.926826 ], [ 23.456791, -10.867863 ], [ 22.837345, -11.017622 ], [ 22.402798, -10.993075 ], [ 22.155268, -11.084801 ], [ 22.208753, -9.894796 ], [ 21.875182, -9.523708 ], [ 21.801801, -8.908707 ], [ 21.949131, -8.305901 ], [ 21.746456, -7.920085 ], [ 21.728111, -7.290872 ], [ 20.514748, -7.299606 ], [ 20.601823, -6.939318 ], [ 20.091622, -6.94309 ], [ 20.037723, -7.116361 ], [ 19.417502, -7.155429 ], [ 19.166613, -7.738184 ], [ 19.016752, -7.988246 ], [ 18.464176, -7.847014 ], [ 18.134222, -7.987678 ], [ 17.47297, -8.068551 ], [ 17.089996, -7.545689 ], [ 16.860191, -7.222298 ], [ 16.57318, -6.622645 ], [ 16.326528, -5.87747 ], [ 13.375597, -5.864241 ], [ 13.024869, -5.984389 ], [ 12.735171, -5.965682 ], [ 12.322432, -6.100092 ], [ 12.182337, -5.789931 ], [ 12.436688, -5.684304 ], [ 12.468004, -5.248362 ], [ 12.631612, -4.991271 ], [ 12.995517, -4.781103 ], [ 13.25824, -4.882957 ], [ 13.600235, -4.500138 ], [ 14.144956, -4.510009 ], [ 14.209035, -4.793092 ], [ 14.582604, -4.970239 ], [ 15.170992, -4.343507 ], [ 15.75354, -3.855165 ], [ 16.00629, -3.535133 ], [ 15.972803, -2.712392 ], [ 16.407092, -1.740927 ], [ 16.865307, -1.225816 ], [ 17.523716, -0.74383 ], [ 17.638645, -0.424832 ], [ 17.663553, -0.058084 ], [ 17.82654, 0.288923 ], [ 17.774192, 0.855659 ], [ 17.898835, 1.741832 ], [ 18.094276, 2.365722 ], [ 18.393792, 2.900443 ], [ 18.453065, 3.504386 ], [ 18.542982, 4.201785 ], [ 18.932312, 4.709506 ], [ 19.467784, 5.031528 ], [ 20.290679, 4.691678 ], [ 20.927591, 4.322786 ], [ 21.659123, 4.224342 ], [ 22.405124, 4.02916 ], [ 22.704124, 4.633051 ], [ 22.84148, 4.710126 ], [ 23.297214, 4.609693 ], [ 24.410531, 5.108784 ], [ 24.805029, 4.897247 ], [ 25.128833, 4.927245 ], [ 25.278798, 5.170408 ], [ 25.650455, 5.256088 ], [ 26.402761, 5.150875 ], [ 27.044065, 5.127853 ], [ 27.374226, 5.233944 ], [ 27.979977, 4.408413 ], [ 28.428994, 4.287155 ], [ 28.696678, 4.455077 ], [ 29.159078, 4.389267 ], [ 29.715995, 4.600805 ], [ 29.9535, 4.173699 ], [ 30.83386, 3.509166 ] ] ] } },
{ "type": "Feature", "properties": { "name": "Republic of the Congo", "iso3": "COG", "name_with_flag": "🇨🇬 Republic of the Congo", "1990": 3436.7496980564488, "1991": 3536.0800498739618, "1992": 3607.6711120538748, "1993": 3550.3857935816268, "1994": 3326.9814001951672, "1995": 3434.067840627622, "1996": 3547.213539367805, "1997": 3509.9988949468561, "1998": 3602.0335193656251, "1999": 3463.8545298489912, "2000": 3667.4248726633559, "2001": 3748.4467493155662, "2002": 3888.1640234334509, "2003": 3886.9920679563211, "2004": 3991.511247297638, "2005": 4278.9253874131873, "2006": 4588.1092489846451, "2007": 4242.6112684600193, "2008": 4448.3326171425342, "2009": 4800.9015980660224, "2010": 5125.0699134364277, "2011": 5175.2043908903552, "2012": 6058.0644941741166, "2013": 5833.8633665143607, "2014": 5733.1839356125602, "2015": 4715.1343158162426, "2016": 4016.049085253183, "2017": 4444.6390021582447, "2018": 5593.1937057868563, "2019": 5719.5997733829117, "2020": 4770.9644975836527, "2021": 6263.2116129263632, "2022": 6647.4968173138977, "2023": 6850.2777062109881, "2024": 7026.3620243203559 }, "geometry": { "type": "Polygon", "coordinates": [ [ [ 12.995517, -4.781103 ], [ 12.62076, -4.438023 ], [ 12.318608, -4.60623 ], [ 11.914963, -5.037987 ], [ 11.093773, -3.978827 ], [ 11.855122, -3.426871 ], [ 11.478039, -2.765619 ], [ 11.820964, -2.514161 ], [ 12.495703, -2.391688 ], [ 12.575284, -1.948511 ], [ 13.109619, -2.42874 ], [ 13.992407, -2.470805 ], [ 14.29921, -1.998276 ], [ 14.425456, -1.333407 ], [ 14.316418, -0.552627 ], [ 13.843321, 0.038758 ], [ 14.276266, 1.19693 ], [ 14.026669, 1.395677 ], [ 13.282631, 1.314184 ], [ 13.003114, 1.830896 ], [ 13.075822, 2.267097 ], [ 14.337813, 2.227875 ], [ 15.146342, 1.964015 ], [ 15.940919, 1.727673 ], [ 16.012852, 2.26764 ], [ 16.537058, 3.198255 ], [ 17.133042, 3.728197 ], [ 17.8099, 3.560196 ], [ 18.453065, 3.504386 ], [ 18.393792, 2.900443 ], [ 18.094276, 2.365722 ], [ 17.898835, 1.741832 ], [ 17.774192, 0.855659 ], [ 17.82654, 0.288923 ], [ 17.663553, -0.058084 ], [ 17.638645, -0.424832 ], [ 17.523716, -0.74383 ], [ 16.865307, -1.225816 ], [ 16.407092, -1.740927 ], [ 15.972803, -2.712392 ], [ 16.00629, -3.535133 ], [ 15.75354, -3.855165 ], [ 15.170992, -4.343507 ], [ 14.582604, -4.970239 ], [ 14.209035, -4.793092 ], [ 14.144956, -4.510009 ], [ 13.600235, -4.500138 ], [ 13.25824, -4.882957 ], [ 12.995517, -4.781103 ] ] ] } },
{ "type": "Feature", "properties": { "name": "Colombia", "iso3": "COL", "name_with_flag": "🇨🇴 Colombia", "1990": 5109.4200011613257, "1991": 5280.7777977337773, "1992": 5509.3646491154486, "1993": 5826.1834442133613, "1994": 6173.6361147921934, "1995": 6505.5652622128746, "1996": 6638.8397362559972, "1997": 6861.0918635843909, "1998": 6853.841440170333, "1999": 6543.8672116341004, "2000": 6775.9306441881099, "2001": 6934.8828433859289, "2002": 7108.8239028593043, "2003": 7420.4600836528089, "2004": 7909.3463515569501, "2005": 8432.3332907831445, "2006": 9154.0892619651077, "2007": 9909.2903140376675, "2008": 10307.064987885449, "2009": 10367.34895575187, "2010": 10841.12798013117, "2011": 11707.46146247471, "2012": 12093.075493917149, "2013": 12779.886581831841, "2014": 13355.362416219539, "2015": 13332.055504821141, "2016": 14026.83999310527, "2017": 14400.6139849314, "2018": 15239.404948827651, "2019": 16181.59089906617, "2020": 15519.21016946563, "2021": 17383.090172829528, "2022": 20695.742677573089, "2023": 20944.48838886571, "2024": 21494.600271385301 }, "geometry": { "type": "Polygon", "coordinates": [ [ [ -75.373223, -0.152032 ], [ -75.801466, 0.084801 ], [ -76.292314, 0.416047 ], [ -76.57638, 0.256936 ], [ -77.424984, 0.395687 ], [ -77.668613, 0.825893 ], [ -77.855061, 0.809925 ], [ -78.855259, 1.380924 ], [ -78.990935, 1.69137 ], [ -78.617831, 1.766404 ], [ -78.662118, 2.267355 ], [ -78.42761, 2.629556 ], [ -77.931543, 2.696606 ], [ -77.510431, 3.325017 ], [ -77.12769, 3.849636 ], [ -77.496272, 4.087606 ], [ -77.307601, 4.667984 ], [ -77.533221, 5.582812 ], [ -77.318815, 5.845354 ], [ -77.476661, 6.691116 ], [ -77.881571, 7.223771 ], [ -77.753414, 7.70984 ], [ -77.431108, 7.638061 ], [ -77.242566, 7.935278 ], [ -77.474723, 8.524286 ], [ -77.353361, 8.670505 ], [ -76.836674, 8.638749 ], [ -76.086384, 9.336821 ], [ -75.6746, 9.443248 ], [ -75.664704, 9.774003 ], [ -75.480426, 10.61899 ], [ -74.906895, 11.083045 ], [ -74.276753, 11.102036 ], [ -74.197223, 11.310473 ], [ -73.414764, 11.227015 ], [ -72.627835, 11.731972 ], [ -72.238195, 11.95555 ], [ -71.75409, 12.437303 ], [ -71.399822, 12.376041 ], [ -71.137461, 12.112982 ], [ -71.331584, 11.776284 ], [ -71.973922, 11.608672 ], [ -72.227575, 11.108702 ], [ -72.614658, 10.821975 ], [ -72.905286, 10.450344 ], [ -73.027604, 9.73677 ], [ -73.304952, 9.152 ], [ -72.78873, 9.085027 ], [ -72.660495, 8.625288 ], [ -72.439862, 8.405275 ], [ -72.360901, 8.002638 ], [ -72.479679, 7.632506 ], [ -72.444487, 7.423785 ], [ -72.198352, 7.340431 ], [ -71.960176, 6.991615 ], [ -70.674234, 7.087785 ], [ -70.093313, 6.960376 ], [ -69.38948, 6.099861 ], [ -68.985319, 6.206805 ], [ -68.265052, 6.153268 ], [ -67.695087, 6.267318 ], [ -67.34144, 6.095468 ], [ -67.521532, 5.55687 ], [ -67.744697, 5.221129 ], [ -67.823012, 4.503937 ], [ -67.621836, 3.839482 ], [ -67.337564, 3.542342 ], [ -67.303173, 3.318454 ], [ -67.809938, 2.820655 ], [ -67.447092, 2.600281 ], [ -67.181294, 2.250638 ], [ -66.876326, 1.253361 ], [ -67.065048, 1.130112 ], [ -67.259998, 1.719999 ], [ -67.53781, 2.037163 ], [ -67.868565, 1.692455 ], [ -69.816973, 1.714805 ], [ -69.804597, 1.089081 ], [ -69.218638, 0.985677 ], [ -69.252434, 0.602651 ], [ -69.452396, 0.706159 ], [ -70.015566, 0.541414 ], [ -70.020656, -0.185156 ], [ -69.577065, -0.549992 ], [ -69.420486, -1.122619 ], [ -69.444102, -1.556287 ], [ -69.893635, -4.298187 ], [ -70.394044, -3.766591 ], [ -70.692682, -3.742872 ], [ -70.047709, -2.725156 ], [ -70.813476, -2.256865 ], [ -71.413646, -2.342802 ], [ -71.774761, -2.16979 ], [ -72.325787, -2.434218 ], [ -73.070392, -2.308954 ], [ -73.659504, -1.260491 ], [ -74.122395, -1.002833 ], [ -74.441601, -0.53082 ], [ -75.106625, -0.057205 ], [ -75.373223, -0.152032 ] ] ] } },
{ "type": "Feature", "properties": { "name": "Costa Rica", "iso3": "CRI", "name_with_flag": "🇨🇷 Costa Rica", "1990": 5020.6359409229353, "1991": 5174.6320355077514, "1992": 5635.0826117379584, "1993": 6025.4657703904822, "1994": 6276.2495710949388, "1995": 6515.337094896382, "1996": 6568.4441863429647, "1997": 6890.1681931236399, "1998": 7306.0382910681737, "1999": 7563.2441672101731, "2000": 7879.4779496598794, "2001": 8190.0744094113588, "2002": 8460.6522956447297, "2003": 8862.9941209795961, "2004": 9365.3277535978705, "2005": 9898.9291934644607, "2006": 10799.51140288856, "2007": 11841.901171414171, "2008": 12471.672310532271, "2009": 12273.8603954717, "2010": 12927.56459300351, "2011": 13614.260399880381, "2012": 14463.740444803339, "2013": 15232.07715292136, "2014": 16393.80954281535, "2015": 17525.140462525189, "2016": 19201.745323368348, "2017": 20499.344213080931, "2018": 21498.035074685959, "2019": 23339.6091317711, "2020": 22099.867812714961, "2021": 23852.925302014719, "2022": 25924.740378872939, "2023": 28075.142172202271, "2024": 30062.849160467951 }, "geometry": { "type": "Polygon", "coordinates": [ [ [ -82.965783, 8.225028 ], [ -83.508437, 8.446927 ], [ -83.711474, 8.656836 ], [ -83.596313, 8.830443 ], [ -83.632642, 9.051386 ], [ -83.909886, 9.290803 ], [ -84.303402, 9.487354 ], [ -84.647644, 9.615537 ], [ -84.713351, 9.908052 ], [ -84.97566, 10.086723 ], [ -84.911375, 9.795992 ], [ -85.110923, 9.55704 ], [ -85.339488, 9.834542 ], [ -85.660787, 9.933347 ], [ -85.797445, 10.134886 ], [ -85.791709, 10.439337 ], [ -85.659314, 10.754331 ], [ -85.941725, 10.895278 ], [ -85.71254, 11.088445 ], [ -85.561852, 11.217119 ], [ -84.903003, 10.952303 ], [ -84.673069, 11.082657 ], [ -84.355931, 10.999226 ], [ -84.190179, 10.79345 ], [ -83.895054, 10.726839 ], [ -83.655612, 10.938764 ], [ -83.40232, 10.395438 ], [ -83.015677, 9.992982 ], [ -82.546196, 9.566135 ], [ -82.932891, 9.476812 ], [ -82.927155, 9.07433 ], [ -82.719183, 8.925709 ], [ -82.868657, 8.807266 ], [ -82.829771, 8.626295 ], [ -82.913176, 8.423517 ], [ -82.965783, 8.225028 ] ] ] } },
{ "type": "Feature", "properties": { "name": "Cuba", "iso3": "CUB", "name_with_flag": "🇨🇺 Cuba", "1990": null, "1991": null, "1992": null, "1993": null, "1994": null, "1995": null, "1996": null, "1997": null, "1998": null, "1999": null, "2000": null, "2001": null, "2002": null, "2003": null, "2004": null, "2005": null, "2006": null, "2007": null, "2008": null, "2009": null, "2010": null, "2011": null, "2012": null, "2013": null, "2014": null, "2015": null, "2016": null, "2017": null, "2018": null, "2019": null, "2020": null, "2021": null, "2022": null, "2023": null, "2024": null }, "geometry": { "type": "Polygon", "coordinates": [ [ [ -82.268151, 23.188611 ], [ -81.404457, 23.117271 ], [ -80.618769, 23.10598 ], [ -79.679524, 22.765303 ], [ -79.281486, 22.399202 ], [ -78.347434, 22.512166 ], [ -77.993296, 22.277194 ], [ -77.146422, 21.657851 ], [ -76.523825, 21.20682 ], [ -76.19462, 21.220565 ], [ -75.598222, 21.016624 ], [ -75.67106, 20.735091 ], [ -74.933896, 20.693905 ], [ -74.178025, 20.284628 ], [ -74.296648, 20.050379 ], [ -74.961595, 19.923435 ], [ -75.63468, 19.873774 ], [ -76.323656, 19.952891 ], [ -77.755481, 19.855481 ], [ -77.085108, 20.413354 ], [ -77.492655, 20.673105 ], [ -78.137292, 20.739949 ], [ -78.482827, 21.028613 ], [ -78.719867, 21.598114 ], [ -79.285, 21.559175 ], [ -80.217475, 21.827324 ], [ -80.517535, 22.037079 ], [ -81.820943, 22.192057 ], [ -82.169992, 22.387109 ], [ -81.795002, 22.636965 ], [ -82.775898, 22.68815 ], [ -83.494459, 22.168518 ], [ -83.9088, 22.154565 ], [ -84.052151, 21.910575 ], [ -84.54703, 21.801228 ], [ -84.974911, 21.896028 ], [ -84.447062, 22.20495 ], [ -84.230357, 22.565755 ], [ -83.77824, 22.788118 ], [ -83.267548, 22.983042 ], [ -82.510436, 23.078747 ], [ -82.268151, 23.188611 ] ] ] } },
{ "type": "Feature", "properties": { "name": "Northern Cyprus", "iso3": "CYP", "name_with_flag": "🇨🇾 Northern Cyprus", "1990": 13339.296875, "1991": 13537.388671875, "1992": 14749.72265625, "1993": 14842.25390625, "1994": 15724.935546875, "1995": 17084.630859375, "1996": 17313.525390625, "1997": 17777.359375, "1998": 18758.634765625, "1999": 19662.7109375, "2000": 21291.2578125, "2001": 22868.671875, "2002": 23556.35546875, "2003": 24281.111328125, "2004": 25945.517578125, "2005": 27763.203125, "2006": 30015.19140625, "2007": 32889.08984375, "2008": 34830.15234375, "2009": 33883.72265625, "2010": 33505.8828125, "2011": 33406.11328125, "2012": 31923.98828125, "2013": 30451.755859375, "2014": 30171.03125, "2015": 31930.763671875, "2016": 35877.73828125, "2017": 38414.5078125, "2018": 40924.6171875, "2019": 45115.93359375, "2020": 43353.55859375, "2021": 48781.27734375, "2022": 55941.5859375, "2023": 57204.5859375, "2024": 61239.66015625 }, "geometry": { "type": "Polygon", "coordinates": [ [ [ 32.73178, 35.140026 ], [ 32.802474, 35.145504 ], [ 32.946961, 35.386703 ], [ 33.667227, 35.373216 ], [ 34.576474, 35.671596 ], [ 33.900804, 35.245756 ], [ 33.973617, 35.058506 ], [ 33.86644, 35.093595 ], [ 33.675392, 35.017863 ], [ 33.525685, 35.038688 ], [ 33.475817, 35.000345 ], [ 33.455922, 35.101424 ], [ 33.383833, 35.162712 ], [ 33.190977, 35.173125 ], [ 32.919572, 35.087833 ], [ 32.73178, 35.140026 ] ] ] } },
{ "type": "Feature", "properties": { "name": "Cyprus", "iso3": "CYP", "name_with_flag": "🇨🇾 Cyprus", "1990": 13339.296875, "1991": 13537.388671875, "1992": 14749.72265625, "1993": 14842.25390625, "1994": 15724.935546875, "1995": 17084.630859375, "1996": 17313.525390625, "1997": 17777.359375, "1998": 18758.634765625, "1999": 19662.7109375, "2000": 21291.2578125, "2001": 22868.671875, "2002": 23556.35546875, "2003": 24281.111328125, "2004": 25945.517578125, "2005": 27763.203125, "2006": 30015.19140625, "2007": 32889.08984375, "2008": 34830.15234375, "2009": 33883.72265625, "2010": 33505.8828125, "2011": 33406.11328125, "2012": 31923.98828125, "2013": 30451.755859375, "2014": 30171.03125, "2015": 31930.763671875, "2016": 35877.73828125, "2017": 38414.5078125, "2018": 40924.6171875, "2019": 45115.93359375, "2020": 43353.55859375, "2021": 48781.27734375, "2022": 55941.5859375, "2023": 57204.5859375, "2024": 61239.66015625 }, "geometry": { "type": "Polygon", "coordinates": [ [ [ 33.973617, 35.058506 ], [ 34.004881, 34.978098 ], [ 32.979827, 34.571869 ], [ 32.490296, 34.701655 ], [ 32.256667, 35.103232 ], [ 32.73178, 35.140026 ], [ 32.919572, 35.087833 ], [ 33.190977, 35.173125 ], [ 33.383833, 35.162712 ], [ 33.455922, 35.101424 ], [ 33.475817, 35.000345 ], [ 33.525685, 35.038688 ], [ 33.675392, 35.017863 ], [ 33.86644, 35.093595 ], [ 33.973617, 35.058506 ] ] ] } },
{ "type": "Feature", "properties": { "name": "Czech Republic", "iso3": "CZE", "name_with_flag": "🇨🇿 Czech Republic", "1990": 12806.02835918404, "1991": 11729.5098209527, "1992": 11923.848770194159, "1993": 12201.35068756574, "1994": 12819.82481228291, "1995": 13948.061985980979, "1996": 14775.324305043971, "1997": 14907.640451722529, "1998": 15062.762044910551, "1999": 15493.979668577789, "2000": 16328.797923439521, "2001": 17711.335522848021, "2002": 18344.03294279379, "2003": 19606.58938716002, "2004": 20990.932822598719, "2005": 22114.83630852016, "2006": 23919.292709408819, "2007": 26268.565317379878, "2008": 27937.84156810198, "2009": 27698.810613166261, "2010": 28156.985472460088, "2011": 29237.187095984678, "2012": 29465.60740118938, "2013": 31013.008293383122, "2014": 32743.489773169011, "2015": 34102.176988058032, "2016": 36445.048573206368, "2017": 39346.030564257002, "2018": 41638.183107659621, "2019": 45614.017113253212, "2020": 44839.482209945469, "2021": 47796.0337408466, "2022": 51709.837393396287, "2023": 53217.219170918223, "2024": 56805.646767677907 }, "geometry": { "type": "Polygon", "coordinates": [ [ [ 16.960288, 48.596982 ], [ 16.499283, 48.785808 ], [ 16.029647, 48.733899 ], [ 15.253416, 49.039074 ], [ 14.901447, 48.964402 ], [ 14.338898, 48.555305 ], [ 13.595946, 48.877172 ], [ 13.031329, 49.307068 ], [ 12.521024, 49.547415 ], [ 12.415191, 49.969121 ], [ 12.240111, 50.266338 ], [ 12.966837, 50.484076 ], [ 13.338132, 50.733234 ], [ 14.056228, 50.926918 ], [ 14.307013, 51.117268 ], [ 14.570718, 51.002339 ], [ 15.016996, 51.106674 ], [ 15.490972, 50.78473 ], [ 16.238627, 50.697733 ], [ 16.176253, 50.422607 ], [ 16.719476, 50.215747 ], [ 16.868769, 50.473974 ], [ 17.554567, 50.362146 ], [ 17.649445, 50.049038 ], [ 18.392914, 49.988629 ], [ 18.853144, 49.49623 ], [ 18.554971, 49.495015 ], [ 18.399994, 49.315001 ], [ 18.170498, 49.271515 ], [ 18.104973, 49.043983 ], [ 17.913512, 48.996493 ], [ 17.886485, 48.903475 ], [ 17.545007, 48.800019 ], [ 17.101985, 48.816969 ], [ 16.960288, 48.596982 ] ] ] } },
{ "type": "Feature", "properties": { "name": "Germany", "iso3": "DEU", "name_with_flag": "🇩🇪 Germany", "1990": 19521.01959538323, "1991": 21058.07668450768, "1992": 21806.209871781411, "1993": 21940.161859444561, "1994": 22886.767826420779, "1995": 23614.95844492926, "1996": 24160.06680211789, "1997": 24643.683212435881, "1998": 25444.151139918689, "1999": 26517.934285621432, "2000": 27467.78241747669, "2001": 28677.19085911322, "2002": 29513.682326710219, "2003": 30305.257567840141, "2004": 31757.417727618089, "2005": 32313.736788416991, "2006": 34748.754325723763, "2007": 36915.325283216167, "2008": 38443.538627895767, "2009": 37554.442699317369, "2010": 39730.489788527077, "2011": 43398.344399249581, "2012": 44229.394192173851, "2013": 45889.017302205197, "2014": 47938.796821041811, "2015": 48558.443297096906, "2016": 51569.901684119934, "2017": 54110.253664881202, "2018": 56273.040562701703, "2019": 59270.727649698478, "2020": 58685.87269977104, "2021": 62530.765319923943, "2022": 67589.839905541361, "2023": 68692.894466621976, "2024": 72300.120505001105 }, "geometry": { "type": "Polygon", "coordinates": [ [ [ 9.921906, 54.983104 ], [ 9.93958, 54.596642 ], [ 10.950112, 54.363607 ], [ 10.939467, 54.008693 ], [ 11.956252, 54.196486 ], [ 12.51844, 54.470371 ], [ 13.647467, 54.075511 ], [ 14.119686, 53.757029 ], [ 14.353315, 53.248171 ], [ 14.074521, 52.981263 ], [ 14.4376, 52.62485 ], [ 14.685026, 52.089947 ], [ 14.607098, 51.745188 ], [ 15.016996, 51.106674 ], [ 14.570718, 51.002339 ], [ 14.307013, 51.117268 ], [ 14.056228, 50.926918 ], [ 13.338132, 50.733234 ], [ 12.966837, 50.484076 ], [ 12.240111, 50.266338 ], [ 12.415191, 49.969121 ], [ 12.521024, 49.547415 ], [ 13.031329, 49.307068 ], [ 13.595946, 48.877172 ], [ 13.243357, 48.416115 ], [ 12.884103, 48.289146 ], [ 13.025851, 47.637584 ], [ 12.932627, 47.467646 ], [ 12.62076, 47.672388 ], [ 12.141357, 47.703083 ], [ 11.426414, 47.523766 ], [ 10.544504, 47.566399 ], [ 10.402084, 47.302488 ], [ 9.896068, 47.580197 ], [ 9.594226, 47.525058 ], [ 8.522612, 47.830828 ], [ 8.317301, 47.61358 ], [ 7.466759, 47.620582 ], [ 7.593676, 48.333019 ], [ 8.099279, 49.017784 ], [ 6.65823, 49.201958 ], [ 6.18632, 49.463803 ], [ 6.242751, 49.902226 ], [ 6.043073, 50.128052 ], [ 6.156658, 50.803721 ], [ 5.988658, 51.851616 ], [ 6.589397, 51.852029 ], [ 6.84287, 52.22844 ], [ 7.092053, 53.144043 ], [ 6.90514, 53.482162 ], [ 7.100425, 53.693932 ], [ 7.936239, 53.748296 ], [ 8.121706, 53.527792 ], [ 8.800734, 54.020786 ], [ 8.572118, 54.395646 ], [ 8.526229, 54.962744 ], [ 9.282049, 54.830865 ], [ 9.921906, 54.983104 ] ] ] } },
{ "type": "Feature", "properties": { "name": "Djibouti", "iso3": "DJI", "name_with_flag": "🇩🇯 Djibouti", "1990": null, "1991": null, "1992": null, "1993": null, "1994": null, "1995": null, "1996": null, "1997": null, "1998": null, "1999": null, "2000": null, "2001": null, "2002": null, "2003": null, "2004": null, "2005": null, "2006": null, "2007": null, "2008": null, "2009": null, "2010": null, "2011": null, "2012": null, "2013": 3762.281961039901, "2014": 3978.3466709255358, "2015": 4263.9628889045543, "2016": 4431.5658855617594, "2017": 4676.7133605890303, "2018": 5083.1107703018251, "2019": 5398.0003677398427, "2020": 5527.0018522988839, "2021": 5960.1080739682457, "2022": 6621.3303822040934, "2023": 7264.04490470983, "2024": 7776.2261364520091 }, "geometry": { "type": "Polygon", "coordinates": [ [ [ 43.081226, 12.699639 ], [ 43.317852, 12.390148 ], [ 43.286381, 11.974928 ], [ 42.715874, 11.735641 ], [ 43.145305, 11.46204 ], [ 42.776852, 10.926879 ], [ 42.55493, 11.10511 ], [ 42.31414, 11.0342 ], [ 41.75557, 11.05091 ], [ 41.73959, 11.35511 ], [ 41.66176, 11.6312 ], [ 42.0, 12.1 ], [ 42.35156, 12.54223 ], [ 42.779642, 12.455416 ], [ 43.081226, 12.699639 ] ] ] } },
{ "type": "Feature", "properties": { "name": "Denmark", "iso3": "DNK", "name_with_flag": "🇩🇰 Denmark", "1990": 18227.417105437551, "1991": 19054.942173455362, "1992": 19817.868707792801, "1993": 20203.67593879074, "1994": 21654.902568941601, "1995": 22661.557684060808, "1996": 23713.945187525471, "1997": 24881.24359547054, "1998": 25797.125622368148, "1999": 26642.221558861751, "2000": 28641.699043415549, "2001": 29462.12329056178, "2002": 30666.596767402181, "2003": 30868.04561322233, "2004": 33019.977294656434, "2005": 34238.321814743729, "2006": 37400.30752133335, "2007": 39111.519025761627, "2008": 41467.38618797774, "2009": 40503.204630682143, "2010": 43042.394637021047, "2011": 44443.716384472558, "2012": 44755.162427301839, "2013": 46869.193288774943, "2014": 47879.595555823318, "2015": 48910.332437190053, "2016": 51820.952130549093, "2017": 55271.597600265937, "2018": 57233.623168561782, "2019": 60594.96640019097, "2020": 62682.289947438912, "2021": 69715.180968092885, "2022": 77400.334800888348, "2023": 73737.447544710463, "2024": 79514.285438305815 }, "geometry": { "type": "MultiPolygon", "coordinates": [ [ [ [ 12.690006, 55.609991 ], [ 12.089991, 54.800015 ], [ 11.043543, 55.364864 ], [ 10.903914, 55.779955 ], [ 12.370904, 56.111407 ], [ 12.690006, 55.609991 ] ] ], [ [ [ 10.912182, 56.458621 ], [ 10.667804, 56.081383 ], [ 10.369993, 56.190007 ], [ 9.649985, 55.469999 ], [ 9.921906, 54.983104 ], [ 9.282049, 54.830865 ], [ 8.526229, 54.962744 ], [ 8.120311, 55.517723 ], [ 8.089977, 56.540012 ], [ 8.256582, 56.809969 ], [ 8.543438, 57.110003 ], [ 9.424469, 57.172066 ], [ 9.775559, 57.447941 ], [ 10.580006, 57.730017 ], [ 10.546106, 57.215733 ], [ 10.25, 56.890016 ], [ 10.369993, 56.609982 ], [ 10.912182, 56.458621 ] ] ] ] } },
{ "type": "Feature", "properties": { "name": "Dominican Republic", "iso3": "DOM", "name_with_flag": "🇩🇴 Dominican Republic", "1990": 3640.9376737912612, "1991": 3722.2131075591251, "1992": 4150.9097175395182, "1993": 4473.9656632484284, "1994": 4598.926094395968, "1995": 4870.8616543079406, "1996": 5160.987848784378, "1997": 5618.4630768024053, "1998": 5963.1849918084527, "1999": 6304.7332043785636, "2000": 6639.0113186482158, "2001": 6847.5736612712217, "2002": 7157.6682548455819, "2003": 7097.5570782061641, "2004": 7374.8123177805955, "2005": 8215.0324457666084, "2006": 9130.069061455988, "2007": 9951.1319159145824, "2008": 10345.808098275889, "2009": 10381.62481268014, "2010": 11245.68118922014, "2011": 11694.664185230329, "2012": 11776.62281035571, "2013": 12413.910018356029, "2014": 13464.79256090739, "2015": 14804.097406965941, "2016": 16282.18991275141, "2017": 16846.207232032331, "2018": 17994.83827427357, "2019": 19766.762858698101, "2020": 18998.306966731499, "2021": 22053.458986995531, "2022": 24625.808856403739, "2023": 25839.9356687607, "2024": 27541.183570598951 }, "geometry": { "type": "Polygon", "coordinates": [ [ [ -71.712361, 19.714456 ], [ -71.587304, 19.884911 ], [ -70.806706, 19.880286 ], [ -70.214365, 19.622885 ], [ -69.950815, 19.648 ], [ -69.76925, 19.293267 ], [ -69.222126, 19.313214 ], [ -69.254346, 19.015196 ], [ -68.809412, 18.979074 ], [ -68.317943, 18.612198 ], [ -68.689316, 18.205142 ], [ -69.164946, 18.422648 ], [ -69.623988, 18.380713 ], [ -69.952934, 18.428307 ], [ -70.133233, 18.245915 ], [ -70.517137, 18.184291 ], [ -70.669298, 18.426886 ], [ -70.99995, 18.283329 ], [ -71.40021, 17.598564 ], [ -71.657662, 17.757573 ], [ -71.708305, 18.044997 ], [ -71.687738, 18.31666 ], [ -71.945112, 18.6169 ], [ -71.701303, 18.785417 ], [ -71.624873, 19.169838 ], [ -71.712361, 19.714456 ] ] ] } },
{ "type": "Feature", "properties": { "name": "Algeria", "iso3": "DZA", "name_with_flag": "🇩🇿 Algeria", "1990": 7602.1872568726476, "1991": 7582.0719445094537, "1992": 7704.516443445681, "1993": 7537.9386823434888, "1994": 7462.6475876540526, "1995": 7746.7168389299077, "1996": 8052.7685670820201, "1997": 8128.7989138793928, "1998": 8502.8883594639592, "1999": 8776.4420948346342, "2000": 9186.8159034289856, "2001": 9543.520353849588, "2002": 10080.18250039801, "2003": 10802.750670312649, "2004": 11431.68567154256, "2005": 12246.26922436132, "2006": 12791.341260597301, "2007": 13320.96412090302, "2008": 13666.218196053431, "2009": 13651.447299504111, "2010": 14201.36599069689, "2011": 14639.877943626771, "2012": 14441.329339880571, "2013": 14370.820661674041, "2014": 14694.14382738305, "2015": 13807.351584147769, "2016": 13437.84602321692, "2017": 13493.56074948397, "2018": 13727.126635785889, "2019": 13892.53334462047, "2020": 12676.5130564294, "2021": 14496.86546972987, "2022": 15836.09443703213, "2023": 16824.487903462628, "2024": 17552.774247563109 }, "geometry": { "type": "Polygon", "coordinates": [ [ [ 11.999506, 23.471668 ], [ 8.572893, 21.565661 ], [ 5.677566, 19.601207 ], [ 4.267419, 19.155265 ], [ 3.158133, 19.057364 ], [ 3.146661, 19.693579 ], [ 2.683588, 19.85623 ], [ 2.060991, 20.142233 ], [ 1.823228, 20.610809 ], [ -1.550055, 22.792666 ], [ -4.923337, 24.974574 ], [ -8.6844, 27.395744 ], [ -8.665124, 27.589479 ], [ -8.66559, 27.656426 ], [ -8.674116, 28.841289 ], [ -7.059228, 29.579228 ], [ -6.060632, 29.7317 ], [ -5.242129, 30.000443 ], [ -4.859646, 30.501188 ], [ -3.690441, 30.896952 ], [ -3.647498, 31.637294 ], [ -3.06898, 31.724498 ], [ -2.616605, 32.094346 ], [ -1.307899, 32.262889 ], [ -1.124551, 32.651522 ], [ -1.388049, 32.864015 ], [ -1.733455, 33.919713 ], [ -1.792986, 34.527919 ], [ -2.169914, 35.168396 ], [ -1.208603, 35.714849 ], [ -0.127454, 35.888662 ], [ 0.503877, 36.301273 ], [ 1.466919, 36.605647 ], [ 3.161699, 36.783905 ], [ 4.815758, 36.865037 ], [ 5.32012, 36.716519 ], [ 6.26182, 37.110655 ], [ 7.330385, 37.118381 ], [ 7.737078, 36.885708 ], [ 8.420964, 36.946427 ], [ 8.217824, 36.433177 ], [ 8.376368, 35.479876 ], [ 8.140981, 34.655146 ], [ 7.524482, 34.097376 ], [ 7.612642, 33.344115 ], [ 8.430473, 32.748337 ], [ 8.439103, 32.506285 ], [ 9.055603, 32.102692 ], [ 9.48214, 30.307556 ], [ 9.805634, 29.424638 ], [ 9.859998, 28.95999 ], [ 9.683885, 28.144174 ], [ 9.756128, 27.688259 ], [ 9.629056, 27.140953 ], [ 9.716286, 26.512206 ], [ 9.319411, 26.094325 ], [ 9.910693, 25.365455 ], [ 9.948261, 24.936954 ], [ 10.303847, 24.379313 ], [ 10.771364, 24.562532 ], [ 11.560669, 24.097909 ], [ 11.999506, 23.471668 ] ] ] } },
{ "type": "Feature", "properties": { "name": "Ecuador", "iso3": "ECU", "name_with_flag": "🇪🇨 Ecuador", "1990": 4631.553258362399, "1991": 4886.9478083980921, "1992": 4997.6436327671991, "1993": 5112.2187705735669, "1994": 5339.3972619463393, "1995": 5469.1484353731248, "1996": 5559.9781529547818, "1997": 5792.6496913877736, "1998": 5940.4419753536358, "1999": 5637.9169326362917, "2000": 5728.2524985713326, "2001": 5998.8750864861149, "2002": 6281.5221515110816, "2003": 6475.0659734373603, "2004": 6980.0912635636232, "2005": 7457.4655360656416, "2006": 7884.516935944961, "2007": 8112.4482447366127, "2008": 8662.607362820745, "2009": 8662.1067269097875, "2010": 8968.940408389426, "2011": 9768.6920108040431, "2012": 10244.51778161839, "2013": 11295.61278044189, "2014": 11835.609127653781, "2015": 10877.75074613881, "2016": 10881.489070673229, "2017": 11793.479742694401, "2018": 12186.88460843877, "2019": 12543.01482439246, "2020": 11526.80130092776, "2021": 13507.444563837449, "2022": 15198.07255544725, "2023": 15918.51629487729, "2024": 15840.26685674118 }, "geometry": { "type": "Polygon", "coordinates": [ [ [ -80.302561, -3.404856 ], [ -79.770293, -2.657512 ], [ -79.986559, -2.220794 ], [ -80.368784, -2.685159 ], [ -80.967765, -2.246943 ], [ -80.764806, -1.965048 ], [ -80.933659, -1.057455 ], [ -80.58337, -0.906663 ], [ -80.399325, -0.283703 ], [ -80.020898, 0.36034 ], [ -80.09061, 0.768429 ], [ -79.542762, 0.982938 ], [ -78.855259, 1.380924 ], [ -77.855061, 0.809925 ], [ -77.668613, 0.825893 ], [ -77.424984, 0.395687 ], [ -76.57638, 0.256936 ], [ -76.292314, 0.416047 ], [ -75.801466, 0.084801 ], [ -75.373223, -0.152032 ], [ -75.233723, -0.911417 ], [ -75.544996, -1.56161 ], [ -76.635394, -2.608678 ], [ -77.837905, -3.003021 ], [ -78.450684, -3.873097 ], [ -78.639897, -4.547784 ], [ -79.205289, -4.959129 ], [ -79.624979, -4.454198 ], [ -80.028908, -4.346091 ], [ -80.442242, -4.425724 ], [ -80.469295, -4.059287 ], [ -80.184015, -3.821162 ], [ -80.302561, -3.404856 ] ] ] } },
{ "type": "Feature", "properties": { "name": "Egypt", "iso3": "EGY", "name_with_flag": "🇪🇬 Egypt", "1990": 3566.0345654049829, "1991": 3626.741206653458, "1992": 3783.8025708177588, "1993": 3894.9409774791852, "1994": 4048.0222095285412, "1995": 4234.7134685244937, "1996": 4434.4649105975323, "1997": 4661.0798186550637, "1998": 4868.7204658548208, "1999": 5121.0025692886238, "2000": 5451.5156699211839, "2001": 5650.0519623760702, "2002": 5752.6970807046791, "2003": 5928.0794534471497, "2004": 6207.124921609432, "2005": 6554.1288509517917, "2006": 7079.0280845691868, "2007": 7640.5722859720436, "2008": 8190.7091316100023, "2009": 8465.0205241266176, "2010": 8837.7645003370271, "2011": 8988.107818806533, "2012": 10342.431711275391, "2013": 10511.393167849459, "2014": 10256.43675536159, "2015": 10903.33682311848, "2016": 10665.667649968471, "2017": 11124.735109814919, "2018": 12329.24467814359, "2019": 13363.73269632299, "2020": 15231.86541776404, "2021": 15579.016086155119, "2022": 17526.80170301655, "2023": 18524.83929979369, "2024": 19094.144944411131 }, "geometry": { "type": "Polygon", "coordinates": [ [ [ 34.9226, 29.50133 ], [ 34.64174, 29.09942 ], [ 34.42655, 28.34399 ], [ 34.15451, 27.8233 ], [ 33.92136, 27.6487 ], [ 33.58811, 27.97136 ], [ 33.13676, 28.41765 ], [ 32.42323, 29.85108 ], [ 32.32046, 29.76043 ], [ 32.73482, 28.70523 ], [ 33.34876, 27.69989 ], [ 34.10455, 26.14227 ], [ 34.47387, 25.59856 ], [ 34.79507, 25.03375 ], [ 35.69241, 23.92671 ], [ 35.49372, 23.75237 ], [ 35.52598, 23.10244 ], [ 36.69069, 22.20485 ], [ 36.86623, 22.0 ], [ 32.9, 22.0 ], [ 29.02, 22.0 ], [ 25.0, 22.0 ], [ 25.0, 25.6825 ], [ 25.0, 29.238655 ], [ 24.70007, 30.04419 ], [ 24.95762, 30.6616 ], [ 24.80287, 31.08929 ], [ 25.16482, 31.56915 ], [ 26.49533, 31.58568 ], [ 27.45762, 31.32126 ], [ 28.45048, 31.02577 ], [ 28.91353, 30.87005 ], [ 29.68342, 31.18686 ], [ 30.09503, 31.4734 ], [ 30.97693, 31.55586 ], [ 31.68796, 31.4296 ], [ 31.96041, 30.9336 ], [ 32.19247, 31.26034 ], [ 32.99392, 31.02407 ], [ 33.7734, 30.96746 ], [ 34.26544, 31.21936 ], [ 34.9226, 29.50133 ] ] ] } },
{ "type": "Feature", "properties": { "name": "Eritrea", "iso3": "ERI", "name_with_flag": "🇪🇷 Eritrea", "1990": null, "1991": null, "1992": 1020.568838760906, "1993": 1148.762008752502, "1994": 1379.2454709098949, "1995": 1368.7787628565311, "1996": 1449.0548327657459, "1997": 1573.1254547189881, "1998": 1598.0021947014211, "1999": 1597.1299224019531, "2000": 1557.875802315813, "2001": 1683.6844186610881, "2002": 1701.6952368487759, "2003": 1620.8509304003851, "2004": 1620.764029124816, "2005": 1674.0700545397799, "2006": 1682.2389419934741, "2007": 1727.093441725809, "2008": 1546.9274753576769, "2009": 1576.742845990774, "2010": 1599.191061064565, "2011": 1742.3236301823499, "2012": null, "2013": null, "2014": null, "2015": null, "2016": null, "2017": null, "2018": null, "2019": null, "2020": null, "2021": null, "2022": null, "2023": null, "2024": null }, "geometry": { "type": "Polygon", "coordinates": [ [ [ 42.35156, 12.54223 ], [ 42.00975, 12.86582 ], [ 41.59856, 13.45209 ], [ 41.155194, 13.77332 ], [ 40.8966, 14.11864 ], [ 40.026219, 14.519579 ], [ 39.34061, 14.53155 ], [ 39.0994, 14.74064 ], [ 38.51295, 14.50547 ], [ 37.90607, 14.95943 ], [ 37.59377, 14.2131 ], [ 36.42951, 14.42211 ], [ 36.323189, 14.822481 ], [ 36.75386, 16.291874 ], [ 36.85253, 16.95655 ], [ 37.16747, 17.26314 ], [ 37.904, 17.42754 ], [ 38.41009, 17.998307 ], [ 38.990623, 16.840626 ], [ 39.26611, 15.922723 ], [ 39.814294, 15.435647 ], [ 41.179275, 14.49108 ], [ 41.734952, 13.921037 ], [ 42.276831, 13.343992 ], [ 42.589576, 13.000421 ], [ 43.081226, 12.699639 ], [ 42.779642, 12.455416 ], [ 42.35156, 12.54223 ] ] ] } },
{ "type": "Feature", "properties": { "name": "Spain", "iso3": "ESP", "name_with_flag": "🇪🇸 Spain", "1990": 13666.53798834165, "1991": 14451.59178003442, "1992": 14845.395920457089, "1993": 14962.72312397048, "1994": 15572.127585219119, "1995": 16265.116191102001, "1996": 16964.93522786098, "1997": 17899.193925167521, "1998": 19081.576544188119, "1999": 19938.178677317319, "2000": 21577.597313679951, "2001": 22954.82049112524, "2002": 24377.841707639382, "2003": 25060.51537657412, "2004": 26163.304624545191, "2005": 27629.707702496551, "2006": 30755.29878886458, "2007": 32537.343540273549, "2008": 33349.942580612951, "2009": 32201.477352781421, "2010": 31808.217987953871, "2011": 32015.575200040119, "2012": 31869.783982221928, "2013": 32613.689181147391, "2014": 33760.955564636883, "2015": 35238.069137642371, "2016": 37612.71886813415, "2017": 39825.249811629154, "2018": 41015.156575518748, "2019": 44042.757577335979, "2020": 39327.847926959861, "2021": 44251.665822262141, "2022": 50468.096692482883, "2023": 53229.922021795021, "2024": 56926.2399029671 }, "geometry": { "type": "Polygon", "coordinates": [ [ [ -9.034818, 41.880571 ], [ -8.984433, 42.592775 ], [ -9.392884, 43.026625 ], [ -7.97819, 43.748338 ], [ -6.754492, 43.567909 ], [ -5.411886, 43.57424 ], [ -4.347843, 43.403449 ], [ -3.517532, 43.455901 ], [ -1.901351, 43.422802 ], [ -1.502771, 43.034014 ], [ 0.338047, 42.579546 ], [ 0.701591, 42.795734 ], [ 1.826793, 42.343385 ], [ 2.985999, 42.473015 ], [ 3.039484, 41.89212 ], [ 2.091842, 41.226089 ], [ 0.810525, 41.014732 ], [ 0.721331, 40.678318 ], [ 0.106692, 40.123934 ], [ -0.278711, 39.309978 ], [ 0.111291, 38.738514 ], [ -0.467124, 38.292366 ], [ -0.683389, 37.642354 ], [ -1.438382, 37.443064 ], [ -2.146453, 36.674144 ], [ -3.415781, 36.6589 ], [ -4.368901, 36.677839 ], [ -4.995219, 36.324708 ], [ -5.37716, 35.94685 ], [ -5.866432, 36.029817 ], [ -6.236694, 36.367677 ], [ -6.520191, 36.942913 ], [ -7.453726, 37.097788 ], [ -7.537105, 37.428904 ], [ -7.166508, 37.803894 ], [ -7.029281, 38.075764 ], [ -7.374092, 38.373059 ], [ -7.098037, 39.030073 ], [ -7.498632, 39.629571 ], [ -7.066592, 39.711892 ], [ -7.026413, 40.184524 ], [ -6.86402, 40.330872 ], [ -6.851127, 41.111083 ], [ -6.389088, 41.381815 ], [ -6.668606, 41.883387 ], [ -7.251309, 41.918346 ], [ -7.422513, 41.792075 ], [ -8.013175, 41.790886 ], [ -8.263857, 42.280469 ], [ -8.671946, 42.134689 ], [ -9.034818, 41.880571 ] ] ] } },
{ "type": "Feature", "properties": { "name": "Estonia", "iso3": "EST", "name_with_flag": "🇪🇪 Estonia", "1990": 7475.9311720055557, "1991": 7146.2605557484649, "1992": 5867.9438722738714, "1993": 5809.8553588751374, "1994": 5962.6147059763216, "1995": 6475.4013618500612, "1996": 6889.2988088662078, "1997": 7977.916551167018, "1998": 8450.5193752368486, "1999": 8412.0667764734335, "2000": 9422.4970649191382, "2001": 10309.99788074259, "2002": 11666.664963848931, "2003": 13136.718508319331, "2004": 14539.97108411167, "2005": 16638.077974939719, "2006": 19348.38685897817, "2007": 22201.354384926512, "2008": 22803.519474227291, "2009": 20478.252475283269, "2010": 21616.712241846071, "2011": 24652.361029791799, "2012": 26242.528265901419, "2013": 27831.152623421331, "2014": 29403.658449481489, "2015": 29720.591116167641, "2016": 31947.77691074372, "2017": 34506.648694250638, "2018": 37120.987976167737, "2019": 40586.37843788875, "2020": 40672.134040213161, "2021": 44251.537498345511, "2022": 47802.007308612498, "2023": 46790.270017026567, "2024": 49333.80677582958 }, "geometry": { "type": "Polygon", "coordinates": [ [ [ 24.312863, 57.793424 ], [ 24.428928, 58.383413 ], [ 24.061198, 58.257375 ], [ 23.42656, 58.612753 ], [ 23.339795, 59.18724 ], [ 24.604214, 59.465854 ], [ 25.864189, 59.61109 ], [ 26.949136, 59.445803 ], [ 27.981114, 59.475388 ], [ 28.131699, 59.300825 ], [ 27.420166, 58.724581 ], [ 27.716686, 57.791899 ], [ 27.288185, 57.474528 ], [ 26.463532, 57.476389 ], [ 25.60281, 57.847529 ], [ 25.164594, 57.970157 ], [ 24.312863, 57.793424 ] ] ] } },
{ "type": "Feature", "properties": { "name": "Ethiopia", "iso3": "ETH", "name_with_flag": "🇪🇹 Ethiopia", "1990": 417.02657846114221, "1991": 383.38722763167698, "1992": 343.36154861570009, "1993": 383.96068023486532, "1994": 390.82394650923629, "1995": 409.29433324451247, "1996": 453.3683956134953, "1997": 460.63639155294112, "1998": 435.80150569842482, "1999": 450.48602010642122, "2000": 473.9033135084469, "2001": 509.119301847982, "2002": 509.1263140940174, "2003": 492.84075544840857, "2004": 557.82563482255557, "2005": 624.51069241698042, "2006": 692.86690763422973, "2007": 770.2611551741694, "2008": 844.9883799636325, "2009": 899.14090172795215, "2010": 995.65397860145958, "2011": 1098.115157287868, "2012": 1178.9747455302629, "2013": 1252.868964080043, "2014": 1484.631455666075, "2015": 1632.6181800683671, "2016": 1857.549465152244, "2017": 2004.747556331291, "2018": 2095.3175782979019, "2019": 2242.4448831046438, "2020": 2406.789384786689, "2021": 2588.4131021588369, "2022": 2844.9227453575309, "2023": 3060.9050300375989, "2024": 3278.4896725793701 }, "geometry": { "type": "Polygon", "coordinates": [ [ [ 37.90607, 14.95943 ], [ 38.51295, 14.50547 ], [ 39.0994, 14.74064 ], [ 39.34061, 14.53155 ], [ 40.02625, 14.51959 ], [ 40.8966, 14.11864 ], [ 41.1552, 13.77333 ], [ 41.59856, 13.45209 ], [ 42.00975, 12.86582 ], [ 42.35156, 12.54223 ], [ 42.0, 12.1 ], [ 41.66176, 11.6312 ], [ 41.73959, 11.35511 ], [ 41.75557, 11.05091 ], [ 42.31414, 11.0342 ], [ 42.55493, 11.10511 ], [ 42.776852, 10.926879 ], [ 42.55876, 10.57258 ], [ 42.92812, 10.02194 ], [ 43.29699, 9.54048 ], [ 43.67875, 9.18358 ], [ 46.94834, 7.99688 ], [ 47.78942, 8.003 ], [ 44.9636, 5.00162 ], [ 43.66087, 4.95755 ], [ 42.76967, 4.25259 ], [ 42.12861, 4.23413 ], [ 41.855083, 3.918912 ], [ 41.1718, 3.91909 ], [ 40.76848, 4.25702 ], [ 39.85494, 3.83879 ], [ 39.559384, 3.42206 ], [ 38.89251, 3.50074 ], [ 38.67114, 3.61607 ], [ 38.43697, 3.58851 ], [ 38.120915, 3.598605 ], [ 36.855093, 4.447864 ], [ 36.159079, 4.447864 ], [ 35.817448, 4.776966 ], [ 35.817448, 5.338232 ], [ 35.298007, 5.506 ], [ 34.70702, 6.59422 ], [ 34.25032, 6.82607 ], [ 34.0751, 7.22595 ], [ 33.56829, 7.71334 ], [ 32.95418, 7.78497 ], [ 33.2948, 8.35458 ], [ 33.8255, 8.37916 ], [ 33.97498, 8.68456 ], [ 33.96162, 9.58358 ], [ 34.25745, 10.63009 ], [ 34.73115, 10.91017 ], [ 34.83163, 11.31896 ], [ 35.26049, 12.08286 ], [ 35.86363, 12.57828 ], [ 36.27022, 13.56333 ], [ 36.42951, 14.42211 ], [ 37.59377, 14.2131 ], [ 37.90607, 14.95943 ] ] ] } },
{ "type": "Feature", "properties": { "name": "Finland", "iso3": "FIN", "name_with_flag": "🇫🇮 Finland", "1990": 18134.766802800619, "1991": 17550.234699065091, "1992": 17259.560704245669, "1993": 17446.177748120561, "1994": 18445.38466722516, "1995": 19554.87907760073, "1996": 20059.988807221442, "1997": 21782.021306893559, "1998": 23568.364479555232, "1999": 24761.816556563801, "2000": 26777.114342158729, "2001": 27801.024828140151, "2002": 28596.26063454571, "2003": 29046.40923049768, "2004": 31199.291450344768, "2005": 32047.706931556429, "2006": 34447.714302644323, "2007": 37844.29315864206, "2008": 40081.221248206581, "2009": 37968.661743231984, "2010": 38950.552587419137, "2011": 40845.956672984918, "2012": 40739.113180942048, "2013": 41325.805207232057, "2014": 41547.098448539327, "2015": 42269.221221819636, "2016": 44562.401107206708, "2017": 47234.852860093873, "2018": 49248.677539586628, "2019": 52276.111572399219, "2020": 53296.579279885169, "2021": 56790.376617769172, "2022": 61347.157848319192, "2023": 61612.942392558158, "2024": 64091.225182954833 }, "geometry": { "type": "Polygon", "coordinates": [ [ [ 28.59193, 69.064777 ], [ 28.445944, 68.364613 ], [ 29.977426, 67.698297 ], [ 29.054589, 66.944286 ], [ 30.21765, 65.80598 ], [ 29.54443, 64.948672 ], [ 30.444685, 64.204453 ], [ 30.035872, 63.552814 ], [ 31.516092, 62.867687 ], [ 31.139991, 62.357693 ], [ 30.211107, 61.780028 ], [ 28.069998, 60.503517 ], [ 26.255173, 60.423961 ], [ 24.496624, 60.057316 ], [ 22.869695, 59.846373 ], [ 22.290764, 60.391921 ], [ 21.322244, 60.72017 ], [ 21.544866, 61.705329 ], [ 21.059211, 62.607393 ], [ 21.536029, 63.189735 ], [ 22.442744, 63.81781 ], [ 24.730512, 64.902344 ], [ 25.398068, 65.111427 ], [ 25.294043, 65.534346 ], [ 23.903379, 66.006927 ], [ 23.56588, 66.396051 ], [ 23.539473, 67.936009 ], [ 21.978535, 68.616846 ], [ 20.645593, 69.106247 ], [ 21.244936, 69.370443 ], [ 22.356238, 68.841741 ], [ 23.66205, 68.891247 ], [ 24.735679, 68.649557 ], [ 25.689213, 69.092114 ], [ 26.179622, 69.825299 ], [ 27.732292, 70.164193 ], [ 29.015573, 69.766491 ], [ 28.59193, 69.064777 ] ] ] } },
{ "type": "Feature", "properties": { "name": "Fiji", "iso3": "FJI", "name_with_flag": "🇫🇯 Fiji", "1990": 3953.8234842546808, "1991": 3944.8292320540422, "1992": 4249.8288810831446, "1993": 4414.9941540743193, "1994": 4712.9862224876297, "1995": 4907.5530280110161, "1996": 5204.4150938629446, "1997": 5124.4565971596867, "1998": 5184.8140832800927, "1999": 5655.0866803143108, "2000": 5623.4802839902804, "2001": 5805.1358199995129, "2002": 6024.0623666955253, "2003": 6145.4320279357471, "2004": 6583.7467783268594, "2005": 6775.6143028212846, "2006": 7050.143537559954, "2007": 7119.842800538233, "2008": 7286.7899194566016, "2009": 7199.5105075828878, "2010": 7476.1075271504451, "2011": 7814.6997030193052, "2012": 8357.1988408810375, "2013": 9006.7560006102212, "2014": 10712.028932795791, "2015": 11733.742920504919, "2016": 11984.56360030625, "2017": 12819.56349290411, "2018": 13225.919458203871, "2019": 13219.69751334218, "2020": 11235.27603965253, "2021": 10685.19702763118, "2022": 13672.235696750349, "2023": 15152.13777701736, "2024": 16032.25740861902 }, "geometry": { "type": "MultiPolygon", "coordinates": [ [ [ [ 178.3736, -17.33992 ], [ 178.71806, -17.62846 ], [ 178.55271, -18.15059 ], [ 177.93266, -18.28799 ], [ 177.38146, -18.16432 ], [ 177.28504, -17.72465 ], [ 177.67087, -17.38114 ], [ 178.12557, -17.50481 ], [ 178.3736, -17.33992 ] ] ], [ [ [ 179.364143, -16.801354 ], [ 178.725059, -17.012042 ], [ 178.596839, -16.63915 ], [ 179.096609, -16.433984 ], [ 179.413509, -16.379054 ], [ 180.0, -16.067133 ], [ 180.0, -16.555217 ], [ 179.364143, -16.801354 ] ] ], [ [ [ -179.917369, -16.501783 ], [ -180.0, -16.555217 ], [ -180.0, -16.067133 ], [ -179.79332, -16.020882 ], [ -179.917369, -16.501783 ] ] ] ] } },
{ "type": "Feature", "properties": { "name": "Falkland Islands", "iso3": "FLK", "name_with_flag": "🇫🇰 Falkland Islands", "1990": null, "1991": null, "1992": null, "1993": null, "1994": null, "1995": null, "1996": null, "1997": null, "1998": null, "1999": null, "2000": null, "2001": null, "2002": null, "2003": null, "2004": null, "2005": null, "2006": null, "2007": null, "2008": null, "2009": null, "2010": null, "2011": null, "2012": null, "2013": null, "2014": null, "2015": null, "2016": null, "2017": null, "2018": null, "2019": null, "2020": null, "2021": null, "2022": null, "2023": null, "2024": null }, "geometry": { "type": "Polygon", "coordinates": [ [ [ -61.2, -51.85 ], [ -60.0, -51.25 ], [ -59.15, -51.5 ], [ -58.55, -51.1 ], [ -57.75, -51.55 ], [ -58.05, -51.9 ], [ -59.4, -52.2 ], [ -59.85, -51.85 ], [ -60.7, -52.3 ], [ -61.2, -51.85 ] ] ] } },
{ "type": "Feature", "properties": { "name": "France", "iso3": "FRA", "name_with_flag": "🇫🇷 France", "1990": 17471.686411242281, "1991": 18178.012201966088, "1992": 18790.197160402189, "1993": 19070.99458828722, "1994": 19873.510854309599, "1995": 20687.726108257972, "1996": 21260.558212609179, "1997": 22184.970415465639, "1998": 23261.189508317329, "1999": 24203.875592006229, "2000": 26001.87969834157, "2001": 27349.74458590024, "2002": 28350.09856054276, "2003": 28027.676211934289, "2004": 28925.126868366398, "2005": 30431.2367240202, "2006": 32430.444314470678, "2007": 34067.466147563857, "2008": 35053.262706911577, "2009": 34666.959887829369, "2010": 35911.543858140889, "2011": 37510.375989871383, "2012": 37671.02392685652, "2013": 39583.352043504543, "2014": 40218.125863777597, "2015": 40916.105357180037, "2016": 42880.23513554308, "2017": 44469.14588568046, "2018": 46381.059062945707, "2019": 51130.472314057763, "2020": 49481.804430965451, "2021": 52517.335490585523, "2022": 56181.005813740303, "2023": 58317.828030697987, "2024": 61321.691319445963 }, "geometry": { "type": "MultiPolygon", "coordinates": [ [ [ [ 9.560016, 42.152492 ], [ 9.229752, 41.380007 ], [ 8.775723, 41.583612 ], [ 8.544213, 42.256517 ], [ 8.746009, 42.628122 ], [ 9.390001, 43.009985 ], [ 9.560016, 42.152492 ] ] ], [ [ [ 3.588184, 50.378992 ], [ 4.286023, 49.907497 ], [ 4.799222, 49.985373 ], [ 5.674052, 49.529484 ], [ 5.897759, 49.442667 ], [ 6.18632, 49.463803 ], [ 6.65823, 49.201958 ], [ 8.099279, 49.017784 ], [ 7.593676, 48.333019 ], [ 7.466759, 47.620582 ], [ 7.192202, 47.449766 ], [ 6.736571, 47.541801 ], [ 6.768714, 47.287708 ], [ 6.037389, 46.725779 ], [ 6.022609, 46.27299 ], [ 6.5001, 46.429673 ], [ 6.843593, 45.991147 ], [ 6.802355, 45.70858 ], [ 7.096652, 45.333099 ], [ 6.749955, 45.028518 ], [ 7.007562, 44.254767 ], [ 7.549596, 44.127901 ], [ 7.435185, 43.693845 ], [ 6.529245, 43.128892 ], [ 4.556963, 43.399651 ], [ 3.100411, 43.075201 ], [ 2.985999, 42.473015 ], [ 1.826793, 42.343385 ], [ 0.701591, 42.795734 ], [ 0.338047, 42.579546 ], [ -1.502771, 43.034014 ], [ -1.901351, 43.422802 ], [ -1.384225, 44.02261 ], [ -1.193798, 46.014918 ], [ -2.225724, 47.064363 ], [ -2.963276, 47.570327 ], [ -4.491555, 47.954954 ], [ -4.59235, 48.68416 ], [ -3.295814, 48.901692 ], [ -1.616511, 48.644421 ], [ -1.933494, 49.776342 ], [ -0.989469, 49.347376 ], [ 1.338761, 50.127173 ], [ 1.639001, 50.946606 ], [ 2.513573, 51.148506 ], [ 2.658422, 50.796848 ], [ 3.123252, 50.780363 ], [ 3.588184, 50.378992 ] ] ] ] } },
{ "type": "Feature", "properties": { "name": "Gabon", "iso3": "GAB", "name_with_flag": "🇬🇦 Gabon", "1990": 11952.02436208274, "1991": 12760.1824013242, "1992": 12311.963812722919, "1993": 12756.91477831794, "1994": 13163.53042660322, "1995": 13750.10723249468, "1996": 14146.6570728963, "1997": 14837.42713226002, "1998": 15137.80414801696, "1999": 13628.862746598399, "2000": 13326.116952131761, "2001": 13555.62853952244, "2002": 13369.123337446839, "2003": 13564.180414140479, "2004": 13637.666797119549, "2005": 14028.356207938959, "2006": 13637.259018899749, "2007": 14391.246586813169, "2008": 13733.70128621223, "2009": 13383.56622731845, "2010": 14014.690549112231, "2011": 14784.348355188329, "2012": 14619.7181445113, "2013": 14497.992121690229, "2014": 14853.67124603555, "2015": 14306.43407682518, "2016": 13997.735284191071, "2017": 14796.62863741706, "2018": 15432.043053535281, "2019": 15949.63737396224, "2020": 14477.13082918185, "2021": 18523.579803213499, "2022": 19992.557064330889, "2023": 20757.072376861281, "2024": 21509.52278835528 }, "geometry": { "type": "Polygon", "coordinates": [ [ [ 11.093773, -3.978827 ], [ 10.066135, -2.969483 ], [ 9.405245, -2.144313 ], [ 8.797996, -1.111301 ], [ 8.830087, -0.779074 ], [ 9.04842, -0.459351 ], [ 9.291351, 0.268666 ], [ 9.492889, 1.01012 ], [ 9.830284, 1.067894 ], [ 11.285079, 1.057662 ], [ 11.276449, 2.261051 ], [ 11.751665, 2.326758 ], [ 12.35938, 2.192812 ], [ 12.951334, 2.321616 ], [ 13.075822, 2.267097 ], [ 13.003114, 1.830896 ], [ 13.282631, 1.314184 ], [ 14.026669, 1.395677 ], [ 14.276266, 1.19693 ], [ 13.843321, 0.038758 ], [ 14.316418, -0.552627 ], [ 14.425456, -1.333407 ], [ 14.29921, -1.998276 ], [ 13.992407, -2.470805 ], [ 13.109619, -2.42874 ], [ 12.575284, -1.948511 ], [ 12.495703, -2.391688 ], [ 11.820964, -2.514161 ], [ 11.478039, -2.765619 ], [ 11.855122, -3.426871 ], [ 11.093773, -3.978827 ] ] ] } },
{ "type": "Feature", "properties": { "name": "United Kingdom", "iso3": "GBR", "name_with_flag": "🇬🇧 United Kingdom", "1990": 17054.444821825989, "1991": 17382.849958694482, "1992": 17802.108014214449, "1993": 18633.082772268401, "1994": 19712.677408473301, "1995": 20581.042006181011, "1996": 21938.445022076739, "1997": 23065.19051941187, "1998": 23687.691752290681, "1999": 24493.501365736531, "2000": 26529.85217343508, "2001": 27915.5304404741, "2002": 29089.05367704072, "2003": 30317.524313622911, "2004": 32055.47176423464, "2005": 32726.13318837724, "2006": 34734.816024641477, "2007": 35523.311587650147, "2008": 36744.791358403498, "2009": 35023.332310601523, "2010": 36487.671853187472, "2011": 37224.378764525609, "2012": 38336.596184441922, "2013": 39947.536956256226, "2014": 41266.819779530953, "2015": 42526.700358633541, "2016": 44085.202558677163, "2017": 46113.021167732411, "2018": 47212.204519052182, "2019": 50064.960558218721, "2020": 48230.047702746117, "2021": 51004.427171423813, "2022": 58544.469542553641, "2023": 57915.494003653548, "2024": 60620.380774758312 }, "geometry": { "type": "MultiPolygon", "coordinates": [ [ [ [ -5.661949, 54.554603 ], [ -6.197885, 53.867565 ], [ -6.95373, 54.073702 ], [ -7.572168, 54.059956 ], [ -7.366031, 54.595841 ], [ -7.572168, 55.131622 ], [ -6.733847, 55.17286 ], [ -5.661949, 54.554603 ] ] ], [ [ [ -3.005005, 58.635 ], [ -4.073828, 57.553025 ], [ -3.055002, 57.690019 ], [ -1.959281, 57.6848 ], [ -2.219988, 56.870017 ], [ -3.119003, 55.973793 ], [ -2.085009, 55.909998 ], [ -2.005676, 55.804903 ], [ -1.114991, 54.624986 ], [ -0.430485, 54.464376 ], [ 0.184981, 53.325014 ], [ 0.469977, 52.929999 ], [ 1.681531, 52.73952 ], [ 1.559988, 52.099998 ], [ 1.050562, 51.806761 ], [ 1.449865, 51.289428 ], [ 0.550334, 50.765739 ], [ -0.787517, 50.774989 ], [ -2.489998, 50.500019 ], [ -2.956274, 50.69688 ], [ -3.617448, 50.228356 ], [ -4.542508, 50.341837 ], [ -5.245023, 49.96 ], [ -5.776567, 50.159678 ], [ -4.30999, 51.210001 ], [ -3.414851, 51.426009 ], [ -3.422719, 51.426848 ], [ -4.984367, 51.593466 ], [ -5.267296, 51.9914 ], [ -4.222347, 52.301356 ], [ -4.770013, 52.840005 ], [ -4.579999, 53.495004 ], [ -3.093831, 53.404547 ], [ -3.09208, 53.404441 ], [ -2.945009, 53.985 ], [ -3.614701, 54.600937 ], [ -3.630005, 54.615013 ], [ -4.844169, 54.790971 ], [ -5.082527, 55.061601 ], [ -4.719112, 55.508473 ], [ -5.047981, 55.783986 ], [ -5.586398, 55.311146 ], [ -5.644999, 56.275015 ], [ -6.149981, 56.78501 ], [ -5.786825, 57.818848 ], [ -5.009999, 58.630013 ], [ -4.211495, 58.550845 ], [ -3.005005, 58.635 ] ] ] ] } },
{ "type": "Feature", "properties": { "name": "Georgia", "iso3": "GEO", "name_with_flag": "🇬🇪 Georgia", "1990": 5835.5809133347711, "1991": 4726.6223101180394, "1992": 2643.1783620022052, "1993": 1898.3711962232401, "1994": 1764.24469895173, "1995": 1918.7698859865061, "1996": 2253.095233413268, "1997": 2615.646210725215, "1998": 2795.3944770636499, "1999": 2976.857973330621, "2000": 3161.19582490118, "2001": 3440.728179319824, "2002": 3718.6869325554499, "2003": 4239.9384137279922, "2004": 4634.7775759447732, "2005": 5271.9509526165484, "2006": 5980.4439048822633, "2007": 6951.0858426608111, "2008": 7278.6631219399269, "2009": 7119.1427908197829, "2010": 7711.8068388948714, "2011": 8563.8355491564707, "2012": 10059.982060395419, "2013": 10797.342327347569, "2014": 11770.69893602531, "2015": 12269.652893276791, "2016": 13065.294157467981, "2017": 13718.937866976379, "2018": 15021.9057577433, "2019": 16770.1333771469, "2020": 16791.2598654465, "2021": 18915.653400526269, "2022": 22461.33264145465, "2023": 25071.96772641069, "2024": 28417.751866914561 }, "geometry": { "type": "Polygon", "coordinates": [ [ [ 41.554084, 41.535656 ], [ 41.703171, 41.962943 ], [ 41.45347, 42.645123 ], [ 40.875469, 43.013628 ], [ 40.321394, 43.128634 ], [ 39.955009, 43.434998 ], [ 40.076965, 43.553104 ], [ 40.922185, 43.382159 ], [ 42.394395, 43.220308 ], [ 43.756017, 42.740828 ], [ 43.9312, 42.554974 ], [ 44.537623, 42.711993 ], [ 45.470279, 42.502781 ], [ 45.77641, 42.092444 ], [ 46.404951, 41.860675 ], [ 46.145432, 41.722802 ], [ 46.637908, 41.181673 ], [ 46.501637, 41.064445 ], [ 45.962601, 41.123873 ], [ 45.217426, 41.411452 ], [ 44.97248, 41.248129 ], [ 43.582746, 41.092143 ], [ 42.619549, 41.583173 ], [ 41.554084, 41.535656 ] ] ] } },
{ "type": "Feature", "properties": { "name": "Ghana", "iso3": "GHA", "name_with_flag": "🇬🇭 Ghana", "1990": 1580.650488336159, "1991": 1677.605753460331, "1992": 1738.640190394284, "1993": 1820.6532961943369, "1994": 1875.261727055117, "1995": 1946.822172832985, "1996": 2025.832670732482, "1997": 2096.7650028092949, "1998": 2166.6466310105452, "1999": 2238.6652326880262, "2000": 2315.1780304748208, "2001": 2397.300670378228, "2002": 2475.096353579193, "2003": 2584.4772372915131, "2004": 2729.3445024491061, "2005": 2903.834290438811, "2006": 3103.2262582037379, "2007": 3241.2208110732408, "2008": 3515.5892352024289, "2009": 3617.239444350354, "2010": 3855.4689171675668, "2011": 4381.1253552369426, "2012": 4933.6525434909272, "2013": 5214.5693584879436, "2014": 5517.1317876356616, "2015": 5191.3705338965883, "2016": 5011.0793157290454, "2017": 5170.9609485743858, "2018": 5536.497954002185, "2019": 6002.5504467838546, "2020": 6047.3011167355417, "2021": 6607.5029737832083, "2022": 7208.1579898272312, "2023": 7556.4160545323439, "2024": 8027.1684234612176 }, "geometry": { "type": "Polygon", "coordinates": [ [ [ 1.060122, 5.928837 ], [ -0.507638, 5.343473 ], [ -1.063625, 5.000548 ], [ -1.964707, 4.710462 ], [ -2.856125, 4.994476 ], [ -2.810701, 5.389051 ], [ -3.24437, 6.250472 ], [ -2.983585, 7.379705 ], [ -2.56219, 8.219628 ], [ -2.827496, 9.642461 ], [ -2.963896, 10.395335 ], [ -2.940409, 10.96269 ], [ -1.203358, 11.009819 ], [ -0.761576, 10.93693 ], [ -0.438702, 11.098341 ], [ 0.023803, 11.018682 ], [ -0.049785, 10.706918 ], [ 0.36758, 10.191213 ], [ 0.365901, 9.465004 ], [ 0.461192, 8.677223 ], [ 0.712029, 8.312465 ], [ 0.490957, 7.411744 ], [ 0.570384, 6.914359 ], [ 0.836931, 6.279979 ], [ 1.060122, 5.928837 ] ] ] } },
{ "type": "Feature", "properties": { "name": "Guinea", "iso3": "GIN", "name_with_flag": "🇬🇳 Guinea", "1990": 870.74422264883333, "1991": 887.47095999652549, "1992": 907.93940642114524, "1993": 947.05823556776363, "1994": 975.98002294389039, "1995": 1013.632323728775, "1996": 1048.1582391527361, "1997": 1098.668685120118, "1998": 1130.0430385776961, "1999": 1163.360093126937, "2000": 1195.806114533453, "2001": 1250.970597202311, "2002": 1315.3666937168441, "2003": 1327.9677654105419, "2004": 1366.031602392354, "2005": 1422.3508819892149, "2006": 1452.960831641868, "2007": 1557.5858486886259, "2008": 1613.698845189364, "2009": 1566.700892477646, "2010": 1621.691611412424, "2011": 1705.2711043804859, "2012": 1789.974730335613, "2013": 1842.0022773740909, "2014": 1873.2141305895709, "2015": 1929.6809133218669, "2016": 2255.3261799261541, "2017": 2687.0950482717089, "2018": 2844.464276705487, "2019": 3105.827890154429, "2020": 3331.8566300380062, "2021": 3738.8051255133018, "2022": 4062.3613643792169, "2023": 4333.7461731262638, "2024": 4579.1018731154109 }, "geometry": { "type": "Polygon", "coordinates": [ [ [ -8.439298, 7.686043 ], [ -8.722124, 7.711674 ], [ -8.926065, 7.309037 ], [ -9.208786, 7.313921 ], [ -9.403348, 7.526905 ], [ -9.33728, 7.928534 ], [ -9.755342, 8.541055 ], [ -10.016567, 8.428504 ], [ -10.230094, 8.406206 ], [ -10.505477, 8.348896 ], [ -10.494315, 8.715541 ], [ -10.65477, 8.977178 ], [ -10.622395, 9.26791 ], [ -10.839152, 9.688246 ], [ -11.117481, 10.045873 ], [ -11.917277, 10.046984 ], [ -12.150338, 9.858572 ], [ -12.425929, 9.835834 ], [ -12.596719, 9.620188 ], [ -12.711958, 9.342712 ], [ -13.24655, 8.903049 ], [ -13.685154, 9.494744 ], [ -14.074045, 9.886167 ], [ -14.330076, 10.01572 ], [ -14.579699, 10.214467 ], [ -14.693232, 10.656301 ], [ -14.839554, 10.876572 ], [ -15.130311, 11.040412 ], [ -14.685687, 11.527824 ], [ -14.382192, 11.509272 ], [ -14.121406, 11.677117 ], [ -13.9008, 11.678719 ], [ -13.743161, 11.811269 ], [ -13.828272, 12.142644 ], [ -13.718744, 12.247186 ], [ -13.700476, 12.586183 ], [ -13.217818, 12.575874 ], [ -12.499051, 12.33209 ], [ -12.278599, 12.35444 ], [ -12.203565, 12.465648 ], [ -11.658301, 12.386583 ], [ -11.513943, 12.442988 ], [ -11.456169, 12.076834 ], [ -11.297574, 12.077971 ], [ -11.036556, 12.211245 ], [ -10.87083, 12.177887 ], [ -10.593224, 11.923975 ], [ -10.165214, 11.844084 ], [ -9.890993, 12.060479 ], [ -9.567912, 12.194243 ], [ -9.327616, 12.334286 ], [ -9.127474, 12.30806 ], [ -8.905265, 12.088358 ], [ -8.786099, 11.812561 ], [ -8.376305, 11.393646 ], [ -8.581305, 11.136246 ], [ -8.620321, 10.810891 ], [ -8.407311, 10.909257 ], [ -8.282357, 10.792597 ], [ -8.335377, 10.494812 ], [ -8.029944, 10.206535 ], [ -8.229337, 10.12902 ], [ -8.309616, 9.789532 ], [ -8.079114, 9.376224 ], [ -7.8321, 8.575704 ], [ -8.203499, 8.455453 ], [ -8.299049, 8.316444 ], [ -8.221792, 8.123329 ], [ -8.280703, 7.68718 ], [ -8.439298, 7.686043 ] ] ] } },
{ "type": "Feature", "properties": { "name": "Gambia", "iso3": "GMB", "name_with_flag": "🇬🇲 Gambia", "1990": 1409.3272189485949, "1991": 1440.439739030835, "1992": 1462.3868892748701, "1993": 1486.623321406895, "1994": 1472.5548566366031, "1995": 1472.197625079051, "1996": 1488.8005539719099, "1997": 1544.211967658217, "1998": 1571.504592377192, "1999": 1649.2795257878081, "2000": 1731.338476455501, "2001": 1822.9796510576959, "2002": 1743.694325119289, "2003": 1849.7833700541819, "2004": 1978.6326268998421, "2005": 1938.023627421936, "2006": 1930.818885376739, "2007": 1985.0402524249971, "2008": 2088.2716612903341, "2009": 2177.0534469560662, "2010": 2266.828982384417, "2011": 2064.253852883, "2012": 2064.814381216122, "2013": 2006.7408164678779, "2014": 1933.703297184461, "2015": 1990.3162575097249, "2016": 2012.6764818025119, "2017": 2038.9542985012849, "2018": 2277.442362241909, "2019": 2421.723180706148, "2020": 2530.804149373073, "2021": 2777.7962097832401, "2022": 3067.3104044728288, "2023": 3254.37457760999, "2024": 3445.2515924818481 }, "geometry": { "type": "Polygon", "coordinates": [ [ [ -16.841525, 13.151394 ], [ -16.713729, 13.594959 ], [ -15.624596, 13.623587 ], [ -15.39877, 13.860369 ], [ -15.081735, 13.876492 ], [ -14.687031, 13.630357 ], [ -14.376714, 13.62568 ], [ -14.046992, 13.794068 ], [ -13.844963, 13.505042 ], [ -14.277702, 13.280585 ], [ -14.712197, 13.298207 ], [ -15.141163, 13.509512 ], [ -15.511813, 13.27857 ], [ -15.691001, 13.270353 ], [ -15.931296, 13.130284 ], [ -16.841525, 13.151394 ] ] ] } },
{ "type": "Feature", "properties": { "name": "Guinea Bissau", "iso3": "GNB", "name_with_flag": "🇬🇼 Guinea Bissau", "1990": 824.10225061980225, "1991": 876.54418393070762, "1992": 880.08656453610024, "1993": 889.98924339754922, "1994": 909.48658446527463, "1995": 945.24670622847304, "1996": 1052.0518795894909, "1997": 1118.2335597706631, "1998": 860.79000870606478, "1999": 1000.605687133445, "2000": 1013.973491833305, "2001": 1063.5722830852951, "2002": 1095.223058334876, "2003": 1088.742656753195, "2004": 1105.343228414408, "2005": 1186.626313547368, "2006": 1225.9182457679219, "2007": 1259.605606892203, "2008": 1308.5355669971671, "2009": 1314.9707866195549, "2010": 1369.689170661208, "2011": 1471.7627987907169, "2012": 1401.849940441482, "2013": 1415.825119353786, "2014": 1455.908136651929, "2015": 1729.9426031012331, "2016": 1824.3730977070991, "2017": 2081.8128722768502, "2018": 2057.9696912914569, "2019": 2236.811103510151, "2020": 2310.374307315567, "2021": 2483.8506293464889, "2022": 2747.2541955989832, "2023": 2907.1408912252432, "2024": 3052.6911365572778 }, "geometry": { "type": "Polygon", "coordinates": [ [ [ -15.130311, 11.040412 ], [ -15.66418, 11.458474 ], [ -16.085214, 11.524594 ], [ -16.314787, 11.806515 ], [ -16.308947, 11.958702 ], [ -16.613838, 12.170911 ], [ -16.677452, 12.384852 ], [ -16.147717, 12.547762 ], [ -15.816574, 12.515567 ], [ -15.548477, 12.62817 ], [ -13.700476, 12.586183 ], [ -13.718744, 12.247186 ], [ -13.828272, 12.142644 ], [ -13.743161, 11.811269 ], [ -13.9008, 11.678719 ], [ -14.121406, 11.677117 ], [ -14.382192, 11.509272 ], [ -14.685687, 11.527824 ], [ -15.130311, 11.040412 ] ] ] } },
{ "type": "Feature", "properties": { "name": "Equatorial Guinea", "iso3": "GNQ", "name_with_flag": "🇬🇶 Equatorial Guinea", "1990": 577.39547870794422, "1991": 569.28252098741802, "1992": 756.06410964128656, "1993": 828.16386390810237, "1994": 950.75725578365541, "1995": 1098.254989201826, "1996": 1793.192968060237, "1997": 4386.8262616296925, "1998": 5280.3900014391556, "1999": 6469.8387411233989, "2000": 7420.393101115942, "2001": 11626.72311716733, "2002": 13254.823622223979, "2003": 14496.17441196883, "2004": 19354.212082155671, "2005": 22137.0497795007, "2006": 23511.398657089991, "2007": 26610.769121961879, "2008": 30522.77871427744, "2009": 29722.000563106609, "2010": 26167.826852527622, "2011": 27241.600037060271, "2012": 30011.927440962521, "2013": 27909.5175876754, "2014": 27177.271665026019, "2015": 19478.70101233376, "2016": 16649.475767235941, "2017": 18434.770857100371, "2018": 18413.129420457699, "2019": 16451.364147832439, "2020": 13677.110587516951, "2021": 16821.448647041288, "2022": 18139.989326627001, "2023": 17411.50023438401, "2024": 17566.760028407291 }, "geometry": { "type": "Polygon", "coordinates": [ [ [ 9.492889, 1.01012 ], [ 9.305613, 1.160911 ], [ 9.649158, 2.283866 ], [ 11.276449, 2.261051 ], [ 11.285079, 1.057662 ], [ 9.830284, 1.067894 ], [ 9.492889, 1.01012 ] ] ] } },
{ "type": "Feature", "properties": { "name": "Greece", "iso3": "GRC", "name_with_flag": "🇬🇷 Greece", "1990": 13117.555563369169, "1991": 13814.740928579129, "1992": 14120.18285567583, "1993": 14140.184841489239, "1994": 14657.410875611469, "1995": 15207.76011017105, "1996": 15772.527083031029, "1997": 16626.580926949689, "1998": 17432.4259757982, "1999": 17758.005574280069, "2000": 18815.83578574091, "2001": 20306.08783666337, "2002": 21985.2345411071, "2003": 23255.564197858472, "2004": 24828.897938329501, "2005": 25003.829746693322, "2006": 28082.124881571799, "2007": 28896.921070905992, "2008": 30440.970905908121, "2009": 29947.786808970799, "2010": 27841.859136359079, "2011": 25692.574085132081, "2012": 24582.974195750739, "2013": 25730.880900666449, "2014": 26450.18132672596, "2015": 26614.84837542252, "2016": 27504.54979849482, "2017": 28681.681558500459, "2018": 29792.059251958541, "2019": 31927.379215136869, "2020": 29533.087740298979, "2021": 33531.155112259963, "2022": 38969.02216753726, "2023": 41181.991216432369, "2024": 44074.295669737701 }, "geometry": { "type": "MultiPolygon", "coordinates": [ [ [ [ 23.69998, 35.705004 ], [ 24.246665, 35.368022 ], [ 25.025015, 35.424996 ], [ 25.769208, 35.354018 ], [ 25.745023, 35.179998 ], [ 26.290003, 35.29999 ], [ 26.164998, 35.004995 ], [ 24.724982, 34.919988 ], [ 24.735007, 35.084991 ], [ 23.514978, 35.279992 ], [ 23.69998, 35.705004 ] ] ], [ [ [ 26.604196, 41.562115 ], [ 26.294602, 40.936261 ], [ 26.056942, 40.824123 ], [ 25.447677, 40.852545 ], [ 24.925848, 40.947062 ], [ 23.714811, 40.687129 ], [ 24.407999, 40.124993 ], [ 23.899968, 39.962006 ], [ 23.342999, 39.960998 ], [ 22.813988, 40.476005 ], [ 22.626299, 40.256561 ], [ 22.849748, 39.659311 ], [ 23.350027, 39.190011 ], [ 22.973099, 38.970903 ], [ 23.530016, 38.510001 ], [ 24.025025, 38.219993 ], [ 24.040011, 37.655015 ], [ 23.115003, 37.920011 ], [ 23.409972, 37.409991 ], [ 22.774972, 37.30501 ], [ 23.154225, 36.422506 ], [ 22.490028, 36.41 ], [ 21.670026, 36.844986 ], [ 21.295011, 37.644989 ], [ 21.120034, 38.310323 ], [ 20.730032, 38.769985 ], [ 20.217712, 39.340235 ], [ 20.150016, 39.624998 ], [ 20.615, 40.110007 ], [ 20.674997, 40.435 ], [ 20.99999, 40.580004 ], [ 21.02004, 40.842727 ], [ 21.674161, 40.931275 ], [ 22.055378, 41.149866 ], [ 22.597308, 41.130487 ], [ 22.76177, 41.3048 ], [ 22.952377, 41.337994 ], [ 23.692074, 41.309081 ], [ 24.492645, 41.583896 ], [ 25.197201, 41.234486 ], [ 26.106138, 41.328899 ], [ 26.117042, 41.826905 ], [ 26.604196, 41.562115 ] ] ] ] } },
{ "type": "Feature", "properties": { "name": "Greenland", "iso3": "GRL", "name_with_flag": "🇬🇱 Greenland", "1990": 20472.455667355909, "1991": 21178.872440269381, "1992": 20628.57398394019, "1993": 20092.095505365862, "1994": 21619.351084868551, "1995": 22772.564204670809, "1996": 23502.072720690929, "1997": 24215.21634683997, "1998": 26340.052169651161, "1999": 27080.86112779105, "2000": 29616.159742788612, "2001": 30561.799828695868, "2002": 30618.002785573281, "2003": 32516.04137429488, "2004": 35604.339064687731, "2005": 38527.085032720381, "2006": 42039.793793548568, "2007": 44366.431515604731, "2008": 48203.123064414976, "2009": 48924.764084963557, "2010": 50190.881788042883, "2011": 50653.058591692417, "2012": 52389.325351823973, "2013": 52893.650355821213, "2014": 56555.069067121913, "2015": 55815.650288361147, "2016": 58908.590772931377, "2017": 60010.098290729758, "2018": 61806.827130817423, "2019": 64264.056460739332, "2020": 64999.4435683064, "2021": 69302.008878823704, "2022": 75720.429821932325, "2023": 78840.59783959885, "2024": null }, "geometry": { "type": "Polygon", "coordinates": [ [ [ -46.76379, 82.62796 ], [ -43.40644, 83.22516 ], [ -39.89753, 83.18018 ], [ -38.62214, 83.54905 ], [ -35.08787, 83.64513 ], [ -27.10046, 83.51966 ], [ -20.84539, 82.72669 ], [ -22.69182, 82.34165 ], [ -26.51753, 82.29765 ], [ -31.9, 82.2 ], [ -31.39646, 82.02154 ], [ -27.85666, 82.13178 ], [ -24.84448, 81.78697 ], [ -22.90328, 82.09317 ], [ -22.07175, 81.73449 ], [ -23.16961, 81.15271 ], [ -20.62363, 81.52462 ], [ -15.76818, 81.91245 ], [ -12.77018, 81.71885 ], [ -12.20855, 81.29154 ], [ -16.28533, 80.58004 ], [ -16.85, 80.35 ], [ -20.04624, 80.17708 ], [ -17.73035, 80.12912 ], [ -18.9, 79.4 ], [ -19.70499, 78.75128 ], [ -19.67353, 77.63859 ], [ -18.47285, 76.98565 ], [ -20.03503, 76.94434 ], [ -21.67944, 76.62795 ], [ -19.83407, 76.09808 ], [ -19.59896, 75.24838 ], [ -20.66818, 75.15585 ], [ -19.37281, 74.29561 ], [ -21.59422, 74.22382 ], [ -20.43454, 73.81713 ], [ -20.76234, 73.46436 ], [ -22.17221, 73.30955 ], [ -23.56593, 73.30663 ], [ -22.31311, 72.62928 ], [ -22.29954, 72.18409 ], [ -24.27834, 72.59788 ], [ -24.79296, 72.3302 ], [ -23.44296, 72.08016 ], [ -22.13281, 71.46898 ], [ -21.75356, 70.66369 ], [ -23.53603, 70.471 ], [ -24.30702, 70.85649 ], [ -25.54341, 71.43094 ], [ -25.20135, 70.75226 ], [ -26.36276, 70.22646 ], [ -23.72742, 70.18401 ], [ -22.34902, 70.12946 ], [ -25.02927, 69.2588 ], [ -27.74737, 68.47046 ], [ -30.67371, 68.12503 ], [ -31.77665, 68.12078 ], [ -32.81105, 67.73547 ], [ -34.20196, 66.67974 ], [ -36.35284, 65.9789 ], [ -37.04378, 65.93768 ], [ -38.37505, 65.69213 ], [ -39.81222, 65.45848 ], [ -40.66899, 64.83997 ], [ -40.68281, 64.13902 ], [ -41.1887, 63.48246 ], [ -42.81938, 62.68233 ], [ -42.41666, 61.90093 ], [ -42.86619, 61.07404 ], [ -43.3784, 60.09772 ], [ -44.7875, 60.03676 ], [ -46.26364, 60.85328 ], [ -48.26294, 60.85843 ], [ -49.23308, 61.40681 ], [ -49.90039, 62.38336 ], [ -51.63325, 63.62691 ], [ -52.14014, 64.27842 ], [ -52.27659, 65.1767 ], [ -53.66166, 66.09957 ], [ -53.30161, 66.8365 ], [ -53.96911, 67.18899 ], [ -52.9804, 68.35759 ], [ -51.47536, 68.72958 ], [ -51.08041, 69.14781 ], [ -50.87122, 69.9291 ], [ -52.013585, 69.574925 ], [ -52.55792, 69.42616 ], [ -53.45629, 69.283625 ], [ -54.68336, 69.61003 ], [ -54.75001, 70.28932 ], [ -54.35884, 70.821315 ], [ -53.431315, 70.835755 ], [ -51.39014, 70.56978 ], [ -53.10937, 71.20485 ], [ -54.00422, 71.54719 ], [ -55.0, 71.406537 ], [ -55.83468, 71.65444 ], [ -54.71819, 72.58625 ], [ -55.32634, 72.95861 ], [ -56.12003, 73.64977 ], [ -57.32363, 74.71026 ], [ -58.59679, 75.09861 ], [ -58.58516, 75.51727 ], [ -61.26861, 76.10238 ], [ -63.39165, 76.1752 ], [ -66.06427, 76.13486 ], [ -68.50438, 76.06141 ], [ -69.66485, 76.37975 ], [ -71.40257, 77.00857 ], [ -68.77671, 77.32312 ], [ -66.76397, 77.37595 ], [ -71.04293, 77.63595 ], [ -73.297, 78.04419 ], [ -73.15938, 78.43271 ], [ -69.37345, 78.91388 ], [ -65.7107, 79.39436 ], [ -65.3239, 79.75814 ], [ -68.02298, 80.11721 ], [ -67.15129, 80.51582 ], [ -63.68925, 81.21396 ], [ -62.23444, 81.3211 ], [ -62.65116, 81.77042 ], [ -60.28249, 82.03363 ], [ -57.20744, 82.19074 ], [ -54.13442, 82.19962 ], [ -53.04328, 81.88833 ], [ -50.39061, 82.43883 ], [ -48.00386, 82.06481 ], [ -46.59984, 81.985945 ], [ -44.523, 81.6607 ], [ -46.9007, 82.19979 ], [ -46.76379, 82.62796 ] ] ] } },
{ "type": "Feature", "properties": { "name": "Guatemala", "iso3": "GTM", "name_with_flag": "🇬🇹 Guatemala", "1990": 3329.5967707294571, "1991": 3472.7630881809368, "1992": 3626.115303023761, "1993": 3756.2691280572749, "1994": 3886.3336845140811, "1995": 4055.438652975603, "1996": 4143.1482938905092, "1997": 4287.432477757362, "1998": 4437.1246077470378, "1999": 4556.9206521254291, "2000": 4714.9666620084836, "2001": 4821.5459848677492, "2002": 4969.257449444478, "2003": 5081.3800558565663, "2004": 5263.4465491189967, "2005": 5486.2777698628142, "2006": 5833.3869180176034, "2007": 6238.3397694650384, "2008": 6434.5070374609404, "2009": 6376.741062979333, "2010": 6510.0998094996348, "2011": 6784.4471295362146, "2012": 7258.3166746788329, "2013": 7699.949190481675, "2014": 8236.6584372860179, "2015": 8934.0023546621505, "2016": 9201.4276859388501, "2017": 9560.174281161424, "2018": 9946.8038592333141, "2019": 10755.8780911166, "2020": 10947.370561896851, "2021": 11825.140920078229, "2022": 13014.0149810816, "2023": 13745.362593353329, "2024": 14368.66012418854 }, "geometry": { "type": "Polygon", "coordinates": [ [ [ -90.095555, 13.735338 ], [ -90.608624, 13.909771 ], [ -91.23241, 13.927832 ], [ -91.689747, 14.126218 ], [ -92.22775, 14.538829 ], [ -92.20323, 14.830103 ], [ -92.087216, 15.064585 ], [ -92.229249, 15.251447 ], [ -91.74796, 16.066565 ], [ -90.464473, 16.069562 ], [ -90.438867, 16.41011 ], [ -90.600847, 16.470778 ], [ -90.711822, 16.687483 ], [ -91.08167, 16.918477 ], [ -91.453921, 17.252177 ], [ -91.002269, 17.254658 ], [ -91.00152, 17.817595 ], [ -90.067934, 17.819326 ], [ -89.14308, 17.808319 ], [ -89.150806, 17.015577 ], [ -89.229122, 15.886938 ], [ -88.930613, 15.887273 ], [ -88.604586, 15.70638 ], [ -88.518364, 15.855389 ], [ -88.225023, 15.727722 ], [ -88.68068, 15.346247 ], [ -89.154811, 15.066419 ], [ -89.22522, 14.874286 ], [ -89.145535, 14.678019 ], [ -89.353326, 14.424133 ], [ -89.587343, 14.362586 ], [ -89.534219, 14.244816 ], [ -89.721934, 14.134228 ], [ -90.064678, 13.88197 ], [ -90.095555, 13.735338 ] ] ] } },
{ "type": "Feature", "properties": { "name": "French Guiana", "iso3": "GUF", "name_with_flag": "🇬🇫 French Guiana", "1990": null, "1991": null, "1992": null, "1993": null, "1994": null, "1995": null, "1996": null, "1997": null, "1998": null, "1999": null, "2000": null, "2001": null, "2002": null, "2003": null, "2004": null, "2005": null, "2006": null, "2007": null, "2008": null, "2009": null, "2010": null, "2011": null, "2012": null, "2013": null, "2014": null, "2015": null, "2016": null, "2017": null, "2018": null, "2019": null, "2020": null, "2021": null, "2022": null, "2023": null, "2024": null }, "geometry": { "type": "Polygon", "coordinates": [ [ [ -52.556425, 2.504705 ], [ -52.939657, 2.124858 ], [ -53.418465, 2.053389 ], [ -53.554839, 2.334897 ], [ -53.778521, 2.376703 ], [ -54.088063, 2.105557 ], [ -54.524754, 2.311849 ], [ -54.27123, 2.738748 ], [ -54.184284, 3.194172 ], [ -54.011504, 3.62257 ], [ -54.399542, 4.212611 ], [ -54.478633, 4.896756 ], [ -53.958045, 5.756548 ], [ -53.618453, 5.646529 ], [ -52.882141, 5.409851 ], [ -51.823343, 4.565768 ], [ -51.657797, 4.156232 ], [ -52.249338, 3.241094 ], [ -52.556425, 2.504705 ] ] ] } },
{ "type": "Feature", "properties": { "name": "Guyana", "iso3": "GUY", "name_with_flag": "🇬🇾 Guyana", "1990": 3021.609514722084, "1991": 3322.0361528009721, "1992": 3651.3245144550078, "1993": 4027.047723470168, "1994": 4447.1007974059085, "1995": 4752.6524055182108, "1996": 5209.9947715529424, "1997": 5614.7128999148099, "1998": 5572.6744085464143, "1999": 5811.9997076410018, "2000": 5859.9179190293326, "2001": 6131.2968302102981, "2002": 6303.9037219992279, "2003": 6392.3331579922205, "2004": 6672.8229943854421, "2005": 6761.1179841321946, "2006": 7345.9402821222366, "2007": 8110.0299989656714, "2008": 8436.5143844254271, "2009": 8824.4896016247731, "2010": 9336.5983021259435, "2011": 10066.072975359781, "2012": 10626.82566744635, "2013": 11199.887474408901, "2014": 11145.02911987239, "2015": 11408.473901349, "2016": 11516.37982895773, "2017": 12243.222596854141, "2018": 12442.508718587649, "2019": 13240.97137611552, "2020": 16819.422871469469, "2021": 22865.927096888201, "2022": 39710.969560753052, "2023": 54729.036515636559, "2024": 79905.744252197284 }, "geometry": { "type": "Polygon", "coordinates": [ [ [ -59.758285, 8.367035 ], [ -59.101684, 7.999202 ], [ -58.482962, 7.347691 ], [ -58.454876, 6.832787 ], [ -58.078103, 6.809094 ], [ -57.542219, 6.321268 ], [ -57.147436, 5.97315 ], [ -57.307246, 5.073567 ], [ -57.914289, 4.812626 ], [ -57.86021, 4.576801 ], [ -58.044694, 4.060864 ], [ -57.601569, 3.334655 ], [ -57.281433, 3.333492 ], [ -57.150098, 2.768927 ], [ -56.539386, 1.899523 ], [ -56.782704, 1.863711 ], [ -57.335823, 1.948538 ], [ -57.660971, 1.682585 ], [ -58.11345, 1.507195 ], [ -58.429477, 1.463942 ], [ -58.540013, 1.268088 ], [ -59.030862, 1.317698 ], [ -59.646044, 1.786894 ], [ -59.718546, 2.24963 ], [ -59.974525, 2.755233 ], [ -59.815413, 3.606499 ], [ -59.53804, 3.958803 ], [ -59.767406, 4.423503 ], [ -60.111002, 4.574967 ], [ -59.980959, 5.014061 ], [ -60.213683, 5.244486 ], [ -60.733574, 5.200277 ], [ -61.410303, 5.959068 ], [ -61.139415, 6.234297 ], [ -61.159336, 6.696077 ], [ -60.543999, 6.856584 ], [ -60.295668, 7.043911 ], [ -60.637973, 7.415 ], [ -60.550588, 7.779603 ], [ -59.758285, 8.367035 ] ] ] } },
{ "type": "Feature", "properties": { "name": "Honduras", "iso3": "HND", "name_with_flag": "🇭🇳 Honduras", "1990": 2039.694563906573, "1991": 1981.661311531923, "1992": 2089.7095079490682, "1993": 2214.4257770949412, "1994": 2203.130496463712, "1995": 2321.792625795073, "1996": 2341.496479570651, "1997": 2422.6620279965291, "1998": 2471.5032820195711, "1999": 2423.4972788202949, "2000": 2587.4225393042711, "2001": 2645.2547755561732, "2002": 2714.5663201945022, "2003": 2820.7140442352402, "2004": 3001.2967132043868, "2005": 3203.959189907237, "2006": 3437.6229634490269, "2007": 3664.0882849454019, "2008": 3806.3470637384289, "2009": 3655.7970138310561, "2010": 3757.5464206244992, "2011": 3900.7113617333762, "2012": 4016.3460910180079, "2013": 4137.3268237781031, "2014": 4460.0574283317519, "2015": 4845.5956652112554, "2016": 5186.1589741716134, "2017": 5620.6545524773264, "2018": 5633.3832384518964, "2019": 5784.9308105711079, "2020": 5384.6983198303806, "2021": 6202.9807881203687, "2022": 6805.493582945538, "2023": 7178.3390678152218, "2024": 7486.0186961644476 }, "geometry": { "type": "Polygon", "coordinates": [ [ [ -87.316654, 12.984686 ], [ -87.489409, 13.297535 ], [ -87.793111, 13.38448 ], [ -87.723503, 13.78505 ], [ -87.859515, 13.893312 ], [ -88.065343, 13.964626 ], [ -88.503998, 13.845486 ], [ -88.541231, 13.980155 ], [ -88.843073, 14.140507 ], [ -89.058512, 14.340029 ], [ -89.353326, 14.424133 ], [ -89.145535, 14.678019 ], [ -89.22522, 14.874286 ], [ -89.154811, 15.066419 ], [ -88.68068, 15.346247 ], [ -88.225023, 15.727722 ], [ -88.121153, 15.688655 ], [ -87.901813, 15.864458 ], [ -87.61568, 15.878799 ], [ -87.522921, 15.797279 ], [ -87.367762, 15.84694 ], [ -86.903191, 15.756713 ], [ -86.440946, 15.782835 ], [ -86.119234, 15.893449 ], [ -86.001954, 16.005406 ], [ -85.683317, 15.953652 ], [ -85.444004, 15.885749 ], [ -85.182444, 15.909158 ], [ -84.983722, 15.995923 ], [ -84.52698, 15.857224 ], [ -84.368256, 15.835158 ], [ -84.063055, 15.648244 ], [ -83.773977, 15.424072 ], [ -83.410381, 15.270903 ], [ -83.147219, 14.995829 ], [ -83.489989, 15.016267 ], [ -83.628585, 14.880074 ], [ -83.975721, 14.749436 ], [ -84.228342, 14.748764 ], [ -84.449336, 14.621614 ], [ -84.649582, 14.666805 ], [ -84.820037, 14.819587 ], [ -84.924501, 14.790493 ], [ -85.052787, 14.551541 ], [ -85.148751, 14.560197 ], [ -85.165365, 14.35437 ], [ -85.514413, 14.079012 ], [ -85.698665, 13.960078 ], [ -85.801295, 13.836055 ], [ -86.096264, 14.038187 ], [ -86.312142, 13.771356 ], [ -86.520708, 13.778487 ], [ -86.755087, 13.754845 ], [ -86.733822, 13.263093 ], [ -86.880557, 13.254204 ], [ -87.005769, 13.025794 ], [ -87.316654, 12.984686 ] ] ] } },
{ "type": "Feature", "properties": { "name": "Croatia", "iso3": "HRV", "name_with_flag": "🇭🇷 Croatia", "1990": 9519.0069239972217, "1991": 7911.9141318673219, "1992": 7321.0989823627961, "1993": 6856.2178601269161, "1994": 7331.5280711140249, "1995": 8046.4752228294019, "1996": 8802.3464877652477, "1997": 9533.5891378424203, "1998": 9888.9063751459908, "1999": 9942.6416669080063, "2000": 10672.25599895348, "2001": 11654.2135278182, "2002": 12774.66952096786, "2003": 13693.288508890269, "2004": 14688.102908751351, "2005": 15450.837211077411, "2006": 17634.865553755058, "2007": 19570.775583127419, "2008": 21019.79798342803, "2009": 20349.551635350021, "2010": 20143.749552898131, "2011": 21195.7557640257, "2012": 21620.21265746413, "2013": 22432.239638549428, "2014": 22708.221491997661, "2015": 23758.951517210699, "2016": 25804.140835673901, "2017": 27889.13246951166, "2018": 29788.668620667511, "2019": 33063.706871980059, "2020": 31595.633001815972, "2021": 36930.470125856671, "2022": 41956.257120372073, "2023": 45595.621423609133, "2024": 48575.213608300051 }, "geometry": { "type": "Polygon", "coordinates": [ [ [ 18.829838, 45.908878 ], [ 19.072769, 45.521511 ], [ 19.390476, 45.236516 ], [ 19.005486, 44.860234 ], [ 18.553214, 45.08159 ], [ 17.861783, 45.06774 ], [ 17.002146, 45.233777 ], [ 16.534939, 45.211608 ], [ 16.318157, 45.004127 ], [ 15.959367, 45.233777 ], [ 15.750026, 44.818712 ], [ 16.23966, 44.351143 ], [ 16.456443, 44.04124 ], [ 16.916156, 43.667722 ], [ 17.297373, 43.446341 ], [ 17.674922, 43.028563 ], [ 18.56, 42.65 ], [ 18.450016, 42.479991 ], [ 17.50997, 42.849995 ], [ 16.930006, 43.209998 ], [ 16.015385, 43.507215 ], [ 15.174454, 44.243191 ], [ 15.37625, 44.317915 ], [ 14.920309, 44.738484 ], [ 14.901602, 45.07606 ], [ 14.258748, 45.233777 ], [ 13.952255, 44.802124 ], [ 13.656976, 45.136935 ], [ 13.679403, 45.484149 ], [ 13.71506, 45.500324 ], [ 14.411968, 45.466166 ], [ 14.595109, 45.634941 ], [ 14.935244, 45.471695 ], [ 15.327675, 45.452316 ], [ 15.323954, 45.731783 ], [ 15.67153, 45.834154 ], [ 15.768733, 46.238108 ], [ 16.564808, 46.503751 ], [ 16.882515, 46.380632 ], [ 17.630066, 45.951769 ], [ 18.456062, 45.759481 ], [ 18.829838, 45.908878 ] ] ] } },
{ "type": "Feature", "properties": { "name": "Haiti", "iso3": "HTI", "name_with_flag": "🇭🇹 Haiti", "1990": 2202.2277471918978, "1991": 2272.7622718592211, "1992": 2157.5971330494681, "1993": 2048.243453275818, "1994": 1806.8230358226131, "1995": 1989.016473808822, "1996": 2069.614541321238, "1997": 2121.8494007525251, "1998": 2152.0036630753698, "1999": 2200.5895348560612, "2000": 2228.5013363773101, "2001": 2229.8439672307491, "2002": 2247.9789661465411, "2003": 2330.9187393338289, "2004": 2322.197867986913, "2005": 2427.4480855139341, "2006": 2503.6593268197821, "2007": 2647.4953861343029, "2008": 2724.4592282663311, "2009": 2855.1597138549382, "2010": 2694.9110413731551, "2011": 2858.196459794347, "2012": 2830.1908055970912, "2013": 3042.4970687870991, "2014": 3075.738438370623, "2015": 3025.8346172825841, "2016": 3253.4717864161362, "2017": 3339.3888465344612, "2018": 3196.9738637061419, "2019": 3236.9749250460732, "2020": 3103.1806631246159, "2021": 3134.9501493841681, "2022": 3264.9335440790578, "2023": 3281.2123207151521, "2024": 3183.459090334039 }, "geometry": { "type": "Polygon", "coordinates": [ [ [ -73.189791, 19.915684 ], [ -72.579673, 19.871501 ], [ -71.712361, 19.714456 ], [ -71.624873, 19.169838 ], [ -71.701303, 18.785417 ], [ -71.945112, 18.6169 ], [ -71.687738, 18.31666 ], [ -71.708305, 18.044997 ], [ -72.372476, 18.214961 ], [ -72.844411, 18.145611 ], [ -73.454555, 18.217906 ], [ -73.922433, 18.030993 ], [ -74.458034, 18.34255 ], [ -74.369925, 18.664908 ], [ -73.449542, 18.526053 ], [ -72.694937, 18.445799 ], [ -72.334882, 18.668422 ], [ -72.79165, 19.101625 ], [ -72.784105, 19.483591 ], [ -73.415022, 19.639551 ], [ -73.189791, 19.915684 ] ] ] } },
{ "type": "Feature", "properties": { "name": "Hungary", "iso3": "HUN", "name_with_flag": "🇭🇺 Hungary", "1990": 9163.0313075488903, "1991": 8346.8587811733796, "1992": 8278.724786502542, "1993": 8435.747690876553, "1994": 8881.9599693566961, "1995": 9216.1006162073154, "1996": 9384.0809096499888, "1997": 9844.1293636442242, "1998": 10414.60087149424, "1999": 10892.48561044684, "2000": 11869.13158893979, "2001": 13224.13654695956, "2002": 14532.30751820878, "2003": 15461.932474992611, "2004": 16252.83064380116, "2005": 17091.276131819352, "2006": 18365.917175501789, "2007": 19089.990268952832, "2008": 20708.7615120316, "2009": 20680.672425053079, "2010": 21693.402066343111, "2011": 22992.218465758371, "2012": 23205.31066840401, "2013": 24591.638050305512, "2014": 25796.210095925559, "2015": 26944.959766686821, "2016": 28178.945036691861, "2017": 29728.012156880119, "2018": 32258.25778925114, "2019": 35627.231552085817, "2020": 35583.58556756367, "2021": 38887.190952715348, "2022": 44012.267727429207, "2023": 45367.598354525449, "2024": 47635.895529922287 }, "geometry": { "type": "Polygon", "coordinates": [ [ [ 16.202298, 46.852386 ], [ 16.534268, 47.496171 ], [ 16.340584, 47.712902 ], [ 16.903754, 47.714866 ], [ 16.979667, 48.123497 ], [ 17.488473, 47.867466 ], [ 17.857133, 47.758429 ], [ 18.696513, 47.880954 ], [ 18.777025, 48.081768 ], [ 19.174365, 48.111379 ], [ 19.661364, 48.266615 ], [ 19.769471, 48.202691 ], [ 20.239054, 48.327567 ], [ 20.473562, 48.56285 ], [ 20.801294, 48.623854 ], [ 21.872236, 48.319971 ], [ 22.085608, 48.422264 ], [ 22.64082, 48.15024 ], [ 22.710531, 47.882194 ], [ 22.099768, 47.672439 ], [ 21.626515, 46.994238 ], [ 21.021952, 46.316088 ], [ 20.220192, 46.127469 ], [ 19.596045, 46.17173 ], [ 18.829838, 45.908878 ], [ 18.456062, 45.759481 ], [ 17.630066, 45.951769 ], [ 16.882515, 46.380632 ], [ 16.564808, 46.503751 ], [ 16.370505, 46.841327 ], [ 16.202298, 46.852386 ] ] ] } },
{ "type": "Feature", "properties": { "name": "Indonesia", "iso3": "IDN", "name_with_flag": "🇮🇩 Indonesia", "1990": 3043.9419750941211, "1991": 3305.363933086931, "1992": 3538.4843126036021, "1993": 3792.594657262789, "1994": 4095.9984660678601, "1995": 4451.0002128761353, "1996": 4807.0926728128024, "1997": 5037.2215238770787, "1998": 4355.7799739700431, "1999": 4385.9397137139704, "2000": 4639.0394263946437, "2001": 4848.5558011085204, "2002": 5076.1643815953612, "2003": 5352.5075039153107, "2004": 5700.0494953576081, "2005": 6134.1667301082034, "2006": 6583.3511235804572, "2007": 7096.3876891673362, "2008": 7569.2530469127196, "2009": 7868.1481833355383, "2010": 8353.4568473324889, "2011": 8936.9921554945358, "2012": 9530.2907113671754, "2013": 9866.0169925084701, "2014": 10064.67712741701, "2015": 10027.537299602551, "2016": 10262.5951651871, "2017": 10687.64092184431, "2018": 11372.09719876119, "2019": 11986.47015083764, "2020": 11729.36744584478, "2021": 12757.074644020369, "2022": 14284.92929313296, "2023": 15415.70792595272, "2024": 16448.275517955859 }, "geometry": { "type": "MultiPolygon", "coordinates": [ [ [ [ 120.715609, -10.239581 ], [ 120.295014, -10.25865 ], [ 118.967808, -9.557969 ], [ 119.90031, -9.36134 ], [ 120.425756, -9.665921 ], [ 120.775502, -9.969675 ], [ 120.715609, -10.239581 ] ] ], [ [ [ 124.43595, -10.140001 ], [ 123.579982, -10.359987 ], [ 123.459989, -10.239995 ], [ 123.550009, -9.900016 ], [ 123.980009, -9.290027 ], [ 124.968682, -8.89279 ], [ 125.07002, -9.089987 ], [ 125.08852, -9.393173 ], [ 124.43595, -10.140001 ] ] ], [ [ [ 117.900018, -8.095681 ], [ 118.260616, -8.362383 ], [ 118.87846, -8.280683 ], [ 119.126507, -8.705825 ], [ 117.970402, -8.906639 ], [ 117.277731, -9.040895 ], [ 116.740141, -9.032937 ], [ 117.083737, -8.457158 ], [ 117.632024, -8.449303 ], [ 117.900018, -8.095681 ] ] ], [ [ [ 122.903537, -8.094234 ], [ 122.756983, -8.649808 ], [ 121.254491, -8.933666 ], [ 119.924391, -8.810418 ], [ 119.920929, -8.444859 ], [ 120.715092, -8.236965 ], [ 121.341669, -8.53674 ], [ 122.007365, -8.46062 ], [ 122.903537, -8.094234 ] ] ], [ [ [ 108.623479, -6.777674 ], [ 110.539227, -6.877358 ], [ 110.759576, -6.465186 ], [ 112.614811, -6.946036 ], [ 112.978768, -7.594213 ], [ 114.478935, -7.776528 ], [ 115.705527, -8.370807 ], [ 114.564511, -8.751817 ], [ 113.464734, -8.348947 ], [ 112.559672, -8.376181 ], [ 111.522061, -8.302129 ], [ 110.58615, -8.122605 ], [ 109.427667, -7.740664 ], [ 108.693655, -7.6416 ], [ 108.277763, -7.766657 ], [ 106.454102, -7.3549 ], [ 106.280624, -6.9249 ], [ 105.365486, -6.851416 ], [ 106.051646, -5.895919 ], [ 107.265009, -5.954985 ], [ 108.072091, -6.345762 ], [ 108.486846, -6.421985 ], [ 108.623479, -6.777674 ] ] ], [ [ [ 134.724624, -6.214401 ], [ 134.210134, -6.895238 ], [ 134.112776, -6.142467 ], [ 134.290336, -5.783058 ], [ 134.499625, -5.445042 ], [ 134.727002, -5.737582 ], [ 134.724624, -6.214401 ] ] ], [ [ [ 127.249215, -3.459065 ], [ 126.874923, -3.790983 ], [ 126.183802, -3.607376 ], [ 125.989034, -3.177273 ], [ 127.000651, -3.129318 ], [ 127.249215, -3.459065 ] ] ], [ [ [ 130.471344, -3.093764 ], [ 130.834836, -3.858472 ], [ 129.990547, -3.446301 ], [ 129.155249, -3.362637 ], [ 128.590684, -3.428679 ], [ 127.898891, -3.393436 ], [ 128.135879, -2.84365 ], [ 129.370998, -2.802154 ], [ 130.471344, -3.093764 ] ] ], [ [ [ 134.143368, -1.151867 ], [ 134.422627, -2.769185 ], [ 135.457603, -3.367753 ], [ 136.293314, -2.307042 ], [ 137.440738, -1.703513 ], [ 138.329727, -1.702686 ], [ 139.184921, -2.051296 ], [ 139.926684, -2.409052 ], [ 141.00021, -2.600151 ], [ 141.017057, -5.859022 ], [ 141.033852, -9.117893 ], [ 140.143415, -8.297168 ], [ 139.127767, -8.096043 ], [ 138.881477, -8.380935 ], [ 137.614474, -8.411683 ], [ 138.039099, -7.597882 ], [ 138.668621, -7.320225 ], [ 138.407914, -6.232849 ], [ 137.92784, -5.393366 ], [ 135.98925, -4.546544 ], [ 135.164598, -4.462931 ], [ 133.66288, -3.538853 ], [ 133.367705, -4.024819 ], [ 132.983956, -4.112979 ], [ 132.756941, -3.746283 ], [ 132.753789, -3.311787 ], [ 131.989804, -2.820551 ], [ 133.066845, -2.460418 ], [ 133.780031, -2.479848 ], [ 133.696212, -2.214542 ], [ 132.232373, -2.212526 ], [ 131.836222, -1.617162 ], [ 130.94284, -1.432522 ], [ 130.519558, -0.93772 ], [ 131.867538, -0.695461 ], [ 132.380116, -0.369538 ], [ 133.985548, -0.78021 ], [ 134.143368, -1.151867 ] ] ], [ [ [ 125.240501, 1.419836 ], [ 124.437035, 0.427881 ], [ 123.685505, 0.235593 ], [ 122.723083, 0.431137 ], [ 121.056725, 0.381217 ], [ 120.183083, 0.237247 ], [ 120.04087, -0.519658 ], [ 120.935905, -1.408906 ], [ 121.475821, -0.955962 ], [ 123.340565, -0.615673 ], [ 123.258399, -1.076213 ], [ 122.822715, -0.930951 ], [ 122.38853, -1.516858 ], [ 121.508274, -1.904483 ], [ 122.454572, -3.186058 ], [ 122.271896, -3.5295 ], [ 123.170963, -4.683693 ], [ 123.162333, -5.340604 ], [ 122.628515, -5.634591 ], [ 122.236394, -5.282933 ], [ 122.719569, -4.464172 ], [ 121.738234, -4.851331 ], [ 121.489463, -4.574553 ], [ 121.619171, -4.188478 ], [ 120.898182, -3.602105 ], [ 120.972389, -2.627643 ], [ 120.305453, -2.931604 ], [ 120.390047, -4.097579 ], [ 120.430717, -5.528241 ], [ 119.796543, -5.6734 ], [ 119.366906, -5.379878 ], [ 119.653606, -4.459417 ], [ 119.498835, -3.494412 ], [ 119.078344, -3.487022 ], [ 118.767769, -2.801999 ], [ 119.180974, -2.147104 ], [ 119.323394, -1.353147 ], [ 119.825999, 0.154254 ], [ 120.035702, 0.566477 ], [ 120.885779, 1.309223 ], [ 121.666817, 1.013944 ], [ 122.927567, 0.875192 ], [ 124.077522, 0.917102 ], [ 125.065989, 1.643259 ], [ 125.240501, 1.419836 ] ] ], [ [ [ 128.688249, 1.132386 ], [ 128.635952, 0.258486 ], [ 128.12017, 0.356413 ], [ 127.968034, -0.252077 ], [ 128.379999, -0.780004 ], [ 128.100016, -0.899996 ], [ 127.696475, -0.266598 ], [ 127.39949, 1.011722 ], [ 127.600512, 1.810691 ], [ 127.932378, 2.174596 ], [ 128.004156, 1.628531 ], [ 128.594559, 1.540811 ], [ 128.688249, 1.132386 ] ] ], [ [ [ 117.875627, 1.827641 ], [ 118.996747, 0.902219 ], [ 117.811858, 0.784242 ], [ 117.478339, 0.102475 ], [ 117.521644, -0.803723 ], [ 116.560048, -1.487661 ], [ 116.533797, -2.483517 ], [ 116.148084, -4.012726 ], [ 116.000858, -3.657037 ], [ 114.864803, -4.106984 ], [ 114.468652, -3.495704 ], [ 113.755672, -3.43917 ], [ 113.256994, -3.118776 ], [ 112.068126, -3.478392 ], [ 111.703291, -2.994442 ], [ 111.04824, -3.049426 ], [ 110.223846, -2.934032 ], [ 110.070936, -1.592874 ], [ 109.571948, -1.314907 ], [ 109.091874, -0.459507 ], [ 108.952658, 0.415375 ], [ 109.069136, 1.341934 ], [ 109.66326, 2.006467 ], [ 109.830227, 1.338136 ], [ 110.514061, 0.773131 ], [ 111.159138, 0.976478 ], [ 111.797548, 0.904441 ], [ 112.380252, 1.410121 ], [ 112.859809, 1.49779 ], [ 113.80585, 1.217549 ], [ 114.621355, 1.430688 ], [ 115.134037, 2.821482 ], [ 115.519078, 3.169238 ], [ 115.865517, 4.306559 ], [ 117.015214, 4.306094 ], [ 117.882035, 4.137551 ], [ 117.313232, 3.234428 ], [ 118.04833, 2.28769 ], [ 117.875627, 1.827641 ] ] ], [ [ [ 105.817655, -5.852356 ], [ 104.710384, -5.873285 ], [ 103.868213, -5.037315 ], [ 102.584261, -4.220259 ], [ 102.156173, -3.614146 ], [ 101.399113, -2.799777 ], [ 100.902503, -2.050262 ], [ 100.141981, -0.650348 ], [ 99.26374, 0.183142 ], [ 98.970011, 1.042882 ], [ 98.601351, 1.823507 ], [ 97.699598, 2.453184 ], [ 97.176942, 3.308791 ], [ 96.424017, 3.86886 ], [ 95.380876, 4.970782 ], [ 95.293026, 5.479821 ], [ 95.936863, 5.439513 ], [ 97.484882, 5.246321 ], [ 98.369169, 4.26837 ], [ 99.142559, 3.59035 ], [ 99.693998, 3.174329 ], [ 100.641434, 2.099381 ], [ 101.658012, 2.083697 ], [ 102.498271, 1.3987 ], [ 103.07684, 0.561361 ], [ 103.838396, 0.104542 ], [ 103.437645, -0.711946 ], [ 104.010789, -1.059212 ], [ 104.369991, -1.084843 ], [ 104.53949, -1.782372 ], [ 104.887893, -2.340425 ], [ 105.622111, -2.428844 ], [ 106.108593, -3.061777 ], [ 105.857446, -4.305525 ], [ 105.817655, -5.852356 ] ] ] ] } },
{ "type": "Feature", "properties": { "name": "India", "iso3": "IND", "name_with_flag": "🇮🇳 India", "1990": 1211.9825259623631, "1991": 1239.058005500169, "1992": 1308.600466489728, "1993": 1374.101528924039, "1994": 1466.6042554144931, "1995": 1578.6712441830839, "1996": 1694.739808048522, "1997": 1758.8533618591609, "1998": 1852.406490502972, "1999": 2006.272867026036, "2000": 2090.858068944859, "2001": 2199.5391044647772, "2002": 2277.069747750505, "2003": 2461.4825161086128, "2004": 2681.861168412544, "2005": 2936.8032201193291, "2006": 3220.6269293940099, "2007": 3508.0618317160511, "2008": 3633.367832407157, "2009": 3886.5819769324748, "2010": 4206.4598600211721, "2011": 4454.7015320051278, "2012": 4819.6428821873114, "2013": 5014.3505659078019, "2014": 5191.5914990324873, "2015": 5425.0359909104618, "2016": 5800.4814936655221, "2017": 6144.7171444493824, "2018": 6714.9663987775402, "2019": 7150.9242345292596, "2020": 6966.2754278591092, "2021": 8050.0185745266408, "2022": 9207.127430401446, "2023": 10323.499873442801, "2024": 11158.880923075611 }, "geometry": { "type": "Polygon", "coordinates": [ [ [ 77.837451, 35.49401 ], [ 78.912269, 34.321936 ], [ 78.811086, 33.506198 ], [ 79.208892, 32.994395 ], [ 79.176129, 32.48378 ], [ 78.458446, 32.618164 ], [ 78.738894, 31.515906 ], [ 79.721367, 30.882715 ], [ 81.111256, 30.183481 ], [ 80.476721, 29.729865 ], [ 80.088425, 28.79447 ], [ 81.057203, 28.416095 ], [ 81.999987, 27.925479 ], [ 83.304249, 27.364506 ], [ 84.675018, 27.234901 ], [ 85.251779, 26.726198 ], [ 86.024393, 26.630985 ], [ 87.227472, 26.397898 ], [ 88.060238, 26.414615 ], [ 88.174804, 26.810405 ], [ 88.043133, 27.445819 ], [ 88.120441, 27.876542 ], [ 88.730326, 28.086865 ], [ 88.814248, 27.299316 ], [ 88.835643, 27.098966 ], [ 89.744528, 26.719403 ], [ 90.373275, 26.875724 ], [ 91.217513, 26.808648 ], [ 92.033484, 26.83831 ], [ 92.103712, 27.452614 ], [ 91.696657, 27.771742 ], [ 92.503119, 27.896876 ], [ 93.413348, 28.640629 ], [ 94.56599, 29.277438 ], [ 95.404802, 29.031717 ], [ 96.117679, 29.452802 ], [ 96.586591, 28.83098 ], [ 96.248833, 28.411031 ], [ 97.327114, 28.261583 ], [ 97.402561, 27.882536 ], [ 97.051989, 27.699059 ], [ 97.133999, 27.083774 ], [ 96.419366, 27.264589 ], [ 95.124768, 26.573572 ], [ 95.155153, 26.001307 ], [ 94.603249, 25.162495 ], [ 94.552658, 24.675238 ], [ 94.106742, 23.850741 ], [ 93.325188, 24.078556 ], [ 93.286327, 23.043658 ], [ 93.060294, 22.703111 ], [ 93.166128, 22.27846 ], [ 92.672721, 22.041239 ], [ 92.146035, 23.627499 ], [ 91.869928, 23.624346 ], [ 91.706475, 22.985264 ], [ 91.158963, 23.503527 ], [ 91.46773, 24.072639 ], [ 91.915093, 24.130414 ], [ 92.376202, 24.976693 ], [ 91.799596, 25.147432 ], [ 90.872211, 25.132601 ], [ 89.920693, 25.26975 ], [ 89.832481, 25.965082 ], [ 89.355094, 26.014407 ], [ 88.563049, 26.446526 ], [ 88.209789, 25.768066 ], [ 88.931554, 25.238692 ], [ 88.306373, 24.866079 ], [ 88.084422, 24.501657 ], [ 88.69994, 24.233715 ], [ 88.52977, 23.631142 ], [ 88.876312, 22.879146 ], [ 89.031961, 22.055708 ], [ 88.888766, 21.690588 ], [ 88.208497, 21.703172 ], [ 86.975704, 21.495562 ], [ 87.033169, 20.743308 ], [ 86.499351, 20.151638 ], [ 85.060266, 19.478579 ], [ 83.941006, 18.30201 ], [ 83.189217, 17.671221 ], [ 82.192792, 17.016636 ], [ 82.191242, 16.556664 ], [ 81.692719, 16.310219 ], [ 80.791999, 15.951972 ], [ 80.324896, 15.899185 ], [ 80.025069, 15.136415 ], [ 80.233274, 13.835771 ], [ 80.286294, 13.006261 ], [ 79.862547, 12.056215 ], [ 79.857999, 10.357275 ], [ 79.340512, 10.308854 ], [ 78.885345, 9.546136 ], [ 79.18972, 9.216544 ], [ 78.277941, 8.933047 ], [ 77.941165, 8.252959 ], [ 77.539898, 7.965535 ], [ 76.592979, 8.899276 ], [ 76.130061, 10.29963 ], [ 75.746467, 11.308251 ], [ 75.396101, 11.781245 ], [ 74.864816, 12.741936 ], [ 74.616717, 13.992583 ], [ 74.443859, 14.617222 ], [ 73.534199, 15.990652 ], [ 73.119909, 17.92857 ], [ 72.820909, 19.208234 ], [ 72.824475, 20.419503 ], [ 72.630533, 21.356009 ], [ 71.175273, 20.757441 ], [ 70.470459, 20.877331 ], [ 69.16413, 22.089298 ], [ 69.644928, 22.450775 ], [ 69.349597, 22.84318 ], [ 68.176645, 23.691965 ], [ 68.842599, 24.359134 ], [ 71.04324, 24.356524 ], [ 70.844699, 25.215102 ], [ 70.282873, 25.722229 ], [ 70.168927, 26.491872 ], [ 69.514393, 26.940966 ], [ 70.616496, 27.989196 ], [ 71.777666, 27.91318 ], [ 72.823752, 28.961592 ], [ 73.450638, 29.976413 ], [ 74.42138, 30.979815 ], [ 74.405929, 31.692639 ], [ 75.258642, 32.271105 ], [ 74.451559, 32.7649 ], [ 74.104294, 33.441473 ], [ 73.749948, 34.317699 ], [ 74.240203, 34.748887 ], [ 75.757061, 34.504923 ], [ 76.871722, 34.653544 ], [ 77.837451, 35.49401 ] ] ] } },
{ "type": "Feature", "properties": { "name": "Ireland", "iso3": "IRL", "name_with_flag": "🇮🇪 Ireland", "1990": 13733.746994077421, "1991": 14389.20043538467, "1992": 15105.74254282376, "1993": 15801.00349168391, "1994": 17000.17161168333, "1995": 18931.54092436672, "1996": 20473.939985130139, "1997": 22632.093359207222, "1998": 25092.339228237641, "1999": 27041.347422159681, "2000": 30209.46562081587, "2001": 32576.924574865599, "2002": 35222.028724352043, "2003": 36285.108700351127, "2004": 38734.443939914847, "2005": 40466.23435157114, "2006": 44232.101748557412, "2007": 46784.086133536548, "2008": 44169.094341164397, "2009": 41469.837900256032, "2010": 43216.984730240627, "2011": 45525.718123904233, "2012": 46726.21576653661, "2013": 48838.771982552542, "2014": 52640.784391855297, "2015": 71607.456829464936, "2016": 73012.819872037435, "2017": 80450.352933650589, "2018": 86299.342021697623, "2019": 92022.598799830041, "2020": 97799.922574860699, "2021": 116903.6124351699, "2022": 136104.4453324581, "2023": 124900.9386352412, "2024": 131175.10685414879 }, "geometry": { "type": "Polygon", "coordinates": [ [ [ -6.197885, 53.867565 ], [ -6.032985, 53.153164 ], [ -6.788857, 52.260118 ], [ -8.561617, 51.669301 ], [ -9.977086, 51.820455 ], [ -9.166283, 52.864629 ], [ -9.688525, 53.881363 ], [ -8.327987, 54.664519 ], [ -7.572168, 55.131622 ], [ -7.366031, 54.595841 ], [ -7.572168, 54.059956 ], [ -6.95373, 54.073702 ], [ -6.197885, 53.867565 ] ] ] } },
{ "type": "Feature", "properties": { "name": "Iran", "iso3": "IRN", "name_with_flag": "🇮🇷 Iran", "1990": 7256.4125139857952, "1991": 8229.2522059313615, "1992": 8524.1260683468336, "1993": 8567.2094151016827, "1994": 8585.1678795819735, "1995": 8876.7937648723673, "1996": 9510.0438216574257, "1997": 9687.8439544851353, "1998": 9864.0621555283833, "1999": 10059.685649440789, "2000": 10729.35800981397, "2001": 11061.301473682861, "2002": 12040.86121680669, "2003": 13192.3336579798, "2004": 13835.42040338167, "2005": 14402.1053422847, "2006": 15256.270903693499, "2007": 16672.725251775009, "2008": 16830.936618067921, "2009": 16894.235403880721, "2010": 17865.941381113371, "2011": 18487.076240376209, "2012": 16325.201069060689, "2013": 15552.01306078517, "2014": 15408.09651153111, "2015": 13689.7646428107, "2016": 14573.32196689481, "2017": 15070.258582103141, "2018": 14839.56919452181, "2019": 13348.41095098392, "2020": 14110.319144429781, "2021": 14951.894871650329, "2022": 16424.377386697412, "2023": 17659.87387607151, "2024": 18441.557752160508 }, "geometry": { "type": "Polygon", "coordinates": [ [ [ 53.921598, 37.198918 ], [ 54.800304, 37.392421 ], [ 55.511578, 37.964117 ], [ 56.180375, 37.935127 ], [ 56.619366, 38.121394 ], [ 57.330434, 38.029229 ], [ 58.436154, 37.522309 ], [ 59.234762, 37.412988 ], [ 60.377638, 36.527383 ], [ 61.123071, 36.491597 ], [ 61.210817, 35.650072 ], [ 60.803193, 34.404102 ], [ 60.52843, 33.676446 ], [ 60.9637, 33.528832 ], [ 60.536078, 32.981269 ], [ 60.863655, 32.18292 ], [ 60.941945, 31.548075 ], [ 61.699314, 31.379506 ], [ 61.781222, 30.73585 ], [ 60.874248, 29.829239 ], [ 61.369309, 29.303276 ], [ 61.771868, 28.699334 ], [ 62.72783, 28.259645 ], [ 62.755426, 27.378923 ], [ 63.233898, 27.217047 ], [ 63.316632, 26.756532 ], [ 61.874187, 26.239975 ], [ 61.497363, 25.078237 ], [ 59.616134, 25.380157 ], [ 58.525761, 25.609962 ], [ 57.397251, 25.739902 ], [ 56.970766, 26.966106 ], [ 56.492139, 27.143305 ], [ 55.72371, 26.964633 ], [ 54.71509, 26.480658 ], [ 53.493097, 26.812369 ], [ 52.483598, 27.580849 ], [ 51.520763, 27.86569 ], [ 50.852948, 28.814521 ], [ 50.115009, 30.147773 ], [ 49.57685, 29.985715 ], [ 48.941333, 30.31709 ], [ 48.567971, 29.926778 ], [ 48.014568, 30.452457 ], [ 48.004698, 30.985137 ], [ 47.685286, 30.984853 ], [ 47.849204, 31.709176 ], [ 47.334661, 32.469155 ], [ 46.109362, 33.017287 ], [ 45.416691, 33.967798 ], [ 45.64846, 34.748138 ], [ 46.151788, 35.093259 ], [ 46.07634, 35.677383 ], [ 45.420618, 35.977546 ], [ 44.77267, 37.17045 ], [ 44.225756, 37.971584 ], [ 44.421403, 38.281281 ], [ 44.109225, 39.428136 ], [ 44.79399, 39.713003 ], [ 44.952688, 39.335765 ], [ 45.457722, 38.874139 ], [ 46.143623, 38.741201 ], [ 46.50572, 38.770605 ], [ 47.685079, 39.508364 ], [ 48.060095, 39.582235 ], [ 48.355529, 39.288765 ], [ 48.010744, 38.794015 ], [ 48.634375, 38.270378 ], [ 48.883249, 38.320245 ], [ 49.199612, 37.582874 ], [ 50.147771, 37.374567 ], [ 50.842354, 36.872814 ], [ 52.264025, 36.700422 ], [ 53.82579, 36.965031 ], [ 53.921598, 37.198918 ] ] ] } },
{ "type": "Feature", "properties": { "name": "Iraq", "iso3": "IRQ", "name_with_flag": "🇮🇶 Iraq", "1990": null, "1991": 2694.0394091854719, "1992": 3546.9654347058399, "1993": 4509.0436334712558, "1994": 4559.9311313494973, "1995": 4597.6213080161306, "1996": 5034.4762834946896, "1997": 6019.8891257839177, "1998": 7964.0568493303426, "1999": 9194.4742028790915, "2000": 10627.94007274909, "2001": 10719.61942084546, "2002": 9682.3761948573319, "2003": 6068.4516180834626, "2004": 9289.7422464958981, "2005": 9457.0445425690195, "2006": 10223.106532255841, "2007": 10783.12364062238, "2008": 11657.31687024615, "2009": 11687.01420832672, "2010": 12186.192962384141, "2011": 12912.029979014609, "2012": 14402.03408939552, "2013": 14668.543276499469, "2014": 13168.245587416999, "2015": 9334.4660486631528, "2016": 9079.135317694956, "2017": 10191.661698863891, "2018": 12034.4011214944, "2019": 12248.59173859636, "2020": 10573.93047507148, "2021": 12731.753575512879, "2022": 14391.129234980581, "2023": 14652.52123992118, "2024": 14464.31869281728 }, "geometry": { "type": "Polygon", "coordinates": [ [ [ 45.420618, 35.977546 ], [ 46.07634, 35.677383 ], [ 46.151788, 35.093259 ], [ 45.64846, 34.748138 ], [ 45.416691, 33.967798 ], [ 46.109362, 33.017287 ], [ 47.334661, 32.469155 ], [ 47.849204, 31.709176 ], [ 47.685286, 30.984853 ], [ 48.004698, 30.985137 ], [ 48.014568, 30.452457 ], [ 48.567971, 29.926778 ], [ 47.974519, 29.975819 ], [ 47.302622, 30.05907 ], [ 46.568713, 29.099025 ], [ 44.709499, 29.178891 ], [ 41.889981, 31.190009 ], [ 40.399994, 31.889992 ], [ 39.195468, 32.161009 ], [ 38.792341, 33.378686 ], [ 41.006159, 34.419372 ], [ 41.383965, 35.628317 ], [ 41.289707, 36.358815 ], [ 41.837064, 36.605854 ], [ 42.349591, 37.229873 ], [ 42.779126, 37.385264 ], [ 43.942259, 37.256228 ], [ 44.293452, 37.001514 ], [ 44.772699, 37.170445 ], [ 45.420618, 35.977546 ] ] ] } },
{ "type": "Feature", "properties": { "name": "Iceland", "iso3": "ISL", "name_with_flag": "🇮🇸 Iceland", "1990": 21970.442346840118, "1991": 22401.482777160789, "1992": 21862.501577599181, "1993": 22445.285694254551, "1994": 23546.903870972241, "1995": 23938.474203938429, "1996": 24767.074283006121, "1997": 26868.111498574592, "1998": 28721.093221528281, "1999": 29557.541826884619, "2000": 29782.873810421461, "2001": 31885.451073426451, "2002": 32607.105879656829, "2003": 32701.048947489209, "2004": 35617.213597967588, "2005": 37322.739927279254, "2006": 39700.081709912527, "2007": 41472.844935018387, "2008": 43728.114056412312, "2009": 41862.959925390642, "2010": 39768.416959913891, "2011": 40936.867830513031, "2012": 42004.447611059659, "2013": 44409.668953090353, "2014": 45996.968747690131, "2015": 49214.264861458367, "2016": 53480.397194676443, "2017": 55638.492059179407, "2018": 57197.767624717497, "2019": 60523.81794408249, "2020": 55796.745466763226, "2021": 61610.213274071473, "2022": 73426.227783726848, "2023": 76666.642084118939, "2024": 78258.759250789022 }, "geometry": { "type": "Polygon", "coordinates": [ [ [ -14.508695, 66.455892 ], [ -14.739637, 65.808748 ], [ -13.609732, 65.126671 ], [ -14.909834, 64.364082 ], [ -17.794438, 63.678749 ], [ -18.656246, 63.496383 ], [ -19.972755, 63.643635 ], [ -22.762972, 63.960179 ], [ -21.778484, 64.402116 ], [ -23.955044, 64.89113 ], [ -22.184403, 65.084968 ], [ -22.227423, 65.378594 ], [ -24.326184, 65.611189 ], [ -23.650515, 66.262519 ], [ -22.134922, 66.410469 ], [ -20.576284, 65.732112 ], [ -19.056842, 66.276601 ], [ -17.798624, 65.993853 ], [ -16.167819, 66.526792 ], [ -14.508695, 66.455892 ] ] ] } },
{ "type": "Feature", "properties": { "name": "Israel", "iso3": "ISR", "name_with_flag": "🇮🇱 Israel", "1990": 15696.917597494739, "1991": 16460.684175749389, "1992": 17525.94950040898, "1993": 18189.986169909691, "1994": 19448.254607581261, "1995": 20609.819687781888, "1996": 21653.176917104302, "1997": 22281.018646912249, "1998": 22912.509211785611, "1999": 23415.28234435774, "2000": 25783.17345745999, "2001": 25813.236497015489, "2002": 26101.328784113339, "2003": 24678.39616280255, "2004": 26071.050400688069, "2005": 25700.986260580929, "2006": 26365.578494352561, "2007": 28265.876329698971, "2008": 28083.836613595209, "2009": 28097.192940792331, "2010": 29455.821813253111, "2011": 31313.933499702882, "2012": 32483.74218727383, "2013": 34827.364735114606, "2014": 34816.242246007081, "2015": 35868.973637601397, "2016": 38189.161027824099, "2017": 39470.868126216439, "2018": 40189.990995706888, "2019": 41325.17836567558, "2020": 40955.28561791523, "2021": 46162.082273024753, "2022": 53564.227891667033, "2023": 53401.178230190213, "2024": 55690.739103098567 }, "geometry": { "type": "Polygon", "coordinates": [ [ [ 35.719918, 32.709192 ], [ 35.545665, 32.393992 ], [ 35.18393, 32.532511 ], [ 34.974641, 31.866582 ], [ 35.225892, 31.754341 ], [ 34.970507, 31.616778 ], [ 34.927408, 31.353435 ], [ 35.397561, 31.489086 ], [ 35.420918, 31.100066 ], [ 34.922603, 29.501326 ], [ 34.265433, 31.219361 ], [ 34.556372, 31.548824 ], [ 34.488107, 31.605539 ], [ 34.752587, 32.072926 ], [ 34.955417, 32.827376 ], [ 35.098457, 33.080539 ], [ 35.126053, 33.0909 ], [ 35.460709, 33.08904 ], [ 35.552797, 33.264275 ], [ 35.821101, 33.277426 ], [ 35.836397, 32.868123 ], [ 35.700798, 32.716014 ], [ 35.719918, 32.709192 ] ] ] } },
{ "type": "Feature", "properties": { "name": "Italy", "iso3": "ITA", "name_with_flag": "🇮🇹 Italy", "1990": 18667.878520318762, "1991": 19582.532146344609, "1992": 20182.174004969482, "1993": 20471.843549803802, "1994": 21354.405742486131, "1995": 22431.222595300591, "1996": 23092.188569355301, "1997": 23931.168700087132, "1998": 25073.65276666814, "1999": 25654.681418902888, "2000": 27146.321184003009, "2001": 28137.055862241799, "2002": 28833.021790312861, "2003": 29252.900253624059, "2004": 29584.802652546761, "2005": 30137.818037443711, "2006": 32460.550987335311, "2007": 34108.772309858978, "2008": 35422.342439111257, "2009": 34483.731100811601, "2010": 34977.994233996513, "2011": 36392.282775949257, "2012": 36281.101424350607, "2013": 36459.295024871608, "2014": 36665.685767749957, "2015": 37394.453500542259, "2016": 40482.562999855953, "2017": 42142.343540688496, "2018": 43386.700586880288, "2019": 46661.910515961143, "2020": 44435.643439352651, "2021": 49825.393411184821, "2022": 56247.415591699813, "2023": 57893.40835871522, "2024": 60846.983027027884 }, "geometry": { "type": "MultiPolygon", "coordinates": [ [ [ [ 15.520376, 38.231155 ], [ 15.160243, 37.444046 ], [ 15.309898, 37.134219 ], [ 15.099988, 36.619987 ], [ 14.335229, 36.996631 ], [ 13.826733, 37.104531 ], [ 12.431004, 37.61295 ], [ 12.570944, 38.126381 ], [ 13.741156, 38.034966 ], [ 14.761249, 38.143874 ], [ 15.520376, 38.231155 ] ] ], [ [ [ 9.210012, 41.209991 ], [ 9.809975, 40.500009 ], [ 9.669519, 39.177376 ], [ 9.214818, 39.240473 ], [ 8.806936, 38.906618 ], [ 8.428302, 39.171847 ], [ 8.388253, 40.378311 ], [ 8.159998, 40.950007 ], [ 8.709991, 40.899984 ], [ 9.210012, 41.209991 ] ] ], [ [ [ 12.376485, 46.767559 ], [ 13.806475, 46.509306 ], [ 13.69811, 46.016778 ], [ 13.93763, 45.591016 ], [ 13.141606, 45.736692 ], [ 12.328581, 45.381778 ], [ 12.383875, 44.885374 ], [ 12.261453, 44.600482 ], [ 12.589237, 44.091366 ], [ 13.526906, 43.587727 ], [ 14.029821, 42.761008 ], [ 15.14257, 41.95514 ], [ 15.926191, 41.961315 ], [ 16.169897, 41.740295 ], [ 15.889346, 41.541082 ], [ 16.785002, 41.179606 ], [ 17.519169, 40.877143 ], [ 18.376687, 40.355625 ], [ 18.480247, 40.168866 ], [ 18.293385, 39.810774 ], [ 17.73838, 40.277671 ], [ 16.869596, 40.442235 ], [ 16.448743, 39.795401 ], [ 17.17149, 39.4247 ], [ 17.052841, 38.902871 ], [ 16.635088, 38.843572 ], [ 16.100961, 37.985899 ], [ 15.684087, 37.908849 ], [ 15.687963, 38.214593 ], [ 15.891981, 38.750942 ], [ 16.109332, 38.964547 ], [ 15.718814, 39.544072 ], [ 15.413613, 40.048357 ], [ 14.998496, 40.172949 ], [ 14.703268, 40.60455 ], [ 14.060672, 40.786348 ], [ 13.627985, 41.188287 ], [ 12.888082, 41.25309 ], [ 12.106683, 41.704535 ], [ 11.191906, 42.355425 ], [ 10.511948, 42.931463 ], [ 10.200029, 43.920007 ], [ 9.702488, 44.036279 ], [ 8.888946, 44.366336 ], [ 8.428561, 44.231228 ], [ 7.850767, 43.767148 ], [ 7.435185, 43.693845 ], [ 7.549596, 44.127901 ], [ 7.007562, 44.254767 ], [ 6.749955, 45.028518 ], [ 7.096652, 45.333099 ], [ 6.802355, 45.70858 ], [ 6.843593, 45.991147 ], [ 7.273851, 45.776948 ], [ 7.755992, 45.82449 ], [ 8.31663, 46.163642 ], [ 8.489952, 46.005151 ], [ 8.966306, 46.036932 ], [ 9.182882, 46.440215 ], [ 9.922837, 46.314899 ], [ 10.363378, 46.483571 ], [ 10.442701, 46.893546 ], [ 11.048556, 46.751359 ], [ 11.164828, 46.941579 ], [ 12.153088, 47.115393 ], [ 12.376485, 46.767559 ] ] ] ] } },
{ "type": "Feature", "properties": { "name": "Jamaica", "iso3": "JAM", "name_with_flag": "🇯🇲 Jamaica", "1990": 4841.1983130713334, "1991": 5201.1906659857968, "1992": 5370.4384255892028, "1993": 5953.5503476156882, "1994": 6101.7676227504899, "1995": 6312.5168593424341, "1996": 6358.9377795507608, "1997": 6336.1288111521917, "1998": 6204.4545392743621, "1999": 6308.9293358354917, "2000": 6463.5302241772479, "2001": 6655.6486697344453, "2002": 6851.8610742948058, "2003": 7199.5458472559912, "2004": 7447.2760172901708, "2005": 7706.6315623220007, "2006": 8132.5314103817018, "2007": 8432.4104139429201, "2008": 8488.0937534458062, "2009": 8135.4313458126126, "2010": 8080.1485083733814, "2011": 8353.3074771067422, "2012": 8373.4951156294574, "2013": 8630.2420446544111, "2014": 8732.8130233756419, "2015": 8985.5766781795046, "2016": 9399.2579230510273, "2017": 9820.2073695703766, "2018": 10035.27977381748, "2019": 10083.526830062219, "2020": 8991.16205633754, "2021": 9577.1642113407888, "2022": 10790.13330086631, "2023": 11466.971334364411, "2024": 11662.344683736679 }, "geometry": { "type": "Polygon", "coordinates": [ [ [ -77.569601, 18.490525 ], [ -76.896619, 18.400867 ], [ -76.365359, 18.160701 ], [ -76.199659, 17.886867 ], [ -76.902561, 17.868238 ], [ -77.206341, 17.701116 ], [ -77.766023, 17.861597 ], [ -78.337719, 18.225968 ], [ -78.217727, 18.454533 ], [ -77.797365, 18.524218 ], [ -77.569601, 18.490525 ] ] ] } },
{ "type": "Feature", "properties": { "name": "Jordan", "iso3": "JOR", "name_with_flag": "🇯🇴 Jordan", "1990": 4317.1615124554419, "1991": 4195.2874848179736, "1992": 4653.9724234479481, "1993": 4725.8067717765516, "1994": 4829.6483159575109, "1995": 5026.5358016291611, "1996": 5054.7483857090556, "1997": 5171.2202986917528, "1998": 5263.7700264692012, "1999": 5401.8792313469812, "2000": 5640.6572819916646, "2001": 5948.0121794951756, "2002": 6256.4964394454246, "2003": 6499.9788780074796, "2004": 7073.845816070304, "2005": 7696.9450167189016, "2006": 8045.6405621500544, "2007": 8415.7116601733869, "2008": 8983.2133242345899, "2009": 9290.8085535212722, "2010": 9416.6438680607098, "2011": 9631.9289925535977, "2012": 9738.5374692619353, "2013": 9816.5985565312367, "2014": 9144.6779320499536, "2015": 8967.0799583780827, "2016": 8747.8786093085073, "2017": 9265.5153672073338, "2018": 9042.3978187119792, "2019": 9429.0727955203674, "2020": 9579.2008131769599, "2021": 9182.4961612559964, "2022": 9927.2341002505982, "2023": 10411.84161529674, "2024": 10821.490976531701 }, "geometry": { "type": "Polygon", "coordinates": [ [ [ 35.545665, 32.393992 ], [ 35.719918, 32.709192 ], [ 36.834062, 32.312938 ], [ 38.792341, 33.378686 ], [ 39.195468, 32.161009 ], [ 39.004886, 32.010217 ], [ 37.002166, 31.508413 ], [ 37.998849, 30.5085 ], [ 37.66812, 30.338665 ], [ 37.503582, 30.003776 ], [ 36.740528, 29.865283 ], [ 36.501214, 29.505254 ], [ 36.068941, 29.197495 ], [ 34.956037, 29.356555 ], [ 34.922603, 29.501326 ], [ 35.420918, 31.100066 ], [ 35.397561, 31.489086 ], [ 35.545252, 31.782505 ], [ 35.545665, 32.393992 ] ] ] } },
{ "type": "Feature", "properties": { "name": "Japan", "iso3": "JPN", "name_with_flag": "🇯🇵 Japan", "1990": 19912.516605341549, "1991": 21227.67505418857, "1992": 21825.7988198436, "1993": 22168.56028818441, "1994": 22823.441710753679, "1995": 23859.066053900449, "1996": 25000.533923594008, "1997": 25620.068102379351, "1998": 25509.899595485978, "1999": 25735.97109115167, "2000": 27287.270191271778, "2001": 27942.346651132979, "2002": 28623.588447936741, "2003": 29392.24899161857, "2004": 30830.6584466434, "2005": 32169.867493646041, "2006": 33634.631706678723, "2007": 35015.986574512717, "2008": 35273.791152156024, "2009": 33547.283424576701, "2010": 35335.373510381418, "2011": 36214.439774024097, "2012": 37605.974261453928, "2013": 39402.025098802464, "2014": 39555.412008919753, "2015": 40906.594569245994, "2016": 40596.968662899497, "2017": 41444.215744391229, "2018": 42141.935298775788, "2019": 42678.151144835378, "2020": 42425.694678965061, "2021": 44355.3487163354, "2022": 47395.839156564463, "2023": 49896.643690201767, "2024": 51685.03875255098 }, "geometry": { "type": "MultiPolygon", "coordinates": [ [ [ [ 134.638428, 34.149234 ], [ 134.766379, 33.806335 ], [ 134.203416, 33.201178 ], [ 133.79295, 33.521985 ], [ 133.280268, 33.28957 ], [ 133.014858, 32.704567 ], [ 132.363115, 32.989382 ], [ 132.371176, 33.463642 ], [ 132.924373, 34.060299 ], [ 133.492968, 33.944621 ], [ 133.904106, 34.364931 ], [ 134.638428, 34.149234 ] ] ], [ [ [ 140.976388, 37.142074 ], [ 140.59977, 36.343983 ], [ 140.774074, 35.842877 ], [ 140.253279, 35.138114 ], [ 138.975528, 34.6676 ], [ 137.217599, 34.606286 ], [ 135.792983, 33.464805 ], [ 135.120983, 33.849071 ], [ 135.079435, 34.596545 ], [ 133.340316, 34.375938 ], [ 132.156771, 33.904933 ], [ 130.986145, 33.885761 ], [ 132.000036, 33.149992 ], [ 131.33279, 31.450355 ], [ 130.686318, 31.029579 ], [ 130.20242, 31.418238 ], [ 130.447676, 32.319475 ], [ 129.814692, 32.61031 ], [ 129.408463, 33.296056 ], [ 130.353935, 33.604151 ], [ 130.878451, 34.232743 ], [ 131.884229, 34.749714 ], [ 132.617673, 35.433393 ], [ 134.608301, 35.731618 ], [ 135.677538, 35.527134 ], [ 136.723831, 37.304984 ], [ 137.390612, 36.827391 ], [ 138.857602, 37.827485 ], [ 139.426405, 38.215962 ], [ 140.05479, 39.438807 ], [ 139.883379, 40.563312 ], [ 140.305783, 41.195005 ], [ 141.368973, 41.37856 ], [ 141.914263, 39.991616 ], [ 141.884601, 39.180865 ], [ 140.959489, 38.174001 ], [ 140.976388, 37.142074 ] ] ], [ [ [ 143.910162, 44.1741 ], [ 144.613427, 43.960883 ], [ 145.320825, 44.384733 ], [ 145.543137, 43.262088 ], [ 144.059662, 42.988358 ], [ 143.18385, 41.995215 ], [ 141.611491, 42.678791 ], [ 141.067286, 41.584594 ], [ 139.955106, 41.569556 ], [ 139.817544, 42.563759 ], [ 140.312087, 43.333273 ], [ 141.380549, 43.388825 ], [ 141.671952, 44.772125 ], [ 141.967645, 45.551483 ], [ 143.14287, 44.510358 ], [ 143.910162, 44.1741 ] ] ] ] } },
{ "type": "Feature", "properties": { "name": "Kazakhstan", "iso3": "KAZ", "name_with_flag": "🇰🇿 Kazakhstan", "1990": 7874.1873635695383, "1991": 7192.8020797262116, "1992": 6945.0944110073106, "1993": 6477.3485253247218, "1994": 5860.350668634771, "1995": 5595.433989494215, "1996": 5836.0719836012104, "1997": 6177.9247502655708, "1998": 6283.5459053562436, "1999": 6625.782151908471, "2000": 7418.1961207685772, "2001": 8568.0871949203065, "2002": 9504.4508248694856, "2003": 10532.44669734908, "2004": 11777.111957013411, "2005": 13226.14669638922, "2006": 14965.772319567641, "2007": 16581.224053117719, "2008": 17278.472168114651, "2009": 17389.014583831569, "2010": 18641.806147707281, "2011": 20159.932942641299, "2012": 21367.218059537208, "2013": 23754.134195211689, "2014": 23958.112889060259, "2015": 22484.365138260669, "2016": 23023.087229389861, "2017": 23973.060229565079, "2018": 25096.12858626153, "2019": 28689.27108383739, "2020": 29039.822962450911, "2021": 32945.851572582309, "2022": 35895.083987166683, "2023": 38515.183601094643, "2024": 40813.044280470604 }, "geometry": { "type": "Polygon", "coordinates": [ [ [ 70.962315, 42.266154 ], [ 70.388965, 42.081308 ], [ 69.070027, 41.384244 ], [ 68.632483, 40.668681 ], [ 68.259896, 40.662325 ], [ 67.985856, 41.135991 ], [ 66.714047, 41.168444 ], [ 66.510649, 41.987644 ], [ 66.023392, 41.994646 ], [ 66.098012, 42.99766 ], [ 64.900824, 43.728081 ], [ 63.185787, 43.650075 ], [ 62.0133, 43.504477 ], [ 61.05832, 44.405817 ], [ 60.239972, 44.784037 ], [ 58.689989, 45.500014 ], [ 58.503127, 45.586804 ], [ 55.928917, 44.995858 ], [ 55.968191, 41.308642 ], [ 55.455251, 41.259859 ], [ 54.755345, 42.043971 ], [ 54.079418, 42.324109 ], [ 52.944293, 42.116034 ], [ 52.50246, 41.783316 ], [ 52.446339, 42.027151 ], [ 52.692112, 42.443895 ], [ 52.501426, 42.792298 ], [ 51.342427, 43.132975 ], [ 50.891292, 44.031034 ], [ 50.339129, 44.284016 ], [ 50.305643, 44.609836 ], [ 51.278503, 44.514854 ], [ 51.316899, 45.245998 ], [ 52.16739, 45.408391 ], [ 53.040876, 45.259047 ], [ 53.220866, 46.234646 ], [ 53.042737, 46.853006 ], [ 52.042023, 46.804637 ], [ 51.191945, 47.048705 ], [ 50.034083, 46.60899 ], [ 49.10116, 46.39933 ], [ 48.593241, 46.561034 ], [ 48.694734, 47.075628 ], [ 48.057253, 47.743753 ], [ 47.315231, 47.715847 ], [ 46.466446, 48.394152 ], [ 47.043672, 49.152039 ], [ 46.751596, 49.356006 ], [ 47.54948, 50.454698 ], [ 48.577841, 49.87476 ], [ 48.702382, 50.605128 ], [ 50.766648, 51.692762 ], [ 52.328724, 51.718652 ], [ 54.532878, 51.02624 ], [ 55.716941, 50.621717 ], [ 56.777961, 51.043551 ], [ 58.363291, 51.063653 ], [ 59.642282, 50.545442 ], [ 59.932807, 50.842194 ], [ 61.337424, 50.79907 ], [ 61.588003, 51.272659 ], [ 59.967534, 51.96042 ], [ 60.927269, 52.447548 ], [ 60.739993, 52.719986 ], [ 61.699986, 52.979996 ], [ 60.978066, 53.664993 ], [ 61.436591, 54.006265 ], [ 65.178534, 54.354228 ], [ 65.666876, 54.601267 ], [ 68.1691, 54.970392 ], [ 69.068167, 55.38525 ], [ 70.865267, 55.169734 ], [ 71.180131, 54.133285 ], [ 72.22415, 54.376655 ], [ 73.508516, 54.035617 ], [ 73.425679, 53.48981 ], [ 74.384845, 53.546861 ], [ 76.8911, 54.490524 ], [ 76.525179, 54.177003 ], [ 77.800916, 53.404415 ], [ 80.03556, 50.864751 ], [ 80.568447, 51.388336 ], [ 81.945986, 50.812196 ], [ 83.383004, 51.069183 ], [ 83.935115, 50.889246 ], [ 84.416377, 50.3114 ], [ 85.11556, 50.117303 ], [ 85.54127, 49.692859 ], [ 86.829357, 49.826675 ], [ 87.35997, 49.214981 ], [ 86.598776, 48.549182 ], [ 85.768233, 48.455751 ], [ 85.720484, 47.452969 ], [ 85.16429, 47.000956 ], [ 83.180484, 47.330031 ], [ 82.458926, 45.53965 ], [ 81.947071, 45.317027 ], [ 79.966106, 44.917517 ], [ 80.866206, 43.180362 ], [ 80.18015, 42.920068 ], [ 80.25999, 42.349999 ], [ 79.643645, 42.496683 ], [ 79.142177, 42.856092 ], [ 77.658392, 42.960686 ], [ 76.000354, 42.988022 ], [ 75.636965, 42.8779 ], [ 74.212866, 43.298339 ], [ 73.645304, 43.091272 ], [ 73.489758, 42.500894 ], [ 71.844638, 42.845395 ], [ 71.186281, 42.704293 ], [ 70.962315, 42.266154 ] ] ] } },
{ "type": "Feature", "properties": { "name": "Kenya", "iso3": "KEN", "name_with_flag": "🇰🇪 Kenya", "1990": 1729.273446029513, "1991": 1755.654016199637, "1992": 1727.5406754947589, "1993": 1722.820698861924, "1994": 1754.2534007739309, "1995": 1817.6088809569501, "1996": 1875.298309481147, "1997": 1865.0266727917499, "1998": 1895.0173820293701, "1999": 1910.2401302761671, "2000": 1906.897940959992, "2001": 1961.0581686946291, "2002": 1940.4030326056011, "2003": 1974.8582021244031, "2004": 2066.3154063863171, "2005": 2188.6956101774972, "2006": 2330.130289411652, "2007": 2481.0870614699611, "2008": 2459.1217452421288, "2009": 2480.044290680105, "2010": 2634.8927132382551, "2011": 2750.286637876934, "2012": 2847.2706828684618, "2013": 3106.3939446488512, "2014": 3359.4895066509312, "2015": 3678.326141460193, "2016": 3916.6531567309462, "2017": 4177.2499358026744, "2018": 4411.5610412088572, "2019": 4687.3778232530594, "2020": 4792.5731584718242, "2021": 5338.852433827813, "2022": 5883.2230396192144, "2023": 6307.2324941930174, "2024": 6619.3585744899356 }, "geometry": { "type": "Polygon", "coordinates": [ [ [ 40.993, -0.85829 ], [ 41.58513, -1.68325 ], [ 40.88477, -2.08255 ], [ 40.63785, -2.49979 ], [ 40.26304, -2.57309 ], [ 40.12119, -3.27768 ], [ 39.80006, -3.68116 ], [ 39.60489, -4.34653 ], [ 39.20222, -4.67677 ], [ 37.7669, -3.67712 ], [ 37.69869, -3.09699 ], [ 34.07262, -1.05982 ], [ 33.903711, -0.95 ], [ 33.893569, 0.109814 ], [ 34.18, 0.515 ], [ 34.6721, 1.17694 ], [ 35.03599, 1.90584 ], [ 34.59607, 3.05374 ], [ 34.47913, 3.5556 ], [ 34.005, 4.249885 ], [ 34.620196, 4.847123 ], [ 35.298007, 5.506 ], [ 35.817448, 5.338232 ], [ 35.817448, 4.776966 ], [ 36.159079, 4.447864 ], [ 36.855093, 4.447864 ], [ 38.120915, 3.598605 ], [ 38.43697, 3.58851 ], [ 38.67114, 3.61607 ], [ 38.89251, 3.50074 ], [ 39.559384, 3.42206 ], [ 39.85494, 3.83879 ], [ 40.76848, 4.25702 ], [ 41.1718, 3.91909 ], [ 41.855083, 3.918912 ], [ 40.98105, 2.78452 ], [ 40.993, -0.85829 ] ] ] } },
{ "type": "Feature", "properties": { "name": "Kyrgyzstan", "iso3": "KGZ", "name_with_flag": "🇰🇬 Kyrgyzstan", "1990": 2543.7413103728841, "1991": 2381.594035890178, "1992": 2074.734487038058, "1993": 1795.0224359192871, "1994": 1465.6727598718701, "1995": 1401.1568174977381, "1996": 1505.448837380407, "1997": 1658.8867523275919, "1998": 1687.0476367476369, "1999": 1747.3060741836721, "2000": 1861.8655971169869, "2001": 1986.161358234295, "2002": 1998.237880619713, "2003": 2158.1966740453349, "2004": 2343.4304401500431, "2005": 2385.5944651780142, "2006": 2508.3884484280511, "2007": 2769.8950845190811, "2008": 3031.494070502154, "2009": 3096.9381411487152, "2010": 3075.6155433245508, "2011": 3278.3510222008581, "2012": 3588.679888240255, "2013": 4000.9629576510738, "2014": 4228.1951482991981, "2015": 4153.3766990372033, "2016": 4603.7596424787762, "2017": 4953.7175508519867, "2018": 4777.9417539557462, "2019": 5304.2275831440465, "2020": 5178.5619670404021, "2021": 5736.4788341515396, "2022": 6577.5121772838929, "2023": 7298.0861256193348, "2024": 8009.4091944569182 }, "geometry": { "type": "Polygon", "coordinates": [ [ [ 70.962315, 42.266154 ], [ 71.186281, 42.704293 ], [ 71.844638, 42.845395 ], [ 73.489758, 42.500894 ], [ 73.645304, 43.091272 ], [ 74.212866, 43.298339 ], [ 75.636965, 42.8779 ], [ 76.000354, 42.988022 ], [ 77.658392, 42.960686 ], [ 79.142177, 42.856092 ], [ 79.643645, 42.496683 ], [ 80.25999, 42.349999 ], [ 80.11943, 42.123941 ], [ 78.543661, 41.582243 ], [ 78.187197, 41.185316 ], [ 76.904484, 41.066486 ], [ 76.526368, 40.427946 ], [ 75.467828, 40.562072 ], [ 74.776862, 40.366425 ], [ 73.822244, 39.893973 ], [ 73.960013, 39.660008 ], [ 73.675379, 39.431237 ], [ 71.784694, 39.279463 ], [ 70.549162, 39.604198 ], [ 69.464887, 39.526683 ], [ 69.55961, 40.103211 ], [ 70.648019, 39.935754 ], [ 71.014198, 40.244366 ], [ 71.774875, 40.145844 ], [ 73.055417, 40.866033 ], [ 71.870115, 41.3929 ], [ 71.157859, 41.143587 ], [ 70.420022, 41.519998 ], [ 71.259248, 42.167711 ], [ 70.962315, 42.266154 ] ] ] } },
{ "type": "Feature", "properties": { "name": "Cambodia", "iso3": "KHM", "name_with_flag": "🇰🇭 Cambodia", "1990": 1409.7139168834799, "1991": 1504.3582943769461, "1992": 1560.1077136010999, "1993": 1565.429892953229, "1994": 972.05630452546097, "1995": 1005.876095413504, "1996": 1006.090324582085, "1997": 993.63734541812437, "1998": 1009.347615699511, "1999": 1134.1646401403741, "2000": 1255.640378423722, "2001": 1357.4261110626501, "2002": 1442.4648142984429, "2003": 1597.8822644628619, "2004": 1769.7623502524441, "2005": 2038.145986251204, "2006": 2296.7685787527448, "2007": 2566.1475973255301, "2008": 2768.792376176752, "2009": 2854.0328837654861, "2010": 2988.5040143945671, "2011": 3223.1020935163779, "2012": 3583.4822973943692, "2013": 3890.948412052207, "2014": 4117.7886830900597, "2015": 4433.6439350057199, "2016": 4748.1242852152782, "2017": 5050.0635661511278, "2018": 5616.9808702330311, "2019": 6153.9943952842723, "2020": 5942.4538037392867, "2021": 6225.5326547474051, "2022": 6918.8162694676648, "2023": 7430.730857094155, "2024": 7969.9336107740801 }, "geometry": { "type": "Polygon", "coordinates": [ [ [ 103.49728, 10.632555 ], [ 103.09069, 11.153661 ], [ 102.584932, 12.186595 ], [ 102.348099, 13.394247 ], [ 102.988422, 14.225721 ], [ 104.281418, 14.416743 ], [ 105.218777, 14.273212 ], [ 106.043946, 13.881091 ], [ 106.496373, 14.570584 ], [ 107.382727, 14.202441 ], [ 107.614548, 13.535531 ], [ 107.491403, 12.337206 ], [ 105.810524, 11.567615 ], [ 106.24967, 10.961812 ], [ 105.199915, 10.88931 ], [ 104.334335, 10.486544 ], [ 103.49728, 10.632555 ] ] ] } },
{ "type": "Feature", "properties": { "name": "South Korea", "iso3": "KOR", "name_with_flag": "🇰🇷 South Korea", "1990": 8355.3327739747037, "1991": 9474.6425964704504, "1992": 10184.85566458929, "1993": 11030.711948460081, "1994": 12187.254965927341, "1995": 13502.582742079399, "1996": 14694.09624450083, "1997": 15721.70565769212, "1998": 14974.659574711841, "1999": 16807.12947641953, "2000": 18538.835532559169, "2001": 19724.425945722851, "2002": 21396.83774553693, "2003": 22095.870826346971, "2004": 23773.82865367812, "2005": 25186.867566809229, "2006": 26884.267328335842, "2007": 29064.918084686658, "2008": 29946.07748913025, "2009": 29508.381506061509, "2010": 31736.628437092539, "2011": 32546.75365312336, "2012": 33557.128719643442, "2013": 34244.31213931174, "2014": 35324.497670477307, "2015": 37907.500310201583, "2016": 39575.454283003121, "2017": 40957.418058714517, "2018": 43044.29176333706, "2019": 43865.041636674527, "2020": 45142.763450540268, "2021": 48419.64325135095, "2022": 51231.453066360053, "2023": 52203.968566049392, "2024": null }, "geometry": { "type": "Polygon", "coordinates": [ [ [ 128.349716, 38.612243 ], [ 129.21292, 37.432392 ], [ 129.46045, 36.784189 ], [ 129.468304, 35.632141 ], [ 129.091377, 35.082484 ], [ 128.18585, 34.890377 ], [ 127.386519, 34.475674 ], [ 126.485748, 34.390046 ], [ 126.37392, 34.93456 ], [ 126.559231, 35.684541 ], [ 126.117398, 36.725485 ], [ 126.860143, 36.893924 ], [ 126.174759, 37.749686 ], [ 126.237339, 37.840378 ], [ 126.68372, 37.804773 ], [ 127.073309, 38.256115 ], [ 127.780035, 38.304536 ], [ 128.205746, 38.370397 ], [ 128.349716, 38.612243 ] ] ] } },
{ "type": "Feature", "properties": { "name": "Kosovo", "iso3": "XKX", "name_with_flag": " Kosovo", "1990": null, "1991": null, "1992": null, "1993": null, "1994": null, "1995": null, "1996": null, "1997": null, "1998": null, "1999": null, "2000": null, "2001": null, "2002": null, "2003": null, "2004": null, "2005": null, "2006": null, "2007": null, "2008": 6352.6523195552008, "2009": 6736.7610892669254, "2010": 7179.2227793368666, "2011": 7776.47393102774, "2012": 7897.5669277787629, "2013": 8090.7593926390209, "2014": 8200.47420451574, "2015": 8714.9196635613189, "2016": 9157.0463074290819, "2017": 9380.9400729005702, "2018": 10018.73870808113, "2019": 10861.05317459744, "2020": 10532.505469284941, "2021": 12362.421018121309, "2022": 13950.89673224105, "2023": 15804.40657540579, "2024": 18619.827171263889 }, "geometry": { "type": "Polygon", "coordinates": [ [ [ 20.76216, 42.05186 ], [ 20.71731, 41.84711 ], [ 20.59023, 41.85541 ], [ 20.52295, 42.21787 ], [ 20.28374, 42.32025 ], [ 20.0707, 42.58863 ], [ 20.25758, 42.81275 ], [ 20.49679, 42.88469 ], [ 20.63508, 43.21671 ], [ 20.81448, 43.27205 ], [ 20.95651, 43.13094 ], [ 21.143395, 43.068685 ], [ 21.27421, 42.90959 ], [ 21.43866, 42.86255 ], [ 21.63302, 42.67717 ], [ 21.77505, 42.6827 ], [ 21.66292, 42.43922 ], [ 21.54332, 42.32025 ], [ 21.576636, 42.245224 ], [ 21.3527, 42.2068 ], [ 20.76216, 42.05186 ] ] ] } },
{ "type": "Feature", "properties": { "name": "Kuwait", "iso3": "KWT", "name_with_flag": "🇰🇼 Kuwait", "1990": 30763.06696131971, "1991": 23390.42362900461, "1992": 36149.183516501776, "1993": 48481.760423636653, "1994": 53945.588176450517, "1995": 57163.34921272986, "1996": 56912.696191203468, "1997": 57419.932162679826, "1998": 58343.788184650999, "1999": 56406.468579298649, "2000": 58702.86732479593, "2001": 58552.783917771907, "2002": 59713.172224115551, "2003": 69752.38417825487, "2004": 77226.636837635248, "2005": 84968.019839851069, "2006": 89075.224606307544, "2007": 91434.904473679766, "2008": 90337.356880353182, "2009": 80110.069885304125, "2010": 75184.086663655922, "2011": 79036.785771451687, "2012": 82089.726074366699, "2013": 76812.538800244496, "2014": 68336.599195309202, "2015": 45267.308591002577, "2016": 41862.173911505932, "2017": 46565.549900301448, "2018": 51370.732048732061, "2019": 50703.000137746647, "2020": 41461.723510321892, "2021": 50651.957576402543, "2022": 55043.002272259677, "2023": 53025.471138782377, "2024": 51635.959810722423 }, "geometry": { "type": "Polygon", "coordinates": [ [ [ 47.974519, 29.975819 ], [ 48.183189, 29.534477 ], [ 48.093943, 29.306299 ], [ 48.416094, 28.552004 ], [ 47.708851, 28.526063 ], [ 47.459822, 29.002519 ], [ 46.568713, 29.099025 ], [ 47.302622, 30.05907 ], [ 47.974519, 29.975819 ] ] ] } },
{ "type": "Feature", "properties": { "name": "Laos", "iso3": "LAO", "name_with_flag": "🇱🇦 Laos", "1990": 1012.014594201633, "1991": 1060.889015862974, "1992": 1114.1114990042579, "1993": 1175.617815019745, "1994": 1265.1582326510129, "1995": 1348.7979827206109, "1996": 1434.8086718254469, "1997": 1527.6588922176361, "1998": 1576.663635033681, "1999": 1686.079386451413, "2000": 1793.8858260733359, "2001": 1908.062365874121, "2002": 2019.697748490561, "2003": 2151.1509959578848, "2004": 2315.4337952739538, "2005": 2519.4613510001741, "2006": 2776.697523285271, "2007": 3021.441731140118, "2008": 3270.557510233501, "2009": 3485.0682774026818, "2010": 3772.2660517240388, "2011": 4099.7845733074128, "2012": 4780.9473300016653, "2013": 5221.5985578333903, "2014": 5798.5043673009077, "2015": 6086.0673044621963, "2016": 6743.0105395303681, "2017": 7141.9065270176652, "2018": 7486.8645270043253, "2019": 7743.2190653426051, "2020": 7913.3866065027587, "2021": 8080.4355324992312, "2022": 8766.4406261109434, "2023": 9291.7885900113815, "2024": 9787.8509840436564 }, "geometry": { "type": "Polygon", "coordinates": [ [ [ 105.218777, 14.273212 ], [ 105.544338, 14.723934 ], [ 105.589039, 15.570316 ], [ 104.779321, 16.441865 ], [ 104.716947, 17.428859 ], [ 103.956477, 18.240954 ], [ 103.200192, 18.309632 ], [ 102.998706, 17.961695 ], [ 102.413005, 17.932782 ], [ 102.113592, 18.109102 ], [ 101.059548, 17.512497 ], [ 101.035931, 18.408928 ], [ 101.282015, 19.462585 ], [ 100.606294, 19.508344 ], [ 100.548881, 20.109238 ], [ 100.115988, 20.41785 ], [ 100.329101, 20.786122 ], [ 101.180005, 21.436573 ], [ 101.270026, 21.201652 ], [ 101.80312, 21.174367 ], [ 101.652018, 22.318199 ], [ 102.170436, 22.464753 ], [ 102.754896, 21.675137 ], [ 103.203861, 20.766562 ], [ 104.435, 20.758733 ], [ 104.822574, 19.886642 ], [ 104.183388, 19.624668 ], [ 103.896532, 19.265181 ], [ 105.094598, 18.666975 ], [ 105.925762, 17.485315 ], [ 106.556008, 16.604284 ], [ 107.312706, 15.908538 ], [ 107.564525, 15.202173 ], [ 107.382727, 14.202441 ], [ 106.496373, 14.570584 ], [ 106.043946, 13.881091 ], [ 105.218777, 14.273212 ] ] ] } },
{ "type": "Feature", "properties": { "name": "Lebanon", "iso3": "LBN", "name_with_flag": "🇱🇧 Lebanon", "1990": 2990.3360851284442, "1991": 4527.2573443334904, "1992": 5278.7083392897894, "1993": 5870.7921376513204, "1994": 6366.9090729180343, "1995": 6795.6766010535648, "1996": 7559.7565239433816, "1997": 7631.9854064428928, "1998": 7861.2258299699097, "1999": 7792.6613267207686, "2000": 7937.9565300673166, "2001": 8289.3838902792631, "2002": 8586.2404068539727, "2003": 8914.4827791779262, "2004": 9609.0128263362913, "2005": 10019.99415404408, "2006": 10312.353331255121, "2007": 11355.662975624949, "2008": 12415.94000642735, "2009": 13586.144483043539, "2010": 14703.61532150838, "2011": 14974.553438992971, "2012": 16121.33523864603, "2013": 16315.61377487631, "2014": 16139.864996695531, "2015": 17045.898285301031, "2016": 18940.59010004533, "2017": 20963.824947253339, "2018": 21985.488470224082, "2019": 21710.464875080721, "2020": 16259.705131228049, "2021": 11599.775508376541, "2022": 12292.84073055011, "2023": 12574.8329116403, "2024": null }, "geometry": { "type": "Polygon", "coordinates": [ [ [ 35.821101, 33.277426 ], [ 35.552797, 33.264275 ], [ 35.460709, 33.08904 ], [ 35.126053, 33.0909 ], [ 35.482207, 33.90545 ], [ 35.979592, 34.610058 ], [ 35.998403, 34.644914 ], [ 36.448194, 34.593935 ], [ 36.61175, 34.201789 ], [ 36.06646, 33.824912 ], [ 35.821101, 33.277426 ] ] ] } },
{ "type": "Feature", "properties": { "name": "Liberia", "iso3": "LBR", "name_with_flag": "🇱🇷 Liberia", "1990": 786.52580945832108, "1991": 792.688689765655, "1992": 496.85140641224751, "1993": 327.82990407960051, "1994": 262.59628140344881, "1995": 254.3884745813946, "1996": 282.2316765141066, "1997": 547.87679490027676, "1998": 651.9264086301821, "1999": 761.66272601409651, "2000": 965.39552333054758, "2001": 986.57279867863883, "2002": 1012.918912921102, "2003": 715.81824681287435, "2004": 745.39786181665625, "2005": 774.03256779028538, "2006": 815.21891703683661, "2007": 872.58464594221641, "2008": 915.05359971417943, "2009": 939.49629024621436, "2010": 980.11813977409997, "2011": 1040.761414040184, "2012": 1156.953194480036, "2013": 1360.129103701546, "2014": 1418.7735551589151, "2015": 1340.432797411966, "2016": 1490.33581410026, "2017": 1664.944813235657, "2018": 1799.727513977484, "2019": 1899.522009728551, "2020": 1659.521091459914, "2021": 1539.20892304674, "2022": 1691.572757218511, "2023": 1794.5334086336211, "2024": 1884.913142911159 }, "geometry": { "type": "Polygon", "coordinates": [ [ [ -7.712159, 4.364566 ], [ -7.974107, 4.355755 ], [ -9.004794, 4.832419 ], [ -9.91342, 5.593561 ], [ -10.765384, 6.140711 ], [ -11.438779, 6.785917 ], [ -11.199802, 7.105846 ], [ -11.146704, 7.396706 ], [ -10.695595, 7.939464 ], [ -10.230094, 8.406206 ], [ -10.016567, 8.428504 ], [ -9.755342, 8.541055 ], [ -9.33728, 7.928534 ], [ -9.403348, 7.526905 ], [ -9.208786, 7.313921 ], [ -8.926065, 7.309037 ], [ -8.722124, 7.711674 ], [ -8.439298, 7.686043 ], [ -8.485446, 7.395208 ], [ -8.385452, 6.911801 ], [ -8.60288, 6.467564 ], [ -8.311348, 6.193033 ], [ -7.993693, 6.12619 ], [ -7.570153, 5.707352 ], [ -7.539715, 5.313345 ], [ -7.635368, 5.188159 ], [ -7.712159, 4.364566 ] ] ] } },
{ "type": "Feature", "properties": { "name": "Libya", "iso3": "LBY", "name_with_flag": "🇱🇾 Libya", "1990": 17172.60330960817, "1991": 20084.62590516296, "1992": 19571.91311395471, "1993": 18904.224211944871, "1994": 19318.20677744157, "1995": 18952.000871347049, "1996": 19392.48696354132, "1997": 20438.639917472901, "1998": 19639.194732026081, "1999": 19769.02443169129, "2000": 20616.98486835985, "2001": 20331.63151810025, "2002": 20060.639691398261, "2003": 22662.72421409966, "2004": 23813.40115044959, "2005": 26902.898587889529, "2006": 28935.661582030501, "2007": 30928.9422810828, "2008": 30812.283728870261, "2009": 29027.146807122779, "2010": 30234.091872880501, "2011": 15698.051907261161, "2012": 26826.072975673309, "2013": 21151.00519116328, "2014": 17509.52850878449, "2015": 17903.256539580281, "2016": 16961.01771117168, "2017": 18026.01878340081, "2018": 18879.315130198382, "2019": 16194.108206114561, "2020": 10954.799045264959, "2021": 12641.50977140746, "2022": 12272.835618133449, "2023": 13848.79500255062, "2024": 13953.798028331819 }, "geometry": { "type": "Polygon", "coordinates": [ [ [ 14.8513, 22.86295 ], [ 14.143871, 22.491289 ], [ 13.581425, 23.040506 ], [ 11.999506, 23.471668 ], [ 11.560669, 24.097909 ], [ 10.771364, 24.562532 ], [ 10.303847, 24.379313 ], [ 9.948261, 24.936954 ], [ 9.910693, 25.365455 ], [ 9.319411, 26.094325 ], [ 9.716286, 26.512206 ], [ 9.629056, 27.140953 ], [ 9.756128, 27.688259 ], [ 9.683885, 28.144174 ], [ 9.859998, 28.95999 ], [ 9.805634, 29.424638 ], [ 9.48214, 30.307556 ], [ 9.970017, 30.539325 ], [ 10.056575, 30.961831 ], [ 9.950225, 31.37607 ], [ 10.636901, 31.761421 ], [ 10.94479, 32.081815 ], [ 11.432253, 32.368903 ], [ 11.488787, 33.136996 ], [ 12.66331, 32.79278 ], [ 13.08326, 32.87882 ], [ 13.91868, 32.71196 ], [ 15.24563, 32.26508 ], [ 15.71394, 31.37626 ], [ 16.61162, 31.18218 ], [ 18.02109, 30.76357 ], [ 19.08641, 30.26639 ], [ 19.57404, 30.52582 ], [ 20.05335, 30.98576 ], [ 19.82033, 31.75179 ], [ 20.13397, 32.2382 ], [ 20.85452, 32.7068 ], [ 21.54298, 32.8432 ], [ 22.89576, 32.63858 ], [ 23.2368, 32.19149 ], [ 23.60913, 32.18726 ], [ 23.9275, 32.01667 ], [ 24.92114, 31.89936 ], [ 25.16482, 31.56915 ], [ 24.80287, 31.08929 ], [ 24.95762, 30.6616 ], [ 24.70007, 30.04419 ], [ 25.0, 29.238655 ], [ 25.0, 25.6825 ], [ 25.0, 22.0 ], [ 25.0, 20.00304 ], [ 23.85, 20.0 ], [ 23.83766, 19.58047 ], [ 19.84926, 21.49509 ], [ 15.86085, 23.40972 ], [ 14.8513, 22.86295 ] ] ] } },
{ "type": "Feature", "properties": { "name": "Sri Lanka", "iso3": "LKA", "name_with_flag": "🇱🇰 Sri Lanka", "1990": 2527.4429525285009, "1991": 2712.722802104006, "1992": 2850.9500750256252, "1993": 3067.3829268828508, "1994": 3260.4689251378609, "1995": 3454.275011569453, "1996": 3581.652765951404, "1997": 3803.8835960009601, "1998": 3952.041044352909, "1999": 4103.3804509247211, "2000": 4367.8035898268581, "2001": 4328.1914111182759, "2002": 4522.3276963926737, "2003": 4849.8602344965193, "2004": 5215.880244362249, "2005": 5678.7464777750019, "2006": 6260.6799015368852, "2007": 6820.393100221524, "2008": 7316.5862650964573, "2009": 7575.5798872358037, "2010": 8233.6266381135974, "2011": 9075.5454958392693, "2012": 10249.16706374873, "2013": 11252.631149214831, "2014": 11720.59781142015, "2015": 12227.17148495127, "2016": 13078.560508907171, "2017": 13610.47231366177, "2018": 14178.02253618865, "2019": 14112.95250422097, "2020": 12940.904329574931, "2021": 14316.135222568289, "2022": 14193.65462174459, "2023": 14455.65444147338, "2024": 15632.592484984811 }, "geometry": { "type": "Polygon", "coordinates": [ [ [ 81.787959, 7.523055 ], [ 81.637322, 6.481775 ], [ 81.21802, 6.197141 ], [ 80.348357, 5.96837 ], [ 79.872469, 6.763463 ], [ 79.695167, 8.200843 ], [ 80.147801, 9.824078 ], [ 80.838818, 9.268427 ], [ 81.304319, 8.564206 ], [ 81.787959, 7.523055 ] ] ] } },
{ "type": "Feature", "properties": { "name": "Lesotho", "iso3": "LSO", "name_with_flag": "🇱🇸 Lesotho", "1990": 764.0573153735769, "1991": 829.9366592197282, "1992": 892.92525578773552, "1993": 931.98425738479557, "1994": 995.24414325636201, "1995": 1036.788085220463, "1996": 1103.0020217629281, "1997": 1154.3823446805509, "1998": 1179.421705049001, "1999": 1198.694819918265, "2000": 1272.924433990996, "2001": 1350.005297065346, "2002": 1385.182220674536, "2003": 1484.0958444925659, "2004": 1560.7487754792451, "2005": 1680.87364079911, "2006": 1813.4444072345029, "2007": 1932.4266622594, "2008": 2064.423112141938, "2009": 2036.263085676539, "2010": 2152.9152828976771, "2011": 2278.5014279106581, "2012": 2291.4956531127009, "2013": 2538.2631030604939, "2014": 2771.24496867163, "2015": 3034.6469292484821, "2016": 2942.1815366392129, "2017": 2618.818207701453, "2018": 2632.2877522300391, "2019": 2568.3411436271931, "2020": 2559.0977683492902, "2021": 2544.7824955121409, "2022": 2761.311050022156, "2023": 2880.9663100511871, "2024": 2998.470395042531 }, "geometry": { "type": "Polygon", "coordinates": [ [ [ 28.978263, -28.955597 ], [ 29.325166, -29.257387 ], [ 29.018415, -29.743766 ], [ 28.8484, -30.070051 ], [ 28.291069, -30.226217 ], [ 28.107205, -30.545732 ], [ 27.749397, -30.645106 ], [ 26.999262, -29.875954 ], [ 27.532511, -29.242711 ], [ 28.074338, -28.851469 ], [ 28.5417, -28.647502 ], [ 28.978263, -28.955597 ] ] ] } },
{ "type": "Feature", "properties": { "name": "Lithuania", "iso3": "LTU", "name_with_flag": "🇱🇹 Lithuania", "1990": 8946.8858133057474, "1991": 8709.6556485749879, "1992": 7021.9787725800397, "1993": 6050.5854436422842, "1994": 5615.0912118681817, "1995": 5967.1914542830082, "1996": 6419.6640634433597, "1997": 7102.8812426818986, "1998": 7796.7871819472457, "1999": 7856.7065911387481, "2000": 8465.9432959400492, "2001": 9456.8732807001797, "2002": 10497.266620019849, "2003": 12085.956675289901, "2004": 13097.43756629485, "2005": 14514.783294216641, "2006": 16446.97780226103, "2007": 19113.986138616441, "2008": 20735.70797760956, "2009": 18167.63790382717, "2010": 19827.94868418399, "2011": 22701.55460597666, "2012": 24566.89870315299, "2013": 26563.37489755189, "2014": 28005.79241248568, "2015": 28853.997856093691, "2016": 30772.67284494426, "2017": 33591.555407148837, "2018": 36491.938522368873, "2019": 40563.830488455496, "2020": 41262.727694172463, "2021": 45873.527323948569, "2022": 50498.382396334637, "2023": 50914.863814666511, "2024": 54413.964068281297 }, "geometry": { "type": "Polygon", "coordinates": [ [ [ 22.731099, 54.327537 ], [ 22.651052, 54.582741 ], [ 22.757764, 54.856574 ], [ 22.315724, 55.015299 ], [ 21.268449, 55.190482 ], [ 21.0558, 56.031076 ], [ 22.201157, 56.337802 ], [ 23.878264, 56.273671 ], [ 24.860684, 56.372528 ], [ 25.000934, 56.164531 ], [ 25.533047, 56.100297 ], [ 26.494331, 55.615107 ], [ 26.588279, 55.167176 ], [ 25.768433, 54.846963 ], [ 25.536354, 54.282423 ], [ 24.450684, 53.905702 ], [ 23.484128, 53.912498 ], [ 23.243987, 54.220567 ], [ 22.731099, 54.327537 ] ] ] } },
{ "type": "Feature", "properties": { "name": "Luxembourg", "iso3": "LUX", "name_with_flag": "🇱🇺 Luxembourg", "1990": 29929.052156185458, "1991": 33168.428788489553, "1992": 34085.823828080443, "1993": 35874.704762949274, "1994": 37526.261914143943, "1995": 38319.76301241351, "1996": 39707.461526776991, "1997": 42477.73983149563, "1998": 44267.176858683801, "1999": 49844.676962797588, "2000": 55124.292251269428, "2001": 56141.775166448591, "2002": 58575.679271754409, "2003": 60199.850796778803, "2004": 64694.433416102816, "2005": 68787.854749426595, "2006": 78878.027516148664, "2007": 85129.188816961163, "2008": 90970.721198014726, "2009": 86873.256241956289, "2010": 90346.068826800823, "2011": 94475.030226502364, "2012": 96636.426643956001, "2013": 100925.0119922405, "2014": 105296.28458823189, "2015": 107888.5783529818, "2016": 113365.1760822654, "2017": 114985.8422359886, "2018": 116638.4141638821, "2019": 121371.7399030696, "2020": 122066.7391472017, "2021": 136772.4437532922, "2022": 143381.8975336891, "2023": 142424.72988727791, "2024": 150772.35884227819 }, "geometry": { "type": "Polygon", "coordinates": [ [ [ 6.043073, 50.128052 ], [ 6.242751, 49.902226 ], [ 6.18632, 49.463803 ], [ 5.897759, 49.442667 ], [ 5.674052, 49.529484 ], [ 5.782417, 50.090328 ], [ 6.043073, 50.128052 ] ] ] } },
{ "type": "Feature", "properties": { "name": "Latvia", "iso3": "LVA", "name_with_flag": "🇱🇻 Latvia", "1990": 7447.9485288670521, "1991": 6761.9302999041238, "1992": 4759.7798847263111, "1993": 4722.0039850373169, "1994": 5011.6317985193782, "1995": 5341.5481059568037, "1996": 5636.1015816372619, "1997": 6308.9271112472888, "1998": 6878.6430839567183, "1999": 7199.812115877573, "2000": 7840.8814785735794, "2001": 8861.6534570833228, "2002": 9756.2980079234603, "2003": 10565.73351091212, "2004": 11761.31415121397, "2005": 13343.889448178361, "2006": 15024.636147562191, "2007": 17281.042264027561, "2008": 18634.730960853929, "2009": 16559.522777987539, "2010": 17343.465866661259, "2011": 18618.701540902501, "2012": 20494.046480647619, "2013": 21850.12663624726, "2014": 22973.693280582011, "2015": 24137.876435859951, "2016": 25802.155578417351, "2017": 27645.822624965182, "2018": 29817.804726318191, "2019": 32199.096037709121, "2020": 32741.420769198659, "2021": 36912.013060216057, "2022": 39960.844338899667, "2023": 41810.006534908352, "2024": 43866.959269049883 }, "geometry": { "type": "Polygon", "coordinates": [ [ [ 21.0558, 56.031076 ], [ 21.090424, 56.783873 ], [ 21.581866, 57.411871 ], [ 22.524341, 57.753374 ], [ 23.318453, 57.006236 ], [ 24.12073, 57.025693 ], [ 24.312863, 57.793424 ], [ 25.164594, 57.970157 ], [ 25.60281, 57.847529 ], [ 26.463532, 57.476389 ], [ 27.288185, 57.474528 ], [ 27.770016, 57.244258 ], [ 27.855282, 56.759326 ], [ 28.176709, 56.16913 ], [ 27.10246, 55.783314 ], [ 26.494331, 55.615107 ], [ 25.533047, 56.100297 ], [ 25.000934, 56.164531 ], [ 24.860684, 56.372528 ], [ 23.878264, 56.273671 ], [ 22.201157, 56.337802 ], [ 21.0558, 56.031076 ] ] ] } },
{ "type": "Feature", "properties": { "name": "Morocco", "iso3": "MAR", "name_with_flag": "🇲🇦 Morocco", "1990": 2776.82250976563, "1991": 3025.00708007813, "1992": 2979.068359375, "1993": 2979.28686523438, "1994": 3314.78149414063, "1995": 3152.42724609375, "1996": 3551.25610351563, "1997": 3502.00805664063, "1998": 3740.35913085938, "1999": 3800.6298828125, "2000": 3930.22314453125, "2001": 4268.86962890625, "2002": 4436.4287109375, "2003": 4741.0615234375, "2004": 5024.6943359375, "2005": 5274.74169921875, "2006": 5780.6181640625, "2007": 6057.935546875, "2008": 6437.0634765625, "2009": 6628.57666015625, "2010": 6848.66748046875, "2011": 7274.1474609375, "2012": 7307.6123046875, "2013": 7542.0986328125, "2014": 7237.27734375, "2015": 7799.09228515625, "2016": 7853.17626953125, "2017": 8115.12060546875, "2018": 7801.0986328125, "2019": 8046.22900390625, "2020": 7704.84912109375, "2021": 8623.265625, "2022": 9283.92578125, "2023": 9842.888671875, "2024": 10305.0546875 }, "geometry": { "type": "Polygon", "coordinates": [ [ [ -5.193863, 35.755182 ], [ -4.591006, 35.330712 ], [ -3.640057, 35.399855 ], [ -2.604306, 35.179093 ], [ -2.169914, 35.168396 ], [ -1.792986, 34.527919 ], [ -1.733455, 33.919713 ], [ -1.388049, 32.864015 ], [ -1.124551, 32.651522 ], [ -1.307899, 32.262889 ], [ -2.616605, 32.094346 ], [ -3.06898, 31.724498 ], [ -3.647498, 31.637294 ], [ -3.690441, 30.896952 ], [ -4.859646, 30.501188 ], [ -5.242129, 30.000443 ], [ -6.060632, 29.7317 ], [ -7.059228, 29.579228 ], [ -8.674116, 28.841289 ], [ -8.66559, 27.656426 ], [ -8.817809, 27.656426 ], [ -8.817828, 27.656426 ], [ -8.794884, 27.120696 ], [ -9.413037, 27.088476 ], [ -9.735343, 26.860945 ], [ -10.189424, 26.860945 ], [ -10.551263, 26.990808 ], [ -11.392555, 26.883424 ], [ -11.71822, 26.104092 ], [ -12.030759, 26.030866 ], [ -12.500963, 24.770116 ], [ -13.89111, 23.691009 ], [ -14.221168, 22.310163 ], [ -14.630833, 21.86094 ], [ -14.750955, 21.5006 ], [ -17.002962, 21.420734 ], [ -17.020428, 21.42231 ], [ -16.973248, 21.885745 ], [ -16.589137, 22.158234 ], [ -16.261922, 22.67934 ], [ -16.326414, 23.017768 ], [ -15.982611, 23.723358 ], [ -15.426004, 24.359134 ], [ -15.089332, 24.520261 ], [ -14.824645, 25.103533 ], [ -14.800926, 25.636265 ], [ -14.43994, 26.254418 ], [ -13.773805, 26.618892 ], [ -13.139942, 27.640148 ], [ -13.121613, 27.654148 ], [ -12.618837, 28.038186 ], [ -11.688919, 28.148644 ], [ -10.900957, 28.832142 ], [ -10.399592, 29.098586 ], [ -9.564811, 29.933574 ], [ -9.814718, 31.177736 ], [ -9.434793, 32.038096 ], [ -9.300693, 32.564679 ], [ -8.657476, 33.240245 ], [ -7.654178, 33.697065 ], [ -6.912544, 34.110476 ], [ -6.244342, 35.145865 ], [ -5.929994, 35.759988 ], [ -5.193863, 35.755182 ] ] ] } },
{ "type": "Feature", "properties": { "name": "Moldova", "iso3": "MDA", "name_with_flag": "🇲🇩 Moldova", "1990": 6894.5137233955247, "1991": 5979.9078913183521, "1992": 4337.2468015914028, "1993": 4394.1418593245826, "1994": 3110.823008186821, "1995": 3145.9458051935562, "1996": 3021.3098832562068, "1997": 3135.6070254622368, "1998": 2964.60151650533, "1999": 2909.8503500012789, "2000": 3044.6705057735362, "2001": 3310.5288264587712, "2002": 3632.610918254672, "2003": 3959.9515099602881, "2004": 4378.1747578246668, "2005": 4865.9345643033384, "2006": 5271.3897043533561, "2007": 5589.5685077364988, "2008": 6153.3515214798144, "2009": 5827.1788888285737, "2010": 6323.0628790520605, "2011": 6832.9415650296114, "2012": 7254.662490323135, "2013": 8232.5238047368039, "2014": 8643.0643143534344, "2015": 9197.6183820427232, "2016": 10325.84048961265, "2017": 11252.11354652827, "2018": 11868.19554632228, "2019": 13413.223293512599, "2020": 13527.44131309673, "2021": 15682.07032846535, "2022": 16452.96212360336, "2023": 17746.940549965981, "2024": 18716.51339423945 }, "geometry": { "type": "Polygon", "coordinates": [ [ [ 26.619337, 48.220726 ], [ 26.857824, 48.368211 ], [ 27.522537, 48.467119 ], [ 28.259547, 48.155562 ], [ 28.670891, 48.118149 ], [ 29.122698, 47.849095 ], [ 29.050868, 47.510227 ], [ 29.415135, 47.346645 ], [ 29.559674, 46.928583 ], [ 29.908852, 46.674361 ], [ 29.83821, 46.525326 ], [ 30.024659, 46.423937 ], [ 29.759972, 46.349988 ], [ 29.170654, 46.379262 ], [ 29.072107, 46.517678 ], [ 28.862972, 46.437889 ], [ 28.933717, 46.25883 ], [ 28.659987, 45.939987 ], [ 28.485269, 45.596907 ], [ 28.233554, 45.488283 ], [ 28.054443, 45.944586 ], [ 28.160018, 46.371563 ], [ 28.12803, 46.810476 ], [ 27.551166, 47.405117 ], [ 27.233873, 47.826771 ], [ 26.924176, 48.123264 ], [ 26.619337, 48.220726 ] ] ] } },
{ "type": "Feature", "properties": { "name": "Madagascar", "iso3": "MDG", "name_with_flag": "🇲🇬 Madagascar", "1990": 1165.8209242071689, "1991": 1095.986996184884, "1992": 1100.5789685005, "1993": 1115.767284249144, "1994": 1104.2611340250489, "1995": 1110.6524922511071, "1996": 1118.7691621098711, "1997": 1142.301660977907, "1998": 1161.750888469039, "1999": 1194.1502466887, "2000": 1235.787339419079, "2001": 1298.5637887316391, "2002": 1121.087495527725, "2003": 1218.835631687956, "2004": 1279.546110585653, "2005": 1342.5192993714511, "2006": 1416.4046594899819, "2007": 1493.3754500497221, "2008": 1577.33838928618, "2009": 1479.8298002594661, "2010": 1463.876467863907, "2011": 1475.1705517811381, "2012": 1463.617569264474, "2013": 1473.403980772553, "2014": 1498.8397690821871, "2015": 1496.611724128411, "2016": 1561.519623746078, "2017": 1546.8800189081669, "2018": 1546.595635497951, "2019": 1612.297727156262, "2020": 1490.3231283786611, "2021": 1577.4324605658619, "2022": 1716.9788487377009, "2023": 1808.447790379139, "2024": 1883.53743113319 }, "geometry": { "type": "Polygon", "coordinates": [ [ [ 49.543519, -12.469833 ], [ 49.808981, -12.895285 ], [ 50.056511, -13.555761 ], [ 50.217431, -14.758789 ], [ 50.476537, -15.226512 ], [ 50.377111, -15.706069 ], [ 50.200275, -16.000263 ], [ 49.860606, -15.414253 ], [ 49.672607, -15.710204 ], [ 49.863344, -16.451037 ], [ 49.774564, -16.875042 ], [ 49.498612, -17.106036 ], [ 49.435619, -17.953064 ], [ 49.041792, -19.118781 ], [ 48.548541, -20.496888 ], [ 47.930749, -22.391501 ], [ 47.547723, -23.781959 ], [ 47.095761, -24.94163 ], [ 46.282478, -25.178463 ], [ 45.409508, -25.601434 ], [ 44.833574, -25.346101 ], [ 44.03972, -24.988345 ], [ 43.763768, -24.460677 ], [ 43.697778, -23.574116 ], [ 43.345654, -22.776904 ], [ 43.254187, -22.057413 ], [ 43.433298, -21.336475 ], [ 43.893683, -21.163307 ], [ 43.89637, -20.830459 ], [ 44.374325, -20.072366 ], [ 44.464397, -19.435454 ], [ 44.232422, -18.961995 ], [ 44.042976, -18.331387 ], [ 43.963084, -17.409945 ], [ 44.312469, -16.850496 ], [ 44.446517, -16.216219 ], [ 44.944937, -16.179374 ], [ 45.502732, -15.974373 ], [ 45.872994, -15.793454 ], [ 46.312243, -15.780018 ], [ 46.882183, -15.210182 ], [ 47.70513, -14.594303 ], [ 48.005215, -14.091233 ], [ 47.869047, -13.663869 ], [ 48.293828, -13.784068 ], [ 48.84506, -13.089175 ], [ 48.863509, -12.487868 ], [ 49.194651, -12.040557 ], [ 49.543519, -12.469833 ] ] ] } },
{ "type": "Feature", "properties": { "name": "Mexico", "iso3": "MEX", "name_with_flag": "🇲🇽 Mexico", "1990": 8578.1611306163923, "1991": 9078.9215689651537, "1992": 9470.004532768382, "1993": 9040.8264930503792, "1994": 9466.25763571475, "1995": 8933.0869278243626, "1996": 9496.1061338039399, "1997": 10182.508572289529, "1998": 10756.21749732028, "1999": 11030.52143253843, "2000": 11704.38110525177, "2001": 11738.725942914351, "2002": 11761.88659016664, "2003": 12066.16012623534, "2004": 12657.815609230691, "2005": 13260.23881866687, "2006": 14541.671629560769, "2007": 15031.861958049971, "2008": 15680.57619332694, "2009": 15192.624150205569, "2010": 15908.860319179919, "2011": 17266.81291291667, "2012": 18004.793558575679, "2013": 18170.264792055499, "2014": 18820.799111933709, "2015": 19075.338471129689, "2016": 20104.583978747149, "2017": 20488.715080044141, "2018": 20921.477526026451, "2019": 20964.277484707261, "2020": 19354.124872231419, "2021": 20782.587742533131, "2022": 23379.733894053908, "2023": 24854.582214230941, "2024": 25688.096496044531 }, "geometry": { "type": "Polygon", "coordinates": [ [ [ -97.140008, 25.869997 ], [ -97.528072, 24.992144 ], [ -97.702946, 24.272343 ], [ -97.776042, 22.93258 ], [ -97.872367, 22.444212 ], [ -97.699044, 21.898689 ], [ -97.38896, 21.411019 ], [ -97.189333, 20.635433 ], [ -96.525576, 19.890931 ], [ -96.292127, 19.320371 ], [ -95.900885, 18.828024 ], [ -94.839063, 18.562717 ], [ -94.42573, 18.144371 ], [ -93.548651, 18.423837 ], [ -92.786114, 18.524839 ], [ -92.037348, 18.704569 ], [ -91.407903, 18.876083 ], [ -90.77187, 19.28412 ], [ -90.53359, 19.867418 ], [ -90.451476, 20.707522 ], [ -90.278618, 20.999855 ], [ -89.601321, 21.261726 ], [ -88.543866, 21.493675 ], [ -87.658417, 21.458846 ], [ -87.05189, 21.543543 ], [ -86.811982, 21.331515 ], [ -86.845908, 20.849865 ], [ -87.383291, 20.255405 ], [ -87.621054, 19.646553 ], [ -87.43675, 19.472403 ], [ -87.58656, 19.04013 ], [ -87.837191, 18.259816 ], [ -88.090664, 18.516648 ], [ -88.300031, 18.499982 ], [ -88.490123, 18.486831 ], [ -88.848344, 17.883198 ], [ -89.029857, 18.001511 ], [ -89.150909, 17.955468 ], [ -89.14308, 17.808319 ], [ -90.067934, 17.819326 ], [ -91.00152, 17.817595 ], [ -91.002269, 17.254658 ], [ -91.453921, 17.252177 ], [ -91.08167, 16.918477 ], [ -90.711822, 16.687483 ], [ -90.600847, 16.470778 ], [ -90.438867, 16.41011 ], [ -90.464473, 16.069562 ], [ -91.74796, 16.066565 ], [ -92.229249, 15.251447 ], [ -92.087216, 15.064585 ], [ -92.20323, 14.830103 ], [ -92.22775, 14.538829 ], [ -93.359464, 15.61543 ], [ -93.875169, 15.940164 ], [ -94.691656, 16.200975 ], [ -95.250227, 16.128318 ], [ -96.053382, 15.752088 ], [ -96.557434, 15.653515 ], [ -97.263592, 15.917065 ], [ -98.01303, 16.107312 ], [ -98.947676, 16.566043 ], [ -99.697397, 16.706164 ], [ -100.829499, 17.171071 ], [ -101.666089, 17.649026 ], [ -101.918528, 17.91609 ], [ -102.478132, 17.975751 ], [ -103.50099, 18.292295 ], [ -103.917527, 18.748572 ], [ -104.99201, 19.316134 ], [ -105.493038, 19.946767 ], [ -105.731396, 20.434102 ], [ -105.397773, 20.531719 ], [ -105.500661, 20.816895 ], [ -105.270752, 21.076285 ], [ -105.265817, 21.422104 ], [ -105.603161, 21.871146 ], [ -105.693414, 22.26908 ], [ -106.028716, 22.773752 ], [ -106.90998, 23.767774 ], [ -107.915449, 24.548915 ], [ -108.401905, 25.172314 ], [ -109.260199, 25.580609 ], [ -109.444089, 25.824884 ], [ -109.291644, 26.442934 ], [ -109.801458, 26.676176 ], [ -110.391732, 27.162115 ], [ -110.641019, 27.859876 ], [ -111.178919, 27.941241 ], [ -111.759607, 28.467953 ], [ -112.228235, 28.954409 ], [ -112.271824, 29.266844 ], [ -112.809594, 30.021114 ], [ -113.163811, 30.786881 ], [ -113.148669, 31.170966 ], [ -113.871881, 31.567608 ], [ -114.205737, 31.524045 ], [ -114.776451, 31.799532 ], [ -114.9367, 31.393485 ], [ -114.771232, 30.913617 ], [ -114.673899, 30.162681 ], [ -114.330974, 29.750432 ], [ -113.588875, 29.061611 ], [ -113.424053, 28.826174 ], [ -113.271969, 28.754783 ], [ -113.140039, 28.411289 ], [ -112.962298, 28.42519 ], [ -112.761587, 27.780217 ], [ -112.457911, 27.525814 ], [ -112.244952, 27.171727 ], [ -111.616489, 26.662817 ], [ -111.284675, 25.73259 ], [ -110.987819, 25.294606 ], [ -110.710007, 24.826004 ], [ -110.655049, 24.298595 ], [ -110.172856, 24.265548 ], [ -109.771847, 23.811183 ], [ -109.409104, 23.364672 ], [ -109.433392, 23.185588 ], [ -109.854219, 22.818272 ], [ -110.031392, 22.823078 ], [ -110.295071, 23.430973 ], [ -110.949501, 24.000964 ], [ -111.670568, 24.484423 ], [ -112.182036, 24.738413 ], [ -112.148989, 25.470125 ], [ -112.300711, 26.012004 ], [ -112.777297, 26.32196 ], [ -113.464671, 26.768186 ], [ -113.59673, 26.63946 ], [ -113.848937, 26.900064 ], [ -114.465747, 27.14209 ], [ -115.055142, 27.722727 ], [ -114.982253, 27.7982 ], [ -114.570366, 27.741485 ], [ -114.199329, 28.115003 ], [ -114.162018, 28.566112 ], [ -114.931842, 29.279479 ], [ -115.518654, 29.556362 ], [ -115.887365, 30.180794 ], [ -116.25835, 30.836464 ], [ -116.721526, 31.635744 ], [ -117.12776, 32.53534 ], [ -115.99135, 32.61239 ], [ -114.72139, 32.72083 ], [ -114.815, 32.52528 ], [ -113.30498, 32.03914 ], [ -111.02361, 31.33472 ], [ -109.035, 31.34194 ], [ -108.24194, 31.34222 ], [ -108.24, 31.754854 ], [ -106.50759, 31.75452 ], [ -106.1429, 31.39995 ], [ -105.63159, 31.08383 ], [ -105.03737, 30.64402 ], [ -104.70575, 30.12173 ], [ -104.45697, 29.57196 ], [ -103.94, 29.27 ], [ -103.11, 28.97 ], [ -102.48, 29.76 ], [ -101.6624, 29.7793 ], [ -100.9576, 29.38071 ], [ -100.45584, 28.69612 ], [ -100.11, 28.11 ], [ -99.52, 27.54 ], [ -99.3, 26.84 ], [ -99.02, 26.37 ], [ -98.24, 26.06 ], [ -97.53, 25.84 ], [ -97.140008, 25.869997 ] ] ] } },
{ "type": "Feature", "properties": { "name": "Macedonia", "iso3": "MKD", "name_with_flag": "🇲🇰 Macedonia", "1990": 5346.5130010733437, "1991": 5205.6544201457982, "1992": 5032.1807175502991, "1993": 4827.6522964503283, "1994": 4878.5318927632507, "1995": 4910.8355134650019, "1996": 5024.7584492305268, "1997": 5225.7357234511746, "1998": 5448.057220027642, "1999": 5724.4717358788248, "2000": 6152.5882611830984, "2001": 6051.6910151743241, "2002": 6395.1934747628866, "2003": 6609.043278199636, "2004": 7230.3950499008306, "2005": 7972.3107703440965, "2006": 8890.3397954005904, "2007": 9639.005487598346, "2008": 10924.32767131017, "2009": 11526.124481785901, "2010": 11993.531514520209, "2011": 12420.831671823709, "2012": 12725.925831398639, "2013": 13662.810582700669, "2014": 14485.12426087634, "2015": 15038.18595431187, "2016": 16457.194238620279, "2017": 17160.889435518729, "2018": 18460.1193633742, "2019": 20222.197202864631, "2020": 19961.964588382329, "2021": 22142.972872130878, "2022": 24065.614804339319, "2023": 24386.609886074701, "2024": 26587.032587258858 }, "geometry": { "type": "Polygon", "coordinates": [ [ [ 20.59023, 41.85541 ], [ 20.71731, 41.84711 ], [ 20.76216, 42.05186 ], [ 21.3527, 42.2068 ], [ 21.576636, 42.245224 ], [ 21.91708, 42.30364 ], [ 22.380526, 42.32026 ], [ 22.881374, 41.999297 ], [ 22.952377, 41.337994 ], [ 22.76177, 41.3048 ], [ 22.597308, 41.130487 ], [ 22.055378, 41.149866 ], [ 21.674161, 40.931275 ], [ 21.02004, 40.842727 ], [ 20.60518, 41.08622 ], [ 20.46315, 41.51509 ], [ 20.59023, 41.85541 ] ] ] } },
{ "type": "Feature", "properties": { "name": "Mali", "iso3": "MLI", "name_with_flag": "🇲🇱 Mali", "1990": 823.24994447656161, "1991": 932.35700288485521, "1992": 904.49300729631238, "1993": 935.59616375524615, "1994": 970.57521544071722, "1995": 978.61463590134395, "1996": 1044.09566929886, "1997": 1088.3728035149991, "1998": 1154.330693606415, "1999": 1203.476470236714, "2000": 1194.675034375424, "2001": 1367.6575786505509, "2002": 1388.248139148048, "2003": 1496.4164675956731, "2004": 1510.90528128815, "2005": 1621.244452666406, "2006": 1724.9262216121811, "2007": 1780.786441199625, "2008": 1871.2416872518891, "2009": 1906.876756601629, "2010": 1997.6829437335639, "2011": 2053.383135893389, "2012": 2003.1747814705, "2013": 2062.182612641609, "2014": 2167.1937121690571, "2015": 2330.2429394769201, "2016": 2531.8049696348198, "2017": 2606.696079541407, "2018": 2684.4112202657702, "2019": 2819.8658229725852, "2020": 2723.7009478444152, "2021": 2796.2279379543061, "2022": 3008.7555461755269, "2023": 3168.41334714498, "2024": 3308.6694887044068 }, "geometry": { "type": "Polygon", "coordinates": [ [ [ -12.17075, 14.616834 ], [ -11.834208, 14.799097 ], [ -11.666078, 15.388208 ], [ -11.349095, 15.411256 ], [ -10.650791, 15.132746 ], [ -10.086846, 15.330486 ], [ -9.700255, 15.264107 ], [ -9.550238, 15.486497 ], [ -5.537744, 15.50169 ], [ -5.315277, 16.201854 ], [ -5.488523, 16.325102 ], [ -5.971129, 20.640833 ], [ -6.453787, 24.956591 ], [ -4.923337, 24.974574 ], [ -1.550055, 22.792666 ], [ 1.823228, 20.610809 ], [ 2.060991, 20.142233 ], [ 2.683588, 19.85623 ], [ 3.146661, 19.693579 ], [ 3.158133, 19.057364 ], [ 4.267419, 19.155265 ], [ 4.27021, 16.852227 ], [ 3.723422, 16.184284 ], [ 3.638259, 15.56812 ], [ 2.749993, 15.409525 ], [ 1.385528, 15.323561 ], [ 1.015783, 14.968182 ], [ 0.374892, 14.928908 ], [ -0.266257, 14.924309 ], [ -0.515854, 15.116158 ], [ -1.066363, 14.973815 ], [ -2.001035, 14.559008 ], [ -2.191825, 14.246418 ], [ -2.967694, 13.79815 ], [ -3.103707, 13.541267 ], [ -3.522803, 13.337662 ], [ -4.006391, 13.472485 ], [ -4.280405, 13.228444 ], [ -4.427166, 12.542646 ], [ -5.220942, 11.713859 ], [ -5.197843, 11.375146 ], [ -5.470565, 10.95127 ], [ -5.404342, 10.370737 ], [ -5.816926, 10.222555 ], [ -6.050452, 10.096361 ], [ -6.205223, 10.524061 ], [ -6.493965, 10.411303 ], [ -6.666461, 10.430811 ], [ -6.850507, 10.138994 ], [ -7.622759, 10.147236 ], [ -7.89959, 10.297382 ], [ -8.029944, 10.206535 ], [ -8.335377, 10.494812 ], [ -8.282357, 10.792597 ], [ -8.407311, 10.909257 ], [ -8.620321, 10.810891 ], [ -8.581305, 11.136246 ], [ -8.376305, 11.393646 ], [ -8.786099, 11.812561 ], [ -8.905265, 12.088358 ], [ -9.127474, 12.30806 ], [ -9.327616, 12.334286 ], [ -9.567912, 12.194243 ], [ -9.890993, 12.060479 ], [ -10.165214, 11.844084 ], [ -10.593224, 11.923975 ], [ -10.87083, 12.177887 ], [ -11.036556, 12.211245 ], [ -11.297574, 12.077971 ], [ -11.456169, 12.076834 ], [ -11.513943, 12.442988 ], [ -11.467899, 12.754519 ], [ -11.553398, 13.141214 ], [ -11.927716, 13.422075 ], [ -12.124887, 13.994727 ], [ -12.17075, 14.616834 ] ] ] } },
{ "type": "Feature", "properties": { "name": "Malta", "iso3": "MLT", "name_with_flag": "🇲🇹 Malta", "1990": 10078.767083021739, "1991": 10777.1117076477, "1992": 11421.337082072499, "1993": 12094.55155117576, "1994": 12929.37248387724, "1995": 13940.176909107729, "1996": 14655.33343146906, "1997": 15461.81578380877, "1998": 16217.799071738111, "1999": 16898.540281301011, "2000": 18210.606333587391, "2001": 18437.077256563571, "2002": 19532.02795561753, "2003": 20815.41085675429, "2004": 21568.698741759101, "2005": 22227.414862100581, "2006": 23224.01887758778, "2007": 25012.583596490771, "2008": 26653.8965187145, "2009": 26767.977408446852, "2010": 28912.367306480141, "2011": 29426.031426499729, "2012": 30716.193757164299, "2013": 33138.166263345563, "2014": 35205.790235858673, "2015": 38379.010658946623, "2016": 40999.07948259281, "2017": 45763.156362529211, "2018": 48177.355638889851, "2019": 51391.849350573473, "2020": 49987.382095406851, "2021": 56802.010253314642, "2022": 60484.738543418323, "2023": 63074.748731701227, "2024": 67364.182507424703 }, "geometry": { "type": "MultiPolygon", "coordinates": [ [ [ [ 14.566171, 35.852721 ], [ 14.532684, 35.820191 ], [ 14.436463, 35.821664 ], [ 14.352334, 35.872281 ], [ 14.3513, 35.978399 ], [ 14.448348, 35.957444 ], [ 14.537025, 35.886285 ], [ 14.566171, 35.852721 ] ] ], [ [ [ 14.313473, 36.027569 ], [ 14.253632, 36.012143 ], [ 14.194204, 36.042245 ], [ 14.180354, 36.060383 ], [ 14.263243, 36.075809 ], [ 14.303758, 36.062295 ], [ 14.320914, 36.03625 ], [ 14.313473, 36.027569 ] ] ] ] } },
{ "type": "Feature", "properties": { "name": "Myanmar", "iso3": "MMR", "name_with_flag": "🇲🇲 Myanmar", "1990": 441.10328755154268, "1991": 446.58318049589849, "1992": 494.08443747458051, "1993": 529.2082155461062, "1994": 573.2919239636999, "1995": 617.89610142999584, "1996": 661.21806056088974, "1997": 701.62799014246127, "1998": 741.81747158813744, "1999": 824.7810540025381, "2000": 948.74828517804758, "2001": 1068.825905219521, "2002": 1203.8263073429, "2003": 1384.528518259473, "2004": 1600.841056085846, "2005": 1860.454131576329, "2006": 2152.867309470264, "2007": 2458.8574644013811, "2008": 2748.0792133849091, "2009": 3039.7998233771041, "2010": 3348.1288949704922, "2011": 3579.4048297062618, "2012": 3845.152841536712, "2013": 4143.6301273195859, "2014": 4376.3883328127422, "2015": 4458.6905444265858, "2016": 4459.5398142747126, "2017": 4706.4324894959836, "2018": 5581.2769545814954, "2019": 6101.3724576570867, "2020": 5740.9904584399173, "2021": 5178.4471821716361, "2022": 5731.937878724586, "2023": 5953.3573516591287, "2024": 5997.4651632371497 }, "geometry": { "type": "Polygon", "coordinates": [ [ [ 99.543309, 20.186598 ], [ 98.959676, 19.752981 ], [ 98.253724, 19.708203 ], [ 97.797783, 18.62708 ], [ 97.375896, 18.445438 ], [ 97.859123, 17.567946 ], [ 98.493761, 16.837836 ], [ 98.903348, 16.177824 ], [ 98.537376, 15.308497 ], [ 98.192074, 15.123703 ], [ 98.430819, 14.622028 ], [ 99.097755, 13.827503 ], [ 99.212012, 13.269294 ], [ 99.196354, 12.804748 ], [ 99.587286, 11.892763 ], [ 99.038121, 10.960546 ], [ 98.553551, 9.93296 ], [ 98.457174, 10.675266 ], [ 98.764546, 11.441292 ], [ 98.428339, 12.032987 ], [ 98.509574, 13.122378 ], [ 98.103604, 13.64046 ], [ 97.777732, 14.837286 ], [ 97.597072, 16.100568 ], [ 97.16454, 16.928734 ], [ 96.505769, 16.427241 ], [ 95.369352, 15.71439 ], [ 94.808405, 15.803454 ], [ 94.188804, 16.037936 ], [ 94.533486, 17.27724 ], [ 94.324817, 18.213514 ], [ 93.540988, 19.366493 ], [ 93.663255, 19.726962 ], [ 93.078278, 19.855145 ], [ 92.368554, 20.670883 ], [ 92.303234, 21.475485 ], [ 92.652257, 21.324048 ], [ 92.672721, 22.041239 ], [ 93.166128, 22.27846 ], [ 93.060294, 22.703111 ], [ 93.286327, 23.043658 ], [ 93.325188, 24.078556 ], [ 94.106742, 23.850741 ], [ 94.552658, 24.675238 ], [ 94.603249, 25.162495 ], [ 95.155153, 26.001307 ], [ 95.124768, 26.573572 ], [ 96.419366, 27.264589 ], [ 97.133999, 27.083774 ], [ 97.051989, 27.699059 ], [ 97.402561, 27.882536 ], [ 97.327114, 28.261583 ], [ 97.911988, 28.335945 ], [ 98.246231, 27.747221 ], [ 98.68269, 27.508812 ], [ 98.712094, 26.743536 ], [ 98.671838, 25.918703 ], [ 97.724609, 25.083637 ], [ 97.60472, 23.897405 ], [ 98.660262, 24.063286 ], [ 98.898749, 23.142722 ], [ 99.531992, 22.949039 ], [ 99.240899, 22.118314 ], [ 99.983489, 21.742937 ], [ 100.416538, 21.558839 ], [ 101.150033, 21.849984 ], [ 101.180005, 21.436573 ], [ 100.329101, 20.786122 ], [ 100.115988, 20.41785 ], [ 99.543309, 20.186598 ] ] ] } },
{ "type": "Feature", "properties": { "name": "Montenegro", "iso3": "MNE", "name_with_flag": "🇲🇪 Montenegro", "1990": null, "1991": null, "1992": null, "1993": null, "1994": null, "1995": null, "1996": null, "1997": 5797.259000868823, "1998": 6168.4743142500483, "1999": 5683.2573251797821, "2000": 6002.5764111389044, "2001": 6772.2881845510274, "2002": 7100.306351774685, "2003": 7341.2784409437672, "2004": 7842.5075301510606, "2005": 8313.6541633503402, "2006": 10458.66245014876, "2007": 12462.20813758741, "2008": 13816.57291923666, "2009": 13021.759488788141, "2010": 13633.69883046486, "2011": 14466.2432860016, "2012": 13845.690139775499, "2013": 14837.22697926372, "2014": 15323.49136684591, "2015": 16271.986160965909, "2016": 18110.219614304289, "2017": 19568.505474783709, "2018": 21368.27699368108, "2019": 23958.277593504568, "2020": 20827.276435790191, "2021": 23842.061918894338, "2022": 27594.898204074441, "2023": 30596.59724187406, "2024": 33379.643255592688 }, "geometry": { "type": "Polygon", "coordinates": [ [ [ 19.801613, 42.500093 ], [ 19.738051, 42.688247 ], [ 19.30449, 42.19574 ], [ 19.37177, 41.87755 ], [ 19.16246, 41.95502 ], [ 18.88214, 42.28151 ], [ 18.45, 42.48 ], [ 18.56, 42.65 ], [ 18.70648, 43.20011 ], [ 19.03165, 43.43253 ], [ 19.21852, 43.52384 ], [ 19.48389, 43.35229 ], [ 19.63, 43.21378 ], [ 19.95857, 43.10604 ], [ 20.3398, 42.89852 ], [ 20.25758, 42.81275 ], [ 20.0707, 42.58863 ], [ 19.801613, 42.500093 ] ] ] } },
{ "type": "Feature", "properties": { "name": "Mongolia", "iso3": "MNG", "name_with_flag": "🇲🇳 Mongolia", "1990": 3479.2873451754358, "1991": 3183.1847785402661, "1992": 2951.0236200657419, "1993": 2928.8379941033968, "1994": 3021.3609426520652, "1995": 3228.9736976925942, "1996": 3310.1608704122168, "1997": 3449.2343597121949, "1998": 3554.7688673121838, "1999": 3663.7271123394221, "2000": 3739.6966685105058, "2001": 3888.8552858133221, "2002": 4083.3842216606699, "2003": 4399.3653792501354, "2004": 4941.826636942621, "2005": 5406.1434198027746, "2006": 5977.1968872995058, "2007": 6678.0547435763683, "2008": 7296.5807367162224, "2009": 7119.3942421188376, "2010": 7531.6255744264754, "2011": 8861.8205286930424, "2012": 10151.721799816531, "2013": 10442.385050449349, "2014": 10900.230519785749, "2015": 10458.302724052421, "2016": 10511.383106314081, "2017": 11096.037560423851, "2018": 12317.48242776947, "2019": 13604.97894319405, "2020": 13693.179806943001, "2021": 14792.250908642211, "2022": 16401.98947515307, "2023": 18004.851205835472, "2024": 19097.73141863952 }, "geometry": { "type": "Polygon", "coordinates": [ [ [ 87.751264, 49.297198 ], [ 88.805567, 49.470521 ], [ 90.713667, 50.331812 ], [ 92.234712, 50.802171 ], [ 93.104219, 50.49529 ], [ 94.147566, 50.480537 ], [ 94.815949, 50.013433 ], [ 95.814028, 49.977467 ], [ 97.259728, 49.726061 ], [ 98.231762, 50.422401 ], [ 97.82574, 51.010995 ], [ 98.861491, 52.047366 ], [ 99.981732, 51.634006 ], [ 100.88948, 51.516856 ], [ 102.065223, 51.259921 ], [ 102.255909, 50.510561 ], [ 103.676545, 50.089966 ], [ 104.621552, 50.275329 ], [ 105.886591, 50.406019 ], [ 106.888804, 50.274296 ], [ 107.868176, 49.793705 ], [ 108.475167, 49.282548 ], [ 109.402449, 49.292961 ], [ 110.662011, 49.130128 ], [ 111.581231, 49.377968 ], [ 112.89774, 49.543565 ], [ 114.362456, 50.248303 ], [ 114.96211, 50.140247 ], [ 115.485695, 49.805177 ], [ 116.678801, 49.888531 ], [ 116.191802, 49.134598 ], [ 115.485282, 48.135383 ], [ 115.742837, 47.726545 ], [ 116.308953, 47.85341 ], [ 117.295507, 47.697709 ], [ 118.064143, 48.06673 ], [ 118.866574, 47.74706 ], [ 119.772824, 47.048059 ], [ 119.66327, 46.69268 ], [ 118.874326, 46.805412 ], [ 117.421701, 46.672733 ], [ 116.717868, 46.388202 ], [ 115.985096, 45.727235 ], [ 114.460332, 45.339817 ], [ 113.463907, 44.808893 ], [ 112.436062, 45.011646 ], [ 111.873306, 45.102079 ], [ 111.348377, 44.457442 ], [ 111.667737, 44.073176 ], [ 111.829588, 43.743118 ], [ 111.129682, 43.406834 ], [ 110.412103, 42.871234 ], [ 109.243596, 42.519446 ], [ 107.744773, 42.481516 ], [ 106.129316, 42.134328 ], [ 104.964994, 41.59741 ], [ 104.522282, 41.908347 ], [ 103.312278, 41.907468 ], [ 101.83304, 42.514873 ], [ 100.845866, 42.663804 ], [ 99.515817, 42.524691 ], [ 97.451757, 42.74889 ], [ 96.349396, 42.725635 ], [ 95.762455, 43.319449 ], [ 95.306875, 44.241331 ], [ 94.688929, 44.352332 ], [ 93.480734, 44.975472 ], [ 92.133891, 45.115076 ], [ 90.94554, 45.286073 ], [ 90.585768, 45.719716 ], [ 90.970809, 46.888146 ], [ 90.280826, 47.693549 ], [ 88.854298, 48.069082 ], [ 88.013832, 48.599463 ], [ 87.751264, 49.297198 ] ] ] } },
{ "type": "Feature", "properties": { "name": "Mozambique", "iso3": "MOZ", "name_with_flag": "🇲🇿 Mozambique", "1990": 296.03850872300478, "1991": 314.93003875830249, "1992": 291.98933275155281, "1993": 321.27851896221472, "1994": 326.44168446490471, "1995": 320.59989030494961, "1996": 349.73193868479842, "1997": 387.05904430548338, "1998": 422.26728157408729, "1999": 468.20866853802897, "2000": 471.96732976179078, "2001": 532.62731016045643, "2002": 580.04092142718525, "2003": 619.9875106817716, "2004": 673.34571726878096, "2005": 721.41176194348611, "2006": 798.38766764254149, "2007": 861.98768274353915, "2008": 916.15585023395795, "2009": 951.48545376385755, "2010": 1000.2411486648, "2011": 1063.655432963109, "2012": 1075.877860853609, "2013": 1113.752527592904, "2014": 1165.8282660750481, "2015": 1317.887859568217, "2016": 1379.1074002869061, "2017": 1282.749659918014, "2018": 1325.586955689527, "2019": 1388.7970703444621, "2020": 1411.6204022991119, "2021": 1457.2354093092149, "2022": 1581.944194426201, "2023": 1677.6810229235041, "2024": 1699.7050340514461 }, "geometry": { "type": "Polygon", "coordinates": [ [ [ 34.559989, -11.52002 ], [ 35.312398, -11.439146 ], [ 36.514082, -11.720938 ], [ 36.775151, -11.594537 ], [ 37.471284, -11.568751 ], [ 37.827645, -11.268769 ], [ 38.427557, -11.285202 ], [ 39.52103, -10.896854 ], [ 40.316589, -10.317096 ], [ 40.478387, -10.765441 ], [ 40.437253, -11.761711 ], [ 40.560811, -12.639177 ], [ 40.59962, -14.201975 ], [ 40.775475, -14.691764 ], [ 40.477251, -15.406294 ], [ 40.089264, -16.100774 ], [ 39.452559, -16.720891 ], [ 38.538351, -17.101023 ], [ 37.411133, -17.586368 ], [ 36.281279, -18.659688 ], [ 35.896497, -18.84226 ], [ 35.1984, -19.552811 ], [ 34.786383, -19.784012 ], [ 34.701893, -20.497043 ], [ 35.176127, -21.254361 ], [ 35.373428, -21.840837 ], [ 35.385848, -22.14 ], [ 35.562546, -22.09 ], [ 35.533935, -23.070788 ], [ 35.371774, -23.535359 ], [ 35.60747, -23.706563 ], [ 35.458746, -24.12261 ], [ 35.040735, -24.478351 ], [ 34.215824, -24.816314 ], [ 33.01321, -25.357573 ], [ 32.574632, -25.727318 ], [ 32.660363, -26.148584 ], [ 32.915955, -26.215867 ], [ 32.83012, -26.742192 ], [ 32.071665, -26.73382 ], [ 31.985779, -26.29178 ], [ 31.837778, -25.843332 ], [ 31.752408, -25.484284 ], [ 31.930589, -24.369417 ], [ 31.670398, -23.658969 ], [ 31.191409, -22.25151 ], [ 32.244988, -21.116489 ], [ 32.508693, -20.395292 ], [ 32.659743, -20.30429 ], [ 32.772708, -19.715592 ], [ 32.611994, -19.419383 ], [ 32.654886, -18.67209 ], [ 32.849861, -17.979057 ], [ 32.847639, -16.713398 ], [ 32.328239, -16.392074 ], [ 31.852041, -16.319417 ], [ 31.636498, -16.07199 ], [ 31.173064, -15.860944 ], [ 30.338955, -15.880839 ], [ 30.274256, -15.507787 ], [ 30.179481, -14.796099 ], [ 33.214025, -13.97186 ], [ 33.7897, -14.451831 ], [ 34.064825, -14.35995 ], [ 34.459633, -14.61301 ], [ 34.517666, -15.013709 ], [ 34.307291, -15.478641 ], [ 34.381292, -16.18356 ], [ 35.03381, -16.8013 ], [ 35.339063, -16.10744 ], [ 35.771905, -15.896859 ], [ 35.686845, -14.611046 ], [ 35.267956, -13.887834 ], [ 34.907151, -13.565425 ], [ 34.559989, -13.579998 ], [ 34.280006, -12.280025 ], [ 34.559989, -11.52002 ] ] ] } },
{ "type": "Feature", "properties": { "name": "Mauritania", "iso3": "MRT", "name_with_flag": "🇲🇷 Mauritania", "1990": 2070.2906283639272, "1991": 2115.8536822102942, "1992": 2121.8576873842349, "1993": 2208.5726114668091, "1994": 2113.6583827724048, "1995": 2305.7551949439048, "1996": 2435.9464668242449, "1997": 2325.3491061229961, "1998": 2354.9382897834562, "1999": 2410.6744838688528, "2000": 2303.6663970776908, "2001": 2279.727114784826, "2002": 2295.8050099533039, "2003": 2446.6981777387141, "2004": 2570.2940491199611, "2005": 2809.0350814569051, "2006": 3341.7071835499769, "2007": 3278.2766139400178, "2008": 3235.9978216103641, "2009": 3158.744142867055, "2010": 3177.844365611651, "2011": 3270.862513418881, "2012": 3464.976610992695, "2013": 3831.0471101234771, "2014": 3865.1425867687049, "2015": 3977.6117127586322, "2016": 4682.7025969003298, "2017": 5353.0660881040694, "2018": 5429.2322305978414, "2019": 5610.1323671389173, "2020": 5740.7395969012896, "2021": 5836.5658082189693, "2022": 6484.8279272116424, "2023": 6946.1939334054132, "2024": 7271.340404772066 }, "geometry": { "type": "Polygon", "coordinates": [ [ [ -12.17075, 14.616834 ], [ -12.830658, 15.303692 ], [ -13.435738, 16.039383 ], [ -14.099521, 16.304302 ], [ -14.577348, 16.598264 ], [ -15.135737, 16.587282 ], [ -15.623666, 16.369337 ], [ -16.12069, 16.455663 ], [ -16.463098, 16.135036 ], [ -16.549708, 16.673892 ], [ -16.270552, 17.166963 ], [ -16.146347, 18.108482 ], [ -16.256883, 19.096716 ], [ -16.377651, 19.593817 ], [ -16.277838, 20.092521 ], [ -16.536324, 20.567866 ], [ -17.063423, 20.999752 ], [ -16.845194, 21.333323 ], [ -12.929102, 21.327071 ], [ -13.118754, 22.77122 ], [ -12.874222, 23.284832 ], [ -11.937224, 23.374594 ], [ -11.969419, 25.933353 ], [ -8.687294, 25.881056 ], [ -8.6844, 27.395744 ], [ -4.923337, 24.974574 ], [ -6.453787, 24.956591 ], [ -5.971129, 20.640833 ], [ -5.488523, 16.325102 ], [ -5.315277, 16.201854 ], [ -5.537744, 15.50169 ], [ -9.550238, 15.486497 ], [ -9.700255, 15.264107 ], [ -10.086846, 15.330486 ], [ -10.650791, 15.132746 ], [ -11.349095, 15.411256 ], [ -11.666078, 15.388208 ], [ -11.834208, 14.799097 ], [ -12.17075, 14.616834 ] ] ] } },
{ "type": "Feature", "properties": { "name": "Malawi", "iso3": "MWI", "name_with_flag": "🇲🇼 Malawi", "1990": 671.50343030820909, "1991": 731.94047491349193, "1992": 673.81597720879211, "1993": 745.6821832611372, "1994": 691.62613437684729, "1995": 825.45412571728423, "1996": 884.4563469865376, "1997": 915.27922497142424, "1998": 941.05149643322602, "1999": 960.71082298941576, "2000": 974.31013749967735, "2001": 924.05636827923536, "2002": 931.28350753135601, "2003": 979.03897793203782, "2004": 1032.802139092762, "2005": 1070.935909577365, "2006": 1124.438269122898, "2007": 1230.5638544132869, "2008": 1311.449997919842, "2009": 1387.789915617579, "2010": 1457.6056830959619, "2011": 1516.211183191502, "2012": 1464.0432395779601, "2013": 1558.112247452033, "2014": 1505.5519040402439, "2015": 1403.084512092345, "2016": 1409.958027035326, "2017": 1380.232636217371, "2018": 1363.794455950881, "2019": 1450.0100806478349, "2020": 1513.459908033444, "2021": 1687.5935817965069, "2022": 1778.305821460008, "2023": 1829.5076892538009, "2024": 1859.4479606776831 }, "geometry": { "type": "Polygon", "coordinates": [ [ [ 34.559989, -11.52002 ], [ 34.280006, -12.280025 ], [ 34.559989, -13.579998 ], [ 34.907151, -13.565425 ], [ 35.267956, -13.887834 ], [ 35.686845, -14.611046 ], [ 35.771905, -15.896859 ], [ 35.339063, -16.10744 ], [ 35.03381, -16.8013 ], [ 34.381292, -16.18356 ], [ 34.307291, -15.478641 ], [ 34.517666, -15.013709 ], [ 34.459633, -14.61301 ], [ 34.064825, -14.35995 ], [ 33.7897, -14.451831 ], [ 33.214025, -13.97186 ], [ 32.688165, -13.712858 ], [ 32.991764, -12.783871 ], [ 33.306422, -12.435778 ], [ 33.114289, -11.607198 ], [ 33.31531, -10.79655 ], [ 33.485688, -10.525559 ], [ 33.231388, -9.676722 ], [ 32.759375, -9.230599 ], [ 33.739729, -9.417151 ], [ 33.940838, -9.693674 ], [ 34.280006, -10.16 ], [ 34.559989, -11.52002 ] ] ] } },
{ "type": "Feature", "properties": { "name": "Malaysia", "iso3": "MYS", "name_with_flag": "🇲🇾 Malaysia", "1990": 6886.6331252037708, "1991": 7582.5694309494129, "1992": 8223.8029593778137, "1993": 9018.0624936918684, "1994": 9806.4717913274508, "1995": 10720.253469188299, "1996": 11709.26699948667, "1997": 12469.35900630341, "1998": 11398.098712214571, "1999": 11979.67971410465, "2000": 13027.27333866566, "2001": 13071.581413897509, "2002": 13656.045890437919, "2003": 14387.24849149986, "2004": 15415.80634026195, "2005": 16371.426081797381, "2006": 17426.361167892039, "2007": 18616.807076761688, "2008": 19479.879959056401, "2009": 18922.645950841768, "2010": 20193.40929454326, "2011": 21324.359499649821, "2012": 22638.54069440093, "2013": 23160.8924510627, "2014": 24306.52123384146, "2015": 24526.394271601159, "2016": 25285.82135413908, "2017": 26415.59602032874, "2018": 27793.567422294811, "2019": 28933.928297233011, "2020": 27474.73613782362, "2021": 29822.84918316183, "2022": 34366.228481257443, "2023": 36416.540185309881, "2024": 38728.943032938812 }, "geometry": { "type": "MultiPolygon", "coordinates": [ [ [ [ 101.075516, 6.204867 ], [ 101.154219, 5.691384 ], [ 101.814282, 5.810808 ], [ 102.141187, 6.221636 ], [ 102.371147, 6.128205 ], [ 102.961705, 5.524495 ], [ 103.381215, 4.855001 ], [ 103.438575, 4.181606 ], [ 103.332122, 3.726698 ], [ 103.429429, 3.382869 ], [ 103.502448, 2.791019 ], [ 103.854674, 2.515454 ], [ 104.247932, 1.631141 ], [ 104.228811, 1.293048 ], [ 103.519707, 1.226334 ], [ 102.573615, 1.967115 ], [ 101.390638, 2.760814 ], [ 101.27354, 3.270292 ], [ 100.695435, 3.93914 ], [ 100.557408, 4.76728 ], [ 100.196706, 5.312493 ], [ 100.30626, 6.040562 ], [ 100.085757, 6.464489 ], [ 100.259596, 6.642825 ], [ 101.075516, 6.204867 ] ] ], [ [ [ 118.618321, 4.478202 ], [ 117.882035, 4.137551 ], [ 117.015214, 4.306094 ], [ 115.865517, 4.306559 ], [ 115.519078, 3.169238 ], [ 115.134037, 2.821482 ], [ 114.621355, 1.430688 ], [ 113.80585, 1.217549 ], [ 112.859809, 1.49779 ], [ 112.380252, 1.410121 ], [ 111.797548, 0.904441 ], [ 111.159138, 0.976478 ], [ 110.514061, 0.773131 ], [ 109.830227, 1.338136 ], [ 109.66326, 2.006467 ], [ 110.396135, 1.663775 ], [ 111.168853, 1.850637 ], [ 111.370081, 2.697303 ], [ 111.796928, 2.885897 ], [ 112.995615, 3.102395 ], [ 113.712935, 3.893509 ], [ 114.204017, 4.525874 ], [ 114.659596, 4.007637 ], [ 114.869557, 4.348314 ], [ 115.347461, 4.316636 ], [ 115.4057, 4.955228 ], [ 115.45071, 5.44773 ], [ 116.220741, 6.143191 ], [ 116.725103, 6.924771 ], [ 117.129626, 6.928053 ], [ 117.643393, 6.422166 ], [ 117.689075, 5.98749 ], [ 118.347691, 5.708696 ], [ 119.181904, 5.407836 ], [ 119.110694, 5.016128 ], [ 118.439727, 4.966519 ], [ 118.618321, 4.478202 ] ] ] ] } },
{ "type": "Feature", "properties": { "name": "Namibia", "iso3": "NAM", "name_with_flag": "🇳🇦 Namibia", "1990": 3875.470432103632, "1991": 4191.707934186451, "1992": 4451.9356435536656, "1993": 4344.6245210123316, "1994": 4376.0654524912552, "1995": 4509.1297291076307, "1996": 4611.7580003230187, "1997": 4764.3407806440746, "1998": 4851.5922938840076, "1999": 4961.1243265678104, "2000": 5128.6143364462077, "2001": 5196.1500983619917, "2002": 5433.2690272384343, "2003": 5692.6337375287167, "2004": 6479.7636896582862, "2005": 6766.5998120604982, "2006": 7373.7582221188823, "2007": 7874.9314450828779, "2008": 8124.8151788674859, "2009": 8079.3839228621819, "2010": 8538.1999539594781, "2011": 9002.2300453705739, "2012": 9363.7663231802926, "2013": 9699.2083777864955, "2014": 10365.309059678069, "2015": 10465.892055851629, "2016": 10200.139260973319, "2017": 9887.9393548254957, "2018": 9853.7353364607407, "2019": 9609.4855567287359, "2020": 9354.1313671307707, "2021": 9709.0993064677059, "2022": 10662.70170457828, "2023": 11251.2370332343, "2024": 11686.602062477519 }, "geometry": { "type": "Polygon", "coordinates": [ [ [ 16.344977, -28.576705 ], [ 15.601818, -27.821247 ], [ 15.210472, -27.090956 ], [ 14.989711, -26.117372 ], [ 14.743214, -25.39292 ], [ 14.408144, -23.853014 ], [ 14.385717, -22.656653 ], [ 14.257714, -22.111208 ], [ 13.868642, -21.699037 ], [ 13.352498, -20.872834 ], [ 12.826845, -19.673166 ], [ 12.608564, -19.045349 ], [ 11.794919, -18.069129 ], [ 11.734199, -17.301889 ], [ 12.215461, -17.111668 ], [ 12.814081, -16.941343 ], [ 13.462362, -16.971212 ], [ 14.058501, -17.423381 ], [ 14.209707, -17.353101 ], [ 18.263309, -17.309951 ], [ 18.956187, -17.789095 ], [ 21.377176, -17.930636 ], [ 23.215048, -17.523116 ], [ 24.033862, -17.295843 ], [ 24.682349, -17.353411 ], [ 25.07695, -17.578823 ], [ 25.084443, -17.661816 ], [ 24.520705, -17.887125 ], [ 24.217365, -17.889347 ], [ 23.579006, -18.281261 ], [ 23.196858, -17.869038 ], [ 21.65504, -18.219146 ], [ 20.910641, -18.252219 ], [ 20.881134, -21.814327 ], [ 19.895458, -21.849157 ], [ 19.895768, -24.76779 ], [ 19.894734, -28.461105 ], [ 19.002127, -28.972443 ], [ 18.464899, -29.045462 ], [ 17.836152, -28.856378 ], [ 17.387497, -28.783514 ], [ 17.218929, -28.355943 ], [ 16.824017, -28.082162 ], [ 16.344977, -28.576705 ] ] ] } },
{ "type": "Feature", "properties": { "name": "New Caledonia", "iso3": "NCL", "name_with_flag": "🇳🇨 New Caledonia", "1990": null, "1991": null, "1992": null, "1993": null, "1994": null, "1995": null, "1996": null, "1997": null, "1998": null, "1999": null, "2000": null, "2001": null, "2002": null, "2003": null, "2004": null, "2005": null, "2006": null, "2007": null, "2008": null, "2009": null, "2010": null, "2011": null, "2012": null, "2013": null, "2014": null, "2015": null, "2016": null, "2017": null, "2018": null, "2019": null, "2020": null, "2021": null, "2022": null, "2023": null, "2024": null }, "geometry": { "type": "Polygon", "coordinates": [ [ [ 165.77999, -21.080005 ], [ 166.599991, -21.700019 ], [ 167.120011, -22.159991 ], [ 166.740035, -22.399976 ], [ 166.189732, -22.129708 ], [ 165.474375, -21.679607 ], [ 164.829815, -21.14982 ], [ 164.167995, -20.444747 ], [ 164.029606, -20.105646 ], [ 164.459967, -20.120012 ], [ 165.020036, -20.459991 ], [ 165.460009, -20.800022 ], [ 165.77999, -21.080005 ] ] ] } },
{ "type": "Feature", "properties": { "name": "Niger", "iso3": "NER", "name_with_flag": "🇳🇪 Niger", "1990": 739.10885097428593, "1991": 737.52892132767079, "1992": 745.80431010743916, "1993": 742.10718079702679, "1994": 747.57567767683747, "1995": 756.545588583376, "1996": 745.81084401480973, "1997": 745.10552392562795, "1998": 801.04693969991638, "1999": 783.18387709162698, "2000": 764.28188514315957, "2001": 809.38718690937503, "2002": 832.46936440920501, "2003": 836.97844059323563, "2004": 832.12519659952272, "2005": 888.30426254383917, "2006": 935.17532935428596, "2007": 954.89228011055457, "2008": 1010.431846211695, "2009": 998.79250150477799, "2010": 1057.511002573847, "2011": 1064.419173903608, "2012": 1161.789082897667, "2013": 1137.7690412957079, "2014": 1161.325157237927, "2015": 1172.1917875895499, "2016": 1188.55709229837, "2017": 1208.146099552662, "2018": 1275.996439353275, "2019": 1419.168050701931, "2020": 1496.8335002302199, "2021": 1585.5992202118821, "2022": 1839.9690967590329, "2023": 1875.1530677062749, "2024": 2015.022820760473 }, "geometry": { "type": "Polygon", "coordinates": [ [ [ 2.154474, 11.94015 ], [ 2.177108, 12.625018 ], [ 1.024103, 12.851826 ], [ 0.993046, 13.33575 ], [ 0.429928, 13.988733 ], [ 0.295646, 14.444235 ], [ 0.374892, 14.928908 ], [ 1.015783, 14.968182 ], [ 1.385528, 15.323561 ], [ 2.749993, 15.409525 ], [ 3.638259, 15.56812 ], [ 3.723422, 16.184284 ], [ 4.27021, 16.852227 ], [ 4.267419, 19.155265 ], [ 5.677566, 19.601207 ], [ 8.572893, 21.565661 ], [ 11.999506, 23.471668 ], [ 13.581425, 23.040506 ], [ 14.143871, 22.491289 ], [ 14.8513, 22.86295 ], [ 15.096888, 21.308519 ], [ 15.471077, 21.048457 ], [ 15.487148, 20.730415 ], [ 15.903247, 20.387619 ], [ 15.685741, 19.95718 ], [ 15.300441, 17.92795 ], [ 15.247731, 16.627306 ], [ 13.972202, 15.684366 ], [ 13.540394, 14.367134 ], [ 13.956699, 13.996691 ], [ 13.954477, 13.353449 ], [ 14.595781, 13.330427 ], [ 14.495787, 12.859396 ], [ 14.213531, 12.802035 ], [ 14.181336, 12.483657 ], [ 13.995353, 12.461565 ], [ 13.318702, 13.556356 ], [ 13.083987, 13.596147 ], [ 12.302071, 13.037189 ], [ 11.527803, 13.32898 ], [ 10.989593, 13.387323 ], [ 10.701032, 13.246918 ], [ 10.114814, 13.277252 ], [ 9.524928, 12.851102 ], [ 9.014933, 12.826659 ], [ 7.804671, 13.343527 ], [ 7.330747, 13.098038 ], [ 6.820442, 13.115091 ], [ 6.445426, 13.492768 ], [ 5.443058, 13.865924 ], [ 4.368344, 13.747482 ], [ 4.107946, 13.531216 ], [ 3.967283, 12.956109 ], [ 3.680634, 12.552903 ], [ 3.61118, 11.660167 ], [ 2.848643, 12.235636 ], [ 2.490164, 12.233052 ], [ 2.154474, 11.94015 ] ] ] } },
{ "type": "Feature", "properties": { "name": "Nigeria", "iso3": "NGA", "name_with_flag": "🇳🇬 Nigeria", "1990": 2016.6342467775869, "1991": 2037.767510105462, "1992": 2124.2233876463611, "1993": 2074.604130669682, "1994": 2026.2120088455099, "1995": 2013.400219907154, "1996": 2081.1630176266349, "1997": 2123.2361731035749, "1998": 2145.7060322099419, "1999": 2131.839930941228, "2000": 2229.0657777845822, "2001": 2349.4418562857591, "2002": 2677.2860198764738, "2003": 2851.0439880721301, "2004": 3111.1401597167041, "2005": 3322.0141983935391, "2006": 3533.0468473571891, "2007": 3762.2034636252811, "2008": 3981.6581169783658, "2009": 4209.2185319294158, "2010": 4474.6070507502336, "2011": 4676.4081511928134, "2012": 4737.1067443982511, "2013": 4973.7852755176764, "2014": 5252.1509495675782, "2015": 5189.4539719546074, "2016": 5022.3332670398186, "2017": 4996.8947279188606, "2018": 5083.1723310220677, "2019": 5362.408307575608, "2020": 5353.7055489938839, "2021": 5491.7003406829663, "2022": 5948.7261470680869, "2023": 6207.4213784506683, "2024": 6439.8129215850249 }, "geometry": { "type": "Polygon", "coordinates": [ [ [ 8.500288, 4.771983 ], [ 7.462108, 4.412108 ], [ 7.082596, 4.464689 ], [ 6.698072, 4.240594 ], [ 5.898173, 4.262453 ], [ 5.362805, 4.887971 ], [ 5.033574, 5.611802 ], [ 4.325607, 6.270651 ], [ 3.57418, 6.2583 ], [ 2.691702, 6.258817 ], [ 2.749063, 7.870734 ], [ 2.723793, 8.506845 ], [ 2.912308, 9.137608 ], [ 3.220352, 9.444153 ], [ 3.705438, 10.06321 ], [ 3.60007, 10.332186 ], [ 3.797112, 10.734746 ], [ 3.572216, 11.327939 ], [ 3.61118, 11.660167 ], [ 3.680634, 12.552903 ], [ 3.967283, 12.956109 ], [ 4.107946, 13.531216 ], [ 4.368344, 13.747482 ], [ 5.443058, 13.865924 ], [ 6.445426, 13.492768 ], [ 6.820442, 13.115091 ], [ 7.330747, 13.098038 ], [ 7.804671, 13.343527 ], [ 9.014933, 12.826659 ], [ 9.524928, 12.851102 ], [ 10.114814, 13.277252 ], [ 10.701032, 13.246918 ], [ 10.989593, 13.387323 ], [ 11.527803, 13.32898 ], [ 12.302071, 13.037189 ], [ 13.083987, 13.596147 ], [ 13.318702, 13.556356 ], [ 13.995353, 12.461565 ], [ 14.181336, 12.483657 ], [ 14.577178, 12.085361 ], [ 14.468192, 11.904752 ], [ 14.415379, 11.572369 ], [ 13.57295, 10.798566 ], [ 13.308676, 10.160362 ], [ 13.1676, 9.640626 ], [ 12.955468, 9.417772 ], [ 12.753672, 8.717763 ], [ 12.218872, 8.305824 ], [ 12.063946, 7.799808 ], [ 11.839309, 7.397042 ], [ 11.745774, 6.981383 ], [ 11.058788, 6.644427 ], [ 10.497375, 7.055358 ], [ 10.118277, 7.03877 ], [ 9.522706, 6.453482 ], [ 9.233163, 6.444491 ], [ 8.757533, 5.479666 ], [ 8.500288, 4.771983 ] ] ] } },
{ "type": "Feature", "properties": { "name": "Nicaragua", "iso3": "NIC", "name_with_flag": "🇳🇮 Nicaragua", "1990": 1978.5663418588331, "1991": 1995.077392445741, "1992": 2002.6390959678349, "1993": 1997.7124764884211, "1994": 2064.1692095797489, "1995": 2187.0344196101219, "1996": 2324.781742474328, "1997": 2417.9861829817442, "1998": 2497.449400171186, "1999": 2672.4922843611198, "2000": 2806.2593793734482, "2001": 2916.5516832376079, "2002": 2948.2297984788311, "2003": 3046.1086825849002, "2004": 3255.4851585992419, "2005": 3455.9927366700708, "2006": 3657.9674969149441, "2007": 3891.4998497234528, "2008": 4044.3761218428299, "2009": 3879.669881903968, "2010": 4042.2207127651741, "2011": 4324.7100724423753, "2012": 4507.9430286669576, "2013": 4710.5724315851257, "2014": 5067.7463901868696, "2015": 5448.8922601031718, "2016": 5882.3664521974597, "2017": 6225.3470257484614, "2018": 5935.166936313859, "2019": 5981.1087643146648, "2020": 6274.0945674138757, "2021": 7119.169233600418, "2022": 7796.6936203414434, "2023": 8319.9794414099597, "2024": 8708.7998305162619 }, "geometry": { "type": "Polygon", "coordinates": [ [ [ -85.71254, 11.088445 ], [ -86.058488, 11.403439 ], [ -86.52585, 11.806877 ], [ -86.745992, 12.143962 ], [ -87.167516, 12.458258 ], [ -87.668493, 12.90991 ], [ -87.557467, 13.064552 ], [ -87.392386, 12.914018 ], [ -87.316654, 12.984686 ], [ -87.005769, 13.025794 ], [ -86.880557, 13.254204 ], [ -86.733822, 13.263093 ], [ -86.755087, 13.754845 ], [ -86.520708, 13.778487 ], [ -86.312142, 13.771356 ], [ -86.096264, 14.038187 ], [ -85.801295, 13.836055 ], [ -85.698665, 13.960078 ], [ -85.514413, 14.079012 ], [ -85.165365, 14.35437 ], [ -85.148751, 14.560197 ], [ -85.052787, 14.551541 ], [ -84.924501, 14.790493 ], [ -84.820037, 14.819587 ], [ -84.649582, 14.666805 ], [ -84.449336, 14.621614 ], [ -84.228342, 14.748764 ], [ -83.975721, 14.749436 ], [ -83.628585, 14.880074 ], [ -83.489989, 15.016267 ], [ -83.147219, 14.995829 ], [ -83.233234, 14.899866 ], [ -83.284162, 14.676624 ], [ -83.182126, 14.310703 ], [ -83.4125, 13.970078 ], [ -83.519832, 13.567699 ], [ -83.552207, 13.127054 ], [ -83.498515, 12.869292 ], [ -83.473323, 12.419087 ], [ -83.626104, 12.32085 ], [ -83.719613, 11.893124 ], [ -83.650858, 11.629032 ], [ -83.85547, 11.373311 ], [ -83.808936, 11.103044 ], [ -83.655612, 10.938764 ], [ -83.895054, 10.726839 ], [ -84.190179, 10.79345 ], [ -84.355931, 10.999226 ], [ -84.673069, 11.082657 ], [ -84.903003, 10.952303 ], [ -85.561852, 11.217119 ], [ -85.71254, 11.088445 ] ] ] } },
{ "type": "Feature", "properties": { "name": "Netherlands", "iso3": "NLD", "name_with_flag": "🇳🇱 Netherlands", "1990": 19190.228176969351, "1991": 20163.559644311921, "1992": 20816.937575730641, "1993": 21428.482969851841, "1994": 22398.675698091731, "1995": 23464.76137665283, "1996": 24554.94971068931, "1997": 26055.521727658401, "1998": 27746.987130064728, "1999": 29316.263477573779, "2000": 31887.853461068691, "2001": 33262.982380920541, "2002": 34568.459326810756, "2003": 34290.755046780723, "2004": 35965.546802113589, "2005": 37778.48643600654, "2006": 41216.8840677591, "2007": 44205.044983612628, "2008": 46714.345430139198, "2009": 44935.745749648129, "2010": 45306.30780548948, "2011": 47004.137073906197, "2012": 47653.340165137059, "2013": 49622.051961479941, "2014": 49751.309286082163, "2015": 50970.348484390983, "2016": 53162.279159802813, "2017": 56037.567993605953, "2018": 58819.260914258382, "2019": 62345.253846543274, "2020": 62596.630202752407, "2021": 68573.564878644625, "2022": 77152.223761336121, "2023": 78305.288835896776, "2024": 84218.458643509613 }, "geometry": { "type": "Polygon", "coordinates": [ [ [ 6.074183, 53.510403 ], [ 6.90514, 53.482162 ], [ 7.092053, 53.144043 ], [ 6.84287, 52.22844 ], [ 6.589397, 51.852029 ], [ 5.988658, 51.851616 ], [ 6.156658, 50.803721 ], [ 5.606976, 51.037298 ], [ 4.973991, 51.475024 ], [ 4.047071, 51.267259 ], [ 3.314971, 51.345755 ], [ 3.830289, 51.620545 ], [ 4.705997, 53.091798 ], [ 6.074183, 53.510403 ] ] ] } },
{ "type": "Feature", "properties": { "name": "Norway", "iso3": "NOR", "name_with_flag": "🇳🇴 Norway", "1990": 18448.55264488457, "1991": 19567.253325862759, "1992": 20609.24067816907, "1993": 21569.250265276911, "1994": 23012.112294649291, "1995": 24344.300467465149, "1996": 26816.313840828119, "1997": 28603.36704581925, "1998": 28198.43176554433, "1999": 30573.73422424421, "2000": 36986.494198463879, "2001": 37833.480410732453, "2002": 38056.240427810633, "2003": 38684.709682509863, "2004": 42672.93753489355, "2005": 47966.864011260797, "2006": 54369.176646134503, "2007": 56181.304566685707, "2008": 62072.753985490912, "2009": 55618.633764183571, "2010": 58219.614346352311, "2011": 62460.090815700241, "2012": 65774.35207462238, "2013": 67377.926225877221, "2014": 66332.461437419755, "2015": 60754.181691637677, "2016": 59280.199202882854, "2017": 64589.555919686303, "2018": 70253.846369338615, "2019": 70939.605518035984, "2020": 67110.604570550189, "2021": 88984.138673651498, "2022": 123150.1729080089, "2023": 100437.3267445839, "2024": 101031.5875168176 }, "geometry": { "type": "MultiPolygon", "coordinates": [ [ [ [ 28.165547, 71.185474 ], [ 31.293418, 70.453788 ], [ 30.005435, 70.186259 ], [ 31.101079, 69.55808 ], [ 29.399581, 69.156916 ], [ 28.59193, 69.064777 ], [ 29.015573, 69.766491 ], [ 27.732292, 70.164193 ], [ 26.179622, 69.825299 ], [ 25.689213, 69.092114 ], [ 24.735679, 68.649557 ], [ 23.66205, 68.891247 ], [ 22.356238, 68.841741 ], [ 21.244936, 69.370443 ], [ 20.645593, 69.106247 ], [ 20.025269, 69.065139 ], [ 19.87856, 68.407194 ], [ 17.993868, 68.567391 ], [ 17.729182, 68.010552 ], [ 16.768879, 68.013937 ], [ 16.108712, 67.302456 ], [ 15.108411, 66.193867 ], [ 13.55569, 64.787028 ], [ 13.919905, 64.445421 ], [ 13.571916, 64.049114 ], [ 12.579935, 64.066219 ], [ 11.930569, 63.128318 ], [ 11.992064, 61.800362 ], [ 12.631147, 61.293572 ], [ 12.300366, 60.117933 ], [ 11.468272, 59.432393 ], [ 11.027369, 58.856149 ], [ 10.356557, 59.469807 ], [ 8.382, 58.313288 ], [ 7.048748, 58.078884 ], [ 5.665835, 58.588155 ], [ 5.308234, 59.663232 ], [ 4.992078, 61.970998 ], [ 5.9129, 62.614473 ], [ 8.553411, 63.454008 ], [ 10.527709, 64.486038 ], [ 12.358347, 65.879726 ], [ 14.761146, 67.810642 ], [ 16.435927, 68.563205 ], [ 19.184028, 69.817444 ], [ 21.378416, 70.255169 ], [ 23.023742, 70.202072 ], [ 24.546543, 71.030497 ], [ 26.37005, 70.986262 ], [ 28.165547, 71.185474 ] ] ], [ [ [ 24.72412, 77.85385 ], [ 22.49032, 77.44493 ], [ 20.72601, 77.67704 ], [ 21.41611, 77.93504 ], [ 20.8119, 78.25463 ], [ 22.88426, 78.45494 ], [ 23.28134, 78.07954 ], [ 24.72412, 77.85385 ] ] ], [ [ [ 18.25183, 79.70175 ], [ 21.54383, 78.95611 ], [ 19.02737, 78.5626 ], [ 18.47172, 77.82669 ], [ 17.59441, 77.63796 ], [ 17.1182, 76.80941 ], [ 15.91315, 76.77045 ], [ 13.76259, 77.38035 ], [ 14.66956, 77.73565 ], [ 13.1706, 78.02493 ], [ 11.22231, 78.8693 ], [ 10.44453, 79.65239 ], [ 13.17077, 80.01046 ], [ 13.71852, 79.66039 ], [ 15.14282, 79.67431 ], [ 15.52255, 80.01608 ], [ 16.99085, 80.05086 ], [ 18.25183, 79.70175 ] ] ], [ [ [ 25.447625, 80.40734 ], [ 27.407506, 80.056406 ], [ 25.924651, 79.517834 ], [ 23.024466, 79.400012 ], [ 20.075188, 79.566823 ], [ 19.897266, 79.842362 ], [ 18.462264, 79.85988 ], [ 17.368015, 80.318896 ], [ 20.455992, 80.598156 ], [ 21.907945, 80.357679 ], [ 22.919253, 80.657144 ], [ 25.447625, 80.40734 ] ] ] ] } },
{ "type": "Feature", "properties": { "name": "Nepal", "iso3": "NPL", "name_with_flag": "🇳🇵 Nepal", "1990": 829.55410911096158, "1991": 888.91482121127035, "1992": 920.18150862328559, "1993": 951.9103707530968, "1994": 1026.0837007266321, "1995": 1058.207476445079, "1996": 1110.221926886705, "1997": 1161.981760799885, "1998": 1186.924856019891, "1999": 1233.6614109860691, "2000": 1316.8294091377429, "2001": 1388.4704545580951, "2002": 1390.4370697499801, "2003": 1453.1836578570401, "2004": 1542.449476391487, "2005": 1627.8391559650281, "2006": 1717.786117794338, "2007": 1809.3237124739039, "2008": 1942.152996932997, "2009": 2028.9574075362179, "2010": 2139.2274938401301, "2011": 2247.9974293220521, "2012": 2465.8346944913142, "2013": 2658.0219688693328, "2014": 2901.1975208616909, "2015": 2957.3055914550432, "2016": 2976.1251368145099, "2017": 3604.7082594974659, "2018": 3956.1246109444328, "2019": 4260.673731908505, "2020": 4235.5746232690481, "2021": 4546.2297000628923, "2022": 5102.9923113294726, "2023": 5395.2082007751287, "2024": 5736.6213433270359 }, "geometry": { "type": "Polygon", "coordinates": [ [ [ 88.120441, 27.876542 ], [ 88.043133, 27.445819 ], [ 88.174804, 26.810405 ], [ 88.060238, 26.414615 ], [ 87.227472, 26.397898 ], [ 86.024393, 26.630985 ], [ 85.251779, 26.726198 ], [ 84.675018, 27.234901 ], [ 83.304249, 27.364506 ], [ 81.999987, 27.925479 ], [ 81.057203, 28.416095 ], [ 80.088425, 28.79447 ], [ 80.476721, 29.729865 ], [ 81.111256, 30.183481 ], [ 81.525804, 30.422717 ], [ 82.327513, 30.115268 ], [ 83.337115, 29.463732 ], [ 83.898993, 29.320226 ], [ 84.23458, 28.839894 ], [ 85.011638, 28.642774 ], [ 85.82332, 28.203576 ], [ 86.954517, 27.974262 ], [ 88.120441, 27.876542 ] ] ] } },
{ "type": "Feature", "properties": { "name": "New Zealand", "iso3": "NZL", "name_with_flag": "🇳🇿 New Zealand", "1990": 14871.45510340562, "1991": 14560.4500543414, "1992": 14937.454313669179, "1993": 15964.256244283521, "1994": 17111.150520898551, "1995": 17885.35370565423, "1996": 18441.634545980109, "1997": 19127.30041260743, "1998": 19319.983564576469, "1999": 20579.365916514042, "2000": 21500.629289809949, "2001": 22521.040938249182, "2002": 23306.279537627739, "2003": 23987.368894492349, "2004": 25096.68587784854, "2005": 25677.419080325199, "2006": 27744.061719832629, "2007": 29353.500628372291, "2008": 29895.64516629494, "2009": 30756.223961712869, "2010": 31292.95275703922, "2011": 32738.988444560109, "2012": 33054.893675108833, "2013": 36262.704728265038, "2014": 37331.315573244683, "2015": 37578.027613270016, "2016": 39988.925085547176, "2017": 42243.508445939748, "2018": 42527.278410330073, "2019": 45197.526387633232, "2020": 45354.156162872678, "2021": 47996.679881846321, "2022": 53647.342814293377, "2023": 53854.199631982527, "2024": 55093.536076213437 }, "geometry": { "type": "MultiPolygon", "coordinates": [ [ [ [ 173.020375, -40.919052 ], [ 173.247234, -41.331999 ], [ 173.958405, -40.926701 ], [ 174.247587, -41.349155 ], [ 174.248517, -41.770008 ], [ 173.876447, -42.233184 ], [ 173.22274, -42.970038 ], [ 172.711246, -43.372288 ], [ 173.080113, -43.853344 ], [ 172.308584, -43.865694 ], [ 171.452925, -44.242519 ], [ 171.185138, -44.897104 ], [ 170.616697, -45.908929 ], [ 169.831422, -46.355775 ], [ 169.332331, -46.641235 ], [ 168.411354, -46.619945 ], [ 167.763745, -46.290197 ], [ 166.676886, -46.219917 ], [ 166.509144, -45.852705 ], [ 167.046424, -45.110941 ], [ 168.303763, -44.123973 ], [ 168.949409, -43.935819 ], [ 169.667815, -43.555326 ], [ 170.52492, -43.031688 ], [ 171.12509, -42.512754 ], [ 171.569714, -41.767424 ], [ 171.948709, -41.514417 ], [ 172.097227, -40.956104 ], [ 172.79858, -40.493962 ], [ 173.020375, -40.919052 ] ] ], [ [ [ 174.612009, -36.156397 ], [ 175.336616, -37.209098 ], [ 175.357596, -36.526194 ], [ 175.808887, -36.798942 ], [ 175.95849, -37.555382 ], [ 176.763195, -37.881253 ], [ 177.438813, -37.961248 ], [ 178.010354, -37.579825 ], [ 178.517094, -37.695373 ], [ 178.274731, -38.582813 ], [ 177.97046, -39.166343 ], [ 177.206993, -39.145776 ], [ 176.939981, -39.449736 ], [ 177.032946, -39.879943 ], [ 176.885824, -40.065978 ], [ 176.508017, -40.604808 ], [ 176.01244, -41.289624 ], [ 175.239567, -41.688308 ], [ 175.067898, -41.425895 ], [ 174.650973, -41.281821 ], [ 175.22763, -40.459236 ], [ 174.900157, -39.908933 ], [ 173.824047, -39.508854 ], [ 173.852262, -39.146602 ], [ 174.574802, -38.797683 ], [ 174.743474, -38.027808 ], [ 174.697017, -37.381129 ], [ 174.292028, -36.711092 ], [ 174.319004, -36.534824 ], [ 173.840997, -36.121981 ], [ 173.054171, -35.237125 ], [ 172.636005, -34.529107 ], [ 173.007042, -34.450662 ], [ 173.551298, -35.006183 ], [ 174.32939, -35.265496 ], [ 174.612009, -36.156397 ] ] ] ] } },
{ "type": "Feature", "properties": { "name": "Oman", "iso3": "OMN", "name_with_flag": "🇴🇲 Oman", "1990": 26904.002210997351, "1991": 28108.66144178851, "1992": 29772.904425570159, "1993": 30986.526256040779, "1994": 31924.775098770941, "1995": 33598.33314670292, "1996": 34660.62481256359, "1997": 36808.93479239758, "1998": 36665.641851936038, "1999": 36791.576683777843, "2000": 39443.260739825673, "2001": 41679.015090505789, "2002": 41511.02852580796, "2003": 40934.695715824513, "2004": 42141.636896515593, "2005": 43672.520318306713, "2006": 46091.182235184613, "2007": 48626.922041985432, "2008": 52841.188952314311, "2009": 55127.467772176373, "2010": 55667.468777864357, "2011": 52393.313582029317, "2012": 49989.442509399392, "2013": 47013.473093438508, "2014": 44235.833632933412, "2015": 36058.166608478787, "2016": 33333.863589372202, "2017": 33619.498898260703, "2018": 37780.330832727057, "2019": 37250.611078835878, "2020": 35163.32817814155, "2021": 38719.45876820488, "2022": 42616.33489558685, "2023": 41851.18796010068, "2024": 41664.179499901547 }, "geometry": { "type": "MultiPolygon", "coordinates": [ [ [ [ 58.861141, 21.114035 ], [ 58.487986, 20.428986 ], [ 58.034318, 20.481437 ], [ 57.826373, 20.243002 ], [ 57.665762, 19.736005 ], [ 57.7887, 19.06757 ], [ 57.694391, 18.94471 ], [ 57.234264, 18.947991 ], [ 56.609651, 18.574267 ], [ 56.512189, 18.087113 ], [ 56.283521, 17.876067 ], [ 55.661492, 17.884128 ], [ 55.269939, 17.632309 ], [ 55.2749, 17.228354 ], [ 54.791002, 16.950697 ], [ 54.239253, 17.044981 ], [ 53.570508, 16.707663 ], [ 53.108573, 16.651051 ], [ 52.782184, 17.349742 ], [ 52.00001, 19.000003 ], [ 54.999982, 19.999994 ], [ 55.666659, 22.000001 ], [ 55.208341, 22.70833 ], [ 55.234489, 23.110993 ], [ 55.525841, 23.524869 ], [ 55.528632, 23.933604 ], [ 55.981214, 24.130543 ], [ 55.804119, 24.269604 ], [ 55.886233, 24.920831 ], [ 56.396847, 24.924732 ], [ 56.84514, 24.241673 ], [ 57.403453, 23.878594 ], [ 58.136948, 23.747931 ], [ 58.729211, 23.565668 ], [ 59.180502, 22.992395 ], [ 59.450098, 22.660271 ], [ 59.80806, 22.533612 ], [ 59.806148, 22.310525 ], [ 59.442191, 21.714541 ], [ 59.282408, 21.433886 ], [ 58.861141, 21.114035 ] ] ], [ [ [ 56.391421, 25.895991 ], [ 56.261042, 25.714606 ], [ 56.070821, 26.055464 ], [ 56.362017, 26.395934 ], [ 56.485679, 26.309118 ], [ 56.391421, 25.895991 ] ] ] ] } },
{ "type": "Feature", "properties": { "name": "Pakistan", "iso3": "PAK", "name_with_flag": "🇵🇰 Pakistan", "1990": 1895.262669678066, "1991": 1991.5796404563821, "1992": 2132.0194172942088, "1993": 2160.1896665616218, "1994": 2223.514283738888, "1995": 2314.9079854652091, "1996": 2400.6345166004521, "1997": 2398.013574573964, "1998": 2419.0778543623701, "1999": 2474.8164771705719, "2000": 2565.199588151414, "2001": 2643.7662750718669, "2002": 2687.829936199274, "2003": 2821.7313702304491, "2004": 3048.3570912287619, "2005": 3292.6022326953771, "2006": 3514.813652411372, "2007": 3672.185274588609, "2008": 3721.3329356162189, "2009": 3777.0909862905091, "2010": 3785.7011353059479, "2011": 3879.5977693448981, "2012": 4046.598487663111, "2013": 4173.9385856875751, "2014": 4312.9907004077631, "2015": 4480.2631346098487, "2016": 4630.7315068373982, "2017": 4789.5364655755257, "2018": 4979.3734961655018, "2019": 5037.5340155974536, "2020": 5048.0213062962994, "2021": 5367.273647147621, "2022": 5920.2743065410741, "2023": 6036.6419251213447, "2024": 6286.9799268998013 }, "geometry": { "type": "Polygon", "coordinates": [ [ [ 75.158028, 37.133031 ], [ 75.896897, 36.666806 ], [ 76.192848, 35.898403 ], [ 77.837451, 35.49401 ], [ 76.871722, 34.653544 ], [ 75.757061, 34.504923 ], [ 74.240203, 34.748887 ], [ 73.749948, 34.317699 ], [ 74.104294, 33.441473 ], [ 74.451559, 32.7649 ], [ 75.258642, 32.271105 ], [ 74.405929, 31.692639 ], [ 74.42138, 30.979815 ], [ 73.450638, 29.976413 ], [ 72.823752, 28.961592 ], [ 71.777666, 27.91318 ], [ 70.616496, 27.989196 ], [ 69.514393, 26.940966 ], [ 70.168927, 26.491872 ], [ 70.282873, 25.722229 ], [ 70.844699, 25.215102 ], [ 71.04324, 24.356524 ], [ 68.842599, 24.359134 ], [ 68.176645, 23.691965 ], [ 67.443667, 23.944844 ], [ 67.145442, 24.663611 ], [ 66.372828, 25.425141 ], [ 64.530408, 25.237039 ], [ 62.905701, 25.218409 ], [ 61.497363, 25.078237 ], [ 61.874187, 26.239975 ], [ 63.316632, 26.756532 ], [ 63.233898, 27.217047 ], [ 62.755426, 27.378923 ], [ 62.72783, 28.259645 ], [ 61.771868, 28.699334 ], [ 61.369309, 29.303276 ], [ 60.874248, 29.829239 ], [ 62.549857, 29.318572 ], [ 63.550261, 29.468331 ], [ 64.148002, 29.340819 ], [ 64.350419, 29.560031 ], [ 65.046862, 29.472181 ], [ 66.346473, 29.887943 ], [ 66.381458, 30.738899 ], [ 66.938891, 31.304911 ], [ 67.683394, 31.303154 ], [ 67.792689, 31.58293 ], [ 68.556932, 31.71331 ], [ 68.926677, 31.620189 ], [ 69.317764, 31.901412 ], [ 69.262522, 32.501944 ], [ 69.687147, 33.105499 ], [ 70.323594, 33.358533 ], [ 69.930543, 34.02012 ], [ 70.881803, 33.988856 ], [ 71.156773, 34.348911 ], [ 71.115019, 34.733126 ], [ 71.613076, 35.153203 ], [ 71.498768, 35.650563 ], [ 71.262348, 36.074388 ], [ 71.846292, 36.509942 ], [ 72.920025, 36.720007 ], [ 74.067552, 36.836176 ], [ 74.575893, 37.020841 ], [ 75.158028, 37.133031 ] ] ] } },
{ "type": "Feature", "properties": { "name": "Panama", "iso3": "PAN", "name_with_flag": "🇵🇦 Panama", "1990": 5136.5260641836849, "1991": 5688.3668592512149, "1992": 6164.7337051750219, "1993": 6518.3408019372437, "1994": 6707.6152459951936, "1995": 6827.5186180975397, "1996": 6420.5125713397574, "1997": 6894.6910597064298, "1998": 7407.5498646448841, "1999": 7748.8359901640642, "2000": 8097.2957828739, "2001": 8197.1576303855891, "2002": 8370.303371466056, "2003": 8800.566641387235, "2004": 9591.6028829943953, "2005": 10511.0220314006, "2006": 11684.55502755152, "2007": 13332.866106207959, "2008": 14705.37145114968, "2009": 14765.7380217055, "2010": 15572.57871944191, "2011": 17473.76514014239, "2012": 19473.25148201859, "2013": 21923.67509395313, "2014": 24376.080868508641, "2015": 27245.278853366919, "2016": 30276.708840583251, "2017": 33533.326007932927, "2018": 32463.540359127019, "2019": 33239.733231164042, "2020": 27017.003368895101, "2021": 30932.76277805155, "2022": 36245.145655103966, "2023": 39803.318953289738, "2024": 41404.762434621807 }, "geometry": { "type": "Polygon", "coordinates": [ [ [ -77.881571, 7.223771 ], [ -78.214936, 7.512255 ], [ -78.429161, 8.052041 ], [ -78.182096, 8.319182 ], [ -78.435465, 8.387705 ], [ -78.622121, 8.718124 ], [ -79.120307, 8.996092 ], [ -79.557877, 8.932375 ], [ -79.760578, 8.584515 ], [ -80.164481, 8.333316 ], [ -80.382659, 8.298409 ], [ -80.480689, 8.090308 ], [ -80.00369, 7.547524 ], [ -80.276671, 7.419754 ], [ -80.421158, 7.271572 ], [ -80.886401, 7.220541 ], [ -81.059543, 7.817921 ], [ -81.189716, 7.647906 ], [ -81.519515, 7.70661 ], [ -81.721311, 8.108963 ], [ -82.131441, 8.175393 ], [ -82.390934, 8.292362 ], [ -82.820081, 8.290864 ], [ -82.850958, 8.073823 ], [ -82.965783, 8.225028 ], [ -82.913176, 8.423517 ], [ -82.829771, 8.626295 ], [ -82.868657, 8.807266 ], [ -82.719183, 8.925709 ], [ -82.927155, 9.07433 ], [ -82.932891, 9.476812 ], [ -82.546196, 9.566135 ], [ -82.187123, 9.207449 ], [ -82.207586, 8.995575 ], [ -81.808567, 8.950617 ], [ -81.714154, 9.031955 ], [ -81.439287, 8.786234 ], [ -80.947302, 8.858504 ], [ -80.521901, 9.111072 ], [ -79.9146, 9.312765 ], [ -79.573303, 9.61161 ], [ -79.021192, 9.552931 ], [ -79.05845, 9.454565 ], [ -78.500888, 9.420459 ], [ -78.055928, 9.24773 ], [ -77.729514, 8.946844 ], [ -77.353361, 8.670505 ], [ -77.474723, 8.524286 ], [ -77.242566, 7.935278 ], [ -77.431108, 7.638061 ], [ -77.753414, 7.70984 ], [ -77.881571, 7.223771 ] ] ] } },
{ "type": "Feature", "properties": { "name": "Peru", "iso3": "PER", "name_with_flag": "🇵🇪 Peru", "1990": 3366.6569613939441, "1991": 3483.538980850833, "1992": 3472.230658726357, "1993": 3666.2331887032351, "1994": 4123.0418757032703, "1995": 4434.6724518097863, "1996": 4555.7695949850631, "1997": 4844.098198775212, "1998": 4791.4057014512491, "1999": 4847.3982674514391, "2000": 5011.9454071916434, "2001": 5086.422478067786, "2002": 5382.5664127397677, "2003": 5656.8581611796671, "2004": 6037.5202510639601, "2005": 6559.5433002175396, "2006": 7213.5960603159056, "2007": 7982.0500837722439, "2008": 8820.1390105684877, "2009": 8916.5957753535913, "2010": 9713.3586330936196, "2011": 10462.577043466261, "2012": 10757.15222343512, "2013": 11290.554740387361, "2014": 11517.73717102469, "2015": 11600.38739928673, "2016": 12066.546068331711, "2017": 12591.85628792344, "2018": 13078.23235034051, "2019": 13563.537293355061, "2020": 12563.3038060893, "2021": 15280.55121064864, "2022": 16669.156148676899, "2023": 17011.227802882469, "2024": 17802.418249897171 }, "geometry": { "type": "Polygon", "coordinates": [ [ [ -69.590424, -17.580012 ], [ -69.858444, -18.092694 ], [ -70.372572, -18.347975 ], [ -71.37525, -17.773799 ], [ -71.462041, -17.363488 ], [ -73.44453, -16.359363 ], [ -75.237883, -15.265683 ], [ -76.009205, -14.649286 ], [ -76.423469, -13.823187 ], [ -76.259242, -13.535039 ], [ -77.106192, -12.222716 ], [ -78.092153, -10.377712 ], [ -79.036953, -8.386568 ], [ -79.44592, -7.930833 ], [ -79.760578, -7.194341 ], [ -80.537482, -6.541668 ], [ -81.249996, -6.136834 ], [ -80.926347, -5.690557 ], [ -81.410943, -4.736765 ], [ -81.09967, -4.036394 ], [ -80.302561, -3.404856 ], [ -80.184015, -3.821162 ], [ -80.469295, -4.059287 ], [ -80.442242, -4.425724 ], [ -80.028908, -4.346091 ], [ -79.624979, -4.454198 ], [ -79.205289, -4.959129 ], [ -78.639897, -4.547784 ], [ -78.450684, -3.873097 ], [ -77.837905, -3.003021 ], [ -76.635394, -2.608678 ], [ -75.544996, -1.56161 ], [ -75.233723, -0.911417 ], [ -75.373223, -0.152032 ], [ -75.106625, -0.057205 ], [ -74.441601, -0.53082 ], [ -74.122395, -1.002833 ], [ -73.659504, -1.260491 ], [ -73.070392, -2.308954 ], [ -72.325787, -2.434218 ], [ -71.774761, -2.16979 ], [ -71.413646, -2.342802 ], [ -70.813476, -2.256865 ], [ -70.047709, -2.725156 ], [ -70.692682, -3.742872 ], [ -70.394044, -3.766591 ], [ -69.893635, -4.298187 ], [ -70.794769, -4.251265 ], [ -70.928843, -4.401591 ], [ -71.748406, -4.593983 ], [ -72.891928, -5.274561 ], [ -72.964507, -5.741251 ], [ -73.219711, -6.089189 ], [ -73.120027, -6.629931 ], [ -73.724487, -6.918595 ], [ -73.723401, -7.340999 ], [ -73.987235, -7.52383 ], [ -73.571059, -8.424447 ], [ -73.015383, -9.032833 ], [ -73.226713, -9.462213 ], [ -72.563033, -9.520194 ], [ -72.184891, -10.053598 ], [ -71.302412, -10.079436 ], [ -70.481894, -9.490118 ], [ -70.548686, -11.009147 ], [ -70.093752, -11.123972 ], [ -69.529678, -10.951734 ], [ -68.66508, -12.5613 ], [ -68.88008, -12.899729 ], [ -68.929224, -13.602684 ], [ -68.948887, -14.453639 ], [ -69.339535, -14.953195 ], [ -69.160347, -15.323974 ], [ -69.389764, -15.660129 ], [ -68.959635, -16.500698 ], [ -69.590424, -17.580012 ] ] ] } },
{ "type": "Feature", "properties": { "name": "Philippines", "iso3": "PHL", "name_with_flag": "🇵🇭 Philippines", "1990": 2607.9657450163049, "1991": 2620.7043768157318, "1992": 2628.5875448465722, "1993": 2684.2765938335042, "1994": 2799.7798824904689, "1995": 2925.9610144351068, "1996": 3082.3096599159808, "1997": 3221.3917104471061, "1998": 3160.364747819357, "1999": 3228.751170015867, "2000": 3365.5583353779921, "2001": 3468.898883231001, "2002": 3580.3824547474369, "2003": 3761.4962459507128, "2004": 4037.1719379228871, "2005": 4289.0522369199598, "2006": 4578.7063089816102, "2007": 4923.1971857257686, "2008": 5144.3357818823033, "2009": 5157.2782508843993, "2010": 5489.2354345760059, "2011": 5705.435911749043, "2012": 6094.2683733865761, "2013": 6372.833821125455, "2014": 6688.7396123255321, "2015": 6894.2670221793451, "2016": 7382.6675843179191, "2017": 7773.798535990245, "2018": 8357.7435793421864, "2019": 8924.1011640288743, "2020": 8238.368020374568, "2021": 8857.7899511551386, "2022": 10131.346369794041, "2023": 10985.82926275052, "2024": 11794.137548849179 }, "geometry": { "type": "MultiPolygon", "coordinates": [ [ [ [ 126.376814, 8.414706 ], [ 126.478513, 7.750354 ], [ 126.537424, 7.189381 ], [ 126.196773, 6.274294 ], [ 125.831421, 7.293715 ], [ 125.363852, 6.786485 ], [ 125.683161, 6.049657 ], [ 125.396512, 5.581003 ], [ 124.219788, 6.161355 ], [ 123.93872, 6.885136 ], [ 124.243662, 7.36061 ], [ 123.610212, 7.833527 ], [ 123.296071, 7.418876 ], [ 122.825506, 7.457375 ], [ 122.085499, 6.899424 ], [ 121.919928, 7.192119 ], [ 122.312359, 8.034962 ], [ 122.942398, 8.316237 ], [ 123.487688, 8.69301 ], [ 123.841154, 8.240324 ], [ 124.60147, 8.514158 ], [ 124.764612, 8.960409 ], [ 125.471391, 8.986997 ], [ 125.412118, 9.760335 ], [ 126.222714, 9.286074 ], [ 126.306637, 8.782487 ], [ 126.376814, 8.414706 ] ] ], [ [ [ 123.982438, 10.278779 ], [ 123.623183, 9.950091 ], [ 123.309921, 9.318269 ], [ 122.995883, 9.022189 ], [ 122.380055, 9.713361 ], [ 122.586089, 9.981045 ], [ 122.837081, 10.261157 ], [ 122.947411, 10.881868 ], [ 123.49885, 10.940624 ], [ 123.337774, 10.267384 ], [ 124.077936, 11.232726 ], [ 123.982438, 10.278779 ] ] ], [ [ [ 118.504581, 9.316383 ], [ 117.174275, 8.3675 ], [ 117.664477, 9.066889 ], [ 118.386914, 9.6845 ], [ 118.987342, 10.376292 ], [ 119.511496, 11.369668 ], [ 119.689677, 10.554291 ], [ 119.029458, 10.003653 ], [ 118.504581, 9.316383 ] ] ], [ [ [ 121.883548, 11.891755 ], [ 122.483821, 11.582187 ], [ 123.120217, 11.58366 ], [ 123.100838, 11.165934 ], [ 122.637714, 10.741308 ], [ 122.00261, 10.441017 ], [ 121.967367, 10.905691 ], [ 122.03837, 11.415841 ], [ 121.883548, 11.891755 ] ] ], [ [ [ 125.502552, 12.162695 ], [ 125.783465, 11.046122 ], [ 125.011884, 11.311455 ], [ 125.032761, 10.975816 ], [ 125.277449, 10.358722 ], [ 124.801819, 10.134679 ], [ 124.760168, 10.837995 ], [ 124.459101, 10.88993 ], [ 124.302522, 11.495371 ], [ 124.891013, 11.415583 ], [ 124.87799, 11.79419 ], [ 124.266762, 12.557761 ], [ 125.227116, 12.535721 ], [ 125.502552, 12.162695 ] ] ], [ [ [ 121.527394, 13.06959 ], [ 121.26219, 12.20556 ], [ 120.833896, 12.704496 ], [ 120.323436, 13.466413 ], [ 121.180128, 13.429697 ], [ 121.527394, 13.06959 ] ] ], [ [ [ 121.321308, 18.504065 ], [ 121.937601, 18.218552 ], [ 122.246006, 18.47895 ], [ 122.336957, 18.224883 ], [ 122.174279, 17.810283 ], [ 122.515654, 17.093505 ], [ 122.252311, 16.262444 ], [ 121.662786, 15.931018 ], [ 121.50507, 15.124814 ], [ 121.728829, 14.328376 ], [ 122.258925, 14.218202 ], [ 122.701276, 14.336541 ], [ 123.950295, 13.782131 ], [ 123.855107, 13.237771 ], [ 124.181289, 12.997527 ], [ 124.077419, 12.536677 ], [ 123.298035, 13.027526 ], [ 122.928652, 13.55292 ], [ 122.671355, 13.185836 ], [ 122.03465, 13.784482 ], [ 121.126385, 13.636687 ], [ 120.628637, 13.857656 ], [ 120.679384, 14.271016 ], [ 120.991819, 14.525393 ], [ 120.693336, 14.756671 ], [ 120.564145, 14.396279 ], [ 120.070429, 14.970869 ], [ 119.920929, 15.406347 ], [ 119.883773, 16.363704 ], [ 120.286488, 16.034629 ], [ 120.390047, 17.599081 ], [ 120.715867, 18.505227 ], [ 121.321308, 18.504065 ] ] ] ] } },
{ "type": "Feature", "properties": { "name": "Papua New Guinea", "iso3": "PNG", "name_with_flag": "🇵🇬 Papua New Guinea", "1990": 1703.2357083967761, "1991": 1868.818270906406, "1992": 2100.4619011706031, "1993": 2450.9558759297211, "1994": 2557.7186377859439, "1995": 2435.650411989292, "1996": 2578.1922029420089, "1997": 2432.071614107695, "1998": 2284.9335806564709, "1999": 2279.5465432054648, "2000": 2195.9578329320561, "2001": 2167.758886136055, "2002": 2125.387201316435, "2003": 2141.9408870908501, "2004": 2186.5400815566918, "2005": 2321.909162494333, "2006": 2443.8022524234138, "2007": 2622.3746872807742, "2008": 2583.4809433188188, "2009": 2692.435092619688, "2010": 2911.8920318969031, "2011": 2918.5439177754361, "2012": 3025.855995907953, "2013": 3109.895372381131, "2014": 3499.5484675555049, "2015": 3669.738715926947, "2016": 3812.7103510079828, "2017": 3923.1719768046669, "2018": 3909.9157297553788, "2019": 4059.828602074866, "2020": 3899.5771923685088, "2021": 3976.9038011695561, "2022": 4419.6192696280305, "2023": 4667.835670929906, "2024": 4888.5548313617319 }, "geometry": { "type": "MultiPolygon", "coordinates": [ [ [ [ 155.880026, -6.819997 ], [ 155.599991, -6.919991 ], [ 155.166994, -6.535931 ], [ 154.729192, -5.900828 ], [ 154.514114, -5.139118 ], [ 154.652504, -5.042431 ], [ 154.759991, -5.339984 ], [ 155.062918, -5.566792 ], [ 155.547746, -6.200655 ], [ 156.019965, -6.540014 ], [ 155.880026, -6.819997 ] ] ], [ [ [ 151.982796, -5.478063 ], [ 151.459107, -5.56028 ], [ 151.30139, -5.840728 ], [ 150.754447, -6.083763 ], [ 150.241197, -6.317754 ], [ 149.709963, -6.316513 ], [ 148.890065, -6.02604 ], [ 148.318937, -5.747142 ], [ 148.401826, -5.437756 ], [ 149.298412, -5.583742 ], [ 149.845562, -5.505503 ], [ 149.99625, -5.026101 ], [ 150.139756, -5.001348 ], [ 150.236908, -5.53222 ], [ 150.807467, -5.455842 ], [ 151.089672, -5.113693 ], [ 151.647881, -4.757074 ], [ 151.537862, -4.167807 ], [ 152.136792, -4.14879 ], [ 152.338743, -4.312966 ], [ 152.318693, -4.867661 ], [ 151.982796, -5.478063 ] ] ], [ [ [ 147.191874, -7.388024 ], [ 148.084636, -8.044108 ], [ 148.734105, -9.104664 ], [ 149.306835, -9.071436 ], [ 149.266631, -9.514406 ], [ 150.038728, -9.684318 ], [ 149.738798, -9.872937 ], [ 150.801628, -10.293687 ], [ 150.690575, -10.582713 ], [ 150.028393, -10.652476 ], [ 149.78231, -10.393267 ], [ 148.923138, -10.280923 ], [ 147.913018, -10.130441 ], [ 147.135443, -9.492444 ], [ 146.567881, -8.942555 ], [ 146.048481, -8.067414 ], [ 144.744168, -7.630128 ], [ 143.897088, -7.91533 ], [ 143.286376, -8.245491 ], [ 143.413913, -8.983069 ], [ 142.628431, -9.326821 ], [ 142.068259, -9.159596 ], [ 141.033852, -9.117893 ], [ 141.017057, -5.859022 ], [ 141.00021, -2.600151 ], [ 142.735247, -3.289153 ], [ 144.583971, -3.861418 ], [ 145.27318, -4.373738 ], [ 145.829786, -4.876498 ], [ 145.981922, -5.465609 ], [ 147.648073, -6.083659 ], [ 147.891108, -6.614015 ], [ 146.970905, -6.721657 ], [ 147.191874, -7.388024 ] ] ], [ [ [ 153.140038, -4.499983 ], [ 152.827292, -4.766427 ], [ 152.638673, -4.176127 ], [ 152.406026, -3.789743 ], [ 151.953237, -3.462062 ], [ 151.384279, -3.035422 ], [ 150.66205, -2.741486 ], [ 150.939965, -2.500002 ], [ 151.479984, -2.779985 ], [ 151.820015, -2.999972 ], [ 152.239989, -3.240009 ], [ 152.640017, -3.659983 ], [ 153.019994, -3.980015 ], [ 153.140038, -4.499983 ] ] ] ] } },
{ "type": "Feature", "properties": { "name": "Poland", "iso3": "POL", "name_with_flag": "🇵🇱 Poland", "1990": 6180.9856884956171, "1991": 5920.6775212203911, "1992": 6188.8911984364049, "1993": 6555.7359063874064, "1994": 7035.2574835660716, "1995": 7709.4902114685856, "1996": 8307.2056723406386, "1997": 8965.0188941731685, "1998": 9520.0819184428638, "1999": 10080.688038193541, "2000": 10718.91054042547, "2001": 11176.471596406271, "2002": 11841.26840877211, "2003": 12330.472710172889, "2004": 13414.85739344287, "2005": 13935.557314821381, "2006": 15208.126622577031, "2007": 16833.852256438178, "2008": 18372.37645483001, "2009": 19290.12047178283, "2010": 20993.249560257711, "2011": 22808.50552688992, "2012": 23728.14568214348, "2013": 24433.89143448769, "2014": 25459.73922737614, "2015": 26995.34087137449, "2016": 28359.692734626551, "2017": 30170.281897408739, "2018": 32345.106607622482, "2019": 35882.365506555267, "2020": 37089.300425681176, "2021": 41059.584782968202, "2022": 46077.3855556036, "2023": 46757.540184125377, "2024": 50378.064184925483 }, "geometry": { "type": "Polygon", "coordinates": [ [ [ 15.016996, 51.106674 ], [ 14.607098, 51.745188 ], [ 14.685026, 52.089947 ], [ 14.4376, 52.62485 ], [ 14.074521, 52.981263 ], [ 14.353315, 53.248171 ], [ 14.119686, 53.757029 ], [ 14.8029, 54.050706 ], [ 16.363477, 54.513159 ], [ 17.622832, 54.851536 ], [ 18.620859, 54.682606 ], [ 18.696255, 54.438719 ], [ 19.66064, 54.426084 ], [ 20.892245, 54.312525 ], [ 22.731099, 54.327537 ], [ 23.243987, 54.220567 ], [ 23.484128, 53.912498 ], [ 23.527536, 53.470122 ], [ 23.804935, 53.089731 ], [ 23.799199, 52.691099 ], [ 23.199494, 52.486977 ], [ 23.508002, 52.023647 ], [ 23.527071, 51.578454 ], [ 24.029986, 50.705407 ], [ 23.922757, 50.424881 ], [ 23.426508, 50.308506 ], [ 22.51845, 49.476774 ], [ 22.776419, 49.027395 ], [ 22.558138, 49.085738 ], [ 21.607808, 49.470107 ], [ 20.887955, 49.328772 ], [ 20.415839, 49.431453 ], [ 19.825023, 49.217125 ], [ 19.320713, 49.571574 ], [ 18.909575, 49.435846 ], [ 18.853144, 49.49623 ], [ 18.392914, 49.988629 ], [ 17.649445, 50.049038 ], [ 17.554567, 50.362146 ], [ 16.868769, 50.473974 ], [ 16.719476, 50.215747 ], [ 16.176253, 50.422607 ], [ 16.238627, 50.697733 ], [ 15.490972, 50.78473 ], [ 15.016996, 51.106674 ] ] ] } },
{ "type": "Feature", "properties": { "name": "Puerto Rico", "iso3": "PRI", "name_with_flag": "🇵🇷 Puerto Rico", "1990": 13409.936928148711, "1991": 14082.925464353289, "1992": 14964.35440712633, "1993": 15896.11738216909, "1994": 16758.75013458823, "1995": 17723.982826153639, "1996": 18260.04989123729, "1997": 19301.203537166079, "1998": 20479.56379815951, "1999": 21779.45007227681, "2000": 22938.030226717339, "2001": 24881.977378180229, "2002": 25467.36071995394, "2003": 25967.781481598151, "2004": 28993.073514850181, "2005": 29350.306055728459, "2006": 29955.581264139619, "2007": 30587.999044537431, "2008": 30782.453956562829, "2009": 30533.680899416489, "2010": 30908.79866308533, "2011": 31697.218864708972, "2012": 32077.617853912299, "2013": 32279.40002909187, "2014": 32391.06703115331, "2015": 32323.545645998511, "2016": 32245.84842766506, "2017": 31866.62406653463, "2018": 33706.591515795852, "2019": 36217.720439028701, "2020": 36858.60852179076, "2021": 40559.474811811961, "2022": 45327.510192422022, "2023": 47433.237627459413, "2024": 50155.541024833437 }, "geometry": { "type": "Polygon", "coordinates": [ [ [ -66.282434, 18.514762 ], [ -65.771303, 18.426679 ], [ -65.591004, 18.228035 ], [ -65.847164, 17.975906 ], [ -66.599934, 17.981823 ], [ -67.184162, 17.946553 ], [ -67.242428, 18.37446 ], [ -67.100679, 18.520601 ], [ -66.282434, 18.514762 ] ] ] } },
{ "type": "Feature", "properties": { "name": "North Korea", "iso3": "PRK", "name_with_flag": "🇰🇵 North Korea", "1990": null, "1991": null, "1992": null, "1993": null, "1994": null, "1995": null, "1996": null, "1997": null, "1998": null, "1999": null, "2000": null, "2001": null, "2002": null, "2003": null, "2004": null, "2005": null, "2006": null, "2007": null, "2008": null, "2009": null, "2010": null, "2011": null, "2012": null, "2013": null, "2014": null, "2015": null, "2016": null, "2017": null, "2018": null, "2019": null, "2020": null, "2021": null, "2022": null, "2023": null, "2024": null }, "geometry": { "type": "Polygon", "coordinates": [ [ [ 130.640016, 42.395009 ], [ 130.780007, 42.220007 ], [ 130.400031, 42.280004 ], [ 129.965949, 41.941368 ], [ 129.667362, 41.601104 ], [ 129.705189, 40.882828 ], [ 129.188115, 40.661808 ], [ 129.0104, 40.485436 ], [ 128.633368, 40.189847 ], [ 127.967414, 40.025413 ], [ 127.533436, 39.75685 ], [ 127.50212, 39.323931 ], [ 127.385434, 39.213472 ], [ 127.783343, 39.050898 ], [ 128.349716, 38.612243 ], [ 128.205746, 38.370397 ], [ 127.780035, 38.304536 ], [ 127.073309, 38.256115 ], [ 126.68372, 37.804773 ], [ 126.237339, 37.840378 ], [ 126.174759, 37.749686 ], [ 125.689104, 37.94001 ], [ 125.568439, 37.752089 ], [ 125.27533, 37.669071 ], [ 125.240087, 37.857224 ], [ 124.981033, 37.948821 ], [ 124.712161, 38.108346 ], [ 124.985994, 38.548474 ], [ 125.221949, 38.665857 ], [ 125.132859, 38.848559 ], [ 125.38659, 39.387958 ], [ 125.321116, 39.551385 ], [ 124.737482, 39.660344 ], [ 124.265625, 39.928493 ], [ 125.079942, 40.569824 ], [ 126.182045, 41.107336 ], [ 126.869083, 41.816569 ], [ 127.343783, 41.503152 ], [ 128.208433, 41.466772 ], [ 128.052215, 41.994285 ], [ 129.596669, 42.424982 ], [ 129.994267, 42.985387 ], [ 130.640016, 42.395009 ] ] ] } },
{ "type": "Feature", "properties": { "name": "Portugal", "iso3": "PRT", "name_with_flag": "🇵🇹 Portugal", "1990": 11771.91632469057, "1991": 12730.94516721428, "1992": 13173.16862844308, "1993": 13193.73392452079, "1994": 13568.92171708509, "1995": 14396.842327449011, "1996": 14916.44483262583, "1997": 15785.79165333373, "1998": 16686.942671376859, "1999": 17718.15157244185, "2000": 18879.058208944662, "2001": 19530.678531391739, "2002": 20356.647299736022, "2003": 20852.240428969639, "2004": 21478.429734514681, "2005": 22725.277494608359, "2006": 24682.564623693321, "2007": 25738.936909353131, "2008": 26665.837295293899, "2009": 26458.10969579254, "2010": 27295.10355618018, "2011": 26803.233690464549, "2012": 26476.218277726941, "2013": 27966.087425470461, "2014": 28764.52549550424, "2015": 29615.956085410831, "2016": 31589.26956095525, "2017": 32970.839538656241, "2018": 34896.799338297351, "2019": 37865.56035642948, "2020": 35966.712796561013, "2021": 38657.667722342499, "2022": 44557.281053571969, "2023": 47426.488086156751, "2024": 50616.593089370668 }, "geometry": { "type": "Polygon", "coordinates": [ [ [ -9.034818, 41.880571 ], [ -8.671946, 42.134689 ], [ -8.263857, 42.280469 ], [ -8.013175, 41.790886 ], [ -7.422513, 41.792075 ], [ -7.251309, 41.918346 ], [ -6.668606, 41.883387 ], [ -6.389088, 41.381815 ], [ -6.851127, 41.111083 ], [ -6.86402, 40.330872 ], [ -7.026413, 40.184524 ], [ -7.066592, 39.711892 ], [ -7.498632, 39.629571 ], [ -7.098037, 39.030073 ], [ -7.374092, 38.373059 ], [ -7.029281, 38.075764 ], [ -7.166508, 37.803894 ], [ -7.537105, 37.428904 ], [ -7.453726, 37.097788 ], [ -7.855613, 36.838269 ], [ -8.382816, 36.97888 ], [ -8.898857, 36.868809 ], [ -8.746101, 37.651346 ], [ -8.839998, 38.266243 ], [ -9.287464, 38.358486 ], [ -9.526571, 38.737429 ], [ -9.446989, 39.392066 ], [ -9.048305, 39.755093 ], [ -8.977353, 40.159306 ], [ -8.768684, 40.760639 ], [ -8.790853, 41.184334 ], [ -8.990789, 41.543459 ], [ -9.034818, 41.880571 ] ] ] } },
{ "type": "Feature", "properties": { "name": "Paraguay", "iso3": "PRY", "name_with_flag": "🇵🇾 Paraguay", "1990": 5636.7880701312524, "1991": 5872.9403293019914, "1992": 5951.8007985248196, "1993": 6233.7611402478724, "1994": 6542.4081769091554, "1995": 6966.4477331647504, "1996": 7040.0191639906798, "1997": 7298.8423182237784, "1998": 7226.7009572970146, "1999": 7079.8664918217664, "2000": 6937.1767197579175, "2001": 6916.4933075041836, "2002": 6924.183349279032, "2003": 7275.9331600926744, "2004": 7685.6581479026217, "2005": 8006.709781676137, "2006": 8560.739251357867, "2007": 9178.9442158936617, "2008": 9867.3969534390435, "2009": 9801.649331074108, "2010": 10893.314919954249, "2011": 11441.763677227829, "2012": 10954.32515701633, "2013": 12137.008194759601, "2014": 12607.072163663939, "2015": 12679.05747532147, "2016": 13329.13733663217, "2017": 13977.342778865081, "2018": 14139.093126756061, "2019": 14149.59852275053, "2020": 14308.878773832839, "2021": 15406.16706465785, "2022": 16347.043497473869, "2023": 17564.49123693788, "2024": 18523.68101530047 }, "geometry": { "type": "Polygon", "coordinates": [ [ [ -62.685057, -22.249029 ], [ -62.291179, -21.051635 ], [ -62.265961, -20.513735 ], [ -61.786326, -19.633737 ], [ -60.043565, -19.342747 ], [ -59.115042, -19.356906 ], [ -58.183471, -19.868399 ], [ -58.166392, -20.176701 ], [ -57.870674, -20.732688 ], [ -57.937156, -22.090176 ], [ -56.88151, -22.282154 ], [ -56.473317, -22.0863 ], [ -55.797958, -22.35693 ], [ -55.610683, -22.655619 ], [ -55.517639, -23.571998 ], [ -55.400747, -23.956935 ], [ -55.027902, -24.001274 ], [ -54.652834, -23.839578 ], [ -54.29296, -24.021014 ], [ -54.293476, -24.5708 ], [ -54.428946, -25.162185 ], [ -54.625291, -25.739255 ], [ -54.788795, -26.621786 ], [ -55.695846, -27.387837 ], [ -56.486702, -27.548499 ], [ -57.60976, -27.395899 ], [ -58.618174, -27.123719 ], [ -57.63366, -25.603657 ], [ -57.777217, -25.16234 ], [ -58.807128, -24.771459 ], [ -60.028966, -24.032796 ], [ -60.846565, -23.880713 ], [ -62.685057, -22.249029 ] ] ] } },
{ "type": "Feature", "properties": { "name": "Qatar", "iso3": "QAT", "name_with_flag": "🇶🇦 Qatar", "1990": 55658.837043086591, "1991": 54758.673464407388, "1992": 60386.979195436521, "1993": 59124.925365524126, "1994": 59415.313240031508, "1995": 60321.061147580942, "1996": 62331.316161855983, "1997": 79218.96393615476, "1998": 84486.170342142432, "1999": 84690.021745064092, "2000": 88848.627026534552, "2001": 89804.86027620094, "2002": 93176.452701975257, "2003": 94120.288070412207, "2004": 110957.7353598882, "2005": 115250.3058908309, "2006": 127180.6037730165, "2007": 124055.5786553892, "2008": 126014.91887662539, "2009": 125897.51969409001, "2010": 151646.21741536379, "2011": 174619.91135910081, "2012": 180939.42577490109, "2013": 169203.26105804971, "2014": 148389.10896402129, "2015": 102545.9396346334, "2016": 89934.692005071993, "2017": 99358.340330769599, "2018": 110032.7132363234, "2019": 107502.4697939875, "2020": 82149.357375171312, "2021": 116832.5702940979, "2022": 122920.49875940361, "2023": 128918.5492933823, "2024": 126110.1088015885 }, "geometry": { "type": "Polygon", "coordinates": [ [ [ 50.810108, 24.754743 ], [ 50.743911, 25.482424 ], [ 51.013352, 26.006992 ], [ 51.286462, 26.114582 ], [ 51.589079, 25.801113 ], [ 51.6067, 25.21567 ], [ 51.389608, 24.627386 ], [ 51.112415, 24.556331 ], [ 50.810108, 24.754743 ] ] ] } },
{ "type": "Feature", "properties": { "name": "Romania", "iso3": "ROU", "name_with_flag": "🇷🇴 Romania", "1990": 5276.7592528238874, "1991": 4791.9408728513736, "1992": 4512.0288050777626, "1993": 4695.9823951599719, "1994": 4992.0889565063726, "1995": 5425.4300440510124, "1996": 5743.5264914178024, "1997": 5563.0638368010059, "1998": 5544.2829162737034, "1999": 5596.4677271221972, "2000": 5848.8409862764393, "2001": 6520.6010530567019, "2002": 7162.3173144054472, "2003": 7560.3722978007136, "2004": 8990.5372764387303, "2005": 9602.1401343619364, "2006": 11556.569248186899, "2007": 13703.18954621066, "2008": 16782.116640703771, "2009": 16632.131772588611, "2010": 17356.658856488859, "2011": 18803.91624524759, "2012": 19807.457963083809, "2013": 19678.128303885442, "2014": 20633.009314697509, "2015": 21630.31437287305, "2016": 23904.66828938029, "2017": 26943.023635316618, "2018": 29586.01464595104, "2019": 33638.162003654659, "2020": 34385.769288394637, "2021": 37730.370844969308, "2022": 42214.624103961149, "2023": 45769.610906878013, "2024": 48712.173062204987 }, "geometry": { "type": "Polygon", "coordinates": [ [ [ 22.710531, 47.882194 ], [ 23.142236, 48.096341 ], [ 23.760958, 47.985598 ], [ 24.402056, 47.981878 ], [ 24.866317, 47.737526 ], [ 25.207743, 47.891056 ], [ 25.945941, 47.987149 ], [ 26.19745, 48.220881 ], [ 26.619337, 48.220726 ], [ 26.924176, 48.123264 ], [ 27.233873, 47.826771 ], [ 27.551166, 47.405117 ], [ 28.12803, 46.810476 ], [ 28.160018, 46.371563 ], [ 28.054443, 45.944586 ], [ 28.233554, 45.488283 ], [ 28.679779, 45.304031 ], [ 29.149725, 45.464925 ], [ 29.603289, 45.293308 ], [ 29.626543, 45.035391 ], [ 29.141612, 44.82021 ], [ 28.837858, 44.913874 ], [ 28.558081, 43.707462 ], [ 27.970107, 43.812468 ], [ 27.2424, 44.175986 ], [ 26.065159, 43.943494 ], [ 25.569272, 43.688445 ], [ 24.100679, 43.741051 ], [ 23.332302, 43.897011 ], [ 22.944832, 43.823785 ], [ 22.65715, 44.234923 ], [ 22.474008, 44.409228 ], [ 22.705726, 44.578003 ], [ 22.459022, 44.702517 ], [ 22.145088, 44.478422 ], [ 21.562023, 44.768947 ], [ 21.483526, 45.18117 ], [ 20.874313, 45.416375 ], [ 20.762175, 45.734573 ], [ 20.220192, 46.127469 ], [ 21.021952, 46.316088 ], [ 21.626515, 46.994238 ], [ 22.099768, 47.672439 ], [ 22.710531, 47.882194 ] ] ] } },
{ "type": "Feature", "properties": { "name": "Russia", "iso3": "RUS", "name_with_flag": "🇷🇺 Russia", "1990": 8027.7890625, "1991": 7857.85498046875, "1992": 6862.41455078125, "1993": 6419.53662109375, "1994": 5734.421875, "1995": 5613.28076171875, "1996": 5517.85888671875, "1997": 5699.94775390625, "1998": 5465.05615234375, "1999": 5914.326171875, "2000": 6825.3916015625, "2001": 7361.36376953125, "2002": 8037.474609375, "2003": 9254.537109375, "2004": 10226.7666015625, "2005": 11822.3466796875, "2006": 14912.234375, "2007": 16648.2421875, "2008": 20163.609375, "2009": 19389.94140625, "2010": 20490.126953125, "2011": 22789.54296875, "2012": 24273.517578125, "2013": 26019.7265625, "2014": 25688.2265625, "2015": 23994.013671875, "2016": 24012.40234375, "2017": 25777.904296875, "2018": 28628.5625, "2019": 30963.853515625, "2020": 31490.8046875, "2021": 38638.4296875, "2022": 40938.98828125, "2023": 44268.73046875, "2024": 47404.96484375 }, "geometry": { "type": "MultiPolygon", "coordinates": [ [ [ [ 143.648007, 50.7476 ], [ 144.654148, 48.976391 ], [ 143.173928, 49.306551 ], [ 142.558668, 47.861575 ], [ 143.533492, 46.836728 ], [ 143.505277, 46.137908 ], [ 142.747701, 46.740765 ], [ 142.09203, 45.966755 ], [ 141.906925, 46.805929 ], [ 142.018443, 47.780133 ], [ 141.904445, 48.859189 ], [ 142.1358, 49.615163 ], [ 142.179983, 50.952342 ], [ 141.594076, 51.935435 ], [ 141.682546, 53.301966 ], [ 142.606934, 53.762145 ], [ 142.209749, 54.225476 ], [ 142.654786, 54.365881 ], [ 142.914616, 53.704578 ], [ 143.260848, 52.74076 ], [ 143.235268, 51.75666 ], [ 143.648007, 50.7476 ] ] ], [ [ [ 22.731099, 54.327537 ], [ 20.892245, 54.312525 ], [ 19.66064, 54.426084 ], [ 19.888481, 54.86616 ], [ 21.268449, 55.190482 ], [ 22.315724, 55.015299 ], [ 22.757764, 54.856574 ], [ 22.651052, 54.582741 ], [ 22.731099, 54.327537 ] ] ], [ [ [ -175.01425, 66.58435 ], [ -174.33983, 66.33556 ], [ -174.57182, 67.06219 ], [ -171.85731, 66.91308 ], [ -169.89958, 65.97724 ], [ -170.89107, 65.54139 ], [ -172.53025, 65.43791 ], [ -172.555, 64.46079 ], [ -172.95533, 64.25269 ], [ -173.89184, 64.2826 ], [ -174.65392, 64.63125 ], [ -175.98353, 64.92288 ], [ -176.20716, 65.35667 ], [ -177.22266, 65.52024 ], [ -178.35993, 65.39052 ], [ -178.90332, 65.74044 ], [ -178.68611, 66.11211 ], [ -179.88377, 65.87456 ], [ -179.43268, 65.40411 ], [ -180.0, 64.979709 ], [ -180.0, 68.963636 ], [ -177.55, 68.2 ], [ -174.92825, 67.20589 ], [ -175.01425, 66.58435 ] ] ], [ [ [ 180.0, 70.832199 ], [ 178.903425, 70.78114 ], [ 178.7253, 71.0988 ], [ 180.0, 71.515714 ], [ 180.0, 70.832199 ] ] ], [ [ [ -178.69378, 70.89302 ], [ -180.0, 70.832199 ], [ -180.0, 71.515714 ], [ -179.871875, 71.55762 ], [ -179.02433, 71.55553 ], [ -177.577945, 71.26948 ], [ -177.663575, 71.13277 ], [ -178.69378, 70.89302 ] ] ], [ [ [ 143.60385, 73.21244 ], [ 142.08763, 73.20544 ], [ 140.038155, 73.31692 ], [ 139.86312, 73.36983 ], [ 140.81171, 73.76506 ], [ 142.06207, 73.85758 ], [ 143.48283, 73.47525 ], [ 143.60385, 73.21244 ] ] ], [ [ [ 150.73167, 75.08406 ], [ 149.575925, 74.68892 ], [ 147.977465, 74.778355 ], [ 146.11919, 75.17298 ], [ 146.358485, 75.49682 ], [ 148.22223, 75.345845 ], [ 150.73167, 75.08406 ] ] ], [ [ [ 145.086285, 75.562625 ], [ 144.3, 74.82 ], [ 140.61381, 74.84768 ], [ 138.95544, 74.61148 ], [ 136.97439, 75.26167 ], [ 137.51176, 75.94917 ], [ 138.831075, 76.13676 ], [ 141.471615, 76.09289 ], [ 145.086285, 75.562625 ] ] ], [ [ [ 57.535693, 70.720464 ], [ 56.944979, 70.632743 ], [ 53.677375, 70.762658 ], [ 53.412017, 71.206662 ], [ 51.601895, 71.474759 ], [ 51.455754, 72.014881 ], [ 52.478275, 72.229442 ], [ 52.444169, 72.774731 ], [ 54.427614, 73.627548 ], [ 53.50829, 73.749814 ], [ 55.902459, 74.627486 ], [ 55.631933, 75.081412 ], [ 57.868644, 75.60939 ], [ 61.170044, 76.251883 ], [ 64.498368, 76.439055 ], [ 66.210977, 76.809782 ], [ 68.15706, 76.939697 ], [ 68.852211, 76.544811 ], [ 68.180573, 76.233642 ], [ 64.637326, 75.737755 ], [ 61.583508, 75.260885 ], [ 58.477082, 74.309056 ], [ 56.986786, 73.333044 ], [ 55.419336, 72.371268 ], [ 55.622838, 71.540595 ], [ 57.535693, 70.720464 ] ] ], [ [ [ 106.97013, 76.97419 ], [ 107.24, 76.48 ], [ 108.1538, 76.72335 ], [ 111.07726, 76.71 ], [ 113.33151, 76.22224 ], [ 114.13417, 75.84764 ], [ 113.88539, 75.32779 ], [ 112.77918, 75.03186 ], [ 110.15125, 74.47673 ], [ 109.4, 74.18 ], [ 110.64, 74.04 ], [ 112.11919, 73.78774 ], [ 113.01954, 73.97693 ], [ 113.52958, 73.33505 ], [ 113.96881, 73.59488 ], [ 115.56782, 73.75285 ], [ 118.77633, 73.58772 ], [ 119.02, 73.12 ], [ 123.20066, 72.97122 ], [ 123.25777, 73.73503 ], [ 125.38, 73.56 ], [ 126.97644, 73.56549 ], [ 128.59126, 73.03871 ], [ 129.05157, 72.39872 ], [ 128.46, 71.98 ], [ 129.71599, 71.19304 ], [ 131.28858, 70.78699 ], [ 132.2535, 71.8363 ], [ 133.85766, 71.38642 ], [ 135.56193, 71.65525 ], [ 137.49755, 71.34763 ], [ 138.23409, 71.62803 ], [ 139.86983, 71.48783 ], [ 139.14791, 72.41619 ], [ 140.46817, 72.84941 ], [ 149.5, 72.2 ], [ 150.35118, 71.60643 ], [ 152.9689, 70.84222 ], [ 157.00688, 71.03141 ], [ 158.99779, 70.86672 ], [ 159.83031, 70.45324 ], [ 159.70866, 69.72198 ], [ 160.94053, 69.43728 ], [ 162.27907, 69.64204 ], [ 164.05248, 69.66823 ], [ 165.94037, 69.47199 ], [ 167.83567, 69.58269 ], [ 169.57763, 68.6938 ], [ 170.81688, 69.01363 ], [ 170.0082, 69.65276 ], [ 170.45345, 70.09703 ], [ 173.64391, 69.81743 ], [ 175.72403, 69.87725 ], [ 178.6, 69.4 ], [ 180.0, 68.963636 ], [ 180.0, 64.979709 ], [ 179.99281, 64.97433 ], [ 178.7072, 64.53493 ], [ 177.41128, 64.60821 ], [ 178.313, 64.07593 ], [ 178.90825, 63.25197 ], [ 179.37034, 62.98262 ], [ 179.48636, 62.56894 ], [ 179.22825, 62.3041 ], [ 177.3643, 62.5219 ], [ 174.56929, 61.76915 ], [ 173.68013, 61.65261 ], [ 172.15, 60.95 ], [ 170.6985, 60.33618 ], [ 170.33085, 59.88177 ], [ 168.90046, 60.57355 ], [ 166.29498, 59.78855 ], [ 165.84, 60.16 ], [ 164.87674, 59.7316 ], [ 163.53929, 59.86871 ], [ 163.21711, 59.21101 ], [ 162.01733, 58.24328 ], [ 162.05297, 57.83912 ], [ 163.19191, 57.61503 ], [ 163.05794, 56.15924 ], [ 162.12958, 56.12219 ], [ 161.70146, 55.28568 ], [ 162.11749, 54.85514 ], [ 160.36877, 54.34433 ], [ 160.02173, 53.20257 ], [ 158.53094, 52.95868 ], [ 158.23118, 51.94269 ], [ 156.78979, 51.01105 ], [ 156.42, 51.7 ], [ 155.99182, 53.15895 ], [ 155.43366, 55.38103 ], [ 155.91442, 56.76792 ], [ 156.75815, 57.3647 ], [ 156.81035, 57.83204 ], [ 158.36433, 58.05575 ], [ 160.15064, 59.31477 ], [ 161.87204, 60.343 ], [ 163.66969, 61.1409 ], [ 164.47355, 62.55061 ], [ 163.25842, 62.46627 ], [ 162.65791, 61.6425 ], [ 160.12148, 60.54423 ], [ 159.30232, 61.77396 ], [ 156.72068, 61.43442 ], [ 154.21806, 59.75818 ], [ 155.04375, 59.14495 ], [ 152.81185, 58.88385 ], [ 151.26573, 58.78089 ], [ 151.33815, 59.50396 ], [ 149.78371, 59.65573 ], [ 148.54481, 59.16448 ], [ 145.48722, 59.33637 ], [ 142.19782, 59.03998 ], [ 138.95848, 57.08805 ], [ 135.12619, 54.72959 ], [ 136.70171, 54.60355 ], [ 137.19342, 53.97732 ], [ 138.1647, 53.75501 ], [ 138.80463, 54.25455 ], [ 139.90151, 54.18968 ], [ 141.34531, 53.08957 ], [ 141.37923, 52.23877 ], [ 140.59742, 51.23967 ], [ 140.51308, 50.04553 ], [ 140.06193, 48.44671 ], [ 138.55472, 46.99965 ], [ 138.21971, 46.30795 ], [ 136.86232, 45.1435 ], [ 135.51535, 43.989 ], [ 134.86939, 43.39821 ], [ 133.53687, 42.81147 ], [ 132.90627, 42.79849 ], [ 132.27807, 43.28456 ], [ 130.93587, 42.55274 ], [ 130.78, 42.22 ], [ 130.64, 42.395 ], [ 130.633866, 42.903015 ], [ 131.144688, 42.92999 ], [ 131.288555, 44.11152 ], [ 131.02519, 44.96796 ], [ 131.883454, 45.321162 ], [ 133.09712, 45.14409 ], [ 133.769644, 46.116927 ], [ 134.11235, 47.21248 ], [ 134.50081, 47.57845 ], [ 135.026311, 48.47823 ], [ 133.373596, 48.183442 ], [ 132.50669, 47.78896 ], [ 130.98726, 47.79013 ], [ 130.582293, 48.729687 ], [ 129.397818, 49.4406 ], [ 127.6574, 49.76027 ], [ 127.287456, 50.739797 ], [ 126.939157, 51.353894 ], [ 126.564399, 51.784255 ], [ 125.946349, 52.792799 ], [ 125.068211, 53.161045 ], [ 123.57147, 53.4588 ], [ 122.245748, 53.431726 ], [ 121.003085, 53.251401 ], [ 120.177089, 52.753886 ], [ 120.725789, 52.516226 ], [ 120.7382, 51.96411 ], [ 120.18208, 51.64355 ], [ 119.27939, 50.58292 ], [ 119.288461, 50.142883 ], [ 117.879244, 49.510983 ], [ 116.678801, 49.888531 ], [ 115.485695, 49.805177 ], [ 114.96211, 50.140247 ], [ 114.362456, 50.248303 ], [ 112.89774, 49.543565 ], [ 111.581231, 49.377968 ], [ 110.662011, 49.130128 ], [ 109.402449, 49.292961 ], [ 108.475167, 49.282548 ], [ 107.868176, 49.793705 ], [ 106.888804, 50.274296 ], [ 105.886591, 50.406019 ], [ 104.62158, 50.27532 ], [ 103.676545, 50.089966 ], [ 102.25589, 50.51056 ], [ 102.06521, 51.25991 ], [ 100.88948, 51.516856 ], [ 99.981732, 51.634006 ], [ 98.861491, 52.047366 ], [ 97.82574, 51.010995 ], [ 98.231762, 50.422401 ], [ 97.25976, 49.72605 ], [ 95.81402, 49.97746 ], [ 94.815949, 50.013433 ], [ 94.147566, 50.480537 ], [ 93.10421, 50.49529 ], [ 92.234712, 50.802171 ], [ 90.713667, 50.331812 ], [ 88.805567, 49.470521 ], [ 87.751264, 49.297198 ], [ 87.35997, 49.214981 ], [ 86.829357, 49.826675 ], [ 85.54127, 49.692859 ], [ 85.11556, 50.117303 ], [ 84.416377, 50.3114 ], [ 83.935115, 50.889246 ], [ 83.383004, 51.069183 ], [ 81.945986, 50.812196 ], [ 80.568447, 51.388336 ], [ 80.03556, 50.864751 ], [ 77.800916, 53.404415 ], [ 76.525179, 54.177003 ], [ 76.8911, 54.490524 ], [ 74.38482, 53.54685 ], [ 73.425679, 53.48981 ], [ 73.508516, 54.035617 ], [ 72.22415, 54.376655 ], [ 71.180131, 54.133285 ], [ 70.865267, 55.169734 ], [ 69.068167, 55.38525 ], [ 68.1691, 54.970392 ], [ 65.66687, 54.60125 ], [ 65.178534, 54.354228 ], [ 61.4366, 54.00625 ], [ 60.978066, 53.664993 ], [ 61.699986, 52.979996 ], [ 60.739993, 52.719986 ], [ 60.927269, 52.447548 ], [ 59.967534, 51.96042 ], [ 61.588003, 51.272659 ], [ 61.337424, 50.79907 ], [ 59.932807, 50.842194 ], [ 59.642282, 50.545442 ], [ 58.36332, 51.06364 ], [ 56.77798, 51.04355 ], [ 55.71694, 50.62171 ], [ 54.532878, 51.02624 ], [ 52.328724, 51.718652 ], [ 50.766648, 51.692762 ], [ 48.702382, 50.605128 ], [ 48.577841, 49.87476 ], [ 47.54948, 50.454698 ], [ 46.751596, 49.356006 ], [ 47.043672, 49.152039 ], [ 46.466446, 48.394152 ], [ 47.31524, 47.71585 ], [ 48.05725, 47.74377 ], [ 48.694734, 47.075628 ], [ 48.59325, 46.56104 ], [ 49.10116, 46.39933 ], [ 48.64541, 45.80629 ], [ 47.67591, 45.64149 ], [ 46.68201, 44.6092 ], [ 47.59094, 43.66016 ], [ 47.49252, 42.98658 ], [ 48.58437, 41.80888 ], [ 47.987283, 41.405819 ], [ 47.815666, 41.151416 ], [ 47.373315, 41.219732 ], [ 46.686071, 41.827137 ], [ 46.404951, 41.860675 ], [ 45.7764, 42.09244 ], [ 45.470279, 42.502781 ], [ 44.537623, 42.711993 ], [ 43.93121, 42.55496 ], [ 43.75599, 42.74083 ], [ 42.3944, 43.2203 ], [ 40.92219, 43.38215 ], [ 40.076965, 43.553104 ], [ 39.955009, 43.434998 ], [ 38.68, 44.28 ], [ 37.53912, 44.65721 ], [ 36.67546, 45.24469 ], [ 37.40317, 45.40451 ], [ 38.23295, 46.24087 ], [ 37.67372, 46.63657 ], [ 39.14767, 47.04475 ], [ 39.1212, 47.26336 ], [ 38.223538, 47.10219 ], [ 38.255112, 47.5464 ], [ 38.77057, 47.82562 ], [ 39.738278, 47.898937 ], [ 39.89562, 48.23241 ], [ 39.67465, 48.78382 ], [ 40.080789, 49.30743 ], [ 40.06904, 49.60105 ], [ 38.594988, 49.926462 ], [ 38.010631, 49.915662 ], [ 37.39346, 50.383953 ], [ 36.626168, 50.225591 ], [ 35.356116, 50.577197 ], [ 35.37791, 50.77394 ], [ 35.022183, 51.207572 ], [ 34.224816, 51.255993 ], [ 34.141978, 51.566413 ], [ 34.391731, 51.768882 ], [ 33.7527, 52.335075 ], [ 32.715761, 52.238465 ], [ 32.412058, 52.288695 ], [ 32.15944, 52.06125 ], [ 31.78597, 52.10168 ], [ 31.540018, 52.742052 ], [ 31.305201, 53.073996 ], [ 31.49764, 53.16743 ], [ 32.304519, 53.132726 ], [ 32.693643, 53.351421 ], [ 32.405599, 53.618045 ], [ 31.731273, 53.794029 ], [ 31.791424, 53.974639 ], [ 31.384472, 54.157056 ], [ 30.757534, 54.811771 ], [ 30.971836, 55.081548 ], [ 30.873909, 55.550976 ], [ 29.896294, 55.789463 ], [ 29.371572, 55.670091 ], [ 29.229513, 55.918344 ], [ 28.176709, 56.16913 ], [ 27.855282, 56.759326 ], [ 27.770016, 57.244258 ], [ 27.288185, 57.474528 ], [ 27.716686, 57.791899 ], [ 27.42015, 58.72457 ], [ 28.131699, 59.300825 ], [ 27.98112, 59.47537 ], [ 29.1177, 60.02805 ], [ 28.07, 60.50352 ], [ 30.211107, 61.780028 ], [ 31.139991, 62.357693 ], [ 31.516092, 62.867687 ], [ 30.035872, 63.552814 ], [ 30.444685, 64.204453 ], [ 29.54443, 64.948672 ], [ 30.21765, 65.80598 ], [ 29.054589, 66.944286 ], [ 29.977426, 67.698297 ], [ 28.445944, 68.364613 ], [ 28.59193, 69.064777 ], [ 29.39955, 69.15692 ], [ 31.10108, 69.55811 ], [ 32.13272, 69.90595 ], [ 33.77547, 69.30142 ], [ 36.51396, 69.06342 ], [ 40.29234, 67.9324 ], [ 41.05987, 67.45713 ], [ 41.12595, 66.79158 ], [ 40.01583, 66.26618 ], [ 38.38295, 65.99953 ], [ 33.91871, 66.75961 ], [ 33.18444, 66.63253 ], [ 34.81477, 65.90015 ], [ 34.878574, 65.436213 ], [ 34.94391, 64.41437 ], [ 36.23129, 64.10945 ], [ 37.01273, 63.84983 ], [ 37.14197, 64.33471 ], [ 36.539579, 64.76446 ], [ 37.17604, 65.14322 ], [ 39.59345, 64.52079 ], [ 40.4356, 64.76446 ], [ 39.7626, 65.49682 ], [ 42.09309, 66.47623 ], [ 43.01604, 66.41858 ], [ 43.94975, 66.06908 ], [ 44.53226, 66.75634 ], [ 43.69839, 67.35245 ], [ 44.18795, 67.95051 ], [ 43.45282, 68.57079 ], [ 46.25, 68.25 ], [ 46.82134, 67.68997 ], [ 45.55517, 67.56652 ], [ 45.56202, 67.01005 ], [ 46.34915, 66.66767 ], [ 47.89416, 66.88455 ], [ 48.13876, 67.52238 ], [ 50.22766, 67.99867 ], [ 53.71743, 68.85738 ], [ 54.47171, 68.80815 ], [ 53.48582, 68.20131 ], [ 54.72628, 68.09702 ], [ 55.44268, 68.43866 ], [ 57.31702, 68.46628 ], [ 58.802, 68.88082 ], [ 59.94142, 68.27844 ], [ 61.07784, 68.94069 ], [ 60.03, 69.52 ], [ 60.55, 69.85 ], [ 63.504, 69.54739 ], [ 64.888115, 69.234835 ], [ 68.51216, 68.09233 ], [ 69.18068, 68.61563 ], [ 68.16444, 69.14436 ], [ 68.13522, 69.35649 ], [ 66.93008, 69.45461 ], [ 67.25976, 69.92873 ], [ 66.72492, 70.70889 ], [ 66.69466, 71.02897 ], [ 68.54006, 71.9345 ], [ 69.19636, 72.84336 ], [ 69.94, 73.04 ], [ 72.58754, 72.77629 ], [ 72.79603, 72.22006 ], [ 71.84811, 71.40898 ], [ 72.47011, 71.09019 ], [ 72.79188, 70.39114 ], [ 72.5647, 69.02085 ], [ 73.66787, 68.4079 ], [ 73.2387, 67.7404 ], [ 71.28, 66.32 ], [ 72.42301, 66.17267 ], [ 72.82077, 66.53267 ], [ 73.92099, 66.78946 ], [ 74.18651, 67.28429 ], [ 75.052, 67.76047 ], [ 74.46926, 68.32899 ], [ 74.93584, 68.98918 ], [ 73.84236, 69.07146 ], [ 73.60187, 69.62763 ], [ 74.3998, 70.63175 ], [ 73.1011, 71.44717 ], [ 74.89082, 72.12119 ], [ 74.65926, 72.83227 ], [ 75.15801, 72.85497 ], [ 75.68351, 72.30056 ], [ 75.28898, 71.33556 ], [ 76.35911, 71.15287 ], [ 75.90313, 71.87401 ], [ 77.57665, 72.26717 ], [ 79.65202, 72.32011 ], [ 81.5, 71.75 ], [ 80.61071, 72.58285 ], [ 80.51109, 73.6482 ], [ 82.25, 73.85 ], [ 84.65526, 73.80591 ], [ 86.8223, 73.93688 ], [ 86.00956, 74.45967 ], [ 87.16682, 75.11643 ], [ 88.31571, 75.14393 ], [ 90.26, 75.64 ], [ 92.90058, 75.77333 ], [ 93.23421, 76.0472 ], [ 95.86, 76.14 ], [ 96.67821, 75.91548 ], [ 98.92254, 76.44689 ], [ 100.75967, 76.43028 ], [ 101.03532, 76.86189 ], [ 101.99084, 77.28754 ], [ 104.3516, 77.69792 ], [ 106.06664, 77.37389 ], [ 104.705, 77.1274 ], [ 106.97013, 76.97419 ] ] ], [ [ [ 105.07547, 78.30689 ], [ 99.43814, 77.921 ], [ 101.2649, 79.23399 ], [ 102.08635, 79.34641 ], [ 102.837815, 79.28129 ], [ 105.37243, 78.71334 ], [ 105.07547, 78.30689 ] ] ], [ [ [ 51.136187, 80.54728 ], [ 49.793685, 80.415428 ], [ 48.894411, 80.339567 ], [ 48.754937, 80.175468 ], [ 47.586119, 80.010181 ], [ 46.502826, 80.247247 ], [ 47.072455, 80.559424 ], [ 44.846958, 80.58981 ], [ 46.799139, 80.771918 ], [ 48.318477, 80.78401 ], [ 48.522806, 80.514569 ], [ 49.09719, 80.753986 ], [ 50.039768, 80.918885 ], [ 51.522933, 80.699726 ], [ 51.136187, 80.54728 ] ] ], [ [ [ 99.93976, 78.88094 ], [ 97.75794, 78.7562 ], [ 94.97259, 79.044745 ], [ 93.31288, 79.4265 ], [ 92.5454, 80.14379 ], [ 91.18107, 80.34146 ], [ 93.77766, 81.0246 ], [ 95.940895, 81.2504 ], [ 97.88385, 80.746975 ], [ 100.186655, 79.780135 ], [ 99.93976, 78.88094 ] ] ] ] } },
{ "type": "Feature", "properties": { "name": "Rwanda", "iso3": "RWA", "name_with_flag": "🇷🇼 Rwanda", "1990": 548.81631326347315, "1991": 541.96576922008614, "1992": 574.93121613772564, "1993": 520.64988904071629, "1994": 310.8676173725807, "1995": 513.76319795009726, "1996": 498.88197828300758, "1997": 499.80734299532082, "1998": 527.97425193625429, "1999": 554.20577273385186, "2000": 609.26585554555277, "2001": 669.87543635014549, "2002": 759.66261291149192, "2003": 774.50823733233494, "2004": 832.2797193040534, "2005": 914.22736640810376, "2006": 1002.289493884278, "2007": 1078.9388524636779, "2008": 1190.757579833205, "2009": 1240.5497263138541, "2010": 1314.135594943242, "2011": 1412.907521553185, "2012": 1454.52507891388, "2013": 1512.2417125384841, "2014": 1677.568696841822, "2015": 1780.7417163686321, "2016": 1866.3896853028559, "2017": 1967.9428660249889, "2018": 2125.495227128391, "2019": 2336.0396730273192, "2020": 2284.898897953281, "2021": 2733.435667624472, "2022": 3098.677006349943, "2023": 3399.451746031431, "2024": 3710.8604043459568 }, "geometry": { "type": "Polygon", "coordinates": [ [ [ 30.419105, -1.134659 ], [ 30.816135, -1.698914 ], [ 30.758309, -2.28725 ], [ 30.469696, -2.413858 ], [ 29.938359, -2.348487 ], [ 29.632176, -2.917858 ], [ 29.024926, -2.839258 ], [ 29.117479, -2.292211 ], [ 29.254835, -2.21511 ], [ 29.291887, -1.620056 ], [ 29.579466, -1.341313 ], [ 29.821519, -1.443322 ], [ 30.419105, -1.134659 ] ] ] } },
{ "type": "Feature", "properties": { "name": "Western Sahara", "iso3": "ESH", "name_with_flag": "🇪🇭 Western Sahara", "1990": null, "1991": null, "1992": null, "1993": null, "1994": null, "1995": null, "1996": null, "1997": null, "1998": null, "1999": null, "2000": null, "2001": null, "2002": null, "2003": null, "2004": null, "2005": null, "2006": null, "2007": null, "2008": null, "2009": null, "2010": null, "2011": null, "2012": null, "2013": null, "2014": null, "2015": null, "2016": null, "2017": null, "2018": null, "2019": null, "2020": null, "2021": null, "2022": null, "2023": null, "2024": null }, "geometry": { "type": "Polygon", "coordinates": [ [ [ -8.794884, 27.120696 ], [ -8.817828, 27.656426 ], [ -8.66559, 27.656426 ], [ -8.665124, 27.589479 ], [ -8.6844, 27.395744 ], [ -8.687294, 25.881056 ], [ -11.969419, 25.933353 ], [ -11.937224, 23.374594 ], [ -12.874222, 23.284832 ], [ -13.118754, 22.77122 ], [ -12.929102, 21.327071 ], [ -16.845194, 21.333323 ], [ -17.063423, 20.999752 ], [ -17.020428, 21.42231 ], [ -17.002962, 21.420734 ], [ -14.750955, 21.5006 ], [ -14.630833, 21.86094 ], [ -14.221168, 22.310163 ], [ -13.89111, 23.691009 ], [ -12.500963, 24.770116 ], [ -12.030759, 26.030866 ], [ -11.71822, 26.104092 ], [ -11.392555, 26.883424 ], [ -10.551263, 26.990808 ], [ -10.189424, 26.860945 ], [ -9.735343, 26.860945 ], [ -9.413037, 27.088476 ], [ -8.794884, 27.120696 ] ] ] } },
{ "type": "Feature", "properties": { "name": "Saudi Arabia", "iso3": "SAU", "name_with_flag": "🇸🇦 Saudi Arabia", "1990": 46214.203132824397, "1991": 49295.458883058942, "1992": 50355.390227274132, "1993": 49503.216072948439, "1994": 48903.563364886788, "1995": 48052.393581366938, "1996": 48569.147618430659, "1997": 48795.656842683471, "1998": 48867.23434938529, "1999": 47494.650001270376, "2000": 48643.591496992238, "2001": 47380.787842847683, "2002": 45466.011073472117, "2003": 48078.103073700397, "2004": 51225.30926511596, "2005": 53548.179186702662, "2006": 54638.741234211513, "2007": 55029.853429117458, "2008": 57236.033459126607, "2009": 54787.337505151911, "2010": 58828.707522483819, "2011": 64125.217722583788, "2012": 65033.616181807709, "2013": 62202.885920257198, "2014": 62578.070841515597, "2015": 53930.827387262187, "2016": 49937.066810380798, "2017": 53120.457245626923, "2018": 59377.802536876778, "2019": 59560.25379045459, "2020": 47518.48774851529, "2021": 62690.496664592858, "2022": 71968.074955888034, "2023": 71564.80002856499, "2024": 71243.431179140636 }, "geometry": { "type": "Polygon", "coordinates": [ [ [ 42.779332, 16.347891 ], [ 42.649573, 16.774635 ], [ 42.347989, 17.075806 ], [ 42.270888, 17.474722 ], [ 41.754382, 17.833046 ], [ 41.221391, 18.6716 ], [ 40.939341, 19.486485 ], [ 40.247652, 20.174635 ], [ 39.801685, 20.338862 ], [ 39.139399, 21.291905 ], [ 39.023696, 21.986875 ], [ 39.066329, 22.579656 ], [ 38.492772, 23.688451 ], [ 38.02386, 24.078686 ], [ 37.483635, 24.285495 ], [ 37.154818, 24.858483 ], [ 37.209491, 25.084542 ], [ 36.931627, 25.602959 ], [ 36.639604, 25.826228 ], [ 36.249137, 26.570136 ], [ 35.640182, 27.37652 ], [ 35.130187, 28.063352 ], [ 34.632336, 28.058546 ], [ 34.787779, 28.607427 ], [ 34.83222, 28.957483 ], [ 34.956037, 29.356555 ], [ 36.068941, 29.197495 ], [ 36.501214, 29.505254 ], [ 36.740528, 29.865283 ], [ 37.503582, 30.003776 ], [ 37.66812, 30.338665 ], [ 37.998849, 30.5085 ], [ 37.002166, 31.508413 ], [ 39.004886, 32.010217 ], [ 39.195468, 32.161009 ], [ 40.399994, 31.889992 ], [ 41.889981, 31.190009 ], [ 44.709499, 29.178891 ], [ 46.568713, 29.099025 ], [ 47.459822, 29.002519 ], [ 47.708851, 28.526063 ], [ 48.416094, 28.552004 ], [ 48.807595, 27.689628 ], [ 49.299554, 27.461218 ], [ 49.470914, 27.109999 ], [ 50.152422, 26.689663 ], [ 50.212935, 26.277027 ], [ 50.113303, 25.943972 ], [ 50.239859, 25.60805 ], [ 50.527387, 25.327808 ], [ 50.660557, 24.999896 ], [ 50.810108, 24.754743 ], [ 51.112415, 24.556331 ], [ 51.389608, 24.627386 ], [ 51.579519, 24.245497 ], [ 51.617708, 24.014219 ], [ 52.000733, 23.001154 ], [ 55.006803, 22.496948 ], [ 55.208341, 22.70833 ], [ 55.666659, 22.000001 ], [ 54.999982, 19.999994 ], [ 52.00001, 19.000003 ], [ 49.116672, 18.616668 ], [ 48.183344, 18.166669 ], [ 47.466695, 17.116682 ], [ 47.000005, 16.949999 ], [ 46.749994, 17.283338 ], [ 46.366659, 17.233315 ], [ 45.399999, 17.333335 ], [ 45.216651, 17.433329 ], [ 44.062613, 17.410359 ], [ 43.791519, 17.319977 ], [ 43.380794, 17.579987 ], [ 43.115798, 17.08844 ], [ 43.218375, 16.66689 ], [ 42.779332, 16.347891 ] ] ] } },
{ "type": "Feature", "properties": { "name": "Sudan", "iso3": "SDN", "name_with_flag": "🇸🇩 Sudan", "1990": 1467.99328613281, "1991": 1598.86901855469, "1992": 1709.70544433594, "1993": 1793.81896972656, "1994": 1805.20349121094, "1995": 1902.43005371094, "1996": 2005.60961914063, "1997": 2358.26098632813, "1998": 2427.79565429688, "1999": 2475.06665039063, "2000": 2616.46459960938, "2001": 2769.4228515625, "2002": 2898.138671875, "2003": 3058.10375976563, "2004": 3215.236328125, "2005": 3407.35180664063, "2006": 3637.32666015625, "2007": 3836.48901367188, "2008": 3937.52685546875, "2009": 3731.61474609375, "2010": 3805.62744140625, "2011": 4112.21875, "2012": 3710.376953125, "2013": 3724.9599609375, "2014": 4260.57177734375, "2015": 4217.01025390625, "2016": 4470.35498046875, "2017": 4252.42138671875, "2018": 4199.25048828125, "2019": 3914.2255859375, "2020": 3348.57836914063, "2021": 3248.9755859375, "2022": 3355.37817382813, "2023": 2420.65795898438, "2024": 2127.400390625 }, "geometry": { "type": "Polygon", "coordinates": [ [ [ 33.963393, 9.464285 ], [ 33.824963, 9.484061 ], [ 33.842131, 9.981915 ], [ 33.721959, 10.325262 ], [ 33.206938, 10.720112 ], [ 33.086766, 11.441141 ], [ 33.206938, 12.179338 ], [ 32.743419, 12.248008 ], [ 32.67475, 12.024832 ], [ 32.073892, 11.97333 ], [ 32.314235, 11.681484 ], [ 32.400072, 11.080626 ], [ 31.850716, 10.531271 ], [ 31.352862, 9.810241 ], [ 30.837841, 9.707237 ], [ 29.996639, 10.290927 ], [ 29.618957, 10.084919 ], [ 29.515953, 9.793074 ], [ 29.000932, 9.604232 ], [ 28.966597, 9.398224 ], [ 27.97089, 9.398224 ], [ 27.833551, 9.604232 ], [ 27.112521, 9.638567 ], [ 26.752006, 9.466893 ], [ 26.477328, 9.55273 ], [ 25.962307, 10.136421 ], [ 25.790633, 10.411099 ], [ 25.069604, 10.27376 ], [ 24.794926, 9.810241 ], [ 24.537415, 8.917538 ], [ 24.194068, 8.728696 ], [ 23.88698, 8.61973 ], [ 23.805813, 8.666319 ], [ 23.459013, 8.954286 ], [ 23.394779, 9.265068 ], [ 23.55725, 9.681218 ], [ 23.554304, 10.089255 ], [ 22.977544, 10.714463 ], [ 22.864165, 11.142395 ], [ 22.87622, 11.38461 ], [ 22.50869, 11.67936 ], [ 22.49762, 12.26024 ], [ 22.28801, 12.64605 ], [ 21.93681, 12.58818 ], [ 22.03759, 12.95546 ], [ 22.29658, 13.37232 ], [ 22.18329, 13.78648 ], [ 22.51202, 14.09318 ], [ 22.30351, 14.32682 ], [ 22.56795, 14.94429 ], [ 23.02459, 15.68072 ], [ 23.88689, 15.61084 ], [ 23.83766, 19.58047 ], [ 23.85, 20.0 ], [ 25.0, 20.00304 ], [ 25.0, 22.0 ], [ 29.02, 22.0 ], [ 32.9, 22.0 ], [ 36.86623, 22.0 ], [ 37.18872, 21.01885 ], [ 36.96941, 20.83744 ], [ 37.1147, 19.80796 ], [ 37.48179, 18.61409 ], [ 37.86276, 18.36786 ], [ 38.41009, 17.998307 ], [ 37.904, 17.42754 ], [ 37.16747, 17.26314 ], [ 36.85253, 16.95655 ], [ 36.75389, 16.29186 ], [ 36.32322, 14.82249 ], [ 36.42951, 14.42211 ], [ 36.27022, 13.56333 ], [ 35.86363, 12.57828 ], [ 35.26049, 12.08286 ], [ 34.83163, 11.31896 ], [ 34.73115, 10.91017 ], [ 34.25745, 10.63009 ], [ 33.96162, 9.58358 ], [ 33.963393, 9.464285 ] ] ] } },
{ "type": "Feature", "properties": { "name": "South Sudan", "iso3": "SSD", "name_with_flag": "🇸🇸 South Sudan", "1990": null, "1991": null, "1992": null, "1993": null, "1994": null, "1995": null, "1996": null, "1997": null, "1998": null, "1999": null, "2000": null, "2001": null, "2002": null, "2003": null, "2004": null, "2005": null, "2006": null, "2007": null, "2008": 2887.3741593287832, "2009": 2911.042972987796, "2010": 2948.050014938502, "2011": 2718.0484785075191, "2012": 1417.3856643904501, "2013": 1916.853558861905, "2014": 1372.7561849114579, "2015": 1154.886863041067, "2016": null, "2017": null, "2018": null, "2019": null, "2020": null, "2021": null, "2022": null, "2023": null, "2024": null }, "geometry": { "type": "Polygon", "coordinates": [ [ [ 33.963393, 9.464285 ], [ 33.97498, 8.68456 ], [ 33.8255, 8.37916 ], [ 33.2948, 8.35458 ], [ 32.95418, 7.78497 ], [ 33.56829, 7.71334 ], [ 34.0751, 7.22595 ], [ 34.25032, 6.82607 ], [ 34.70702, 6.59422 ], [ 35.298007, 5.506 ], [ 34.620196, 4.847123 ], [ 34.005, 4.249885 ], [ 33.39, 3.79 ], [ 32.68642, 3.79232 ], [ 31.88145, 3.55827 ], [ 31.24556, 3.7819 ], [ 30.83385, 3.50917 ], [ 29.95349, 4.1737 ], [ 29.715995, 4.600805 ], [ 29.159078, 4.389267 ], [ 28.696678, 4.455077 ], [ 28.428994, 4.287155 ], [ 27.979977, 4.408413 ], [ 27.374226, 5.233944 ], [ 27.213409, 5.550953 ], [ 26.465909, 5.946717 ], [ 26.213418, 6.546603 ], [ 25.796648, 6.979316 ], [ 25.124131, 7.500085 ], [ 25.114932, 7.825104 ], [ 24.567369, 8.229188 ], [ 23.88698, 8.61973 ], [ 24.194068, 8.728696 ], [ 24.537415, 8.917538 ], [ 24.794926, 9.810241 ], [ 25.069604, 10.27376 ], [ 25.790633, 10.411099 ], [ 25.962307, 10.136421 ], [ 26.477328, 9.55273 ], [ 26.752006, 9.466893 ], [ 27.112521, 9.638567 ], [ 27.833551, 9.604232 ], [ 27.97089, 9.398224 ], [ 28.966597, 9.398224 ], [ 29.000932, 9.604232 ], [ 29.515953, 9.793074 ], [ 29.618957, 10.084919 ], [ 29.996639, 10.290927 ], [ 30.837841, 9.707237 ], [ 31.352862, 9.810241 ], [ 31.850716, 10.531271 ], [ 32.400072, 11.080626 ], [ 32.314235, 11.681484 ], [ 32.073892, 11.97333 ], [ 32.67475, 12.024832 ], [ 32.743419, 12.248008 ], [ 33.206938, 12.179338 ], [ 33.086766, 11.441141 ], [ 33.206938, 10.720112 ], [ 33.721959, 10.325262 ], [ 33.842131, 9.981915 ], [ 33.824963, 9.484061 ], [ 33.963393, 9.464285 ] ] ] } },
{ "type": "Feature", "properties": { "name": "Senegal", "iso3": "SEN", "name_with_flag": "🇸🇳 Senegal", "1990": 1513.0772910107501, "1991": 1560.8596844062581, "1992": 1572.8900940431261, "1993": 1587.776526664165, "1994": 1578.094605347369, "1995": 1656.2672497306071, "1996": 1679.1149414693309, "1997": 1719.0479984510439, "1998": 1798.391999548367, "1999": 1893.032837120702, "2000": 1963.275098787386, "2001": 2043.852895409334, "2002": 2026.7778244696899, "2003": 2130.5079747448649, "2004": 2236.294009498371, "2005": 2350.2003704245508, "2006": 2422.0976179885802, "2007": 2499.3158288219161, "2008": 2580.7194918021719, "2009": 2605.7228025070108, "2010": 2662.5048662647941, "2011": 2684.949897223185, "2012": 2764.261307084822, "2013": 2768.7681871198452, "2014": 2853.804562506351, "2015": 2994.280327148746, "2016": 3101.1234849410789, "2017": 3234.3615819408828, "2018": 3380.2159652944538, "2019": 3647.9513735724158, "2020": 3752.9194749081698, "2021": 4173.6774139961944, "2022": 4530.2205949605504, "2023": 4777.6145186157819, "2024": 5110.3996980034162 }, "geometry": { "type": "Polygon", "coordinates": [ [ [ -16.713729, 13.594959 ], [ -17.126107, 14.373516 ], [ -17.625043, 14.729541 ], [ -17.185173, 14.919477 ], [ -16.700706, 15.621527 ], [ -16.463098, 16.135036 ], [ -16.12069, 16.455663 ], [ -15.623666, 16.369337 ], [ -15.135737, 16.587282 ], [ -14.577348, 16.598264 ], [ -14.099521, 16.304302 ], [ -13.435738, 16.039383 ], [ -12.830658, 15.303692 ], [ -12.17075, 14.616834 ], [ -12.124887, 13.994727 ], [ -11.927716, 13.422075 ], [ -11.553398, 13.141214 ], [ -11.467899, 12.754519 ], [ -11.513943, 12.442988 ], [ -11.658301, 12.386583 ], [ -12.203565, 12.465648 ], [ -12.278599, 12.35444 ], [ -12.499051, 12.33209 ], [ -13.217818, 12.575874 ], [ -13.700476, 12.586183 ], [ -15.548477, 12.62817 ], [ -15.816574, 12.515567 ], [ -16.147717, 12.547762 ], [ -16.677452, 12.384852 ], [ -16.841525, 13.151394 ], [ -15.931296, 13.130284 ], [ -15.691001, 13.270353 ], [ -15.511813, 13.27857 ], [ -15.141163, 13.509512 ], [ -14.712197, 13.298207 ], [ -14.277702, 13.280585 ], [ -13.844963, 13.505042 ], [ -14.046992, 13.794068 ], [ -14.376714, 13.62568 ], [ -14.687031, 13.630357 ], [ -15.081735, 13.876492 ], [ -15.39877, 13.860369 ], [ -15.624596, 13.623587 ], [ -16.713729, 13.594959 ] ] ] } },
{ "type": "Feature", "properties": { "name": "Solomon Islands", "iso3": "SLB", "name_with_flag": "🇸🇧 Solomon Islands", "1990": 1266.2884957346921, "1991": 1345.822439508677, "1992": 1505.203729270718, "1993": 1555.5510203652459, "1994": 1667.6515599092511, "1995": 1820.5138351206169, "1996": 1830.0519894187851, "1997": 1792.6928291919651, "1998": 1785.4384919520051, "1999": 1754.071610341874, "2000": 1502.900891186744, "2001": 1387.207980036492, "2002": 1343.7508955777059, "2003": 1433.1077142560271, "2004": 1556.478408777494, "2005": 1693.181842420986, "2006": 1786.146441299082, "2007": 1868.76107138573, "2008": 1989.0211604334829, "2009": 2021.45914608512, "2010": 2182.2160081086299, "2011": 2306.2750666489251, "2012": 2320.449090277662, "2013": 2394.4700398195491, "2014": 2377.3805308897649, "2015": 2353.7872824948681, "2016": 2421.1901203876159, "2017": 2454.044223533303, "2018": 2493.9776916270939, "2019": 2511.9978872847291, "2020": 2405.3025616603709, "2021": 2518.4216236854081, "2022": 2697.440431971102, "2023": 2800.8237182065159, "2024": 2872.4787619385911 }, "geometry": { "type": "MultiPolygon", "coordinates": [ [ [ [ 162.119025, -10.482719 ], [ 162.398646, -10.826367 ], [ 161.700032, -10.820011 ], [ 161.319797, -10.204751 ], [ 161.917383, -10.446701 ], [ 162.119025, -10.482719 ] ] ], [ [ [ 160.852229, -9.872937 ], [ 160.462588, -9.89521 ], [ 159.849447, -9.794027 ], [ 159.640003, -9.63998 ], [ 159.702945, -9.24295 ], [ 160.362956, -9.400304 ], [ 160.688518, -9.610162 ], [ 160.852229, -9.872937 ] ] ], [ [ [ 161.679982, -9.599982 ], [ 161.529397, -9.784312 ], [ 160.788253, -8.917543 ], [ 160.579997, -8.320009 ], [ 160.920028, -8.320009 ], [ 161.280006, -9.120011 ], [ 161.679982, -9.599982 ] ] ], [ [ [ 159.875027, -8.33732 ], [ 159.917402, -8.53829 ], [ 159.133677, -8.114181 ], [ 158.586114, -7.754824 ], [ 158.21115, -7.421872 ], [ 158.359978, -7.320018 ], [ 158.820001, -7.560003 ], [ 159.640003, -8.020027 ], [ 159.875027, -8.33732 ] ] ], [ [ [ 157.538426, -7.34782 ], [ 157.33942, -7.404767 ], [ 156.90203, -7.176874 ], [ 156.491358, -6.765943 ], [ 156.542828, -6.599338 ], [ 157.14, -7.021638 ], [ 157.538426, -7.34782 ] ] ] ] } },
{ "type": "Feature", "properties": { "name": "Sierra Leone", "iso3": "SLE", "name_with_flag": "🇸🇱 Sierra Leone", "1990": 1382.0216214117811, "1991": 1445.3366530363689, "1992": 1220.170573045227, "1993": 1269.075266500809, "1994": 1266.065836656519, "1995": 1187.477204099448, "1996": 1224.555260322157, "1997": 1157.439292509986, "1998": 1179.6730908503639, "1999": 1166.6423060309869, "2000": 1242.0743182780091, "2001": 1121.242599391323, "2002": 1359.9172541360131, "2003": 1457.8016781879221, "2004": 1541.005713743257, "2005": 1614.5036211508959, "2006": 1697.696804212781, "2007": 1769.7797212546709, "2008": 1824.2449836755561, "2009": 1814.0708691735031, "2010": 1900.3851520670289, "2011": 2042.7000910139859, "2012": 2317.191399752804, "2013": 2700.7380780525882, "2014": 2762.0455374594808, "2015": 2560.0498580759272, "2016": 2634.9252433025022, "2017": 2501.4531554481969, "2018": 2640.4756678764579, "2019": 2705.138547352647, "2020": 2721.3418451749289, "2021": 2851.952080703476, "2022": 3146.7929438968699, "2023": 3371.3475417879758, "2024": 3515.5627125888832 }, "geometry": { "type": "Polygon", "coordinates": [ [ [ -11.438779, 6.785917 ], [ -11.708195, 6.860098 ], [ -12.428099, 7.262942 ], [ -12.949049, 7.798646 ], [ -13.124025, 8.163946 ], [ -13.24655, 8.903049 ], [ -12.711958, 9.342712 ], [ -12.596719, 9.620188 ], [ -12.425929, 9.835834 ], [ -12.150338, 9.858572 ], [ -11.917277, 10.046984 ], [ -11.117481, 10.045873 ], [ -10.839152, 9.688246 ], [ -10.622395, 9.26791 ], [ -10.65477, 8.977178 ], [ -10.494315, 8.715541 ], [ -10.505477, 8.348896 ], [ -10.230094, 8.406206 ], [ -10.695595, 7.939464 ], [ -11.146704, 7.396706 ], [ -11.199802, 7.105846 ], [ -11.438779, 6.785917 ] ] ] } },
{ "type": "Feature", "properties": { "name": "El Salvador", "iso3": "SLV", "name_with_flag": "🇸🇻 El Salvador", "1990": 2856.3383469232349, "1991": 2945.0486375190371, "1992": 3171.4253353142099, "1993": 3390.3678115284938, "1994": 3590.8651558149468, "1995": 3807.7260377083448, "1996": 3879.8426978788698, "1997": 4043.2304999984381, "1998": 4171.2757857709521, "1999": 4297.5612921820821, "2000": 4422.4451057424758, "2001": 4542.9258719249847, "2002": 4671.5530282812524, "2003": 4828.7029706713811, "2004": 4997.5938525802076, "2005": 5291.6696229924264, "2006": 5694.5233088409132, "2007": 5949.4264061197064, "2008": 6174.6915515457385, "2009": 6062.6757195155751, "2010": 6247.9145271682864, "2011": 6593.6780680802194, "2012": 6708.3903224628357, "2013": 7092.5885213329748, "2014": 7503.7110581198131, "2015": 7933.7369785899909, "2016": 8455.6161477397454, "2017": 8965.2189086345043, "2018": 9203.7621631077236, "2019": 9756.7521864595001, "2020": 9392.6891381794339, "2021": 10809.713399517959, "2022": 11875.96480662328, "2023": 12679.57687520609, "2024": 13264.027090968029 }, "geometry": { "type": "Polygon", "coordinates": [ [ [ -87.793111, 13.38448 ], [ -87.904112, 13.149017 ], [ -88.483302, 13.163951 ], [ -88.843228, 13.259734 ], [ -89.256743, 13.458533 ], [ -89.812394, 13.520622 ], [ -90.095555, 13.735338 ], [ -90.064678, 13.88197 ], [ -89.721934, 14.134228 ], [ -89.534219, 14.244816 ], [ -89.587343, 14.362586 ], [ -89.353326, 14.424133 ], [ -89.058512, 14.340029 ], [ -88.843073, 14.140507 ], [ -88.541231, 13.980155 ], [ -88.503998, 13.845486 ], [ -88.065343, 13.964626 ], [ -87.859515, 13.893312 ], [ -87.723503, 13.78505 ], [ -87.793111, 13.38448 ] ] ] } },
{ "type": "Feature", "properties": { "name": "Somaliland", "iso3": "SOM", "name_with_flag": "🇸🇴 Somaliland", "1990": null, "1991": 469.0717958297966, "1992": 460.57696072776162, "1993": 476.6386570927906, "1994": 380.27535690558398, "1995": 389.4317366807461, "1996": 413.18528118372359, "1997": 410.5945860116214, "1998": 424.60085635637591, "1999": 443.80318691320309, "2000": 467.06092211728651, "2001": 491.52732998196927, "2002": 517.4752061047127, "2003": 547.37415477772038, "2004": 580.28495553936966, "2005": 619.15829842046696, "2006": 659.13758050420165, "2007": 700.17405796545904, "2008": 739.20946933492576, "2009": 773.78086219303907, "2010": 815.1314359950577, "2011": 881.38311305093976, "2012": 1002.932265714702, "2013": 944.40456728032382, "2014": 1127.7192220033769, "2015": 1341.389996787279, "2016": 1468.5043847460461, "2017": 1596.81409178022, "2018": 1551.614613898382, "2019": 1548.0979280818419, "2020": 1454.333480803411, "2021": 1392.4642598326491, "2022": 1486.757657108245, "2023": 1556.5230883405191, "2024": 1600.763621142642 }, "geometry": { "type": "Polygon", "coordinates": [ [ [ 48.93813, 9.451749 ], [ 48.486736, 8.837626 ], [ 47.78942, 8.003 ], [ 46.948328, 7.996877 ], [ 43.67875, 9.18358 ], [ 43.296975, 9.540477 ], [ 42.92812, 10.02194 ], [ 42.55876, 10.57258 ], [ 42.776852, 10.926879 ], [ 43.145305, 11.46204 ], [ 43.47066, 11.27771 ], [ 43.666668, 10.864169 ], [ 44.117804, 10.445538 ], [ 44.614259, 10.442205 ], [ 45.556941, 10.698029 ], [ 46.645401, 10.816549 ], [ 47.525658, 11.127228 ], [ 48.021596, 11.193064 ], [ 48.378784, 11.375482 ], [ 48.948206, 11.410622 ], [ 48.942005, 11.394266 ], [ 48.938491, 10.982327 ], [ 48.938233, 9.9735 ], [ 48.93813, 9.451749 ] ] ] } },
{ "type": "Feature", "properties": { "name": "Somalia", "iso3": "SOM", "name_with_flag": "🇸🇴 Somalia", "1990": null, "1991": 469.0717958297966, "1992": 460.57696072776162, "1993": 476.6386570927906, "1994": 380.27535690558398, "1995": 389.4317366807461, "1996": 413.18528118372359, "1997": 410.5945860116214, "1998": 424.60085635637591, "1999": 443.80318691320309, "2000": 467.06092211728651, "2001": 491.52732998196927, "2002": 517.4752061047127, "2003": 547.37415477772038, "2004": 580.28495553936966, "2005": 619.15829842046696, "2006": 659.13758050420165, "2007": 700.17405796545904, "2008": 739.20946933492576, "2009": 773.78086219303907, "2010": 815.1314359950577, "2011": 881.38311305093976, "2012": 1002.932265714702, "2013": 944.40456728032382, "2014": 1127.7192220033769, "2015": 1341.389996787279, "2016": 1468.5043847460461, "2017": 1596.81409178022, "2018": 1551.614613898382, "2019": 1548.0979280818419, "2020": 1454.333480803411, "2021": 1392.4642598326491, "2022": 1486.757657108245, "2023": 1556.5230883405191, "2024": 1600.763621142642 }, "geometry": { "type": "Polygon", "coordinates": [ [ [ 49.72862, 11.5789 ], [ 50.25878, 11.67957 ], [ 50.73202, 12.0219 ], [ 51.1112, 12.02464 ], [ 51.13387, 11.74815 ], [ 51.04153, 11.16651 ], [ 51.04531, 10.6409 ], [ 50.83418, 10.27972 ], [ 50.55239, 9.19874 ], [ 50.07092, 8.08173 ], [ 49.4527, 6.80466 ], [ 48.59455, 5.33911 ], [ 47.74079, 4.2194 ], [ 46.56476, 2.85529 ], [ 45.56399, 2.04576 ], [ 44.06815, 1.05283 ], [ 43.13597, 0.2922 ], [ 42.04157, -0.91916 ], [ 41.81095, -1.44647 ], [ 41.58513, -1.68325 ], [ 40.993, -0.85829 ], [ 40.98105, 2.78452 ], [ 41.855083, 3.918912 ], [ 42.12861, 4.23413 ], [ 42.76967, 4.25259 ], [ 43.66087, 4.95755 ], [ 44.9636, 5.00162 ], [ 47.78942, 8.003 ], [ 48.486736, 8.837626 ], [ 48.93813, 9.451749 ], [ 48.938233, 9.9735 ], [ 48.938491, 10.982327 ], [ 48.942005, 11.394266 ], [ 48.948205, 11.410617 ], [ 49.26776, 11.43033 ], [ 49.72862, 11.5789 ] ] ] } },
{ "type": "Feature", "properties": { "name": "Republic of Serbia", "iso3": "SRB", "name_with_flag": "🇷🇸 Republic of Serbia", "1990": null, "1991": null, "1992": null, "1993": null, "1994": null, "1995": 5021.0949336074964, "1996": 5432.5642924728309, "1997": 6038.6516045168219, "1998": 6458.9421342073356, "1999": 5895.2874420135067, "2000": 6414.3409593383576, "2001": 6803.4918500410822, "2002": 7562.7272501619982, "2003": 8023.9565828202021, "2004": 8716.2924102242141, "2005": 9397.6185279187139, "2006": 10465.56308361278, "2007": 11685.82204819708, "2008": 13122.503071316471, "2009": 13031.21452398365, "2010": 13321.506692803279, "2011": 14298.32378025768, "2012": 14506.17927433872, "2013": 15246.98912061569, "2014": 15296.176277025261, "2015": 15550.4859018426, "2016": 16455.047618216649, "2017": 17285.217095897129, "2018": 18468.66610489499, "2019": 20586.993939929409, "2020": 21012.825181748889, "2021": 23404.997107931191, "2022": 26240.297866374611, "2023": 28743.844819299789, "2024": 31867.238961750321 }, "geometry": { "type": "Polygon", "coordinates": [ [ [ 20.874313, 45.416375 ], [ 21.483526, 45.18117 ], [ 21.562023, 44.768947 ], [ 22.145088, 44.478422 ], [ 22.459022, 44.702517 ], [ 22.705726, 44.578003 ], [ 22.474008, 44.409228 ], [ 22.65715, 44.234923 ], [ 22.410446, 44.008063 ], [ 22.500157, 43.642814 ], [ 22.986019, 43.211161 ], [ 22.604801, 42.898519 ], [ 22.436595, 42.580321 ], [ 22.545012, 42.461362 ], [ 22.380526, 42.32026 ], [ 21.91708, 42.30364 ], [ 21.576636, 42.245224 ], [ 21.54332, 42.32025 ], [ 21.66292, 42.43922 ], [ 21.77505, 42.6827 ], [ 21.63302, 42.67717 ], [ 21.43866, 42.86255 ], [ 21.27421, 42.90959 ], [ 21.143395, 43.068685 ], [ 20.95651, 43.13094 ], [ 20.81448, 43.27205 ], [ 20.63508, 43.21671 ], [ 20.49679, 42.88469 ], [ 20.25758, 42.81275 ], [ 20.3398, 42.89852 ], [ 19.95857, 43.10604 ], [ 19.63, 43.21378 ], [ 19.48389, 43.35229 ], [ 19.21852, 43.52384 ], [ 19.454, 43.5681 ], [ 19.59976, 44.03847 ], [ 19.11761, 44.42307 ], [ 19.36803, 44.863 ], [ 19.00548, 44.86023 ], [ 19.390476, 45.236516 ], [ 19.072769, 45.521511 ], [ 18.82982, 45.90888 ], [ 19.596045, 46.17173 ], [ 20.220192, 46.127469 ], [ 20.762175, 45.734573 ], [ 20.874313, 45.416375 ] ] ] } },
{ "type": "Feature", "properties": { "name": "Suriname", "iso3": "SUR", "name_with_flag": "🇸🇷 Suriname", "1990": 6492.7004956501078, "1991": 6851.6446155395734, "1992": 6992.4126060423268, "1993": 6650.4818457256169, "1994": 6973.1594690837064, "1995": 6999.5338753128217, "1996": 7047.6370758790335, "1997": 7421.5941541697439, "1998": 7520.8617830027806, "1999": 7367.3319147326456, "2000": 7535.452941582942, "2001": 7865.102623462305, "2002": 8045.759826714605, "2003": 8551.6374285497659, "2004": 9388.8189079697568, "2005": 10013.91961352957, "2006": 10802.54818454315, "2007": 11530.156550868291, "2008": 12097.349116523401, "2009": 12392.93335834356, "2010": 13039.44911980992, "2011": 13926.22262230351, "2012": 15184.92546804087, "2013": 16172.696195996101, "2014": 16597.585353963659, "2015": 16543.574305137168, "2016": 14475.30696449214, "2017": 17567.680239643189, "2018": 17855.478714143741, "2019": 19771.54738851513, "2020": 16946.894236191351, "2021": 18458.234999681041, "2022": 20078.83655459504, "2023": 21135.545636513431, "2024": 22066.732072332099 }, "geometry": { "type": "Polygon", "coordinates": [ [ [ -57.147436, 5.97315 ], [ -55.949318, 5.772878 ], [ -55.84178, 5.953125 ], [ -55.03325, 6.025291 ], [ -53.958045, 5.756548 ], [ -54.478633, 4.896756 ], [ -54.399542, 4.212611 ], [ -54.006931, 3.620038 ], [ -54.181726, 3.18978 ], [ -54.269705, 2.732392 ], [ -54.524754, 2.311849 ], [ -55.097587, 2.523748 ], [ -55.569755, 2.421506 ], [ -55.973322, 2.510364 ], [ -56.073342, 2.220795 ], [ -55.9056, 2.021996 ], [ -55.995698, 1.817667 ], [ -56.539386, 1.899523 ], [ -57.150098, 2.768927 ], [ -57.281433, 3.333492 ], [ -57.601569, 3.334655 ], [ -58.044694, 4.060864 ], [ -57.86021, 4.576801 ], [ -57.914289, 4.812626 ], [ -57.307246, 5.073567 ], [ -57.147436, 5.97315 ] ] ] } },
{ "type": "Feature", "properties": { "name": "Slovakia", "iso3": "SVK", "name_with_flag": "🇸🇰 Slovakia", "1990": 8632.6729957357311, "1991": 7618.0539390129952, "1992": 7265.5837067040547, "1993": 7564.174481068394, "1994": 8172.8485854287073, "1995": 8806.0293065564401, "1996": 9496.0424466081458, "1997": 10134.723625694211, "1998": 10665.7089392657, "1999": 10725.643399596711, "2000": 11367.5695884816, "2001": 12368.658214625049, "2002": 13291.78647125564, "2003": 14090.072787000219, "2004": 15167.925534327111, "2005": 16570.2574196157, "2006": 18909.776167003201, "2007": 21233.037349977902, "2008": 23714.135357099069, "2009": 23065.375476520261, "2010": 25384.49113663541, "2011": 26201.650282088602, "2012": 27022.77473213819, "2013": 28075.432623671859, "2014": 29108.072180194009, "2015": 30156.027099272189, "2016": 29867.98033900806, "2017": 30245.782586975631, "2018": 31509.818729163479, "2019": 33985.675841966098, "2020": 35327.943916558848, "2021": 38346.093576817671, "2022": 41096.018502098013, "2023": 43949.857212534858, "2024": 47180.848766288371 }, "geometry": { "type": "Polygon", "coordinates": [ [ [ 18.853144, 49.49623 ], [ 18.909575, 49.435846 ], [ 19.320713, 49.571574 ], [ 19.825023, 49.217125 ], [ 20.415839, 49.431453 ], [ 20.887955, 49.328772 ], [ 21.607808, 49.470107 ], [ 22.558138, 49.085738 ], [ 22.280842, 48.825392 ], [ 22.085608, 48.422264 ], [ 21.872236, 48.319971 ], [ 20.801294, 48.623854 ], [ 20.473562, 48.56285 ], [ 20.239054, 48.327567 ], [ 19.769471, 48.202691 ], [ 19.661364, 48.266615 ], [ 19.174365, 48.111379 ], [ 18.777025, 48.081768 ], [ 18.696513, 47.880954 ], [ 17.857133, 47.758429 ], [ 17.488473, 47.867466 ], [ 16.979667, 48.123497 ], [ 16.879983, 48.470013 ], [ 16.960288, 48.596982 ], [ 17.101985, 48.816969 ], [ 17.545007, 48.800019 ], [ 17.886485, 48.903475 ], [ 17.913512, 48.996493 ], [ 18.104973, 49.043983 ], [ 18.170498, 49.271515 ], [ 18.399994, 49.315001 ], [ 18.554971, 49.495015 ], [ 18.853144, 49.49623 ] ] ] } },
{ "type": "Feature", "properties": { "name": "Slovenia", "iso3": "SVN", "name_with_flag": "🇸🇮 Slovenia", "1990": 13481.830365289819, "1991": 12689.39087957186, "1992": 12287.477367249519, "1993": 12967.26680984843, "1994": 13965.8840410834, "1995": 13628.198078225139, "1996": 14279.02102919039, "1997": 15253.30505035882, "1998": 15992.44359241082, "1999": 17006.742654148558, "2000": 17887.779741786861, "2001": 18765.448107596829, "2002": 20004.29909597147, "2003": 20918.243260860541, "2004": 22590.792129954429, "2005": 23682.371084915289, "2006": 25576.519316704638, "2007": 27469.04129885674, "2008": 29460.941424351509, "2009": 27214.465314754609, "2010": 27582.497741718551, "2011": 28715.633995496279, "2012": 28786.710551768629, "2013": 29634.06576114706, "2014": 30571.97530198317, "2015": 31344.628974305819, "2016": 33575.17754357573, "2017": 36180.038454762383, "2018": 38620.204543630483, "2019": 42373.250636927907, "2020": 41767.257989995669, "2021": 45914.057239240552, "2022": 51079.178069193244, "2023": 53952.204730002421, "2024": 56530.629682506442 }, "geometry": { "type": "Polygon", "coordinates": [ [ [ 13.806475, 46.509306 ], [ 14.632472, 46.431817 ], [ 15.137092, 46.658703 ], [ 16.011664, 46.683611 ], [ 16.202298, 46.852386 ], [ 16.370505, 46.841327 ], [ 16.564808, 46.503751 ], [ 15.768733, 46.238108 ], [ 15.67153, 45.834154 ], [ 15.323954, 45.731783 ], [ 15.327675, 45.452316 ], [ 14.935244, 45.471695 ], [ 14.595109, 45.634941 ], [ 14.411968, 45.466166 ], [ 13.71506, 45.500324 ], [ 13.93763, 45.591016 ], [ 13.69811, 46.016778 ], [ 13.806475, 46.509306 ] ] ] } },
{ "type": "Feature", "properties": { "name": "Sweden", "iso3": "SWE", "name_with_flag": "🇸🇪 Sweden", "1990": 20381.80910234353, "1991": 20688.103353146871, "1992": 20792.104127587649, "1993": 20724.55617303279, "1994": 21842.94471403295, "1995": 23068.85863392401, "1996": 23942.848428223038, "1997": 24811.030042300499, "1998": 25895.35202820936, "1999": 27496.439842129748, "2000": 29629.898647825801, "2001": 29949.215447742139, "2002": 30987.267490812901, "2003": 31791.577765945061, "2004": 33809.385496801377, "2005": 34198.386457678127, "2006": 37679.7205412732, "2007": 40814.291649806742, "2008": 41906.699017354244, "2009": 40073.148154486291, "2010": 41956.129005156239, "2011": 44332.521738907752, "2012": 45206.986443472677, "2013": 46098.232136883227, "2014": 46841.401974673907, "2015": 48785.155186458527, "2016": 50289.7687144136, "2017": 51474.119911516063, "2018": 53122.438677218008, "2019": 57046.446307695129, "2020": 57489.265719621857, "2021": 62731.700616293027, "2022": 66375.61645557273, "2023": 67258.846100093811, "2024": 71030.460171809304 }, "geometry": { "type": "MultiPolygon", "coordinates": [ [ [ [ 22.183173, 65.723741 ], [ 21.213517, 65.026005 ], [ 21.369631, 64.413588 ], [ 19.778876, 63.609554 ], [ 17.847779, 62.7494 ], [ 17.119555, 61.341166 ], [ 17.831346, 60.636583 ], [ 18.787722, 60.081914 ], [ 17.869225, 58.953766 ], [ 16.829185, 58.719827 ], [ 16.44771, 57.041118 ], [ 15.879786, 56.104302 ], [ 14.666681, 56.200885 ], [ 14.100721, 55.407781 ], [ 12.942911, 55.361737 ], [ 12.625101, 56.30708 ], [ 11.787942, 57.441817 ], [ 11.027369, 58.856149 ], [ 11.468272, 59.432393 ], [ 12.300366, 60.117933 ], [ 12.631147, 61.293572 ], [ 11.992064, 61.800362 ], [ 11.930569, 63.128318 ], [ 12.579935, 64.066219 ], [ 13.571916, 64.049114 ], [ 13.919905, 64.445421 ], [ 13.55569, 64.787028 ], [ 15.108411, 66.193867 ], [ 16.108712, 67.302456 ], [ 16.768879, 68.013937 ], [ 17.729182, 68.010552 ], [ 17.993868, 68.567391 ], [ 19.87856, 68.407194 ], [ 20.025269, 69.065139 ], [ 20.645593, 69.106247 ], [ 21.978535, 68.616846 ], [ 23.539473, 67.936009 ], [ 23.56588, 66.396051 ], [ 23.903379, 66.006927 ], [ 22.183173, 65.723741 ] ] ], [ [ [ 17.061767, 57.385783 ], [ 17.210083, 57.326521 ], [ 16.430053, 56.179196 ], [ 16.364135, 56.556455 ], [ 17.061767, 57.385783 ] ] ], [ [ [ 19.35791, 57.958588 ], [ 18.8031, 57.651279 ], [ 18.825073, 57.444949 ], [ 18.995361, 57.441993 ], [ 18.951416, 57.370976 ], [ 18.693237, 57.305756 ], [ 18.709716, 57.204734 ], [ 18.462524, 57.127295 ], [ 18.319702, 56.926992 ], [ 18.105468, 56.891003 ], [ 18.187866, 57.109402 ], [ 18.072509, 57.267163 ], [ 18.154907, 57.394664 ], [ 18.094482, 57.545312 ], [ 18.660278, 57.929434 ], [ 19.039306, 57.941098 ], [ 19.105224, 57.993543 ], [ 19.374389, 57.996454 ], [ 19.35791, 57.958588 ] ] ], [ [ [ 20.846557, 63.82371 ], [ 21.066284, 63.829768 ], [ 20.9729, 63.71567 ], [ 20.824584, 63.579121 ], [ 20.695495, 63.59134 ], [ 20.819091, 63.714454 ], [ 20.799865, 63.780059 ], [ 20.846557, 63.82371 ] ] ] ] } },
{ "type": "Feature", "properties": { "name": "Swaziland", "iso3": "SWZ", "name_with_flag": "🇸🇿 Swaziland", "1990": 3217.7693686653452, "1991": 3251.854560766079, "1992": 3305.0644742284908, "1993": 3388.2873794457082, "1994": 3544.0999429167509, "1995": 3796.0652540243891, "1996": 3935.3744395733679, "1997": 4058.5910778339498, "1998": 4157.3160644552672, "1999": 4293.6958441752149, "2000": 4422.6277035770436, "2001": 4527.9531395359127, "2002": 4761.7766832138641, "2003": 5009.8778268140177, "2004": 5298.9478539254324, "2005": 5761.4561073241766, "2006": 6263.5850127489521, "2007": 6680.0055778624446, "2008": 6818.4814400744144, "2009": 6923.3818823126703, "2010": 7230.8600435953294, "2011": 7504.1489657248876, "2012": 7756.3382565668526, "2013": 8233.6040681314043, "2014": 8367.5971608290765, "2015": 8393.353936693884, "2016": 8488.3943261679906, "2017": 8586.2980995274302, "2018": 8536.9939474990479, "2019": 9248.2763689941639, "2020": 9297.5881020883953, "2021": 9946.0405537033312, "2022": 10665.499416285789, "2023": 11322.228628371269, "2024": 11784.28006373085 }, "geometry": { "type": "Polygon", "coordinates": [ [ [ 32.071665, -26.73382 ], [ 31.86806, -27.177927 ], [ 31.282773, -27.285879 ], [ 30.685962, -26.743845 ], [ 30.676609, -26.398078 ], [ 30.949667, -26.022649 ], [ 31.04408, -25.731452 ], [ 31.333158, -25.660191 ], [ 31.837778, -25.843332 ], [ 31.985779, -26.29178 ], [ 32.071665, -26.73382 ] ] ] } },
{ "type": "Feature", "properties": { "name": "Syria", "iso3": "SYR", "name_with_flag": "🇸🇾 Syria", "1990": null, "1991": null, "1992": null, "1993": null, "1994": null, "1995": null, "1996": null, "1997": null, "1998": null, "1999": null, "2000": null, "2001": null, "2002": null, "2003": null, "2004": null, "2005": null, "2006": null, "2007": null, "2008": null, "2009": null, "2010": null, "2011": null, "2012": null, "2013": null, "2014": null, "2015": null, "2016": null, "2017": 3265.0702937499618, "2018": 3455.8922701344882, "2019": 3502.175115437371, "2020": 3737.6575183137588, "2021": 4592.8386010087397, "2022": 4772.4616766715953, "2023": 4650.0668779854404, "2024": null }, "geometry": { "type": "Polygon", "coordinates": [ [ [ 38.792341, 33.378686 ], [ 36.834062, 32.312938 ], [ 35.719918, 32.709192 ], [ 35.700798, 32.716014 ], [ 35.836397, 32.868123 ], [ 35.821101, 33.277426 ], [ 36.06646, 33.824912 ], [ 36.61175, 34.201789 ], [ 36.448194, 34.593935 ], [ 35.998403, 34.644914 ], [ 35.905023, 35.410009 ], [ 36.149763, 35.821535 ], [ 36.41755, 36.040617 ], [ 36.685389, 36.259699 ], [ 36.739494, 36.81752 ], [ 37.066761, 36.623036 ], [ 38.167727, 36.90121 ], [ 38.699891, 36.712927 ], [ 39.52258, 36.716054 ], [ 40.673259, 37.091276 ], [ 41.212089, 37.074352 ], [ 42.349591, 37.229873 ], [ 41.837064, 36.605854 ], [ 41.289707, 36.358815 ], [ 41.383965, 35.628317 ], [ 41.006159, 34.419372 ], [ 38.792341, 33.378686 ] ] ] } },
{ "type": "Feature", "properties": { "name": "Chad", "iso3": "TCD", "name_with_flag": "🇹🇩 Chad", "1990": 962.44856251140277, "1991": 1041.1416201625609, "1992": 1102.294448641562, "1993": 928.98287927159242, "1994": 1021.228443836598, "1995": 1010.028487704826, "1996": 1005.748471203387, "1997": 1044.255134187159, "1998": 1091.2054453973469, "1999": 1061.147430800361, "2000": 1039.06955283557, "2001": 1146.9795931593451, "2002": 1220.449859231956, "2003": 1371.837333699727, "2004": 1800.456460237097, "2005": 2092.6770426580961, "2006": 2070.1297880209499, "2007": 2143.705353466255, "2008": 2175.4548093416279, "2009": 2083.7761171802422, "2010": 2318.398442938937, "2011": 2388.1651214944068, "2012": 2435.1240819184022, "2013": 2110.2470513698809, "2014": 2133.184411987867, "2015": 2377.511371857513, "2016": 2120.087515538572, "2017": 2097.1442548360369, "2018": 2227.8133537261151, "2019": 2351.6533976774031, "2020": 2185.9903417353721, "2021": 2435.0727465109971, "2022": 2845.048383042365, "2023": 2931.579008904087, "2024": 2961.931923920105 }, "geometry": { "type": "Polygon", "coordinates": [ [ [ 14.495787, 12.859396 ], [ 14.595781, 13.330427 ], [ 13.954477, 13.353449 ], [ 13.956699, 13.996691 ], [ 13.540394, 14.367134 ], [ 13.97217, 15.68437 ], [ 15.247731, 16.627306 ], [ 15.300441, 17.92795 ], [ 15.685741, 19.95718 ], [ 15.903247, 20.387619 ], [ 15.487148, 20.730415 ], [ 15.47106, 21.04845 ], [ 15.096888, 21.308519 ], [ 14.8513, 22.86295 ], [ 15.86085, 23.40972 ], [ 19.84926, 21.49509 ], [ 23.83766, 19.58047 ], [ 23.88689, 15.61084 ], [ 23.02459, 15.68072 ], [ 22.56795, 14.94429 ], [ 22.30351, 14.32682 ], [ 22.51202, 14.09318 ], [ 22.18329, 13.78648 ], [ 22.29658, 13.37232 ], [ 22.03759, 12.95546 ], [ 21.93681, 12.58818 ], [ 22.28801, 12.64605 ], [ 22.49762, 12.26024 ], [ 22.50869, 11.67936 ], [ 22.87622, 11.38461 ], [ 22.864165, 11.142395 ], [ 22.231129, 10.971889 ], [ 21.723822, 10.567056 ], [ 21.000868, 9.475985 ], [ 20.059685, 9.012706 ], [ 19.094008, 9.074847 ], [ 18.81201, 8.982915 ], [ 18.911022, 8.630895 ], [ 18.389555, 8.281304 ], [ 17.96493, 7.890914 ], [ 16.705988, 7.508328 ], [ 16.456185, 7.734774 ], [ 16.290562, 7.754307 ], [ 16.106232, 7.497088 ], [ 15.27946, 7.421925 ], [ 15.436092, 7.692812 ], [ 15.120866, 8.38215 ], [ 14.979996, 8.796104 ], [ 14.544467, 8.965861 ], [ 13.954218, 9.549495 ], [ 14.171466, 10.021378 ], [ 14.627201, 9.920919 ], [ 14.909354, 9.992129 ], [ 15.467873, 9.982337 ], [ 14.923565, 10.891325 ], [ 14.960152, 11.555574 ], [ 14.89336, 12.21905 ], [ 14.495787, 12.859396 ] ] ] } },
{ "type": "Feature", "properties": { "name": "Togo", "iso3": "TGO", "name_with_flag": "🇹🇬 Togo", "1990": 1110.1689803704, "1991": 1107.3352530873231, "1992": 1057.1605480735809, "1993": 924.56267232594337, "1994": 1081.801497682098, "1995": 1140.399439451885, "1996": 1217.77604239129, "1997": 1372.748061449865, "1998": 1318.336682413986, "1999": 1331.9869503475029, "2000": 1314.737156577839, "2001": 1320.135928255567, "2002": 1357.009569463007, "2003": 1439.851520640299, "2004": 1427.0020240657691, "2005": 1367.5104134218891, "2006": 1407.0679992698331, "2007": 1387.2005959851181, "2008": 1429.306784239647, "2009": 1474.1840044705571, "2010": 1537.0546089113011, "2011": 1615.9823626934869, "2012": 1645.313818566766, "2013": 1715.3616920448069, "2014": 1803.149112571338, "2015": 1879.6694000482501, "2016": 1932.927217240795, "2017": 1985.5256859532119, "2018": 2067.091312623877, "2019": 2214.7137505303872, "2020": 2356.758596662125, "2021": 2577.201963220693, "2022": 2852.0644292589468, "2023": 3071.512168319533, "2024": 3239.0914373753521 }, "geometry": { "type": "Polygon", "coordinates": [ [ [ 1.865241, 6.142158 ], [ 1.060122, 5.928837 ], [ 0.836931, 6.279979 ], [ 0.570384, 6.914359 ], [ 0.490957, 7.411744 ], [ 0.712029, 8.312465 ], [ 0.461192, 8.677223 ], [ 0.365901, 9.465004 ], [ 0.36758, 10.191213 ], [ -0.049785, 10.706918 ], [ 0.023803, 11.018682 ], [ 0.899563, 10.997339 ], [ 0.772336, 10.470808 ], [ 1.077795, 10.175607 ], [ 1.425061, 9.825395 ], [ 1.463043, 9.334624 ], [ 1.664478, 9.12859 ], [ 1.618951, 6.832038 ], [ 1.865241, 6.142158 ] ] ] } },
{ "type": "Feature", "properties": { "name": "Thailand", "iso3": "THA", "name_with_flag": "🇹🇭 Thailand", "1990": 4450.5212116421544, "1991": 4914.0812263033586, "1992": 5346.6800944101324, "1993": 5834.3165051608057, "1994": 6341.2413328071671, "1995": 6900.7389570184432, "1996": 7322.4146467214632, "1997": 7147.612899438589, "1998": 6589.5584268885887, "1999": 6901.27189271926, "2000": 7289.104994323563, "2001": 7632.0160941712129, "2002": 8148.4370290908337, "2003": 8824.069450084995, "2004": 9545.3381380941701, "2005": 10169.04536116362, "2006": 10912.44279263295, "2007": 11723.0995588653, "2008": 12062.159875181371, "2009": 11964.05294677146, "2010": 12932.26334444567, "2011": 13227.454108915021, "2012": 14616.64979253916, "2013": 15215.949250638299, "2014": 15365.317540282909, "2015": 15791.17147622071, "2016": 16671.250690214449, "2017": 17573.33981553599, "2018": 18876.220876674081, "2019": 19963.391840709872, "2020": 19163.74151523488, "2021": 20242.770003565591, "2022": 22243.074772702599, "2023": 23519.212097982268, "2024": 24708.243937208819 }, "geometry": { "type": "Polygon", "coordinates": [ [ [ 102.584932, 12.186595 ], [ 101.687158, 12.64574 ], [ 100.83181, 12.627085 ], [ 100.978467, 13.412722 ], [ 100.097797, 13.406856 ], [ 100.018733, 12.307001 ], [ 99.478921, 10.846367 ], [ 99.153772, 9.963061 ], [ 99.222399, 9.239255 ], [ 99.873832, 9.207862 ], [ 100.279647, 8.295153 ], [ 100.459274, 7.429573 ], [ 101.017328, 6.856869 ], [ 101.623079, 6.740622 ], [ 102.141187, 6.221636 ], [ 101.814282, 5.810808 ], [ 101.154219, 5.691384 ], [ 101.075516, 6.204867 ], [ 100.259596, 6.642825 ], [ 100.085757, 6.464489 ], [ 99.690691, 6.848213 ], [ 99.519642, 7.343454 ], [ 98.988253, 7.907993 ], [ 98.503786, 8.382305 ], [ 98.339662, 7.794512 ], [ 98.150009, 8.350007 ], [ 98.25915, 8.973923 ], [ 98.553551, 9.93296 ], [ 99.038121, 10.960546 ], [ 99.587286, 11.892763 ], [ 99.196354, 12.804748 ], [ 99.212012, 13.269294 ], [ 99.097755, 13.827503 ], [ 98.430819, 14.622028 ], [ 98.192074, 15.123703 ], [ 98.537376, 15.308497 ], [ 98.903348, 16.177824 ], [ 98.493761, 16.837836 ], [ 97.859123, 17.567946 ], [ 97.375896, 18.445438 ], [ 97.797783, 18.62708 ], [ 98.253724, 19.708203 ], [ 98.959676, 19.752981 ], [ 99.543309, 20.186598 ], [ 100.115988, 20.41785 ], [ 100.548881, 20.109238 ], [ 100.606294, 19.508344 ], [ 101.282015, 19.462585 ], [ 101.035931, 18.408928 ], [ 101.059548, 17.512497 ], [ 102.113592, 18.109102 ], [ 102.413005, 17.932782 ], [ 102.998706, 17.961695 ], [ 103.200192, 18.309632 ], [ 103.956477, 18.240954 ], [ 104.716947, 17.428859 ], [ 104.779321, 16.441865 ], [ 105.589039, 15.570316 ], [ 105.544338, 14.723934 ], [ 105.218777, 14.273212 ], [ 104.281418, 14.416743 ], [ 102.988422, 14.225721 ], [ 102.348099, 13.394247 ], [ 102.584932, 12.186595 ] ] ] } },
{ "type": "Feature", "properties": { "name": "Tajikistan", "iso3": "TJK", "name_with_flag": "🇹🇯 Tajikistan", "1990": 2582.74111119792, "1991": 2416.7469459476192, "1992": 1721.382039357582, "1993": 1453.734149410006, "1994": 1148.383032081013, "1995": 1005.614132170314, "1996": 836.4290968510951, "1997": 854.82352085413504, "1998": 904.96678063846116, "1999": 946.82504932746383, "2000": 1036.1298886805901, "2001": 1138.743728925522, "2002": 1256.9525817488129, "2003": 1395.6468423256711, "2004": 1550.0720204389991, "2005": 1672.7337499631319, "2006": 1810.29125697328, "2007": 1966.221898909153, "2008": 2120.0184570492779, "2009": 2171.360916384876, "2010": 2291.0782363173162, "2011": 2455.972782633994, "2012": 2679.0692960896959, "2013": 2918.5604800735691, "2014": 3151.7245279320309, "2015": 2975.4709747609231, "2016": 2913.856795474454, "2017": 3017.0031488735408, "2018": 3069.1038507959229, "2019": 3459.9736508343358, "2020": 3653.9597675911232, "2021": 3985.9124761121848, "2022": 4514.1751239816422, "2023": 4963.5829526450443, "2024": 5405.9801161913874 }, "geometry": { "type": "Polygon", "coordinates": [ [ [ 71.014198, 40.244366 ], [ 70.648019, 39.935754 ], [ 69.55961, 40.103211 ], [ 69.464887, 39.526683 ], [ 70.549162, 39.604198 ], [ 71.784694, 39.279463 ], [ 73.675379, 39.431237 ], [ 73.928852, 38.505815 ], [ 74.257514, 38.606507 ], [ 74.864816, 38.378846 ], [ 74.829986, 37.990007 ], [ 74.980002, 37.41999 ], [ 73.948696, 37.421566 ], [ 73.260056, 37.495257 ], [ 72.63689, 37.047558 ], [ 72.193041, 36.948288 ], [ 71.844638, 36.738171 ], [ 71.448693, 37.065645 ], [ 71.541918, 37.905774 ], [ 71.239404, 37.953265 ], [ 71.348131, 38.258905 ], [ 70.806821, 38.486282 ], [ 70.376304, 38.138396 ], [ 70.270574, 37.735165 ], [ 70.116578, 37.588223 ], [ 69.518785, 37.608997 ], [ 69.196273, 37.151144 ], [ 68.859446, 37.344336 ], [ 68.135562, 37.023115 ], [ 67.83, 37.144994 ], [ 68.392033, 38.157025 ], [ 68.176025, 38.901553 ], [ 67.44222, 39.140144 ], [ 67.701429, 39.580478 ], [ 68.536416, 39.533453 ], [ 69.011633, 40.086158 ], [ 69.329495, 40.727824 ], [ 70.666622, 40.960213 ], [ 70.45816, 40.496495 ], [ 70.601407, 40.218527 ], [ 71.014198, 40.244366 ] ] ] } },
{ "type": "Feature", "properties": { "name": "Turkmenistan", "iso3": "TKM", "name_with_flag": "🇹🇲 Turkmenistan", "1990": 5320.5370235096007, "1991": 5117.4273690703521, "1992": 4350.5336979485674, "1993": 4422.1255674542508, "1994": 3658.7429531153389, "1995": 3404.8489801705909, "1996": 3636.4798179486088, "1997": 3222.379012511346, "1998": 3431.5760175784808, "1999": 3980.6545956952332, "2000": 4208.6651545703253, "2001": 4401.3038044939603, "2002": 4392.8238153945667, "2003": 4536.1978150520217, "2004": 4798.153174473975, "2005": 5489.3454217929511, "2006": 6163.8501815434274, "2007": 6901.0175688568988, "2008": 7915.5479242097272, "2009": 8285.0189301536084, "2010": 8971.6162873681169, "2011": 10282.726619052841, "2012": 11035.451277852961, "2013": 11722.808627257709, "2014": 12476.53443583871, "2015": 12714.813724036259, "2016": 12919.37122242602, "2017": 13278.403035338089, "2018": 14368.462143253209, "2019": 15477.723764397801, "2020": 15090.93949717776, "2021": 16434.139906035271, "2022": 18340.111280529942, "2023": 19828.92484611992, "2024": 20407.80095196324 }, "geometry": { "type": "Polygon", "coordinates": [ [ [ 61.210817, 35.650072 ], [ 61.123071, 36.491597 ], [ 60.377638, 36.527383 ], [ 59.234762, 37.412988 ], [ 58.436154, 37.522309 ], [ 57.330434, 38.029229 ], [ 56.619366, 38.121394 ], [ 56.180375, 37.935127 ], [ 55.511578, 37.964117 ], [ 54.800304, 37.392421 ], [ 53.921598, 37.198918 ], [ 53.735511, 37.906136 ], [ 53.880929, 38.952093 ], [ 53.101028, 39.290574 ], [ 53.357808, 39.975286 ], [ 52.693973, 40.033629 ], [ 52.915251, 40.876523 ], [ 53.858139, 40.631034 ], [ 54.736845, 40.951015 ], [ 54.008311, 41.551211 ], [ 53.721713, 42.123191 ], [ 52.91675, 41.868117 ], [ 52.814689, 41.135371 ], [ 52.50246, 41.783316 ], [ 52.944293, 42.116034 ], [ 54.079418, 42.324109 ], [ 54.755345, 42.043971 ], [ 55.455251, 41.259859 ], [ 55.968191, 41.308642 ], [ 57.096391, 41.32231 ], [ 56.932215, 41.826026 ], [ 57.78653, 42.170553 ], [ 58.629011, 42.751551 ], [ 59.976422, 42.223082 ], [ 60.083341, 41.425146 ], [ 60.465953, 41.220327 ], [ 61.547179, 41.26637 ], [ 61.882714, 41.084857 ], [ 62.37426, 40.053886 ], [ 63.518015, 39.363257 ], [ 64.170223, 38.892407 ], [ 65.215999, 38.402695 ], [ 66.54615, 37.974685 ], [ 66.518607, 37.362784 ], [ 66.217385, 37.39379 ], [ 65.745631, 37.661164 ], [ 65.588948, 37.305217 ], [ 64.746105, 37.111818 ], [ 64.546479, 36.312073 ], [ 63.982896, 36.007957 ], [ 63.193538, 35.857166 ], [ 62.984662, 35.404041 ], [ 62.230651, 35.270664 ], [ 61.210817, 35.650072 ] ] ] } },
{ "type": "Feature", "properties": { "name": "East Timor", "iso3": "TLS", "name_with_flag": "🇹🇱 East Timor", "1990": 685.2793867779493, "1991": 766.28687638124677, "1992": 842.93784731840663, "1993": 925.36984309575598, "1994": 984.80684184802396, "1995": 1043.4079807469091, "1996": 1116.287100821093, "1997": 1148.89469560724, "1998": 1107.9528208323441, "1999": 818.97397545947467, "2000": 1483.1700011285261, "2001": 1618.644041218635, "2002": 1416.8855389167579, "2003": 1355.186428043279, "2004": 1378.8540986805399, "2005": 1434.821978130424, "2006": 1377.1134521083241, "2007": 1515.7089667152391, "2008": 1675.0456948268929, "2009": 1810.186057947531, "2010": 1955.3296949955741, "2011": 2065.9605601226781, "2012": 2386.1358997175789, "2013": 2566.0307065041611, "2014": 2859.8606163769582, "2015": 3107.571901640983, "2016": 3390.762215570729, "2017": 3463.1173029703109, "2018": 3561.287737598097, "2019": 4556.6142571578657, "2020": 6132.0829980649478, "2021": 6824.7923385892818, "2022": 5728.2214728437766, "2023": 4806.1401429056823, "2024": 4758.3920200546636 }, "geometry": { "type": "Polygon", "coordinates": [ [ [ 124.968682, -8.89279 ], [ 125.086246, -8.656887 ], [ 125.947072, -8.432095 ], [ 126.644704, -8.398247 ], [ 126.957243, -8.273345 ], [ 127.335928, -8.397317 ], [ 126.967992, -8.668256 ], [ 125.925885, -9.106007 ], [ 125.08852, -9.393173 ], [ 125.07002, -9.089987 ], [ 124.968682, -8.89279 ] ] ] } },
{ "type": "Feature", "properties": { "name": "Trinidad and Tobago", "iso3": "TTO", "name_with_flag": "🇹🇹 Trinidad and Tobago", "1990": 6877.6213482688036, "1991": 7273.6366773094096, "1992": 8129.0442882262323, "1993": 8209.2903775470131, "1994": 8630.5889241805362, "1995": 9099.0343006449566, "1996": 9882.7257180391516, "1997": 10768.80452550299, "1998": 11735.14016812149, "1999": 12812.41551087004, "2000": 13953.136152336579, "2001": 14797.10383652666, "2002": 16141.23572876133, "2003": 18742.641921973471, "2004": 20673.7458449273, "2005": 23536.02687223941, "2006": 27393.350546130649, "2007": 29354.529010825259, "2008": 30807.284851992241, "2009": 29601.619446657522, "2010": 30778.312737029719, "2011": 31077.796969851988, "2012": 31883.229748376569, "2013": 31746.205088889139, "2014": 32026.53057041853, "2015": 29825.464321466479, "2016": 28231.69577520392, "2017": 28504.592843779479, "2018": 28680.267203079049, "2019": 29453.523000534129, "2020": 26862.941771035519, "2021": 30424.664885828712, "2022": 32988.809375714402, "2023": 34620.386051696572, "2024": 36021.125958023142 }, "geometry": { "type": "Polygon", "coordinates": [ [ [ -61.68, 10.76 ], [ -61.105, 10.89 ], [ -60.895, 10.855 ], [ -60.935, 10.11 ], [ -61.77, 10.0 ], [ -61.95, 10.09 ], [ -61.66, 10.365 ], [ -61.68, 10.76 ] ] ] } },
{ "type": "Feature", "properties": { "name": "Tunisia", "iso3": "TUN", "name_with_flag": "🇹🇳 Tunisia", "1990": 3779.6846739570719, "1991": 3975.3980159813668, "1992": 4292.1528834068013, "1993": 4401.1996005297005, "1994": 4555.4868389108933, "1995": 4686.1703975684941, "1996": 5039.7109801672077, "1997": 5332.7799105053418, "1998": 5579.3872567307926, "1999": 5929.9009021807578, "2000": 6278.9868088105686, "2001": 6593.3819654246472, "2002": 6715.1107844250482, "2003": 7098.4235616263977, "2004": 7671.8453596530508, "2005": 8116.9548993789031, "2006": 8728.657125498532, "2007": 9479.3506393632779, "2008": 9975.0223212590045, "2009": 10237.088999450039, "2010": 10555.088703322061, "2011": 10435.99566753727, "2012": 10614.531301193971, "2013": 10671.56972745703, "2014": 10946.89357576385, "2015": 10782.54383824413, "2016": 10993.663846452109, "2017": 11288.780013508471, "2018": 11841.406198060309, "2019": 12494.790573345541, "2020": 11918.066205483001, "2021": 12444.326402688701, "2022": 13608.07258022412, "2023": 14009.519231325619, "2024": 14451.25449777478 }, "geometry": { "type": "Polygon", "coordinates": [ [ [ 9.48214, 30.307556 ], [ 9.055603, 32.102692 ], [ 8.439103, 32.506285 ], [ 8.430473, 32.748337 ], [ 7.612642, 33.344115 ], [ 7.524482, 34.097376 ], [ 8.140981, 34.655146 ], [ 8.376368, 35.479876 ], [ 8.217824, 36.433177 ], [ 8.420964, 36.946427 ], [ 9.509994, 37.349994 ], [ 10.210002, 37.230002 ], [ 10.18065, 36.724038 ], [ 11.028867, 37.092103 ], [ 11.100026, 36.899996 ], [ 10.600005, 36.41 ], [ 10.593287, 35.947444 ], [ 10.939519, 35.698984 ], [ 10.807847, 34.833507 ], [ 10.149593, 34.330773 ], [ 10.339659, 33.785742 ], [ 10.856836, 33.76874 ], [ 11.108501, 33.293343 ], [ 11.488787, 33.136996 ], [ 11.432253, 32.368903 ], [ 10.94479, 32.081815 ], [ 10.636901, 31.761421 ], [ 9.950225, 31.37607 ], [ 10.056575, 30.961831 ], [ 9.970017, 30.539325 ], [ 9.48214, 30.307556 ] ] ] } },
{ "type": "Feature", "properties": { "name": "Turkey", "iso3": "TUR", "name_with_flag": "🇹🇷 Turkey", "1990": 8205.2613943581182, "1991": 8412.9793575875829, "1992": 8967.1017012801494, "1993": 9748.0750951323498, "1994": 9251.9575066724356, "1995": 9960.45255974871, "1996": 10675.67124139314, "1997": 11489.817949252259, "1998": 8759.1724998172322, "1999": 8461.2936662697211, "2000": 9308.4196562044726, "2001": 8995.3093194739722, "2002": 9134.3412075343567, "2003": 9451.2845832303847, "2004": 10726.896418318611, "2005": 11756.93102771562, "2006": 13495.42690027585, "2007": 14866.42770951893, "2008": 16038.29562126223, "2009": 15442.117315234769, "2010": 17343.677129899828, "2011": 19590.951038725361, "2012": 20627.492060602239, "2013": 22373.24655837438, "2014": 24105.023797809841, "2015": 25862.68460489075, "2016": 26695.91568987603, "2017": 28193.174485199721, "2018": 28299.39554124797, "2019": 28461.177870815169, "2020": 28680.20062887645, "2021": 31338.266519024572, "2022": 39101.074810051519, "2023": 42326.164438696404, "2024": 43932.082220300603 }, "geometry": { "type": "MultiPolygon", "coordinates": [ [ [ [ 36.913127, 41.335358 ], [ 38.347665, 40.948586 ], [ 39.512607, 41.102763 ], [ 40.373433, 41.013673 ], [ 41.554084, 41.535656 ], [ 42.619549, 41.583173 ], [ 43.582746, 41.092143 ], [ 43.752658, 40.740201 ], [ 43.656436, 40.253564 ], [ 44.400009, 40.005 ], [ 44.79399, 39.713003 ], [ 44.109225, 39.428136 ], [ 44.421403, 38.281281 ], [ 44.225756, 37.971584 ], [ 44.772699, 37.170445 ], [ 44.293452, 37.001514 ], [ 43.942259, 37.256228 ], [ 42.779126, 37.385264 ], [ 42.349591, 37.229873 ], [ 41.212089, 37.074352 ], [ 40.673259, 37.091276 ], [ 39.52258, 36.716054 ], [ 38.699891, 36.712927 ], [ 38.167727, 36.90121 ], [ 37.066761, 36.623036 ], [ 36.739494, 36.81752 ], [ 36.685389, 36.259699 ], [ 36.41755, 36.040617 ], [ 36.149763, 35.821535 ], [ 35.782085, 36.274995 ], [ 36.160822, 36.650606 ], [ 35.550936, 36.565443 ], [ 34.714553, 36.795532 ], [ 34.026895, 36.21996 ], [ 32.509158, 36.107564 ], [ 31.699595, 36.644275 ], [ 30.621625, 36.677865 ], [ 30.391096, 36.262981 ], [ 29.699976, 36.144357 ], [ 28.732903, 36.676831 ], [ 27.641187, 36.658822 ], [ 27.048768, 37.653361 ], [ 26.318218, 38.208133 ], [ 26.8047, 38.98576 ], [ 26.170785, 39.463612 ], [ 27.28002, 40.420014 ], [ 28.819978, 40.460011 ], [ 29.240004, 41.219991 ], [ 31.145934, 41.087622 ], [ 32.347979, 41.736264 ], [ 33.513283, 42.01896 ], [ 35.167704, 42.040225 ], [ 36.913127, 41.335358 ] ] ], [ [ [ 27.192377, 40.690566 ], [ 26.358009, 40.151994 ], [ 26.043351, 40.617754 ], [ 26.056942, 40.824123 ], [ 26.294602, 40.936261 ], [ 26.604196, 41.562115 ], [ 26.117042, 41.826905 ], [ 27.135739, 42.141485 ], [ 27.99672, 42.007359 ], [ 28.115525, 41.622886 ], [ 28.988443, 41.299934 ], [ 28.806438, 41.054962 ], [ 27.619017, 40.999823 ], [ 27.192377, 40.690566 ] ] ] ] } },
{ "type": "Feature", "properties": { "name": "Taiwan", "iso3": "TWN", "name_with_flag": "🇹🇼 Taiwan", "1990": null, "1991": null, "1992": null, "1993": null, "1994": null, "1995": null, "1996": null, "1997": null, "1998": null, "1999": null, "2000": null, "2001": null, "2002": null, "2003": null, "2004": null, "2005": null, "2006": null, "2007": null, "2008": null, "2009": null, "2010": null, "2011": null, "2012": null, "2013": null, "2014": null, "2015": null, "2016": null, "2017": null, "2018": null, "2019": null, "2020": null, "2021": null, "2022": null, "2023": null, "2024": null }, "geometry": { "type": "Polygon", "coordinates": [ [ [ 121.777818, 24.394274 ], [ 121.175632, 22.790857 ], [ 120.74708, 21.970571 ], [ 120.220083, 22.814861 ], [ 120.106189, 23.556263 ], [ 120.69468, 24.538451 ], [ 121.495044, 25.295459 ], [ 121.951244, 24.997596 ], [ 121.777818, 24.394274 ] ] ] } },
{ "type": "Feature", "properties": { "name": "United Republic of Tanzania", "iso3": "TZA", "name_with_flag": "🇹🇿 United Republic of Tanzania", "1990": 925.35736083984398, "1991": 952.09747314453102, "1992": 955.3916015625, "1993": 959.32135009765602, "1994": 957.72100830078102, "1995": 981.40417480468795, "1996": 1025.87158203125, "1997": 1058.78796386719, "1998": 1081.615234375, "1999": 1119.95593261719, "2000": 1163.64367675781, "2001": 1228.52233886719, "2002": 1302.05554199219, "2003": 1379.45776367188, "2004": 1482.162109375, "2005": 1598.03747558594, "2006": 1706.54846191406, "2007": 1820.00134277344, "2008": 1908.37353515625, "2009": 1972.16784667969, "2010": 2069.40185546875, "2011": 2211.466796875, "2012": 2083.48486328125, "2013": 2176.21655273438, "2014": 2221.1796875, "2015": 2317.27978515625, "2016": 2434.69995117188, "2017": 2472.4931640625, "2018": 2727.88012695313, "2019": 2981.87451171875, "2020": 3290.60986328125, "2021": 3493.0830078125, "2022": 3799.8623046875, "2023": 4018.5166015625, "2024": 4220.79638671875 }, "geometry": { "type": "Polygon", "coordinates": [ [ [ 33.903711, -0.95 ], [ 34.07262, -1.05982 ], [ 37.69869, -3.09699 ], [ 37.7669, -3.67712 ], [ 39.20222, -4.67677 ], [ 38.74054, -5.90895 ], [ 38.79977, -6.47566 ], [ 39.44, -6.84 ], [ 39.47, -7.1 ], [ 39.19469, -7.7039 ], [ 39.25203, -8.00781 ], [ 39.18652, -8.48551 ], [ 39.53574, -9.11237 ], [ 39.9496, -10.0984 ], [ 40.31659, -10.3171 ], [ 39.521, -10.89688 ], [ 38.427557, -11.285202 ], [ 37.82764, -11.26879 ], [ 37.47129, -11.56876 ], [ 36.775151, -11.594537 ], [ 36.514082, -11.720938 ], [ 35.312398, -11.439146 ], [ 34.559989, -11.52002 ], [ 34.28, -10.16 ], [ 33.940838, -9.693674 ], [ 33.73972, -9.41715 ], [ 32.759375, -9.230599 ], [ 32.191865, -8.930359 ], [ 31.556348, -8.762049 ], [ 31.157751, -8.594579 ], [ 30.74, -8.34 ], [ 30.2, -7.08 ], [ 29.62, -6.52 ], [ 29.419993, -5.939999 ], [ 29.519987, -5.419979 ], [ 29.339998, -4.499983 ], [ 29.753512, -4.452389 ], [ 30.11632, -4.09012 ], [ 30.50554, -3.56858 ], [ 30.75224, -3.35931 ], [ 30.74301, -3.03431 ], [ 30.52766, -2.80762 ], [ 30.46967, -2.41383 ], [ 30.758309, -2.28725 ], [ 30.816135, -1.698914 ], [ 30.419105, -1.134659 ], [ 30.76986, -1.01455 ], [ 31.86617, -1.02736 ], [ 33.903711, -0.95 ] ] ] } },
{ "type": "Feature", "properties": { "name": "Uganda", "iso3": "UGA", "name_with_flag": "🇺🇬 Uganda", "1990": 665.87755459167124, "1991": 703.17757327532718, "1992": 718.87663128404802, "1993": 770.12766200122871, "1994": 809.31948169629436, "1995": 896.67238093999617, "1996": 969.38044935649884, "1997": 1006.775009266238, "1998": 1036.7343178715571, "1999": 1099.864763670085, "2000": 1124.2095823244699, "2001": 1172.6831745568979, "2002": 1254.982035066985, "2003": 1320.2399163098839, "2004": 1405.2428843889629, "2005": 1496.509478360658, "2006": 1659.72529096776, "2007": 1794.535188814833, "2008": 1930.7086951781571, "2009": 2014.608794420983, "2010": 2091.5596314533109, "2011": 2267.7227035709352, "2012": 2031.9466953881449, "2013": 2044.881824858451, "2014": 2134.009162817415, "2015": 2189.9648591900318, "2016": 2165.2975940441302, "2017": 2157.9574750336942, "2018": 2312.0575281349502, "2019": 2441.3744523382111, "2020": 2532.2195010206879, "2021": 2684.9203593974348, "2022": 2919.1777540710768, "2023": 3097.637024306186, "2024": 3275.7631600886989 }, "geometry": { "type": "Polygon", "coordinates": [ [ [ 31.86617, -1.02736 ], [ 30.76986, -1.01455 ], [ 30.419105, -1.134659 ], [ 29.821519, -1.443322 ], [ 29.579466, -1.341313 ], [ 29.587838, -0.587406 ], [ 29.8195, -0.2053 ], [ 29.875779, 0.59738 ], [ 30.086154, 1.062313 ], [ 30.468508, 1.583805 ], [ 30.85267, 1.849396 ], [ 31.174149, 2.204465 ], [ 30.77332, 2.33989 ], [ 30.83385, 3.50917 ], [ 31.24556, 3.7819 ], [ 31.88145, 3.55827 ], [ 32.68642, 3.79232 ], [ 33.39, 3.79 ], [ 34.005, 4.249885 ], [ 34.47913, 3.5556 ], [ 34.59607, 3.05374 ], [ 35.03599, 1.90584 ], [ 34.6721, 1.17694 ], [ 34.18, 0.515 ], [ 33.893569, 0.109814 ], [ 33.903711, -0.95 ], [ 31.86617, -1.02736 ] ] ] } },
{ "type": "Feature", "properties": { "name": "Ukraine", "iso3": "UKR", "name_with_flag": "🇺🇦 Ukraine", "1990": 7590.544921875, "1991": 7148.48291015625, "1992": 6568.3330078125, "1993": 5766.296875, "1994": 4564.64453125, "1995": 4124.29541015625, "1996": 3812.24560546875, "1997": 3794.17846679688, "1998": 3794.33911132813, "1999": 3871.32641601563, "2000": 4228.1162109375, "2001": 4746.85791015625, "2002": 5122.84130859375, "2003": 5764.01123046875, "2004": 6663.46728515625, "2005": 7142.10693359375, "2006": 7971.1962890625, "2007": 8900.4443359375, "2008": 9323.72265625, "2009": 7994.61572265625, "2010": 8453.2998046875, "2011": 9126.6083984375, "2012": 9552.314453125, "2013": 10903.8251953125, "2014": 10493.7451171875, "2015": 9921.833984375, "2016": 10864.6572265625, "2017": 11536.0810546875, "2018": 12554.8486328125, "2019": 14217.486328125, "2020": 15541.02734375, "2021": 17846.408203125, "2022": 14770.0712890625, "2023": 17665.34375, "2024": 18550.462890625 }, "geometry": { "type": "Polygon", "coordinates": [ [ [ 31.785998, 52.101678 ], [ 32.159412, 52.061267 ], [ 32.412058, 52.288695 ], [ 32.715761, 52.238465 ], [ 33.7527, 52.335075 ], [ 34.391731, 51.768882 ], [ 34.141978, 51.566413 ], [ 34.224816, 51.255993 ], [ 35.022183, 51.207572 ], [ 35.377924, 50.773955 ], [ 35.356116, 50.577197 ], [ 36.626168, 50.225591 ], [ 37.39346, 50.383953 ], [ 38.010631, 49.915662 ], [ 38.594988, 49.926462 ], [ 40.069058, 49.601055 ], [ 40.080789, 49.30743 ], [ 39.674664, 48.783818 ], [ 39.895632, 48.232405 ], [ 39.738278, 47.898937 ], [ 38.770585, 47.825608 ], [ 38.255112, 47.5464 ], [ 38.223538, 47.10219 ], [ 37.425137, 47.022221 ], [ 36.759855, 46.6987 ], [ 35.823685, 46.645964 ], [ 34.962342, 46.273197 ], [ 35.020788, 45.651219 ], [ 35.510009, 45.409993 ], [ 36.529998, 45.46999 ], [ 36.334713, 45.113216 ], [ 35.239999, 44.939996 ], [ 33.882511, 44.361479 ], [ 33.326421, 44.564877 ], [ 33.546924, 45.034771 ], [ 32.454174, 45.327466 ], [ 32.630804, 45.519186 ], [ 33.588162, 45.851569 ], [ 33.298567, 46.080598 ], [ 31.74414, 46.333348 ], [ 31.675307, 46.706245 ], [ 30.748749, 46.5831 ], [ 30.377609, 46.03241 ], [ 29.603289, 45.293308 ], [ 29.149725, 45.464925 ], [ 28.679779, 45.304031 ], [ 28.233554, 45.488283 ], [ 28.485269, 45.596907 ], [ 28.659987, 45.939987 ], [ 28.933717, 46.25883 ], [ 28.862972, 46.437889 ], [ 29.072107, 46.517678 ], [ 29.170654, 46.379262 ], [ 29.759972, 46.349988 ], [ 30.024659, 46.423937 ], [ 29.83821, 46.525326 ], [ 29.908852, 46.674361 ], [ 29.559674, 46.928583 ], [ 29.415135, 47.346645 ], [ 29.050868, 47.510227 ], [ 29.122698, 47.849095 ], [ 28.670891, 48.118149 ], [ 28.259547, 48.155562 ], [ 27.522537, 48.467119 ], [ 26.857824, 48.368211 ], [ 26.619337, 48.220726 ], [ 26.19745, 48.220881 ], [ 25.945941, 47.987149 ], [ 25.207743, 47.891056 ], [ 24.866317, 47.737526 ], [ 24.402056, 47.981878 ], [ 23.760958, 47.985598 ], [ 23.142236, 48.096341 ], [ 22.710531, 47.882194 ], [ 22.64082, 48.15024 ], [ 22.085608, 48.422264 ], [ 22.280842, 48.825392 ], [ 22.558138, 49.085738 ], [ 22.776419, 49.027395 ], [ 22.51845, 49.476774 ], [ 23.426508, 50.308506 ], [ 23.922757, 50.424881 ], [ 24.029986, 50.705407 ], [ 23.527071, 51.578454 ], [ 24.005078, 51.617444 ], [ 24.553106, 51.888461 ], [ 25.327788, 51.910656 ], [ 26.337959, 51.832289 ], [ 27.454066, 51.592303 ], [ 28.241615, 51.572227 ], [ 28.617613, 51.427714 ], [ 28.992835, 51.602044 ], [ 29.254938, 51.368234 ], [ 30.157364, 51.416138 ], [ 30.555117, 51.319503 ], [ 30.619454, 51.822806 ], [ 30.927549, 52.042353 ], [ 31.785998, 52.101678 ] ] ] } },
{ "type": "Feature", "properties": { "name": "Uruguay", "iso3": "URY", "name_with_flag": "🇺🇾 Uruguay", "1990": 6683.0578107903202, "1991": 7112.4376510207021, "1992": 7808.122280901428, "1993": 8162.3559292904583, "1994": 8897.1780595082255, "1995": 8905.6179867626834, "1996": 9524.0870035457556, "1997": 10460.919710046121, "1998": 11002.126208432341, "1999": 10938.35578221067, "2000": 10929.30026075868, "2001": 10719.394569068711, "2002": 10030.128784048829, "2003": 10303.233750404681, "2004": 11103.11258989132, "2005": 12295.70031158902, "2006": 13179.38811340438, "2007": 14397.224966514999, "2008": 15694.235411975969, "2009": 16421.7696322847, "2010": 17872.536968292359, "2011": 19135.363696418579, "2012": 19495.4223660846, "2013": 20661.3793411187, "2014": 21867.81122763149, "2015": 22168.611418967601, "2016": 22840.55070698051, "2017": 23606.62780079585, "2018": 24386.49484739517, "2019": 25782.689019887119, "2020": 25725.25821694198, "2021": 29431.885008747071, "2022": 33000.918699951028, "2023": 34470.932220114322, "2024": 36417.874162496009 }, "geometry": { "type": "Polygon", "coordinates": [ [ [ -57.625133, -30.216295 ], [ -56.976026, -30.109686 ], [ -55.973245, -30.883076 ], [ -55.60151, -30.853879 ], [ -54.572452, -31.494511 ], [ -53.787952, -32.047243 ], [ -53.209589, -32.727666 ], [ -53.650544, -33.202004 ], [ -53.373662, -33.768378 ], [ -53.806426, -34.396815 ], [ -54.935866, -34.952647 ], [ -55.67409, -34.752659 ], [ -56.215297, -34.859836 ], [ -57.139685, -34.430456 ], [ -57.817861, -34.462547 ], [ -58.427074, -33.909454 ], [ -58.349611, -33.263189 ], [ -58.132648, -33.040567 ], [ -58.14244, -32.044504 ], [ -57.874937, -31.016556 ], [ -57.625133, -30.216295 ] ] ] } },
{ "type": "Feature", "properties": { "name": "United States of America", "iso3": "USA", "name_with_flag": "🇺🇸 United States of America", "1990": 23888.60000881329, "1991": 24342.25890481894, "1992": 25418.990776331899, "1993": 26387.29373381707, "1994": 27694.853416234051, "1995": 28690.875701334659, "1996": 29967.712718174829, "1997": 31459.12996915539, "1998": 32853.672594923373, "1999": 34515.381307339412, "2000": 36329.970259575079, "2001": 37133.620397351697, "2002": 37997.742430024198, "2003": 39490.302390317607, "2004": 41724.641198261379, "2005": 44123.399647002567, "2006": 46301.987648551891, "2007": 48050.227412195047, "2008": 48570.05942696015, "2009": 47194.95008938721, "2010": 48642.631208821302, "2011": 50024.8812320773, "2012": 51708.394061408188, "2013": 53297.386290159528, "2014": 55153.394018296698, "2015": 56849.46979231594, "2016": 57976.628204291039, "2017": 60047.719072830689, "2018": 62875.666138272842, "2019": 65227.956591103517, "2020": 64401.50743542087, "2021": 71307.401727721808, "2022": 77860.911290884818, "2023": 82304.620427286573, "2024": 85809.900384635912 }, "geometry": { "type": "MultiPolygon", "coordinates": [ [ [ [ -155.54211, 19.08348 ], [ -155.68817, 18.91619 ], [ -155.93665, 19.05939 ], [ -155.90806, 19.33888 ], [ -156.07347, 19.70294 ], [ -156.02368, 19.81422 ], [ -155.85008, 19.97729 ], [ -155.91907, 20.17395 ], [ -155.86108, 20.26721 ], [ -155.78505, 20.2487 ], [ -155.40214, 20.07975 ], [ -155.22452, 19.99302 ], [ -155.06226, 19.8591 ], [ -154.80741, 19.50871 ], [ -154.83147, 19.45328 ], [ -155.22217, 19.23972 ], [ -155.54211, 19.08348 ] ] ], [ [ [ -156.07926, 20.64397 ], [ -156.41445, 20.57241 ], [ -156.58673, 20.783 ], [ -156.70167, 20.8643 ], [ -156.71055, 20.92676 ], [ -156.61258, 21.01249 ], [ -156.25711, 20.91745 ], [ -155.99566, 20.76404 ], [ -156.07926, 20.64397 ] ] ], [ [ [ -156.75824, 21.17684 ], [ -156.78933, 21.06873 ], [ -157.32521, 21.09777 ], [ -157.25027, 21.21958 ], [ -156.75824, 21.17684 ] ] ], [ [ [ -157.65283, 21.32217 ], [ -157.70703, 21.26442 ], [ -157.7786, 21.27729 ], [ -158.12667, 21.31244 ], [ -158.2538, 21.53919 ], [ -158.29265, 21.57912 ], [ -158.0252, 21.71696 ], [ -157.94161, 21.65272 ], [ -157.65283, 21.32217 ] ] ], [ [ [ -159.34512, 21.982 ], [ -159.46372, 21.88299 ], [ -159.80051, 22.06533 ], [ -159.74877, 22.1382 ], [ -159.5962, 22.23618 ], [ -159.36569, 22.21494 ], [ -159.34512, 21.982 ] ] ], [ [ [ -94.81758, 49.38905 ], [ -94.64, 48.84 ], [ -94.32914, 48.67074 ], [ -93.63087, 48.60926 ], [ -92.61, 48.45 ], [ -91.64, 48.14 ], [ -90.83, 48.27 ], [ -89.6, 48.01 ], [ -89.272917, 48.019808 ], [ -88.378114, 48.302918 ], [ -87.439793, 47.94 ], [ -86.461991, 47.553338 ], [ -85.652363, 47.220219 ], [ -84.87608, 46.900083 ], [ -84.779238, 46.637102 ], [ -84.543749, 46.538684 ], [ -84.6049, 46.4396 ], [ -84.3367, 46.40877 ], [ -84.14212, 46.512226 ], [ -84.091851, 46.275419 ], [ -83.890765, 46.116927 ], [ -83.616131, 46.116927 ], [ -83.469551, 45.994686 ], [ -83.592851, 45.816894 ], [ -82.550925, 45.347517 ], [ -82.337763, 44.44 ], [ -82.137642, 43.571088 ], [ -82.43, 42.98 ], [ -82.9, 42.43 ], [ -83.12, 42.08 ], [ -83.142, 41.975681 ], [ -83.02981, 41.832796 ], [ -82.690089, 41.675105 ], [ -82.439278, 41.675105 ], [ -81.277747, 42.209026 ], [ -80.247448, 42.3662 ], [ -78.939362, 42.863611 ], [ -78.92, 42.965 ], [ -79.01, 43.27 ], [ -79.171674, 43.466339 ], [ -78.72028, 43.625089 ], [ -77.737885, 43.629056 ], [ -76.820034, 43.628784 ], [ -76.5, 44.018459 ], [ -76.375, 44.09631 ], [ -75.31821, 44.81645 ], [ -74.867, 45.00048 ], [ -73.34783, 45.00738 ], [ -71.50506, 45.0082 ], [ -71.405, 45.255 ], [ -71.08482, 45.30524 ], [ -70.66, 45.46 ], [ -70.305, 45.915 ], [ -69.99997, 46.69307 ], [ -69.237216, 47.447781 ], [ -68.905, 47.185 ], [ -68.23444, 47.35486 ], [ -67.79046, 47.06636 ], [ -67.79134, 45.70281 ], [ -67.13741, 45.13753 ], [ -66.96466, 44.8097 ], [ -68.03252, 44.3252 ], [ -69.06, 43.98 ], [ -70.11617, 43.68405 ], [ -70.645476, 43.090238 ], [ -70.81489, 42.8653 ], [ -70.825, 42.335 ], [ -70.495, 41.805 ], [ -70.08, 41.78 ], [ -70.185, 42.145 ], [ -69.88497, 41.92283 ], [ -69.96503, 41.63717 ], [ -70.64, 41.475 ], [ -71.12039, 41.49445 ], [ -71.86, 41.32 ], [ -72.295, 41.27 ], [ -72.87643, 41.22065 ], [ -73.71, 40.931102 ], [ -72.24126, 41.11948 ], [ -71.945, 40.93 ], [ -73.345, 40.63 ], [ -73.982, 40.628 ], [ -73.952325, 40.75075 ], [ -74.25671, 40.47351 ], [ -73.96244, 40.42763 ], [ -74.17838, 39.70926 ], [ -74.90604, 38.93954 ], [ -74.98041, 39.1964 ], [ -75.20002, 39.24845 ], [ -75.52805, 39.4985 ], [ -75.32, 38.96 ], [ -75.071835, 38.782032 ], [ -75.05673, 38.40412 ], [ -75.37747, 38.01551 ], [ -75.94023, 37.21689 ], [ -76.03127, 37.2566 ], [ -75.72205, 37.93705 ], [ -76.23287, 38.319215 ], [ -76.35, 39.15 ], [ -76.542725, 38.717615 ], [ -76.32933, 38.08326 ], [ -76.989998, 38.239992 ], [ -76.30162, 37.917945 ], [ -76.25874, 36.9664 ], [ -75.9718, 36.89726 ], [ -75.86804, 36.55125 ], [ -75.72749, 35.55074 ], [ -76.36318, 34.80854 ], [ -77.397635, 34.51201 ], [ -78.05496, 33.92547 ], [ -78.55435, 33.86133 ], [ -79.06067, 33.49395 ], [ -79.20357, 33.15839 ], [ -80.301325, 32.509355 ], [ -80.86498, 32.0333 ], [ -81.33629, 31.44049 ], [ -81.49042, 30.72999 ], [ -81.31371, 30.03552 ], [ -80.98, 29.18 ], [ -80.535585, 28.47213 ], [ -80.53, 28.04 ], [ -80.056539, 26.88 ], [ -80.088015, 26.205765 ], [ -80.13156, 25.816775 ], [ -80.38103, 25.20616 ], [ -80.68, 25.08 ], [ -81.17213, 25.20126 ], [ -81.33, 25.64 ], [ -81.71, 25.87 ], [ -82.24, 26.73 ], [ -82.70515, 27.49504 ], [ -82.85526, 27.88624 ], [ -82.65, 28.55 ], [ -82.93, 29.1 ], [ -83.70959, 29.93656 ], [ -84.1, 30.09 ], [ -85.10882, 29.63615 ], [ -85.28784, 29.68612 ], [ -85.7731, 30.15261 ], [ -86.4, 30.4 ], [ -87.53036, 30.27433 ], [ -88.41782, 30.3849 ], [ -89.18049, 30.31598 ], [ -89.593831, 30.159994 ], [ -89.413735, 29.89419 ], [ -89.43, 29.48864 ], [ -89.21767, 29.29108 ], [ -89.40823, 29.15961 ], [ -89.77928, 29.30714 ], [ -90.15463, 29.11743 ], [ -90.880225, 29.148535 ], [ -91.626785, 29.677 ], [ -92.49906, 29.5523 ], [ -93.22637, 29.78375 ], [ -93.84842, 29.71363 ], [ -94.69, 29.48 ], [ -95.60026, 28.73863 ], [ -96.59404, 28.30748 ], [ -97.14, 27.83 ], [ -97.37, 27.38 ], [ -97.38, 26.69 ], [ -97.33, 26.21 ], [ -97.14, 25.87 ], [ -97.53, 25.84 ], [ -98.24, 26.06 ], [ -99.02, 26.37 ], [ -99.3, 26.84 ], [ -99.52, 27.54 ], [ -100.11, 28.11 ], [ -100.45584, 28.69612 ], [ -100.9576, 29.38071 ], [ -101.6624, 29.7793 ], [ -102.48, 29.76 ], [ -103.11, 28.97 ], [ -103.94, 29.27 ], [ -104.45697, 29.57196 ], [ -104.70575, 30.12173 ], [ -105.03737, 30.64402 ], [ -105.63159, 31.08383 ], [ -106.1429, 31.39995 ], [ -106.50759, 31.75452 ], [ -108.24, 31.754854 ], [ -108.24194, 31.34222 ], [ -109.035, 31.34194 ], [ -111.02361, 31.33472 ], [ -113.30498, 32.03914 ], [ -114.815, 32.52528 ], [ -114.72139, 32.72083 ], [ -115.99135, 32.61239 ], [ -117.12776, 32.53534 ], [ -117.295938, 33.046225 ], [ -117.944, 33.621236 ], [ -118.410602, 33.740909 ], [ -118.519895, 34.027782 ], [ -119.081, 34.078 ], [ -119.438841, 34.348477 ], [ -120.36778, 34.44711 ], [ -120.62286, 34.60855 ], [ -120.74433, 35.15686 ], [ -121.71457, 36.16153 ], [ -122.54747, 37.55176 ], [ -122.51201, 37.78339 ], [ -122.95319, 38.11371 ], [ -123.7272, 38.95166 ], [ -123.86517, 39.76699 ], [ -124.39807, 40.3132 ], [ -124.17886, 41.14202 ], [ -124.2137, 41.99964 ], [ -124.53284, 42.76599 ], [ -124.14214, 43.70838 ], [ -124.020535, 44.615895 ], [ -123.89893, 45.52341 ], [ -124.079635, 46.86475 ], [ -124.39567, 47.72017 ], [ -124.68721, 48.184433 ], [ -124.566101, 48.379715 ], [ -123.12, 48.04 ], [ -122.58736, 47.096 ], [ -122.34, 47.36 ], [ -122.5, 48.18 ], [ -122.84, 49.0 ], [ -120.0, 49.0 ], [ -117.03121, 49.0 ], [ -116.04818, 49.0 ], [ -113.0, 49.0 ], [ -110.05, 49.0 ], [ -107.05, 49.0 ], [ -104.04826, 48.99986 ], [ -100.65, 49.0 ], [ -97.22872, 49.0007 ], [ -95.15907, 49.0 ], [ -95.15609, 49.38425 ], [ -94.81758, 49.38905 ] ] ], [ [ [ -153.006314, 57.115842 ], [ -154.00509, 56.734677 ], [ -154.516403, 56.992749 ], [ -154.670993, 57.461196 ], [ -153.76278, 57.816575 ], [ -153.228729, 57.968968 ], [ -152.564791, 57.901427 ], [ -152.141147, 57.591059 ], [ -153.006314, 57.115842 ] ] ], [ [ [ -165.579164, 59.909987 ], [ -166.19277, 59.754441 ], [ -166.848337, 59.941406 ], [ -167.455277, 60.213069 ], [ -166.467792, 60.38417 ], [ -165.67443, 60.293607 ], [ -165.579164, 59.909987 ] ] ], [ [ [ -171.731657, 63.782515 ], [ -171.114434, 63.592191 ], [ -170.491112, 63.694975 ], [ -169.682505, 63.431116 ], [ -168.689439, 63.297506 ], [ -168.771941, 63.188598 ], [ -169.52944, 62.976931 ], [ -170.290556, 63.194438 ], [ -170.671386, 63.375822 ], [ -171.553063, 63.317789 ], [ -171.791111, 63.405846 ], [ -171.731657, 63.782515 ] ] ], [ [ [ -155.06779, 71.147776 ], [ -154.344165, 70.696409 ], [ -153.900006, 70.889989 ], [ -152.210006, 70.829992 ], [ -152.270002, 70.600006 ], [ -150.739992, 70.430017 ], [ -149.720003, 70.53001 ], [ -147.613362, 70.214035 ], [ -145.68999, 70.12001 ], [ -144.920011, 69.989992 ], [ -143.589446, 70.152514 ], [ -142.07251, 69.851938 ], [ -140.985988, 69.711998 ], [ -140.992499, 66.000029 ], [ -140.99777, 60.306397 ], [ -140.012998, 60.276838 ], [ -139.039, 60.000007 ], [ -138.34089, 59.56211 ], [ -137.4525, 58.905 ], [ -136.47972, 59.46389 ], [ -135.47583, 59.78778 ], [ -134.945, 59.27056 ], [ -134.27111, 58.86111 ], [ -133.355549, 58.410285 ], [ -132.73042, 57.69289 ], [ -131.70781, 56.55212 ], [ -130.00778, 55.91583 ], [ -129.979994, 55.284998 ], [ -130.53611, 54.802753 ], [ -131.085818, 55.178906 ], [ -131.967211, 55.497776 ], [ -132.250011, 56.369996 ], [ -133.539181, 57.178887 ], [ -134.078063, 58.123068 ], [ -135.038211, 58.187715 ], [ -136.628062, 58.212209 ], [ -137.800006, 58.499995 ], [ -139.867787, 59.537762 ], [ -140.825274, 59.727517 ], [ -142.574444, 60.084447 ], [ -143.958881, 59.99918 ], [ -145.925557, 60.45861 ], [ -147.114374, 60.884656 ], [ -148.224306, 60.672989 ], [ -148.018066, 59.978329 ], [ -148.570823, 59.914173 ], [ -149.727858, 59.705658 ], [ -150.608243, 59.368211 ], [ -151.716393, 59.155821 ], [ -151.859433, 59.744984 ], [ -151.409719, 60.725803 ], [ -150.346941, 61.033588 ], [ -150.621111, 61.284425 ], [ -151.895839, 60.727198 ], [ -152.57833, 60.061657 ], [ -154.019172, 59.350279 ], [ -153.287511, 58.864728 ], [ -154.232492, 58.146374 ], [ -155.307491, 57.727795 ], [ -156.308335, 57.422774 ], [ -156.556097, 56.979985 ], [ -158.117217, 56.463608 ], [ -158.433321, 55.994154 ], [ -159.603327, 55.566686 ], [ -160.28972, 55.643581 ], [ -161.223048, 55.364735 ], [ -162.237766, 55.024187 ], [ -163.069447, 54.689737 ], [ -164.785569, 54.404173 ], [ -164.942226, 54.572225 ], [ -163.84834, 55.039431 ], [ -162.870001, 55.348043 ], [ -161.804175, 55.894986 ], [ -160.563605, 56.008055 ], [ -160.07056, 56.418055 ], [ -158.684443, 57.016675 ], [ -158.461097, 57.216921 ], [ -157.72277, 57.570001 ], [ -157.550274, 58.328326 ], [ -157.041675, 58.918885 ], [ -158.194731, 58.615802 ], [ -158.517218, 58.787781 ], [ -159.058606, 58.424186 ], [ -159.711667, 58.93139 ], [ -159.981289, 58.572549 ], [ -160.355271, 59.071123 ], [ -161.355003, 58.670838 ], [ -161.968894, 58.671665 ], [ -162.054987, 59.266925 ], [ -161.874171, 59.633621 ], [ -162.518059, 59.989724 ], [ -163.818341, 59.798056 ], [ -164.662218, 60.267484 ], [ -165.346388, 60.507496 ], [ -165.350832, 61.073895 ], [ -166.121379, 61.500019 ], [ -165.734452, 62.074997 ], [ -164.919179, 62.633076 ], [ -164.562508, 63.146378 ], [ -163.753332, 63.219449 ], [ -163.067224, 63.059459 ], [ -162.260555, 63.541936 ], [ -161.53445, 63.455817 ], [ -160.772507, 63.766108 ], [ -160.958335, 64.222799 ], [ -161.518068, 64.402788 ], [ -160.777778, 64.788604 ], [ -161.391926, 64.777235 ], [ -162.45305, 64.559445 ], [ -162.757786, 64.338605 ], [ -163.546394, 64.55916 ], [ -164.96083, 64.446945 ], [ -166.425288, 64.686672 ], [ -166.845004, 65.088896 ], [ -168.11056, 65.669997 ], [ -166.705271, 66.088318 ], [ -164.47471, 66.57666 ], [ -163.652512, 66.57666 ], [ -163.788602, 66.077207 ], [ -161.677774, 66.11612 ], [ -162.489715, 66.735565 ], [ -163.719717, 67.116395 ], [ -164.430991, 67.616338 ], [ -165.390287, 68.042772 ], [ -166.764441, 68.358877 ], [ -166.204707, 68.883031 ], [ -164.430811, 68.915535 ], [ -163.168614, 69.371115 ], [ -162.930566, 69.858062 ], [ -161.908897, 70.33333 ], [ -160.934797, 70.44769 ], [ -159.039176, 70.891642 ], [ -158.119723, 70.824721 ], [ -156.580825, 71.357764 ], [ -155.06779, 71.147776 ] ] ] ] } },
{ "type": "Feature", "properties": { "name": "Uzbekistan", "iso3": "UZB", "name_with_flag": "🇺🇿 Uzbekistan", "1990": 2664.6648756578479, "1991": 2676.1101011015221, "1992": 2371.4675719198158, "1993": 2317.598351079921, "1994": 2196.511107605595, "1995": 2178.327483014974, "1996": 2213.952639197124, "1997": 2328.6579984733239, "1998": 2417.8262150652922, "1999": 2521.839510975271, "2000": 2644.2635416353578, "2001": 2782.3487105001232, "2002": 2902.039836176893, "2003": 3047.2485683549239, "2004": 3321.1965440097838, "2005": 3617.8548683146082, "2006": 3955.9768207592811, "2007": 4386.1293366958016, "2008": 4800.0591432755291, "2009": 5135.4644464758294, "2010": 5504.8563793136991, "2011": 5949.484123528995, "2012": 6168.1376475517227, "2013": 6412.7238692872024, "2014": 6609.7671727770767, "2015": 6799.5733284218304, "2016": 6919.2947562180416, "2017": 7818.011129774256, "2018": 8128.7552030352253, "2019": 8544.0802672971786, "2020": 8451.7250510811446, "2021": 9247.6438270392937, "2022": 10292.530942748541, "2023": 11106.971593476679, "2024": 11878.55287068482 }, "geometry": { "type": "Polygon", "coordinates": [ [ [ 66.518607, 37.362784 ], [ 66.54615, 37.974685 ], [ 65.215999, 38.402695 ], [ 64.170223, 38.892407 ], [ 63.518015, 39.363257 ], [ 62.37426, 40.053886 ], [ 61.882714, 41.084857 ], [ 61.547179, 41.26637 ], [ 60.465953, 41.220327 ], [ 60.083341, 41.425146 ], [ 59.976422, 42.223082 ], [ 58.629011, 42.751551 ], [ 57.78653, 42.170553 ], [ 56.932215, 41.826026 ], [ 57.096391, 41.32231 ], [ 55.968191, 41.308642 ], [ 55.928917, 44.995858 ], [ 58.503127, 45.586804 ], [ 58.689989, 45.500014 ], [ 60.239972, 44.784037 ], [ 61.05832, 44.405817 ], [ 62.0133, 43.504477 ], [ 63.185787, 43.650075 ], [ 64.900824, 43.728081 ], [ 66.098012, 42.99766 ], [ 66.023392, 41.994646 ], [ 66.510649, 41.987644 ], [ 66.714047, 41.168444 ], [ 67.985856, 41.135991 ], [ 68.259896, 40.662325 ], [ 68.632483, 40.668681 ], [ 69.070027, 41.384244 ], [ 70.388965, 42.081308 ], [ 70.962315, 42.266154 ], [ 71.259248, 42.167711 ], [ 70.420022, 41.519998 ], [ 71.157859, 41.143587 ], [ 71.870115, 41.3929 ], [ 73.055417, 40.866033 ], [ 71.774875, 40.145844 ], [ 71.014198, 40.244366 ], [ 70.601407, 40.218527 ], [ 70.45816, 40.496495 ], [ 70.666622, 40.960213 ], [ 69.329495, 40.727824 ], [ 69.011633, 40.086158 ], [ 68.536416, 39.533453 ], [ 67.701429, 39.580478 ], [ 67.44222, 39.140144 ], [ 68.176025, 38.901553 ], [ 68.392033, 38.157025 ], [ 67.83, 37.144994 ], [ 67.075782, 37.356144 ], [ 66.518607, 37.362784 ] ] ] } },
{ "type": "Feature", "properties": { "name": "Venezuela", "iso3": "VEN", "name_with_flag": "🇻🇪 Venezuela", "1990": 9497.2544993349875, "1991": 10520.190524860491, "1992": 11150.605071098331, "1993": 11191.30988863574, "1994": 10919.89727294811, "1995": 11344.702549340789, "1996": 11291.294865452401, "1997": 11969.752863744439, "1998": 11898.294150672031, "1999": 11126.88576361067, "2000": 11577.1299709909, "2001": 12017.54936938737, "2002": 10924.22332386541, "2003": 10094.587966181531, "2004": 12053.030840014369, "2005": 13485.75284211574, "2006": 15027.792749214041, "2007": 16528.220476019931, "2008": 17480.190862148229, "2009": 16794.53949440478, "2010": 16527.73940809675, "2011": 17349.175997971779, "2012": null, "2013": null, "2014": null, "2015": null, "2016": null, "2017": null, "2018": null, "2019": null, "2020": null, "2021": null, "2022": null, "2023": null, "2024": null }, "geometry": { "type": "Polygon", "coordinates": [ [ [ -71.331584, 11.776284 ], [ -71.360006, 11.539994 ], [ -71.94705, 11.423282 ], [ -71.620868, 10.96946 ], [ -71.633064, 10.446494 ], [ -72.074174, 9.865651 ], [ -71.695644, 9.072263 ], [ -71.264559, 9.137195 ], [ -71.039999, 9.859993 ], [ -71.350084, 10.211935 ], [ -71.400623, 10.968969 ], [ -70.155299, 11.375482 ], [ -70.293843, 11.846822 ], [ -69.943245, 12.162307 ], [ -69.5843, 11.459611 ], [ -68.882999, 11.443385 ], [ -68.233271, 10.885744 ], [ -68.194127, 10.554653 ], [ -67.296249, 10.545868 ], [ -66.227864, 10.648627 ], [ -65.655238, 10.200799 ], [ -64.890452, 10.077215 ], [ -64.329479, 10.389599 ], [ -64.318007, 10.641418 ], [ -63.079322, 10.701724 ], [ -61.880946, 10.715625 ], [ -62.730119, 10.420269 ], [ -62.388512, 9.948204 ], [ -61.588767, 9.873067 ], [ -60.830597, 9.38134 ], [ -60.671252, 8.580174 ], [ -60.150096, 8.602757 ], [ -59.758285, 8.367035 ], [ -60.550588, 7.779603 ], [ -60.637973, 7.415 ], [ -60.295668, 7.043911 ], [ -60.543999, 6.856584 ], [ -61.159336, 6.696077 ], [ -61.139415, 6.234297 ], [ -61.410303, 5.959068 ], [ -60.733574, 5.200277 ], [ -60.601179, 4.918098 ], [ -60.966893, 4.536468 ], [ -62.08543, 4.162124 ], [ -62.804533, 4.006965 ], [ -63.093198, 3.770571 ], [ -63.888343, 4.02053 ], [ -64.628659, 4.148481 ], [ -64.816064, 4.056445 ], [ -64.368494, 3.79721 ], [ -64.408828, 3.126786 ], [ -64.269999, 2.497006 ], [ -63.422867, 2.411068 ], [ -63.368788, 2.2009 ], [ -64.083085, 1.916369 ], [ -64.199306, 1.492855 ], [ -64.611012, 1.328731 ], [ -65.354713, 1.095282 ], [ -65.548267, 0.789254 ], [ -66.325765, 0.724452 ], [ -66.876326, 1.253361 ], [ -67.181294, 2.250638 ], [ -67.447092, 2.600281 ], [ -67.809938, 2.820655 ], [ -67.303173, 3.318454 ], [ -67.337564, 3.542342 ], [ -67.621836, 3.839482 ], [ -67.823012, 4.503937 ], [ -67.744697, 5.221129 ], [ -67.521532, 5.55687 ], [ -67.34144, 6.095468 ], [ -67.695087, 6.267318 ], [ -68.265052, 6.153268 ], [ -68.985319, 6.206805 ], [ -69.38948, 6.099861 ], [ -70.093313, 6.960376 ], [ -70.674234, 7.087785 ], [ -71.960176, 6.991615 ], [ -72.198352, 7.340431 ], [ -72.444487, 7.423785 ], [ -72.479679, 7.632506 ], [ -72.360901, 8.002638 ], [ -72.439862, 8.405275 ], [ -72.660495, 8.625288 ], [ -72.78873, 9.085027 ], [ -73.304952, 9.152 ], [ -73.027604, 9.73677 ], [ -72.905286, 10.450344 ], [ -72.614658, 10.821975 ], [ -72.227575, 11.108702 ], [ -71.973922, 11.608672 ], [ -71.331584, 11.776284 ] ] ] } },
{ "type": "Feature", "properties": { "name": "Vietnam", "iso3": "VNM", "name_with_flag": "🇻🇳 Vietnam", "1990": 1209.6864446977511, "1991": 1297.660604886363, "1992": 1413.074953231772, "1993": 1533.555731755102, "1994": 1674.2371220071379, "1995": 1841.350268527769, "1996": 2019.1824909577199, "1997": 2189.410277281338, "1998": 2308.2816360179208, "1999": 2420.935000456685, "2000": 2614.118403665635, "2001": 2808.8318190836249, "2002": 3001.8703876692239, "2003": 3239.7712590991491, "2004": 3543.0991552046139, "2005": 3893.6650942259421, "2006": 4237.4008809473225, "2007": 4580.7943113842703, "2008": 4844.067047515462, "2009": 5060.7321226719623, "2010": 5389.2195699367358, "2011": 5786.1234887072096, "2012": 6376.7976570617184, "2013": 6758.4043363474884, "2014": 7296.8794808738048, "2015": 7671.5819778083951, "2016": 8374.5068451611751, "2017": 9169.7319205285476, "2018": 10009.97147560056, "2019": 11029.273208396309, "2020": 11609.31772764233, "2021": 12048.9019935536, "2022": 13905.15368752161, "2023": 15033.87685943549, "2024": 16385.50655654577 }, "geometry": { "type": "Polygon", "coordinates": [ [ [ 108.05018, 21.55238 ], [ 106.715068, 20.696851 ], [ 105.881682, 19.75205 ], [ 105.662006, 19.058165 ], [ 106.426817, 18.004121 ], [ 107.361954, 16.697457 ], [ 108.269495, 16.079742 ], [ 108.877107, 15.276691 ], [ 109.33527, 13.426028 ], [ 109.200136, 11.666859 ], [ 108.36613, 11.008321 ], [ 107.220929, 10.364484 ], [ 106.405113, 9.53084 ], [ 105.158264, 8.59976 ], [ 104.795185, 9.241038 ], [ 105.076202, 9.918491 ], [ 104.334335, 10.486544 ], [ 105.199915, 10.88931 ], [ 106.24967, 10.961812 ], [ 105.810524, 11.567615 ], [ 107.491403, 12.337206 ], [ 107.614548, 13.535531 ], [ 107.382727, 14.202441 ], [ 107.564525, 15.202173 ], [ 107.312706, 15.908538 ], [ 106.556008, 16.604284 ], [ 105.925762, 17.485315 ], [ 105.094598, 18.666975 ], [ 103.896532, 19.265181 ], [ 104.183388, 19.624668 ], [ 104.822574, 19.886642 ], [ 104.435, 20.758733 ], [ 103.203861, 20.766562 ], [ 102.754896, 21.675137 ], [ 102.170436, 22.464753 ], [ 102.706992, 22.708795 ], [ 103.504515, 22.703757 ], [ 104.476858, 22.81915 ], [ 105.329209, 23.352063 ], [ 105.811247, 22.976892 ], [ 106.725403, 22.794268 ], [ 106.567273, 22.218205 ], [ 107.04342, 21.811899 ], [ 108.05018, 21.55238 ] ] ] } },
{ "type": "Feature", "properties": { "name": "Vanuatu", "iso3": "VUT", "name_with_flag": "🇻🇺 Vanuatu", "1990": 1669.609516412758, "1991": 1736.653349422463, "1992": 1777.478805057485, "1993": 1788.68071647432, "1994": 1945.7889940696521, "1995": 1960.6340867109509, "1996": 1997.881870726128, "1997": 2086.6996784209459, "1998": 2090.8394421960338, "1999": 2083.928312214065, "2000": 2206.102403567741, "2001": 2124.950748849164, "2002": 1995.3237227451159, "2003": 2070.3577555698189, "2004": 2157.4451705913111, "2005": 2287.006604332455, "2006": 2495.856836361093, "2007": 2573.4010436712811, "2008": 2701.288360818342, "2009": 2730.2879599112412, "2010": 2733.459225887183, "2011": 2815.686933840293, "2012": 2834.126308737098, "2013": 2832.0060614046938, "2014": 2890.1310381970329, "2015": 2965.8414325737781, "2016": 3029.809239484131, "2017": 3145.9273498946682, "2018": 3232.9482580067179, "2019": 3314.667213524247, "2020": 3117.644252920375, "2021": 3135.8366494568008, "2022": 3452.6074269388, "2023": 3460.9337136812451, "2024": 3602.4072700948691 }, "geometry": { "type": "MultiPolygon", "coordinates": [ [ [ [ 167.844877, -16.466333 ], [ 167.515181, -16.59785 ], [ 167.180008, -16.159995 ], [ 167.216801, -15.891846 ], [ 167.844877, -16.466333 ] ] ], [ [ [ 167.107712, -14.93392 ], [ 167.270028, -15.740021 ], [ 167.001207, -15.614602 ], [ 166.793158, -15.668811 ], [ 166.649859, -15.392704 ], [ 166.629137, -14.626497 ], [ 167.107712, -14.93392 ] ] ] ] } },
{ "type": "Feature", "properties": { "name": "West Bank", "iso3": "PSE", "name_with_flag": "🇵🇸 West Bank", "1990": null, "1991": null, "1992": null, "1993": null, "1994": 2201.1082421133619, "1995": 2301.8010746146142, "1996": 2268.519469819616, "1997": 2530.2391606677129, "1998": 2851.633098465853, "1999": 3052.4565576974569, "2000": 2782.513884823612, "2001": 2515.154529382165, "2002": 2178.8630647883642, "2003": 2469.3798039462522, "2004": 3013.7394194689282, "2005": 3371.902480334018, "2006": 3354.4284658708111, "2007": 3485.6127182597679, "2008": 3713.132158576499, "2009": 3950.279783460549, "2010": 4120.86066344952, "2011": 4494.7313227254999, "2012": 5214.648653991273, "2013": 5287.8474611962902, "2014": 5381.6369098747446, "2015": 5769.9823663320321, "2016": 6062.2327484457737, "2017": 6106.6457403712211, "2018": 6215.8164731739625, "2019": 6508.4483508031844, "2020": 5956.2862006481864, "2021": 5663.1216074358426, "2022": 6163.2489783761312, "2023": 5950.0200618439312, "2024": 4371.1113585726471 }, "geometry": { "type": "Polygon", "coordinates": [ [ [ 35.545665, 32.393992 ], [ 35.545252, 31.782505 ], [ 35.397561, 31.489086 ], [ 34.927408, 31.353435 ], [ 34.970507, 31.616778 ], [ 35.225892, 31.754341 ], [ 34.974641, 31.866582 ], [ 35.18393, 32.532511 ], [ 35.545665, 32.393992 ] ] ] } },
{ "type": "Feature", "properties": { "name": "Yemen", "iso3": "YEM", "name_with_flag": "🇾🇪 Yemen", "1990": 1742.4771955098599, "1991": 1842.811587975229, "1992": 1963.405278896842, "1993": 2013.2315908144919, "1994": 2114.9112945037, "1995": 2201.1293537645861, "1996": 2267.6791256366259, "1997": 2351.2979995235219, "1998": 2442.3748450439061, "1999": 2491.6489511829468, "2000": 2623.6153188610501, "2001": 2701.8470244091609, "2002": 2768.461044753984, "2003": 2844.1028138664919, "2004": 2948.8184666162001, "2005": 3113.417396669779, "2006": 3205.2778856031191, "2007": 3293.602219750775, "2008": 3369.51434975754, "2009": 3410.5779641281501, "2010": 3603.0350564820251, "2011": 3113.3829272438929, "2012": 3004.9209143283629, "2013": 3164.3215422288658, "2014": null, "2015": null, "2016": null, "2017": null, "2018": null, "2019": null, "2020": null, "2021": null, "2022": null, "2023": null, "2024": null }, "geometry": { "type": "Polygon", "coordinates": [ [ [ 53.108573, 16.651051 ], [ 52.385206, 16.382411 ], [ 52.191729, 15.938433 ], [ 52.168165, 15.59742 ], [ 51.172515, 15.17525 ], [ 49.574576, 14.708767 ], [ 48.679231, 14.003202 ], [ 48.238947, 13.94809 ], [ 47.938914, 14.007233 ], [ 47.354454, 13.59222 ], [ 46.717076, 13.399699 ], [ 45.877593, 13.347764 ], [ 45.62505, 13.290946 ], [ 45.406459, 13.026905 ], [ 45.144356, 12.953938 ], [ 44.989533, 12.699587 ], [ 44.494576, 12.721653 ], [ 44.175113, 12.58595 ], [ 43.482959, 12.6368 ], [ 43.222871, 13.22095 ], [ 43.251448, 13.767584 ], [ 43.087944, 14.06263 ], [ 42.892245, 14.802249 ], [ 42.604873, 15.213335 ], [ 42.805015, 15.261963 ], [ 42.702438, 15.718886 ], [ 42.823671, 15.911742 ], [ 42.779332, 16.347891 ], [ 43.218375, 16.66689 ], [ 43.115798, 17.08844 ], [ 43.380794, 17.579987 ], [ 43.791519, 17.319977 ], [ 44.062613, 17.410359 ], [ 45.216651, 17.433329 ], [ 45.399999, 17.333335 ], [ 46.366659, 17.233315 ], [ 46.749994, 17.283338 ], [ 47.000005, 16.949999 ], [ 47.466695, 17.116682 ], [ 48.183344, 18.166669 ], [ 49.116672, 18.616668 ], [ 52.00001, 19.000003 ], [ 52.782184, 17.349742 ], [ 53.108573, 16.651051 ] ] ] } },
{ "type": "Feature", "properties": { "name": "South Africa", "iso3": "ZAF", "name_with_flag": "🇿🇦 South Africa", "1990": 6381.6733641133842, "1991": 6382.8067930017623, "1992": 6275.0132653945166, "1993": 6374.7791248575404, "1994": 6611.2886447324663, "1995": 6875.1883864526644, "1996": 7208.0060316093914, "1997": 7433.3578589695917, "1998": 7463.4445514123636, "1999": 7666.7161626007783, "2000": 8095.2942886792925, "2001": 8428.3168170753088, "2002": 8792.3558857426488, "2003": 9138.8282385501661, "2004": 9713.6534846883442, "2005": 10440.627514713189, "2006": 11250.179555872021, "2007": 12046.60510725011, "2008": 12525.26302998111, "2009": 12261.411591130331, "2010": 12637.29122260176, "2011": 13143.1933361097, "2012": 12986.79766753072, "2013": 13369.43820396055, "2014": 13358.94171866085, "2015": 13397.523481334631, "2016": 13519.323510237629, "2017": 13738.43858545956, "2018": 13347.363482603771, "2019": 13361.485128911239, "2020": 12671.0862436851, "2021": 13711.293573047349, "2022": 14759.435071561869, "2023": 15194.19917595024, "2024": 15457.489144951831 }, "geometry": { "type": "Polygon", "coordinates": [ [ [ 31.521001, -29.257387 ], [ 31.325561, -29.401978 ], [ 30.901763, -29.909957 ], [ 30.622813, -30.423776 ], [ 30.055716, -31.140269 ], [ 28.925553, -32.172041 ], [ 28.219756, -32.771953 ], [ 27.464608, -33.226964 ], [ 26.419452, -33.61495 ], [ 25.909664, -33.66704 ], [ 25.780628, -33.944646 ], [ 25.172862, -33.796851 ], [ 24.677853, -33.987176 ], [ 23.594043, -33.794474 ], [ 22.988189, -33.916431 ], [ 22.574157, -33.864083 ], [ 21.542799, -34.258839 ], [ 20.689053, -34.417175 ], [ 20.071261, -34.795137 ], [ 19.616405, -34.819166 ], [ 19.193278, -34.462599 ], [ 18.855315, -34.444306 ], [ 18.424643, -33.997873 ], [ 18.377411, -34.136521 ], [ 18.244499, -33.867752 ], [ 18.25008, -33.281431 ], [ 17.92519, -32.611291 ], [ 18.24791, -32.429131 ], [ 18.221762, -31.661633 ], [ 17.566918, -30.725721 ], [ 17.064416, -29.878641 ], [ 17.062918, -29.875954 ], [ 16.344977, -28.576705 ], [ 16.824017, -28.082162 ], [ 17.218929, -28.355943 ], [ 17.387497, -28.783514 ], [ 17.836152, -28.856378 ], [ 18.464899, -29.045462 ], [ 19.002127, -28.972443 ], [ 19.894734, -28.461105 ], [ 19.895768, -24.76779 ], [ 20.165726, -24.917962 ], [ 20.758609, -25.868136 ], [ 20.66647, -26.477453 ], [ 20.889609, -26.828543 ], [ 21.605896, -26.726534 ], [ 22.105969, -26.280256 ], [ 22.579532, -25.979448 ], [ 22.824271, -25.500459 ], [ 23.312097, -25.26869 ], [ 23.73357, -25.390129 ], [ 24.211267, -25.670216 ], [ 25.025171, -25.71967 ], [ 25.664666, -25.486816 ], [ 25.765849, -25.174845 ], [ 25.941652, -24.696373 ], [ 26.485753, -24.616327 ], [ 26.786407, -24.240691 ], [ 27.11941, -23.574323 ], [ 28.017236, -22.827754 ], [ 29.432188, -22.091313 ], [ 29.839037, -22.102216 ], [ 30.322883, -22.271612 ], [ 30.659865, -22.151567 ], [ 31.191409, -22.25151 ], [ 31.670398, -23.658969 ], [ 31.930589, -24.369417 ], [ 31.752408, -25.484284 ], [ 31.837778, -25.843332 ], [ 31.333158, -25.660191 ], [ 31.04408, -25.731452 ], [ 30.949667, -26.022649 ], [ 30.676609, -26.398078 ], [ 30.685962, -26.743845 ], [ 31.282773, -27.285879 ], [ 31.86806, -27.177927 ], [ 32.071665, -26.73382 ], [ 32.83012, -26.742192 ], [ 32.580265, -27.470158 ], [ 32.462133, -28.301011 ], [ 32.203389, -28.752405 ], [ 31.521001, -29.257387 ] ], [ [ 28.978263, -28.955597 ], [ 28.5417, -28.647502 ], [ 28.074338, -28.851469 ], [ 27.532511, -29.242711 ], [ 26.999262, -29.875954 ], [ 27.749397, -30.645106 ], [ 28.107205, -30.545732 ], [ 28.291069, -30.226217 ], [ 28.8484, -30.070051 ], [ 29.018415, -29.743766 ], [ 29.325166, -29.257387 ], [ 28.978263, -28.955597 ] ] ] } },
{ "type": "Feature", "properties": { "name": "Zambia", "iso3": "ZMB", "name_with_flag": "🇿🇲 Zambia", "1990": 1521.6241693724321, "1991": 1534.001299389771, "1992": 1505.0264793546189, "1993": 1606.669436493451, "1994": 1464.0561172068769, "1995": 1501.3910625069159, "1996": 1584.5816634744219, "1997": 1631.1731384515269, "1998": 1600.6282515599589, "1999": 1653.836495366493, "2000": 1708.5155261592729, "2001": 1785.0671138547621, "2002": 1837.065851720346, "2003": 1942.215208716475, "2004": 2067.9372845653029, "2005": 2212.8120255359559, "2006": 2377.992397782109, "2007": 2554.6893762921768, "2008": 2708.008196691012, "2009": 2872.4641836626788, "2010": 3097.6640049924281, "2011": 3228.4871425503911, "2012": 3323.6331221985638, "2013": 3477.281787776828, "2014": 3441.314976437749, "2015": 3337.4730688769632, "2016": 3313.3512157002901, "2017": 3391.6276849277479, "2018": 3442.2730719630181, "2019": 3361.3975029961211, "2020": 3157.3000931164288, "2021": 3503.034914183715, "2022": 3840.7245051113891, "2023": 4076.9950868664132, "2024": 4223.9502075245737 }, "geometry": { "type": "Polygon", "coordinates": [ [ [ 32.759375, -9.230599 ], [ 33.231388, -9.676722 ], [ 33.485688, -10.525559 ], [ 33.31531, -10.79655 ], [ 33.114289, -11.607198 ], [ 33.306422, -12.435778 ], [ 32.991764, -12.783871 ], [ 32.688165, -13.712858 ], [ 33.214025, -13.97186 ], [ 30.179481, -14.796099 ], [ 30.274256, -15.507787 ], [ 29.516834, -15.644678 ], [ 28.947463, -16.043051 ], [ 28.825869, -16.389749 ], [ 28.467906, -16.4684 ], [ 27.598243, -17.290831 ], [ 27.044427, -17.938026 ], [ 26.706773, -17.961229 ], [ 26.381935, -17.846042 ], [ 25.264226, -17.73654 ], [ 25.084443, -17.661816 ], [ 25.07695, -17.578823 ], [ 24.682349, -17.353411 ], [ 24.033862, -17.295843 ], [ 23.215048, -17.523116 ], [ 22.562478, -16.898451 ], [ 21.887843, -16.08031 ], [ 21.933886, -12.898437 ], [ 24.016137, -12.911046 ], [ 23.930922, -12.565848 ], [ 24.079905, -12.191297 ], [ 23.904154, -11.722282 ], [ 24.017894, -11.237298 ], [ 23.912215, -10.926826 ], [ 24.257155, -10.951993 ], [ 24.314516, -11.262826 ], [ 24.78317, -11.238694 ], [ 25.418118, -11.330936 ], [ 25.75231, -11.784965 ], [ 26.553088, -11.92444 ], [ 27.16442, -11.608748 ], [ 27.388799, -12.132747 ], [ 28.155109, -12.272481 ], [ 28.523562, -12.698604 ], [ 28.934286, -13.248958 ], [ 29.699614, -13.257227 ], [ 29.616001, -12.178895 ], [ 29.341548, -12.360744 ], [ 28.642417, -11.971569 ], [ 28.372253, -11.793647 ], [ 28.49607, -10.789884 ], [ 28.673682, -9.605925 ], [ 28.449871, -9.164918 ], [ 28.734867, -8.526559 ], [ 29.002912, -8.407032 ], [ 30.346086, -8.238257 ], [ 30.740015, -8.340007 ], [ 31.157751, -8.594579 ], [ 31.556348, -8.762049 ], [ 32.191865, -8.930359 ], [ 32.759375, -9.230599 ] ] ] } },
{ "type": "Feature", "properties": { "name": "Zimbabwe", "iso3": "ZWE", "name_with_flag": "🇿🇼 Zimbabwe", "1990": 1803.3575437712891, "1991": 1916.886204073513, "1992": 1734.16460208891, "1993": 1767.9052893336391, "1994": 1970.0764449964599, "1995": 1995.9383760917301, "1996": 2206.1186111246252, "1997": 2261.4609110180459, "1998": 2307.3057043727858, "1999": 2283.5633441747568, "2000": 2243.176306156618, "2001": 2311.188083303151, "2002": 2117.8748842939358, "2003": 1771.4463441455271, "2004": 1694.9301170294391, "2005": 1632.721146722427, "2006": 1605.1375285033121, "2007": 1567.602128227948, "2008": 1299.746547184865, "2009": 1460.632214261002, "2010": 1740.945754342787, "2011": 1993.418446520199, "2012": 2271.544735245805, "2013": 2475.288330442846, "2014": 2553.447871537322, "2015": 2646.645807311003, "2016": 2796.807602978789, "2017": 7045.3665260255548, "2018": 2614.405314255122, "2019": 3211.2530478706481, "2020": 3510.6760401674428, "2021": 3184.7846017611269, "2022": 3560.0394025704441, "2023": 3820.3599218899772, "2024": 3921.6979564827702 }, "geometry": { "type": "Polygon", "coordinates": [ [ [ 31.191409, -22.25151 ], [ 30.659865, -22.151567 ], [ 30.322883, -22.271612 ], [ 29.839037, -22.102216 ], [ 29.432188, -22.091313 ], [ 28.794656, -21.639454 ], [ 28.02137, -21.485975 ], [ 27.727228, -20.851802 ], [ 27.724747, -20.499059 ], [ 27.296505, -20.39152 ], [ 26.164791, -19.293086 ], [ 25.850391, -18.714413 ], [ 25.649163, -18.536026 ], [ 25.264226, -17.73654 ], [ 26.381935, -17.846042 ], [ 26.706773, -17.961229 ], [ 27.044427, -17.938026 ], [ 27.598243, -17.290831 ], [ 28.467906, -16.4684 ], [ 28.825869, -16.389749 ], [ 28.947463, -16.043051 ], [ 29.516834, -15.644678 ], [ 30.274256, -15.507787 ], [ 30.338955, -15.880839 ], [ 31.173064, -15.860944 ], [ 31.636498, -16.07199 ], [ 31.852041, -16.319417 ], [ 32.328239, -16.392074 ], [ 32.847639, -16.713398 ], [ 32.849861, -17.979057 ], [ 32.654886, -18.67209 ], [ 32.611994, -19.419383 ], [ 32.772708, -19.715592 ], [ 32.659743, -20.30429 ], [ 32.508693, -20.395292 ], [ 32.244988, -21.116489 ], [ 31.191409, -22.25151 ] ] ] } }
]
}
