{
"type": "FeatureCollection",
"name": "GDP_Nominal_per_capita",
"crs": { "type": "name", "properties": { "name": "urn:ogc:def:crs:OGC:1.3:CRS84" } },
"features": [
{ "type": "Feature", "properties": { "name": "Afghanistan", "iso3": "AFG", "name_with_flag": "🇦🇫 Afghanistan", "1960": null, "1961": null, "1962": null, "1963": null, "1964": null, "1965": null, "1966": null, "1967": null, "1968": null, "1969": null, "1970": null, "1971": null, "1972": null, "1973": null, "1974": null, "1975": null, "1976": null, "1977": null, "1978": null, "1979": null, "1980": null, "1981": null, "1982": null, "1983": null, "1984": null, "1985": null, "1986": null, "1987": null, "1988": null, "1989": null, "1990": null, "1991": null, "1992": null, "1993": null, "1994": null, "1995": null, "1996": null, "1997": null, "1998": null, "1999": null, "2000": 174.9309914301663, "2001": 138.70682167611309, "2002": 178.95408837923529, "2003": 198.87111572872661, "2004": 221.76365387301311, "2005": 254.18424914933621, "2006": 274.21855356157448, "2007": 376.2231520038759, "2008": 381.7332380284397, "2009": 452.05370547704302, "2010": 560.62150546314558, "2011": 606.6946763377257, "2012": 651.41713447004565, "2013": 637.08709911709877, "2014": 625.05494181393829, "2015": 565.56973040875118, "2016": 522.08221558389846, "2017": 525.46977089161851, "2018": 491.33722138260322, "2019": 496.60250425849972, "2020": 510.78706336681068, "2021": 356.49621411589231, "2022": 357.26115279814388, "2023": 413.75789470530322, "2024": null }, "geometry": { "type": "Polygon", "coordinates": [ [ [ 61.210817, 35.650072 ], [ 62.230651, 35.270664 ], [ 62.984662, 35.404041 ], [ 63.193538, 35.857166 ], [ 63.982896, 36.007957 ], [ 64.546479, 36.312073 ], [ 64.746105, 37.111818 ], [ 65.588948, 37.305217 ], [ 65.745631, 37.661164 ], [ 66.217385, 37.39379 ], [ 66.518607, 37.362784 ], [ 67.075782, 37.356144 ], [ 67.83, 37.144994 ], [ 68.135562, 37.023115 ], [ 68.859446, 37.344336 ], [ 69.196273, 37.151144 ], [ 69.518785, 37.608997 ], [ 70.116578, 37.588223 ], [ 70.270574, 37.735165 ], [ 70.376304, 38.138396 ], [ 70.806821, 38.486282 ], [ 71.348131, 38.258905 ], [ 71.239404, 37.953265 ], [ 71.541918, 37.905774 ], [ 71.448693, 37.065645 ], [ 71.844638, 36.738171 ], [ 72.193041, 36.948288 ], [ 72.63689, 37.047558 ], [ 73.260056, 37.495257 ], [ 73.948696, 37.421566 ], [ 74.980002, 37.41999 ], [ 75.158028, 37.133031 ], [ 74.575893, 37.020841 ], [ 74.067552, 36.836176 ], [ 72.920025, 36.720007 ], [ 71.846292, 36.509942 ], [ 71.262348, 36.074388 ], [ 71.498768, 35.650563 ], [ 71.613076, 35.153203 ], [ 71.115019, 34.733126 ], [ 71.156773, 34.348911 ], [ 70.881803, 33.988856 ], [ 69.930543, 34.02012 ], [ 70.323594, 33.358533 ], [ 69.687147, 33.105499 ], [ 69.262522, 32.501944 ], [ 69.317764, 31.901412 ], [ 68.926677, 31.620189 ], [ 68.556932, 31.71331 ], [ 67.792689, 31.58293 ], [ 67.683394, 31.303154 ], [ 66.938891, 31.304911 ], [ 66.381458, 30.738899 ], [ 66.346473, 29.887943 ], [ 65.046862, 29.472181 ], [ 64.350419, 29.560031 ], [ 64.148002, 29.340819 ], [ 63.550261, 29.468331 ], [ 62.549857, 29.318572 ], [ 60.874248, 29.829239 ], [ 61.781222, 30.73585 ], [ 61.699314, 31.379506 ], [ 60.941945, 31.548075 ], [ 60.863655, 32.18292 ], [ 60.536078, 32.981269 ], [ 60.9637, 33.528832 ], [ 60.52843, 33.676446 ], [ 60.803193, 34.404102 ], [ 61.210817, 35.650072 ] ] ] } },
{ "type": "Feature", "properties": { "name": "Angola", "iso3": "AGO", "name_with_flag": "🇦🇴 Angola", "1960": null, "1961": null, "1962": null, "1963": null, "1964": null, "1965": null, "1966": null, "1967": null, "1968": null, "1969": null, "1970": null, "1971": null, "1972": null, "1973": null, "1974": null, "1975": null, "1976": null, "1977": null, "1978": null, "1979": null, "1980": 729.11196548982218, "1981": 657.98264854739818, "1982": 634.22146731278167, "1983": 636.83281102291983, "1984": 650.49109441321787, "1985": 772.46883258626519, "1986": 697.52660239925297, "1987": 770.10114008645007, "1988": 807.43962838624032, "1989": 907.74789307293599, "1990": 965.86684046466542, "1991": 881.9194881300624, "1992": 668.70601745987665, "1993": 449.72789493629512, "1994": 334.97359027607422, "1995": 404.29481849612012, "1996": 531.11536654327051, "1997": 521.70291489053011, "1998": 429.188126933192, "1999": 392.72553902749632, "2000": 563.73379557148701, "2001": 533.58620241244728, "2002": 882.14784723430284, "2003": 992.69897925466523, "2004": 1266.210864102361, "2005": 1916.468422186249, "2006": 2617.0519602263262, "2007": 3141.045979760504, "2008": 4103.0669003635048, "2009": 3136.645469559468, "2010": 3597.3429321633221, "2011": 4615.910598317776, "2012": 5086.0274008637571, "2013": 5057.7478783316328, "2014": 5005.999741270698, "2015": 3213.902610800591, "2016": 1807.9529407264311, "2017": 2437.2597119082138, "2018": 2538.5913914337061, "2019": 2189.8557140761841, "2020": 1449.9228666930801, "2021": 1925.8746608216741, "2022": 2929.6944546727159, "2023": 2309.5341304277272, "2024": 2122.0836899187152 }, "geometry": { "type": "MultiPolygon", "coordinates": [ [ [ [ 16.326528, -5.87747 ], [ 16.57318, -6.622645 ], [ 16.860191, -7.222298 ], [ 17.089996, -7.545689 ], [ 17.47297, -8.068551 ], [ 18.134222, -7.987678 ], [ 18.464176, -7.847014 ], [ 19.016752, -7.988246 ], [ 19.166613, -7.738184 ], [ 19.417502, -7.155429 ], [ 20.037723, -7.116361 ], [ 20.091622, -6.94309 ], [ 20.601823, -6.939318 ], [ 20.514748, -7.299606 ], [ 21.728111, -7.290872 ], [ 21.746456, -7.920085 ], [ 21.949131, -8.305901 ], [ 21.801801, -8.908707 ], [ 21.875182, -9.523708 ], [ 22.208753, -9.894796 ], [ 22.155268, -11.084801 ], [ 22.402798, -10.993075 ], [ 22.837345, -11.017622 ], [ 23.456791, -10.867863 ], [ 23.912215, -10.926826 ], [ 24.017894, -11.237298 ], [ 23.904154, -11.722282 ], [ 24.079905, -12.191297 ], [ 23.930922, -12.565848 ], [ 24.016137, -12.911046 ], [ 21.933886, -12.898437 ], [ 21.887843, -16.08031 ], [ 22.562478, -16.898451 ], [ 23.215048, -17.523116 ], [ 21.377176, -17.930636 ], [ 18.956187, -17.789095 ], [ 18.263309, -17.309951 ], [ 14.209707, -17.353101 ], [ 14.058501, -17.423381 ], [ 13.462362, -16.971212 ], [ 12.814081, -16.941343 ], [ 12.215461, -17.111668 ], [ 11.734199, -17.301889 ], [ 11.640096, -16.673142 ], [ 11.778537, -15.793816 ], [ 12.123581, -14.878316 ], [ 12.175619, -14.449144 ], [ 12.500095, -13.5477 ], [ 12.738479, -13.137906 ], [ 13.312914, -12.48363 ], [ 13.633721, -12.038645 ], [ 13.738728, -11.297863 ], [ 13.686379, -10.731076 ], [ 13.387328, -10.373578 ], [ 13.120988, -9.766897 ], [ 12.87537, -9.166934 ], [ 12.929061, -8.959091 ], [ 13.236433, -8.562629 ], [ 12.93304, -7.596539 ], [ 12.728298, -6.927122 ], [ 12.227347, -6.294448 ], [ 12.322432, -6.100092 ], [ 12.735171, -5.965682 ], [ 13.024869, -5.984389 ], [ 13.375597, -5.864241 ], [ 16.326528, -5.87747 ] ] ], [ [ [ 12.436688, -5.684304 ], [ 12.182337, -5.789931 ], [ 11.914963, -5.037987 ], [ 12.318608, -4.60623 ], [ 12.62076, -4.438023 ], [ 12.995517, -4.781103 ], [ 12.631612, -4.991271 ], [ 12.468004, -5.248362 ], [ 12.436688, -5.684304 ] ] ] ] } },
{ "type": "Feature", "properties": { "name": "Albania", "iso3": "ALB", "name_with_flag": "🇦🇱 Albania", "1960": null, "1961": null, "1962": null, "1963": null, "1964": null, "1965": null, "1966": null, "1967": null, "1968": null, "1969": null, "1970": null, "1971": null, "1972": null, "1973": null, "1974": null, "1975": null, "1976": null, "1977": null, "1978": null, "1979": null, "1980": 590.60773843052891, "1981": 663.29420825439979, "1982": 668.45450424245359, "1983": 661.5467824486235, "1984": 639.48473016141736, "1985": 639.86590375555159, "1986": 693.87347463388733, "1987": 674.7933830694916, "1988": 652.77432139656617, "1989": 697.99559657651946, "1990": 617.23043551550541, "1991": 336.58699450462922, "1992": 200.852219772323, "1993": 367.27922507758109, "1994": 586.41613513086509, "1995": 911.32046544532636, "1996": 1020.976180501881, "1997": 728.54552372967453, "1998": 831.17534407729477, "1999": 1056.3448115303311, "2000": 1160.420470540384, "2001": 1326.41652388077, "2002": 1479.838845720061, "2003": 1908.6990068760761, "2004": 2446.9094994779821, "2005": 2741.7213654957841, "2006": 3057.7725703811261, "2007": 3743.0552989618709, "2008": 4498.5048676360066, "2009": 4213.6500757469321, "2010": 4149.1446993684704, "2011": 4465.7091432886482, "2012": 4222.3470988913041, "2013": 4420.2346198835294, "2014": 4602.2305144322854, "2015": 3981.7266226186739, "2016": 4168.3754446254798, "2017": 4614.0479692596036, "2018": 5365.4888018029797, "2019": 5460.4305086932009, "2020": 5370.7774995687496, "2021": 6413.2828082853703, "2022": 6846.4266938164265, "2023": 8575.1713463722153, "2024": 10011.62798566673 }, "geometry": { "type": "Polygon", "coordinates": [ [ [ 20.590247, 41.855404 ], [ 20.463175, 41.515089 ], [ 20.605182, 41.086226 ], [ 21.02004, 40.842727 ], [ 20.99999, 40.580004 ], [ 20.674997, 40.435 ], [ 20.615, 40.110007 ], [ 20.150016, 39.624998 ], [ 19.98, 39.694993 ], [ 19.960002, 39.915006 ], [ 19.406082, 40.250773 ], [ 19.319059, 40.72723 ], [ 19.40355, 41.409566 ], [ 19.540027, 41.719986 ], [ 19.371769, 41.877548 ], [ 19.304486, 42.195745 ], [ 19.738051, 42.688247 ], [ 19.801613, 42.500093 ], [ 20.0707, 42.58863 ], [ 20.283755, 42.32026 ], [ 20.52295, 42.21787 ], [ 20.590247, 41.855404 ] ] ] } },
{ "type": "Feature", "properties": { "name": "United Arab Emirates", "iso3": "ARE", "name_with_flag": "🇦🇪 United Arab Emirates", "1960": null, "1961": null, "1962": null, "1963": null, "1964": null, "1965": null, "1966": null, "1967": null, "1968": null, "1969": null, "1970": 2394.068114710547, "1971": 2805.4264272258679, "1972": 3675.416814195336, "1973": 9695.81418807304, "1974": 23822.97155603065, "1975": 27117.188072961359, "1976": 31196.97917857585, "1977": 35020.360435596151, "1978": 29379.127742499051, "1979": 34238.286445318663, "1980": 42925.233878440733, "1981": 44854.480031561478, "1982": 39972.494667459439, "1983": 34650.00412459884, "1984": 32012.314154027292, "1985": 29467.54197589288, "1986": 23132.073967598819, "1987": 23112.62342064597, "1988": 21569.706885299689, "1989": 23166.730590378709, "1990": 26709.99344032698, "1991": 25690.96863214481, "1992": 25648.272776084421, "1993": 25032.782270290649, "1994": 25472.639657897911, "1995": 27003.200680778231, "1996": 28323.165087053221, "1997": 27982.795704056389, "1998": 24889.42691922791, "1999": 25855.8605046587, "2000": 29865.502347066009, "2001": 27745.17080876723, "2002": 27753.608952634619, "2003": 29659.542856781129, "2004": 33376.715229520923, "2005": 38719.313830762323, "2006": 44342.604832248187, "2007": 45854.732515816228, "2008": 50054.170068180327, "2009": 37803.066373877678, "2010": 43696.671259046292, "2011": 50789.050540755037, "2012": 52034.476247607061, "2013": 52023.517095944109, "2014": 51381.406990174641, "2015": 43534.997269463143, "2016": 41326.401816156889, "2017": 42340.591716016068, "2018": 45689.857004940102, "2019": 44251.454139881673, "2020": 37173.875409306573, "2021": 43360.021100132668, "2022": 49899.065297519737, "2023": 49040.694752103511, "2024": 49377.564338437871 }, "geometry": { "type": "Polygon", "coordinates": [ [ [ 51.579519, 24.245497 ], [ 51.757441, 24.294073 ], [ 51.794389, 24.019826 ], [ 52.577081, 24.177439 ], [ 53.404007, 24.151317 ], [ 54.008001, 24.121758 ], [ 54.693024, 24.797892 ], [ 55.439025, 25.439145 ], [ 56.070821, 26.055464 ], [ 56.261042, 25.714606 ], [ 56.396847, 24.924732 ], [ 55.886233, 24.920831 ], [ 55.804119, 24.269604 ], [ 55.981214, 24.130543 ], [ 55.528632, 23.933604 ], [ 55.525841, 23.524869 ], [ 55.234489, 23.110993 ], [ 55.208341, 22.70833 ], [ 55.006803, 22.496948 ], [ 52.000733, 23.001154 ], [ 51.617708, 24.014219 ], [ 51.579519, 24.245497 ] ] ] } },
{ "type": "Feature", "properties": { "name": "Argentina", "iso3": "ARG", "name_with_flag": "🇦🇷 Argentina", "1960": 778.25170676340383, "1961": 971.33804330837245, "1962": 870.21749090540277, "1963": 852.97242513943308, "1964": 1176.200861903131, "1965": 1281.8333797685891, "1966": 1275.078434189664, "1967": 1063.9328383358679, "1968": 1141.952116173411, "1969": 1329.5618183240881, "1970": 1322.714542168078, "1971": 1372.5074664606129, "1972": 1409.3709731621091, "1973": 2097.899450108061, "1974": 2844.9699052676119, "1975": 2026.6843575286521, "1976": 1946.9199038824829, "1977": 2126.4854604804741, "1978": 3282.063044462891, "1979": 2511.9733290595832, "1980": 2747.5022751674019, "1981": 2764.086414210788, "1982": 2914.7670850417549, "1983": 3537.7473459831972, "1984": 3915.0349264569099, "1985": 2905.7756553613672, "1986": 3436.0781947105329, "1987": 3477.3013197931318, "1988": 3992.7033017915651, "1989": 2374.5732155164128, "1990": 4315.3340311158818, "1991": 5709.2478407950448, "1992": 6789.996111364947, "1993": 6931.855963758755, "1994": 7437.5624232759419, "1995": 7357.6162773787983, "1996": 7663.2127128746852, "1997": 8146.7871002143083, "1998": 8218.9921276468231, "1999": 7705.5428825285126, "2000": 7637.0148920362844, "2001": 7141.4750766282632, "2002": 2569.6996351912362, "2003": 3320.4777513390268, "2004": 4242.0209908942152, "2005": 5067.6534229327563, "2006": 5869.3802897020441, "2007": 7185.2515514702673, "2008": 8944.1102657357005, "2009": 8150.2352702822072, "2010": 10260.13131082542, "2011": 12704.28318196842, "2012": 12949.717486654021, "2013": 12963.67577332604, "2014": 12233.14441191858, "2015": 13679.62649809542, "2016": 12699.962313775641, "2017": 14532.50093085106, "2018": 11752.79989229791, "2019": 9955.9747868042759, "2020": 8535.5993800438901, "2021": 10738.01792233844, "2022": 13935.6811110049, "2023": 14187.48272529649, "2024": 13858.20398020082 }, "geometry": { "type": "MultiPolygon", "coordinates": [ [ [ [ -65.5, -55.2 ], [ -66.45, -55.25 ], [ -66.95992, -54.89681 ], [ -67.56244, -54.87001 ], [ -68.63335, -54.8695 ], [ -68.63401, -52.63637 ], [ -68.25, -53.1 ], [ -67.75, -53.85 ], [ -66.45, -54.45 ], [ -65.05, -54.7 ], [ -65.5, -55.2 ] ] ], [ [ [ -64.964892, -22.075862 ], [ -64.377021, -22.798091 ], [ -63.986838, -21.993644 ], [ -62.846468, -22.034985 ], [ -62.685057, -22.249029 ], [ -60.846565, -23.880713 ], [ -60.028966, -24.032796 ], [ -58.807128, -24.771459 ], [ -57.777217, -25.16234 ], [ -57.63366, -25.603657 ], [ -58.618174, -27.123719 ], [ -57.60976, -27.395899 ], [ -56.486702, -27.548499 ], [ -55.695846, -27.387837 ], [ -54.788795, -26.621786 ], [ -54.625291, -25.739255 ], [ -54.13005, -25.547639 ], [ -53.628349, -26.124865 ], [ -53.648735, -26.923473 ], [ -54.490725, -27.474757 ], [ -55.162286, -27.881915 ], [ -56.2909, -28.852761 ], [ -57.625133, -30.216295 ], [ -57.874937, -31.016556 ], [ -58.14244, -32.044504 ], [ -58.132648, -33.040567 ], [ -58.349611, -33.263189 ], [ -58.427074, -33.909454 ], [ -58.495442, -34.43149 ], [ -57.22583, -35.288027 ], [ -57.362359, -35.97739 ], [ -56.737487, -36.413126 ], [ -56.788285, -36.901572 ], [ -57.749157, -38.183871 ], [ -59.231857, -38.72022 ], [ -61.237445, -38.928425 ], [ -62.335957, -38.827707 ], [ -62.125763, -39.424105 ], [ -62.330531, -40.172586 ], [ -62.145994, -40.676897 ], [ -62.745803, -41.028761 ], [ -63.770495, -41.166789 ], [ -64.73209, -40.802677 ], [ -65.118035, -41.064315 ], [ -64.978561, -42.058001 ], [ -64.303408, -42.359016 ], [ -63.755948, -42.043687 ], [ -63.458059, -42.563138 ], [ -64.378804, -42.873558 ], [ -65.181804, -43.495381 ], [ -65.328823, -44.501366 ], [ -65.565269, -45.036786 ], [ -66.509966, -45.039628 ], [ -67.293794, -45.551896 ], [ -67.580546, -46.301773 ], [ -66.597066, -47.033925 ], [ -65.641027, -47.236135 ], [ -65.985088, -48.133289 ], [ -67.166179, -48.697337 ], [ -67.816088, -49.869669 ], [ -68.728745, -50.264218 ], [ -69.138539, -50.73251 ], [ -68.815561, -51.771104 ], [ -68.149995, -52.349983 ], [ -68.571545, -52.299444 ], [ -69.498362, -52.142761 ], [ -71.914804, -52.009022 ], [ -72.329404, -51.425956 ], [ -72.309974, -50.67701 ], [ -72.975747, -50.74145 ], [ -73.328051, -50.378785 ], [ -73.415436, -49.318436 ], [ -72.648247, -48.878618 ], [ -72.331161, -48.244238 ], [ -72.447355, -47.738533 ], [ -71.917258, -46.884838 ], [ -71.552009, -45.560733 ], [ -71.659316, -44.973689 ], [ -71.222779, -44.784243 ], [ -71.329801, -44.407522 ], [ -71.793623, -44.207172 ], [ -71.464056, -43.787611 ], [ -71.915424, -43.408565 ], [ -72.148898, -42.254888 ], [ -71.746804, -42.051386 ], [ -71.915734, -40.832339 ], [ -71.680761, -39.808164 ], [ -71.413517, -38.916022 ], [ -70.814664, -38.552995 ], [ -71.118625, -37.576827 ], [ -71.121881, -36.658124 ], [ -70.364769, -36.005089 ], [ -70.388049, -35.169688 ], [ -69.817309, -34.193571 ], [ -69.814777, -33.273886 ], [ -70.074399, -33.09121 ], [ -70.535069, -31.36501 ], [ -69.919008, -30.336339 ], [ -70.01355, -29.367923 ], [ -69.65613, -28.459141 ], [ -69.001235, -27.521214 ], [ -68.295542, -26.89934 ], [ -68.5948, -26.506909 ], [ -68.386001, -26.185016 ], [ -68.417653, -24.518555 ], [ -67.328443, -24.025303 ], [ -66.985234, -22.986349 ], [ -67.106674, -22.735925 ], [ -66.273339, -21.83231 ], [ -64.964892, -22.075862 ] ] ] ] } },
{ "type": "Feature", "properties": { "name": "Armenia", "iso3": "ARM", "name_with_flag": "🇦🇲 Armenia", "1960": null, "1961": null, "1962": null, "1963": null, "1964": null, "1965": null, "1966": null, "1967": null, "1968": null, "1969": null, "1970": null, "1971": null, "1972": null, "1973": null, "1974": null, "1975": null, "1976": null, "1977": null, "1978": null, "1979": null, "1980": null, "1981": null, "1982": null, "1983": null, "1984": null, "1985": null, "1986": null, "1987": null, "1988": null, "1989": null, "1990": 635.35532750251673, "1991": 572.74026090097686, "1992": 356.35078000693312, "1993": 347.87064472087792, "1994": 390.87996429765542, "1995": 443.92486085797572, "1996": 487.06862440455802, "1997": 505.03588705796568, "1998": 590.23994733345933, "1999": 582.66988615089519, "2000": 593.45058174228211, "2001": 659.58898853562926, "2002": 742.65111831981869, "2003": 882.03016769547355, "2004": 1130.087914441581, "2005": 1557.484589086547, "2006": 2041.652670689969, "2007": 2962.70234594569, "2008": 3777.6685931376719, "2009": 2820.5926553347022, "2010": 3041.3445072333939, "2011": 3349.553097719061, "2012": 3511.563996874258, "2013": 3680.1669215888592, "2014": 3852.118006103844, "2015": 3512.39350276709, "2016": 3524.424768747072, "2017": 3869.0537386775181, "2018": 4196.0056230176933, "2019": 4597.2288739954793, "2020": 4268.6809330458354, "2021": 4685.1799712850852, "2022": 6571.974455450988, "2023": 8125.273957540031, "2024": 8500.6052248671858 }, "geometry": { "type": "Polygon", "coordinates": [ [ [ 43.582746, 41.092143 ], [ 44.97248, 41.248129 ], [ 45.179496, 40.985354 ], [ 45.560351, 40.81229 ], [ 45.359175, 40.561504 ], [ 45.891907, 40.218476 ], [ 45.610012, 39.899994 ], [ 46.034534, 39.628021 ], [ 46.483499, 39.464155 ], [ 46.50572, 38.770605 ], [ 46.143623, 38.741201 ], [ 45.735379, 39.319719 ], [ 45.739978, 39.473999 ], [ 45.298145, 39.471751 ], [ 45.001987, 39.740004 ], [ 44.79399, 39.713003 ], [ 44.400009, 40.005 ], [ 43.656436, 40.253564 ], [ 43.752658, 40.740201 ], [ 43.582746, 41.092143 ] ] ] } },
{ "type": "Feature", "properties": { "name": "Antarctica", "iso3": "ATA", "name_with_flag": "🇦🇶 Antarctica", "1960": null, "1961": null, "1962": null, "1963": null, "1964": null, "1965": null, "1966": null, "1967": null, "1968": null, "1969": null, "1970": null, "1971": null, "1972": null, "1973": null, "1974": null, "1975": null, "1976": null, "1977": null, "1978": null, "1979": null, "1980": null, "1981": null, "1982": null, "1983": null, "1984": null, "1985": null, "1986": null, "1987": null, "1988": null, "1989": null, "1990": null, "1991": null, "1992": null, "1993": null, "1994": null, "1995": null, "1996": null, "1997": null, "1998": null, "1999": null, "2000": null, "2001": null, "2002": null, "2003": null, "2004": null, "2005": null, "2006": null, "2007": null, "2008": null, "2009": null, "2010": null, "2011": null, "2012": null, "2013": null, "2014": null, "2015": null, "2016": null, "2017": null, "2018": null, "2019": null, "2020": null, "2021": null, "2022": null, "2023": null, "2024": null }, "geometry": { "type": "MultiPolygon", "coordinates": [ [ [ [ -59.572095, -80.040179 ], [ -59.865849, -80.549657 ], [ -60.159656, -81.000327 ], [ -62.255393, -80.863178 ], [ -64.488125, -80.921934 ], [ -65.741666, -80.588827 ], [ -65.741666, -80.549657 ], [ -66.290031, -80.255773 ], [ -64.037688, -80.294944 ], [ -61.883246, -80.39287 ], [ -61.138976, -79.981371 ], [ -60.610119, -79.628679 ], [ -59.572095, -80.040179 ] ] ], [ [ [ -159.208184, -79.497059 ], [ -161.127601, -79.634209 ], [ -162.439847, -79.281465 ], [ -163.027408, -78.928774 ], [ -163.066604, -78.869966 ], [ -163.712896, -78.595667 ], [ -163.105801, -78.223338 ], [ -161.245113, -78.380176 ], [ -160.246208, -78.693645 ], [ -159.482405, -79.046338 ], [ -159.208184, -79.497059 ] ] ], [ [ [ -45.154758, -78.04707 ], [ -43.920828, -78.478103 ], [ -43.48995, -79.08556 ], [ -43.372438, -79.516645 ], [ -43.333267, -80.026123 ], [ -44.880537, -80.339644 ], [ -46.506174, -80.594357 ], [ -48.386421, -80.829485 ], [ -50.482107, -81.025442 ], [ -52.851988, -80.966685 ], [ -54.164259, -80.633528 ], [ -53.987991, -80.222028 ], [ -51.853134, -79.94773 ], [ -50.991326, -79.614623 ], [ -50.364595, -79.183487 ], [ -49.914131, -78.811209 ], [ -49.306959, -78.458569 ], [ -48.660616, -78.047018 ], [ -48.660616, -78.047019 ], [ -48.151396, -78.04707 ], [ -46.662857, -77.831476 ], [ -45.154758, -78.04707 ] ] ], [ [ [ -121.211511, -73.50099 ], [ -119.918851, -73.657725 ], [ -118.724143, -73.481353 ], [ -119.292119, -73.834097 ], [ -120.232217, -74.08881 ], [ -121.62283, -74.010468 ], [ -122.621735, -73.657778 ], [ -122.621735, -73.657777 ], [ -122.406245, -73.324619 ], [ -121.211511, -73.50099 ] ] ], [ [ [ -125.559566, -73.481353 ], [ -124.031882, -73.873268 ], [ -124.619469, -73.834097 ], [ -125.912181, -73.736118 ], [ -127.28313, -73.461769 ], [ -127.28313, -73.461768 ], [ -126.558472, -73.246226 ], [ -125.559566, -73.481353 ] ] ], [ [ [ -98.98155, -71.933334 ], [ -97.884743, -72.070535 ], [ -96.787937, -71.952971 ], [ -96.20035, -72.521205 ], [ -96.983765, -72.442864 ], [ -98.198083, -72.482035 ], [ -99.432013, -72.442864 ], [ -100.783455, -72.50162 ], [ -101.801868, -72.305663 ], [ -102.330725, -71.894164 ], [ -101.703967, -71.717792 ], [ -100.430919, -71.854993 ], [ -98.98155, -71.933334 ] ] ], [ [ [ -68.451346, -70.955823 ], [ -68.333834, -71.406493 ], [ -68.510128, -71.798407 ], [ -68.784297, -72.170736 ], [ -69.959471, -72.307885 ], [ -71.075889, -72.503842 ], [ -72.388134, -72.484257 ], [ -71.8985, -72.092343 ], [ -73.073622, -72.229492 ], [ -74.19004, -72.366693 ], [ -74.953895, -72.072757 ], [ -75.012625, -71.661258 ], [ -73.915819, -71.269345 ], [ -73.915819, -71.269344 ], [ -73.230331, -71.15178 ], [ -72.074717, -71.190951 ], [ -71.780962, -70.681473 ], [ -71.72218, -70.309196 ], [ -71.741791, -69.505782 ], [ -71.173815, -69.035475 ], [ -70.253252, -68.87874 ], [ -69.724447, -69.251017 ], [ -69.489422, -69.623346 ], [ -69.058518, -70.074016 ], [ -68.725541, -70.505153 ], [ -68.451346, -70.955823 ] ] ], [ [ [ -58.614143, -64.152467 ], [ -59.045073, -64.36801 ], [ -59.789342, -64.211223 ], [ -60.611928, -64.309202 ], [ -61.297416, -64.54433 ], [ -62.0221, -64.799094 ], [ -62.51176, -65.09303 ], [ -62.648858, -65.484942 ], [ -62.590128, -65.857219 ], [ -62.120079, -66.190326 ], [ -62.805567, -66.425505 ], [ -63.74569, -66.503847 ], [ -64.294106, -66.837004 ], [ -64.881693, -67.150474 ], [ -65.508425, -67.58161 ], [ -65.665082, -67.953887 ], [ -65.312545, -68.365335 ], [ -64.783715, -68.678908 ], [ -63.961103, -68.913984 ], [ -63.1973, -69.227556 ], [ -62.785955, -69.619419 ], [ -62.570516, -69.991747 ], [ -62.276736, -70.383661 ], [ -61.806661, -70.716768 ], [ -61.512906, -71.089045 ], [ -61.375809, -72.010074 ], [ -61.081977, -72.382351 ], [ -61.003661, -72.774265 ], [ -60.690269, -73.166179 ], [ -60.827367, -73.695242 ], [ -61.375809, -74.106742 ], [ -61.96337, -74.439848 ], [ -63.295201, -74.576997 ], [ -63.74569, -74.92974 ], [ -64.352836, -75.262847 ], [ -65.860987, -75.635124 ], [ -67.192818, -75.79191 ], [ -68.446282, -76.007452 ], [ -69.797724, -76.222995 ], [ -70.600724, -76.634494 ], [ -72.206776, -76.673665 ], [ -73.969536, -76.634494 ], [ -75.555977, -76.712887 ], [ -77.24037, -76.712887 ], [ -76.926979, -77.104802 ], [ -75.399294, -77.28107 ], [ -74.282876, -77.55542 ], [ -73.656119, -77.908112 ], [ -74.772536, -78.221633 ], [ -76.4961, -78.123654 ], [ -77.925858, -78.378419 ], [ -77.984666, -78.789918 ], [ -78.023785, -79.181833 ], [ -76.848637, -79.514939 ], [ -76.633224, -79.887216 ], [ -75.360097, -80.259545 ], [ -73.244852, -80.416331 ], [ -71.442946, -80.69063 ], [ -70.013163, -81.004151 ], [ -68.191646, -81.317672 ], [ -65.704279, -81.474458 ], [ -63.25603, -81.748757 ], [ -61.552026, -82.042692 ], [ -59.691416, -82.37585 ], [ -58.712121, -82.846106 ], [ -58.222487, -83.218434 ], [ -57.008117, -82.865691 ], [ -55.362894, -82.571755 ], [ -53.619771, -82.258235 ], [ -51.543644, -82.003521 ], [ -49.76135, -81.729171 ], [ -47.273931, -81.709586 ], [ -44.825708, -81.846735 ], [ -42.808363, -82.081915 ], [ -42.16202, -81.65083 ], [ -40.771433, -81.356894 ], [ -38.244818, -81.337309 ], [ -36.26667, -81.121715 ], [ -34.386397, -80.906172 ], [ -32.310296, -80.769023 ], [ -30.097098, -80.592651 ], [ -28.549802, -80.337938 ], [ -29.254901, -79.985195 ], [ -29.685805, -79.632503 ], [ -29.685805, -79.260226 ], [ -31.624808, -79.299397 ], [ -33.681324, -79.456132 ], [ -35.639912, -79.456132 ], [ -35.914107, -79.083855 ], [ -35.77701, -78.339248 ], [ -35.326546, -78.123654 ], [ -33.896763, -77.888526 ], [ -32.212369, -77.65345 ], [ -30.998051, -77.359515 ], [ -29.783732, -77.065579 ], [ -28.882779, -76.673665 ], [ -27.511752, -76.497345 ], [ -26.160336, -76.360144 ], [ -25.474822, -76.281803 ], [ -23.927552, -76.24258 ], [ -22.458598, -76.105431 ], [ -21.224694, -75.909474 ], [ -20.010375, -75.674346 ], [ -18.913543, -75.439218 ], [ -17.522982, -75.125698 ], [ -16.641589, -74.79254 ], [ -15.701491, -74.498604 ], [ -15.40771, -74.106742 ], [ -16.46532, -73.871614 ], [ -16.112784, -73.460114 ], [ -15.446855, -73.146542 ], [ -14.408805, -72.950585 ], [ -13.311973, -72.715457 ], [ -12.293508, -72.401936 ], [ -11.510067, -72.010074 ], [ -11.020433, -71.539767 ], [ -10.295774, -71.265416 ], [ -9.101015, -71.324224 ], [ -8.611381, -71.65733 ], [ -7.416622, -71.696501 ], [ -7.377451, -71.324224 ], [ -6.868232, -70.93231 ], [ -5.790985, -71.030289 ], [ -5.536375, -71.402617 ], [ -4.341667, -71.461373 ], [ -3.048981, -71.285053 ], [ -1.795492, -71.167438 ], [ -0.659489, -71.226246 ], [ -0.228637, -71.637745 ], [ 0.868195, -71.304639 ], [ 1.886686, -71.128267 ], [ 3.022638, -70.991118 ], [ 4.139055, -70.853917 ], [ 5.157546, -70.618789 ], [ 6.273912, -70.462055 ], [ 7.13572, -70.246512 ], [ 7.742866, -69.893769 ], [ 8.48711, -70.148534 ], [ 9.525135, -70.011333 ], [ 10.249845, -70.48164 ], [ 10.817821, -70.834332 ], [ 11.953824, -70.638375 ], [ 12.404287, -70.246512 ], [ 13.422778, -69.972162 ], [ 14.734998, -70.030918 ], [ 15.126757, -70.403247 ], [ 15.949342, -70.030918 ], [ 17.026589, -69.913354 ], [ 18.201711, -69.874183 ], [ 19.259373, -69.893769 ], [ 20.375739, -70.011333 ], [ 21.452985, -70.07014 ], [ 21.923034, -70.403247 ], [ 22.569403, -70.697182 ], [ 23.666184, -70.520811 ], [ 24.841357, -70.48164 ], [ 25.977309, -70.48164 ], [ 27.093726, -70.462055 ], [ 28.09258, -70.324854 ], [ 29.150242, -70.20729 ], [ 30.031583, -69.93294 ], [ 30.971733, -69.75662 ], [ 31.990172, -69.658641 ], [ 32.754053, -69.384291 ], [ 33.302443, -68.835642 ], [ 33.870419, -68.502588 ], [ 34.908495, -68.659271 ], [ 35.300202, -69.012014 ], [ 36.16201, -69.247142 ], [ 37.200035, -69.168748 ], [ 37.905108, -69.52144 ], [ 38.649404, -69.776205 ], [ 39.667894, -69.541077 ], [ 40.020431, -69.109941 ], [ 40.921358, -68.933621 ], [ 41.959434, -68.600514 ], [ 42.938702, -68.463313 ], [ 44.113876, -68.267408 ], [ 44.897291, -68.051866 ], [ 45.719928, -67.816738 ], [ 46.503343, -67.601196 ], [ 47.44344, -67.718759 ], [ 48.344419, -67.366068 ], [ 48.990736, -67.091718 ], [ 49.930885, -67.111303 ], [ 50.753471, -66.876175 ], [ 50.949325, -66.523484 ], [ 51.791547, -66.249133 ], [ 52.614133, -66.053176 ], [ 53.613038, -65.89639 ], [ 54.53355, -65.818049 ], [ 55.414943, -65.876805 ], [ 56.355041, -65.974783 ], [ 57.158093, -66.249133 ], [ 57.255968, -66.680218 ], [ 58.137361, -67.013324 ], [ 58.744508, -67.287675 ], [ 59.939318, -67.405239 ], [ 60.605221, -67.679589 ], [ 61.427806, -67.953887 ], [ 62.387489, -68.012695 ], [ 63.19049, -67.816738 ], [ 64.052349, -67.405239 ], [ 64.992447, -67.620729 ], [ 65.971715, -67.738345 ], [ 66.911864, -67.855909 ], [ 67.891133, -67.934302 ], [ 68.890038, -67.934302 ], [ 69.712624, -68.972791 ], [ 69.673453, -69.227556 ], [ 69.555941, -69.678226 ], [ 68.596258, -69.93294 ], [ 67.81274, -70.305268 ], [ 67.949889, -70.697182 ], [ 69.066307, -70.677545 ], [ 68.929157, -71.069459 ], [ 68.419989, -71.441788 ], [ 67.949889, -71.853287 ], [ 68.71377, -72.166808 ], [ 69.869307, -72.264787 ], [ 71.024895, -72.088415 ], [ 71.573285, -71.696501 ], [ 71.906288, -71.324224 ], [ 72.454627, -71.010703 ], [ 73.08141, -70.716768 ], [ 73.33602, -70.364024 ], [ 73.864877, -69.874183 ], [ 74.491557, -69.776205 ], [ 75.62756, -69.737034 ], [ 76.626465, -69.619419 ], [ 77.644904, -69.462684 ], [ 78.134539, -69.07077 ], [ 78.428371, -68.698441 ], [ 79.113859, -68.326216 ], [ 80.093127, -68.071503 ], [ 80.93535, -67.875546 ], [ 81.483792, -67.542388 ], [ 82.051767, -67.366068 ], [ 82.776426, -67.209282 ], [ 83.775331, -67.30726 ], [ 84.676206, -67.209282 ], [ 85.655527, -67.091718 ], [ 86.752359, -67.150474 ], [ 87.477017, -66.876175 ], [ 87.986289, -66.209911 ], [ 88.358411, -66.484261 ], [ 88.828408, -66.954568 ], [ 89.67063, -67.150474 ], [ 90.630365, -67.228867 ], [ 91.5901, -67.111303 ], [ 92.608539, -67.189696 ], [ 93.548637, -67.209282 ], [ 94.17542, -67.111303 ], [ 95.017591, -67.170111 ], [ 95.781472, -67.385653 ], [ 96.682399, -67.248504 ], [ 97.759646, -67.248504 ], [ 98.68021, -67.111303 ], [ 99.718182, -67.248504 ], [ 100.384188, -66.915346 ], [ 100.893356, -66.58224 ], [ 101.578896, -66.30789 ], [ 102.832411, -65.563284 ], [ 103.478676, -65.700485 ], [ 104.242557, -65.974783 ], [ 104.90846, -66.327527 ], [ 106.181561, -66.934931 ], [ 107.160881, -66.954568 ], [ 108.081393, -66.954568 ], [ 109.15864, -66.837004 ], [ 110.235835, -66.699804 ], [ 111.058472, -66.425505 ], [ 111.74396, -66.13157 ], [ 112.860378, -66.092347 ], [ 113.604673, -65.876805 ], [ 114.388088, -66.072762 ], [ 114.897308, -66.386283 ], [ 115.602381, -66.699804 ], [ 116.699161, -66.660633 ], [ 117.384701, -66.915346 ], [ 118.57946, -67.170111 ], [ 119.832924, -67.268089 ], [ 120.871, -67.189696 ], [ 121.654415, -66.876175 ], [ 122.320369, -66.562654 ], [ 123.221296, -66.484261 ], [ 124.122274, -66.621462 ], [ 125.160247, -66.719389 ], [ 126.100396, -66.562654 ], [ 127.001427, -66.562654 ], [ 127.882768, -66.660633 ], [ 128.80328, -66.758611 ], [ 129.704259, -66.58224 ], [ 130.781454, -66.425505 ], [ 131.799945, -66.386283 ], [ 132.935896, -66.386283 ], [ 133.85646, -66.288304 ], [ 134.757387, -66.209963 ], [ 135.031582, -65.72007 ], [ 135.070753, -65.308571 ], [ 135.697485, -65.582869 ], [ 135.873805, -66.033591 ], [ 136.206705, -66.44509 ], [ 136.618049, -66.778197 ], [ 137.460271, -66.954568 ], [ 138.596223, -66.895761 ], [ 139.908442, -66.876175 ], [ 140.809421, -66.817367 ], [ 142.121692, -66.817367 ], [ 143.061842, -66.797782 ], [ 144.374061, -66.837004 ], [ 145.490427, -66.915346 ], [ 146.195552, -67.228867 ], [ 145.999699, -67.601196 ], [ 146.646067, -67.895131 ], [ 147.723263, -68.130259 ], [ 148.839629, -68.385024 ], [ 150.132314, -68.561292 ], [ 151.483705, -68.71813 ], [ 152.502247, -68.874813 ], [ 153.638199, -68.894502 ], [ 154.284567, -68.561292 ], [ 155.165857, -68.835642 ], [ 155.92979, -69.149215 ], [ 156.811132, -69.384291 ], [ 158.025528, -69.482269 ], [ 159.181013, -69.599833 ], [ 159.670699, -69.991747 ], [ 160.80665, -70.226875 ], [ 161.570479, -70.579618 ], [ 162.686897, -70.736353 ], [ 163.842434, -70.716768 ], [ 164.919681, -70.775524 ], [ 166.11444, -70.755938 ], [ 167.309095, -70.834332 ], [ 168.425616, -70.971481 ], [ 169.463589, -71.20666 ], [ 170.501665, -71.402617 ], [ 171.20679, -71.696501 ], [ 171.089227, -72.088415 ], [ 170.560422, -72.441159 ], [ 170.109958, -72.891829 ], [ 169.75737, -73.24452 ], [ 169.287321, -73.65602 ], [ 167.975101, -73.812806 ], [ 167.387489, -74.165498 ], [ 166.094803, -74.38104 ], [ 165.644391, -74.772954 ], [ 164.958851, -75.145283 ], [ 164.234193, -75.458804 ], [ 163.822797, -75.870303 ], [ 163.568239, -76.24258 ], [ 163.47026, -76.693302 ], [ 163.489897, -77.065579 ], [ 164.057873, -77.457442 ], [ 164.273363, -77.82977 ], [ 164.743464, -78.182514 ], [ 166.604126, -78.319611 ], [ 166.995781, -78.750748 ], [ 165.193876, -78.907483 ], [ 163.666217, -79.123025 ], [ 161.766385, -79.162248 ], [ 160.924162, -79.730482 ], [ 160.747894, -80.200737 ], [ 160.316964, -80.573066 ], [ 159.788211, -80.945395 ], [ 161.120016, -81.278501 ], [ 161.629287, -81.690001 ], [ 162.490992, -82.062278 ], [ 163.705336, -82.395435 ], [ 165.095949, -82.708956 ], [ 166.604126, -83.022477 ], [ 168.895665, -83.335998 ], [ 169.404782, -83.825891 ], [ 172.283934, -84.041433 ], [ 172.477049, -84.117914 ], [ 173.224083, -84.41371 ], [ 175.985672, -84.158997 ], [ 178.277212, -84.472518 ], [ 180.0, -84.71338 ], [ -179.942499, -84.721443 ], [ -179.058677, -84.139412 ], [ -177.256772, -84.452933 ], [ -177.140807, -84.417941 ], [ -176.084673, -84.099259 ], [ -175.947235, -84.110449 ], [ -175.829882, -84.117914 ], [ -174.382503, -84.534323 ], [ -173.116559, -84.117914 ], [ -172.889106, -84.061019 ], [ -169.951223, -83.884647 ], [ -168.999989, -84.117914 ], [ -168.530199, -84.23739 ], [ -167.022099, -84.570497 ], [ -164.182144, -84.82521 ], [ -161.929775, -85.138731 ], [ -158.07138, -85.37391 ], [ -155.192253, -85.09956 ], [ -150.942099, -85.295517 ], [ -148.533073, -85.609038 ], [ -145.888918, -85.315102 ], [ -143.107718, -85.040752 ], [ -142.892279, -84.570497 ], [ -146.829068, -84.531274 ], [ -150.060732, -84.296146 ], [ -150.902928, -83.904232 ], [ -153.586201, -83.68869 ], [ -153.409907, -83.23802 ], [ -153.037759, -82.82652 ], [ -152.665637, -82.454192 ], [ -152.861517, -82.042692 ], [ -154.526299, -81.768394 ], [ -155.29018, -81.41565 ], [ -156.83745, -81.102129 ], [ -154.408787, -81.160937 ], [ -152.097662, -81.004151 ], [ -150.648293, -81.337309 ], [ -148.865998, -81.043373 ], [ -147.22075, -80.671045 ], [ -146.417749, -80.337938 ], [ -146.770286, -79.926439 ], [ -148.062947, -79.652089 ], [ -149.531901, -79.358205 ], [ -151.588416, -79.299397 ], [ -153.390322, -79.162248 ], [ -155.329376, -79.064269 ], [ -155.975668, -78.69194 ], [ -157.268302, -78.378419 ], [ -158.051768, -78.025676 ], [ -158.365134, -76.889207 ], [ -157.875474, -76.987238 ], [ -156.974573, -77.300759 ], [ -155.329376, -77.202728 ], [ -153.742832, -77.065579 ], [ -152.920247, -77.496664 ], [ -151.33378, -77.398737 ], [ -150.00195, -77.183143 ], [ -148.748486, -76.908845 ], [ -147.612483, -76.575738 ], [ -146.104409, -76.47776 ], [ -146.143528, -76.105431 ], [ -146.496091, -75.733154 ], [ -146.20231, -75.380411 ], [ -144.909624, -75.204039 ], [ -144.322037, -75.537197 ], [ -142.794353, -75.34124 ], [ -141.638764, -75.086475 ], [ -140.209007, -75.06689 ], [ -138.85759, -74.968911 ], [ -137.5062, -74.733783 ], [ -136.428901, -74.518241 ], [ -135.214583, -74.302699 ], [ -134.431194, -74.361455 ], [ -133.745654, -74.439848 ], [ -132.257168, -74.302699 ], [ -130.925311, -74.479019 ], [ -129.554284, -74.459433 ], [ -128.242038, -74.322284 ], [ -126.890622, -74.420263 ], [ -125.402082, -74.518241 ], [ -124.011496, -74.479019 ], [ -122.562152, -74.498604 ], [ -121.073613, -74.518241 ], [ -119.70256, -74.479019 ], [ -118.684145, -74.185083 ], [ -117.469801, -74.028348 ], [ -116.216312, -74.243891 ], [ -115.021552, -74.067519 ], [ -113.944331, -73.714828 ], [ -113.297988, -74.028348 ], [ -112.945452, -74.38104 ], [ -112.299083, -74.714198 ], [ -111.261059, -74.420263 ], [ -110.066325, -74.79254 ], [ -108.714909, -74.910103 ], [ -107.559346, -75.184454 ], [ -106.149148, -75.125698 ], [ -104.876074, -74.949326 ], [ -103.367949, -74.988497 ], [ -102.016507, -75.125698 ], [ -100.645531, -75.302018 ], [ -100.1167, -74.870933 ], [ -100.763043, -74.537826 ], [ -101.252703, -74.185083 ], [ -102.545337, -74.106742 ], [ -103.113313, -73.734413 ], [ -103.328752, -73.362084 ], [ -103.681289, -72.61753 ], [ -102.917485, -72.754679 ], [ -101.60524, -72.813436 ], [ -100.312528, -72.754679 ], [ -99.13738, -72.911414 ], [ -98.118889, -73.20535 ], [ -97.688037, -73.558041 ], [ -96.336595, -73.616849 ], [ -95.043961, -73.4797 ], [ -93.672907, -73.283743 ], [ -92.439003, -73.166179 ], [ -91.420564, -73.401307 ], [ -90.088733, -73.322914 ], [ -89.226951, -72.558722 ], [ -88.423951, -73.009393 ], [ -87.268337, -73.185764 ], [ -86.014822, -73.087786 ], [ -85.192236, -73.4797 ], [ -83.879991, -73.518871 ], [ -82.665646, -73.636434 ], [ -81.470913, -73.851977 ], [ -80.687447, -73.4797 ], [ -80.295791, -73.126956 ], [ -79.296886, -73.518871 ], [ -77.925858, -73.420892 ], [ -76.907367, -73.636434 ], [ -76.221879, -73.969541 ], [ -74.890049, -73.871614 ], [ -73.852024, -73.65602 ], [ -72.833533, -73.401307 ], [ -71.619215, -73.264157 ], [ -70.209042, -73.146542 ], [ -68.935916, -73.009393 ], [ -67.956622, -72.79385 ], [ -67.369061, -72.480329 ], [ -67.134036, -72.049244 ], [ -67.251548, -71.637745 ], [ -67.56494, -71.245831 ], [ -67.917477, -70.853917 ], [ -68.230843, -70.462055 ], [ -68.485452, -70.109311 ], [ -68.544209, -69.717397 ], [ -68.446282, -69.325535 ], [ -67.976233, -68.953206 ], [ -67.5845, -68.541707 ], [ -67.427843, -68.149844 ], [ -67.62367, -67.718759 ], [ -67.741183, -67.326845 ], [ -67.251548, -66.876175 ], [ -66.703184, -66.58224 ], [ -66.056815, -66.209963 ], [ -65.371327, -65.89639 ], [ -64.568276, -65.602506 ], [ -64.176542, -65.171423 ], [ -63.628152, -64.897073 ], [ -63.001394, -64.642308 ], [ -62.041686, -64.583552 ], [ -61.414928, -64.270031 ], [ -60.709855, -64.074074 ], [ -59.887269, -63.95651 ], [ -59.162585, -63.701745 ], [ -58.594557, -63.388224 ], [ -57.811143, -63.27066 ], [ -57.223582, -63.525425 ], [ -57.59573, -63.858532 ], [ -58.614143, -64.152467 ] ] ] ] } },
{ "type": "Feature", "properties": { "name": "French Southern and Antarctic Lands", "iso3": "ATF", "name_with_flag": "🇹🇫 French Southern and Antarctic Lands", "1960": null, "1961": null, "1962": null, "1963": null, "1964": null, "1965": null, "1966": null, "1967": null, "1968": null, "1969": null, "1970": null, "1971": null, "1972": null, "1973": null, "1974": null, "1975": null, "1976": null, "1977": null, "1978": null, "1979": null, "1980": null, "1981": null, "1982": null, "1983": null, "1984": null, "1985": null, "1986": null, "1987": null, "1988": null, "1989": null, "1990": null, "1991": null, "1992": null, "1993": null, "1994": null, "1995": null, "1996": null, "1997": null, "1998": null, "1999": null, "2000": null, "2001": null, "2002": null, "2003": null, "2004": null, "2005": null, "2006": null, "2007": null, "2008": null, "2009": null, "2010": null, "2011": null, "2012": null, "2013": null, "2014": null, "2015": null, "2016": null, "2017": null, "2018": null, "2019": null, "2020": null, "2021": null, "2022": null, "2023": null, "2024": null }, "geometry": { "type": "Polygon", "coordinates": [ [ [ 68.935, -48.625 ], [ 69.58, -48.94 ], [ 70.525, -49.065 ], [ 70.56, -49.255 ], [ 70.28, -49.71 ], [ 68.745, -49.775 ], [ 68.72, -49.2425 ], [ 68.8675, -48.83 ], [ 68.935, -48.625 ] ] ] } },
{ "type": "Feature", "properties": { "name": "Australia", "iso3": "AUS", "name_with_flag": "🇦🇺 Australia", "1960": 1810.706429570102, "1961": 1877.707063764238, "1962": 1854.746154141623, "1963": 1967.2112736579129, "1964": 2131.380299828048, "1965": 2281.1103052656708, "1966": 2343.9159187566988, "1967": 2580.1105916464089, "1968": 2724.1306715174978, "1969": 2991.477278766838, "1970": 3304.9273697574372, "1971": 3495.2282008844991, "1972": 3949.4616433760611, "1973": 4770.8101720850818, "1974": 6482.9384810347228, "1975": 7003.8424709858191, "1976": 7486.6826042084003, "1977": 7775.658468671254, "1978": 8252.7344573383743, "1979": 9294.5157825187416, "1980": 10208.80368449432, "1981": 11853.669418645401, "1982": 12779.14591640232, "1983": 11515.74451210408, "1984": 12421.880773501671, "1985": 11441.581970718509, "1986": 11392.00439484774, "1987": 11651.33011698213, "1988": 14284.960791832989, "1989": 17834.452691025199, "1990": 18249.301453816861, "1991": 18859.907457698569, "1992": 18624.187733586619, "1993": 17699.876491570401, "1994": 18129.635306445642, "1995": 20448.121968587358, "1996": 22021.7839065228, "1997": 23646.623045732678, "1998": 21479.11420200919, "1999": 20712.669780556382, "2000": 21870.415966959361, "2001": 19695.729737914389, "2002": 20301.843171325629, "2003": 23718.13385018683, "2004": 30836.730682468529, "2005": 34479.767929838767, "2006": 36595.707154842261, "2007": 41051.612065228757, "2008": 49701.281784333463, "2009": 42816.56740028294, "2010": 52144.665470546803, "2011": 62605.600458306013, "2012": 68072.873234080136, "2013": 68190.701003565118, "2014": 62544.087377372613, "2015": 56739.02653465933, "2016": 49888.041084273558, "2017": 53901.714539215449, "2018": 57196.422078377756, "2019": 54972.701788543724, "2020": 51791.540179984047, "2021": 60607.778860516592, "2022": 64997.013653647511, "2023": 64835.9199754535, "2024": 64407.484256932054 }, "geometry": { "type": "MultiPolygon", "coordinates": [ [ [ [ 145.397978, -40.792549 ], [ 146.364121, -41.137695 ], [ 146.908584, -41.000546 ], [ 147.689259, -40.808258 ], [ 148.289068, -40.875438 ], [ 148.359865, -42.062445 ], [ 148.017301, -42.407024 ], [ 147.914052, -43.211522 ], [ 147.564564, -42.937689 ], [ 146.870343, -43.634597 ], [ 146.663327, -43.580854 ], [ 146.048378, -43.549745 ], [ 145.43193, -42.693776 ], [ 145.29509, -42.03361 ], [ 144.718071, -41.162552 ], [ 144.743755, -40.703975 ], [ 145.397978, -40.792549 ] ] ], [ [ [ 143.561811, -13.763656 ], [ 143.922099, -14.548311 ], [ 144.563714, -14.171176 ], [ 144.894908, -14.594458 ], [ 145.374724, -14.984976 ], [ 145.271991, -15.428205 ], [ 145.48526, -16.285672 ], [ 145.637033, -16.784918 ], [ 145.888904, -16.906926 ], [ 146.160309, -17.761655 ], [ 146.063674, -18.280073 ], [ 146.387478, -18.958274 ], [ 147.471082, -19.480723 ], [ 148.177602, -19.955939 ], [ 148.848414, -20.39121 ], [ 148.717465, -20.633469 ], [ 149.28942, -21.260511 ], [ 149.678337, -22.342512 ], [ 150.077382, -22.122784 ], [ 150.482939, -22.556142 ], [ 150.727265, -22.402405 ], [ 150.899554, -23.462237 ], [ 151.609175, -24.076256 ], [ 152.07354, -24.457887 ], [ 152.855197, -25.267501 ], [ 153.136162, -26.071173 ], [ 153.161949, -26.641319 ], [ 153.092909, -27.2603 ], [ 153.569469, -28.110067 ], [ 153.512108, -28.995077 ], [ 153.339095, -29.458202 ], [ 153.069241, -30.35024 ], [ 153.089602, -30.923642 ], [ 152.891578, -31.640446 ], [ 152.450002, -32.550003 ], [ 151.709117, -33.041342 ], [ 151.343972, -33.816023 ], [ 151.010555, -34.31036 ], [ 150.714139, -35.17346 ], [ 150.32822, -35.671879 ], [ 150.075212, -36.420206 ], [ 149.946124, -37.109052 ], [ 149.997284, -37.425261 ], [ 149.423882, -37.772681 ], [ 148.304622, -37.809061 ], [ 147.381733, -38.219217 ], [ 146.922123, -38.606532 ], [ 146.317922, -39.035757 ], [ 145.489652, -38.593768 ], [ 144.876976, -38.417448 ], [ 145.032212, -37.896188 ], [ 144.485682, -38.085324 ], [ 143.609974, -38.809465 ], [ 142.745427, -38.538268 ], [ 142.17833, -38.380034 ], [ 141.606582, -38.308514 ], [ 140.638579, -38.019333 ], [ 139.992158, -37.402936 ], [ 139.806588, -36.643603 ], [ 139.574148, -36.138362 ], [ 139.082808, -35.732754 ], [ 138.120748, -35.612296 ], [ 138.449462, -35.127261 ], [ 138.207564, -34.384723 ], [ 137.71917, -35.076825 ], [ 136.829406, -35.260535 ], [ 137.352371, -34.707339 ], [ 137.503886, -34.130268 ], [ 137.890116, -33.640479 ], [ 137.810328, -32.900007 ], [ 136.996837, -33.752771 ], [ 136.372069, -34.094766 ], [ 135.989043, -34.890118 ], [ 135.208213, -34.47867 ], [ 135.239218, -33.947953 ], [ 134.613417, -33.222778 ], [ 134.085904, -32.848072 ], [ 134.273903, -32.617234 ], [ 132.990777, -32.011224 ], [ 132.288081, -31.982647 ], [ 131.326331, -31.495803 ], [ 129.535794, -31.590423 ], [ 128.240938, -31.948489 ], [ 127.102867, -32.282267 ], [ 126.148714, -32.215966 ], [ 125.088623, -32.728751 ], [ 124.221648, -32.959487 ], [ 124.028947, -33.483847 ], [ 123.659667, -33.890179 ], [ 122.811036, -33.914467 ], [ 122.183064, -34.003402 ], [ 121.299191, -33.821036 ], [ 120.580268, -33.930177 ], [ 119.893695, -33.976065 ], [ 119.298899, -34.509366 ], [ 119.007341, -34.464149 ], [ 118.505718, -34.746819 ], [ 118.024972, -35.064733 ], [ 117.295507, -35.025459 ], [ 116.625109, -35.025097 ], [ 115.564347, -34.386428 ], [ 115.026809, -34.196517 ], [ 115.048616, -33.623425 ], [ 115.545123, -33.487258 ], [ 115.714674, -33.259572 ], [ 115.679379, -32.900369 ], [ 115.801645, -32.205062 ], [ 115.689611, -31.612437 ], [ 115.160909, -30.601594 ], [ 114.997043, -30.030725 ], [ 115.040038, -29.461095 ], [ 114.641974, -28.810231 ], [ 114.616498, -28.516399 ], [ 114.173579, -28.118077 ], [ 114.048884, -27.334765 ], [ 113.477498, -26.543134 ], [ 113.338953, -26.116545 ], [ 113.778358, -26.549025 ], [ 113.440962, -25.621278 ], [ 113.936901, -25.911235 ], [ 114.232852, -26.298446 ], [ 114.216161, -25.786281 ], [ 113.721255, -24.998939 ], [ 113.625344, -24.683971 ], [ 113.393523, -24.384764 ], [ 113.502044, -23.80635 ], [ 113.706993, -23.560215 ], [ 113.843418, -23.059987 ], [ 113.736552, -22.475475 ], [ 114.149756, -21.755881 ], [ 114.225307, -22.517488 ], [ 114.647762, -21.82952 ], [ 115.460167, -21.495173 ], [ 115.947373, -21.068688 ], [ 116.711615, -20.701682 ], [ 117.166316, -20.623599 ], [ 117.441545, -20.746899 ], [ 118.229559, -20.374208 ], [ 118.836085, -20.263311 ], [ 118.987807, -20.044203 ], [ 119.252494, -19.952942 ], [ 119.805225, -19.976506 ], [ 120.85622, -19.683708 ], [ 121.399856, -19.239756 ], [ 121.655138, -18.705318 ], [ 122.241665, -18.197649 ], [ 122.286624, -17.798603 ], [ 122.312772, -17.254967 ], [ 123.012574, -16.4052 ], [ 123.433789, -17.268558 ], [ 123.859345, -17.069035 ], [ 123.503242, -16.596506 ], [ 123.817073, -16.111316 ], [ 124.258287, -16.327944 ], [ 124.379726, -15.56706 ], [ 124.926153, -15.0751 ], [ 125.167275, -14.680396 ], [ 125.670087, -14.51007 ], [ 125.685796, -14.230656 ], [ 126.125149, -14.347341 ], [ 126.142823, -14.095987 ], [ 126.582589, -13.952791 ], [ 127.065867, -13.817968 ], [ 127.804633, -14.276906 ], [ 128.35969, -14.86917 ], [ 128.985543, -14.875991 ], [ 129.621473, -14.969784 ], [ 129.4096, -14.42067 ], [ 129.888641, -13.618703 ], [ 130.339466, -13.357376 ], [ 130.183506, -13.10752 ], [ 130.617795, -12.536392 ], [ 131.223495, -12.183649 ], [ 131.735091, -12.302453 ], [ 132.575298, -12.114041 ], [ 132.557212, -11.603012 ], [ 131.824698, -11.273782 ], [ 132.357224, -11.128519 ], [ 133.019561, -11.376411 ], [ 133.550846, -11.786515 ], [ 134.393068, -12.042365 ], [ 134.678632, -11.941183 ], [ 135.298491, -12.248606 ], [ 135.882693, -11.962267 ], [ 136.258381, -12.049342 ], [ 136.492475, -11.857209 ], [ 136.95162, -12.351959 ], [ 136.685125, -12.887223 ], [ 136.305407, -13.29123 ], [ 135.961758, -13.324509 ], [ 136.077617, -13.724278 ], [ 135.783836, -14.223989 ], [ 135.428664, -14.715432 ], [ 135.500184, -14.997741 ], [ 136.295175, -15.550265 ], [ 137.06536, -15.870762 ], [ 137.580471, -16.215082 ], [ 138.303217, -16.807604 ], [ 138.585164, -16.806622 ], [ 139.108543, -17.062679 ], [ 139.260575, -17.371601 ], [ 140.215245, -17.710805 ], [ 140.875463, -17.369069 ], [ 141.07111, -16.832047 ], [ 141.274095, -16.38887 ], [ 141.398222, -15.840532 ], [ 141.702183, -15.044921 ], [ 141.56338, -14.561333 ], [ 141.63552, -14.270395 ], [ 141.519869, -13.698078 ], [ 141.65092, -12.944688 ], [ 141.842691, -12.741548 ], [ 141.68699, -12.407614 ], [ 141.928629, -11.877466 ], [ 142.118488, -11.328042 ], [ 142.143706, -11.042737 ], [ 142.51526, -10.668186 ], [ 142.79731, -11.157355 ], [ 142.866763, -11.784707 ], [ 143.115947, -11.90563 ], [ 143.158632, -12.325656 ], [ 143.522124, -12.834358 ], [ 143.597158, -13.400422 ], [ 143.561811, -13.763656 ] ] ] ] } },
{ "type": "Feature", "properties": { "name": "Austria", "iso3": "AUT", "name_with_flag": "🇦🇹 Austria", "1960": 939.91481468117365, "1961": 1036.7282043608261, "1962": 1093.0141906156871, "1963": 1172.557446261776, "1964": 1275.457152816794, "1965": 1381.077258244215, "1966": 1494.04911382106, "1967": 1577.1414770516881, "1968": 1685.662116691479, "1969": 1834.0780781796029, "1970": 2050.7051537705038, "1971": 2371.6524795500331, "1972": 2912.5957711152441, "1973": 3875.4830561855119, "1974": 4612.6192077965616, "1975": 5264.9177200405129, "1976": 5656.1451383787007, "1977": 6783.9514219366547, "1978": 8173.3292634724521, "1979": 9755.4044562578965, "1980": 10826.971827499459, "1981": 9348.4883239523242, "1982": 9373.4882062612505, "1983": 9500.0507041749443, "1984": 8955.8482919153412, "1985": 9136.1709255969436, "1986": 13031.828101074399, "1987": 16328.56130472959, "1988": 17509.765868381732, "1989": 17400.522661974141, "1990": 21596.068219998018, "1991": 22323.1312492943, "1992": 24782.711876706329, "1993": 23987.20372406565, "1994": 25546.246052508719, "1995": 30207.067431465199, "1996": 29645.945125149119, "1997": 26571.752362650801, "1998": 27212.464290570832, "1999": 27078.708161220129, "2000": 24487.297468595611, "2001": 24430.495982840981, "2002": 26334.86221503199, "2003": 32110.115966142479, "2004": 36614.250653370662, "2005": 38157.370228620028, "2006": 40382.207829857492, "2007": 46622.962291363547, "2008": 51581.398236107132, "2009": 47857.444663526592, "2010": 46611.139342023191, "2011": 51116.895352204243, "2012": 48250.40591426372, "2013": 50305.354577497252, "2014": 51314.972261632232, "2015": 43915.228020856986, "2016": 45061.49939201917, "2017": 47163.742577514196, "2018": 51194.07498412994, "2019": 49885.994735520413, "2020": 48716.409890034898, "2021": 53648.719074224537, "2022": 52176.664914117828, "2023": 56033.573792064992, "2024": 56833.196047205332 }, "geometry": { "type": "Polygon", "coordinates": [ [ [ 16.979667, 48.123497 ], [ 16.903754, 47.714866 ], [ 16.340584, 47.712902 ], [ 16.534268, 47.496171 ], [ 16.202298, 46.852386 ], [ 16.011664, 46.683611 ], [ 15.137092, 46.658703 ], [ 14.632472, 46.431817 ], [ 13.806475, 46.509306 ], [ 12.376485, 46.767559 ], [ 12.153088, 47.115393 ], [ 11.164828, 46.941579 ], [ 11.048556, 46.751359 ], [ 10.442701, 46.893546 ], [ 9.932448, 46.920728 ], [ 9.47997, 47.10281 ], [ 9.632932, 47.347601 ], [ 9.594226, 47.525058 ], [ 9.896068, 47.580197 ], [ 10.402084, 47.302488 ], [ 10.544504, 47.566399 ], [ 11.426414, 47.523766 ], [ 12.141357, 47.703083 ], [ 12.62076, 47.672388 ], [ 12.932627, 47.467646 ], [ 13.025851, 47.637584 ], [ 12.884103, 48.289146 ], [ 13.243357, 48.416115 ], [ 13.595946, 48.877172 ], [ 14.338898, 48.555305 ], [ 14.901447, 48.964402 ], [ 15.253416, 49.039074 ], [ 16.029647, 48.733899 ], [ 16.499283, 48.785808 ], [ 16.960288, 48.596982 ], [ 16.879983, 48.470013 ], [ 16.979667, 48.123497 ] ] ] } },
{ "type": "Feature", "properties": { "name": "Azerbaijan", "iso3": "AZE", "name_with_flag": "🇦🇿 Azerbaijan", "1960": null, "1961": null, "1962": null, "1963": null, "1964": null, "1965": null, "1966": null, "1967": null, "1968": null, "1969": null, "1970": null, "1971": null, "1972": null, "1973": null, "1974": null, "1975": null, "1976": null, "1977": null, "1978": null, "1979": null, "1980": null, "1981": null, "1982": null, "1983": null, "1984": null, "1985": null, "1986": null, "1987": null, "1988": null, "1989": null, "1990": 1238.2718927484229, "1991": 734.9442328056881, "1992": 60.235120540597237, "1993": 209.53095454842531, "1994": 157.06354994707169, "1995": 314.55801908333979, "1996": 409.185543774103, "1997": 505.51620418833551, "1998": 561.9068078718692, "1999": 573.89352873403072, "2000": 655.09724957991671, "2001": 703.67099858468634, "2002": 763.10889546348676, "2003": 883.69258074525578, "2004": 1045.0136328106, "2005": 1578.3673303066721, "2006": 2472.9572573228711, "2007": 3851.3301517514119, "2008": 5574.4681043257478, "2009": 4950.3994900942307, "2010": 5843.5337683582002, "2011": 7189.8186921197603, "2012": 7495.8652765809948, "2013": 7875.3453666154946, "2014": 7890.8402806208724, "2015": 5500.503646284862, "2016": 3880.6852276837981, "2017": 4147.1981423222014, "2018": 4739.7943123408049, "2019": 4805.7537176591732, "2020": 4229.9106490450276, "2021": 5408.0453517502292, "2022": 7770.5942233509959, "2023": 7133.0283804832843, "2024": 7283.835629548722 }, "geometry": { "type": "MultiPolygon", "coordinates": [ [ [ [ 45.001987, 39.740004 ], [ 45.298145, 39.471751 ], [ 45.739978, 39.473999 ], [ 45.735379, 39.319719 ], [ 46.143623, 38.741201 ], [ 45.457722, 38.874139 ], [ 44.952688, 39.335765 ], [ 44.79399, 39.713003 ], [ 45.001987, 39.740004 ] ] ], [ [ [ 47.373315, 41.219732 ], [ 47.815666, 41.151416 ], [ 47.987283, 41.405819 ], [ 48.584353, 41.80887 ], [ 49.110264, 41.282287 ], [ 49.618915, 40.572924 ], [ 50.08483, 40.526157 ], [ 50.392821, 40.256561 ], [ 49.569202, 40.176101 ], [ 49.395259, 39.399482 ], [ 49.223228, 39.049219 ], [ 48.856532, 38.815486 ], [ 48.883249, 38.320245 ], [ 48.634375, 38.270378 ], [ 48.010744, 38.794015 ], [ 48.355529, 39.288765 ], [ 48.060095, 39.582235 ], [ 47.685079, 39.508364 ], [ 46.50572, 38.770605 ], [ 46.483499, 39.464155 ], [ 46.034534, 39.628021 ], [ 45.610012, 39.899994 ], [ 45.891907, 40.218476 ], [ 45.359175, 40.561504 ], [ 45.560351, 40.81229 ], [ 45.179496, 40.985354 ], [ 44.97248, 41.248129 ], [ 45.217426, 41.411452 ], [ 45.962601, 41.123873 ], [ 46.501637, 41.064445 ], [ 46.637908, 41.181673 ], [ 46.145432, 41.722802 ], [ 46.404951, 41.860675 ], [ 46.686071, 41.827137 ], [ 47.373315, 41.219732 ] ] ] ] } },
{ "type": "Feature", "properties": { "name": "Burundi", "iso3": "BDI", "name_with_flag": "🇧🇮 Burundi", "1960": 70.905100030460247, "1961": 71.601929936627002, "1962": 73.419597976989238, "1963": 78.371198323411932, "1964": 85.33372866656849, "1965": 50.613304005219049, "1966": 51.412873817129928, "1967": 54.018142526908868, "1968": 54.194978267281229, "1969": 55.058838902941972, "1970": 68.754353979504899, "1971": 69.898281755835853, "1972": 68.232191790993141, "1973": 84.258106928415842, "1974": 93.224004834091261, "1975": 110.8848274900534, "1976": 115.4921317745228, "1977": 137.44804438707561, "1978": 148.82323251291859, "1979": 186.1522736049622, "1980": 209.8057366681677, "1981": 212.23033189706959, "1982": 216.43619143506999, "1983": 225.20952450828321, "1984": 200.37571182724059, "1985": 228.44054256469639, "1986": 234.28124480998781, "1987": 215.60831146748271, "1988": 201.74040081580739, "1989": 203.5789441924494, "1990": 202.62944617629739, "1991": 204.66825839881739, "1992": 184.86897045644659, "1993": 165.34412031940269, "1994": 161.89258426163551, "1995": 164.91531167932581, "1996": 143.15674118715859, "1997": 160.27834204696191, "1998": 144.45694825553639, "1999": 127.5141957811899, "2000": 134.53786175238901, "2001": 132.1595545419321, "2002": 120.95230857546829, "2003": 111.4066828043908, "2004": 125.1949651845333, "2005": 147.2346192942251, "2006": 161.89275564031911, "2007": 166.16274490675519, "2008": 189.50207457076769, "2009": 199.09763303770791, "2010": 216.72770530197641, "2011": 230.07057736908391, "2012": 231.68849639356921, "2013": 234.8430453888283, "2014": 250.54048111187711, "2015": 280.96683131192287, "2016": 235.2862053939082, "2017": 236.6944725927535, "2018": 224.89939239264041, "2019": 210.2364945215318, "2020": 210.00813990250839, "2021": 214.0914554161333, "2022": 250.63422536874441, "2023": 192.07430535935109, "2024": 153.9302178540232 }, "geometry": { "type": "Polygon", "coordinates": [ [ [ 29.339998, -4.499983 ], [ 29.276384, -3.293907 ], [ 29.024926, -2.839258 ], [ 29.632176, -2.917858 ], [ 29.938359, -2.348487 ], [ 30.469696, -2.413858 ], [ 30.527677, -2.807632 ], [ 30.743013, -3.034285 ], [ 30.752263, -3.35933 ], [ 30.50556, -3.568567 ], [ 30.116333, -4.090138 ], [ 29.753512, -4.452389 ], [ 29.339998, -4.499983 ] ] ] } },
{ "type": "Feature", "properties": { "name": "Belgium", "iso3": "BEL", "name_with_flag": "🇧🇪 Belgium", "1960": 1290.286072161922, "1961": 1367.7888522813851, "1962": 1457.2651699837761, "1963": 1555.0229318257841, "1964": 1724.0189417905549, "1965": 1859.509986716391, "1966": 1983.1311982177749, "1967": 2113.8219413288771, "1968": 2251.315759067817, "1969": 2490.1071730837989, "1970": 2765.8909966479441, "1971": 3082.9279887912571, "1972": 3831.6318999943292, "1973": 4900.9622007586613, "1974": 5733.7981393387799, "1975": 6701.3773605243277, "1976": 7243.047341195831, "1977": 8426.9469594737202, "1978": 10289.768417329609, "1979": 11810.61587547254, "1980": 12864.002566139619, "1981": 10622.802483078911, "1982": 9343.8610995961808, "1983": 8846.2342984697352, "1984": 8457.268803163739, "1985": 8750.8185125053551, "1986": 12170.04069627016, "1987": 15135.852311696841, "1988": 16391.093827791021, "1989": 16525.061743284841, "1990": 20600.375278982701, "1991": 21041.660651964779, "1992": 23372.619171015031, "1993": 22283.93602135513, "1994": 24208.55479314466, "1995": 28413.826438736811, "1996": 27489.555177048831, "1997": 24820.93805038961, "1998": 25338.443293490422, "1999": 25252.801906656448, "2000": 23098.886507740139, "2001": 23015.071263246191, "2002": 25006.191397109, "2003": 30655.20926790237, "2004": 35429.407793334409, "2005": 36809.701340361877, "2006": 38705.106795914711, "2007": 44319.165448813023, "2008": 48303.397956285968, "2009": 44923.340013508147, "2010": 44197.393671161968, "2011": 47760.8298776546, "2012": 44874.17091821225, "2013": 46964.594677705587, "2014": 47995.778696133937, "2015": 40893.804537771997, "2016": 41854.549829644398, "2017": 44035.323935854802, "2018": 47487.210039256068, "2019": 46716.622746796427, "2020": 45906.287580524593, "2021": 51658.238294957991, "2022": 50822.251853851747, "2023": 54690.094273496419, "2024": 55954.610626101763 }, "geometry": { "type": "Polygon", "coordinates": [ [ [ 3.314971, 51.345781 ], [ 4.047071, 51.267259 ], [ 4.973991, 51.475024 ], [ 5.606976, 51.037298 ], [ 6.156658, 50.803721 ], [ 6.043073, 50.128052 ], [ 5.782417, 50.090328 ], [ 5.674052, 49.529484 ], [ 4.799222, 49.985373 ], [ 4.286023, 49.907497 ], [ 3.588184, 50.378992 ], [ 3.123252, 50.780363 ], [ 2.658422, 50.796848 ], [ 2.513573, 51.148506 ], [ 3.314971, 51.345781 ] ] ] } },
{ "type": "Feature", "properties": { "name": "Benin", "iso3": "BEN", "name_with_flag": "🇧🇯 Benin", "1960": 89.856924653971518, "1961": 92.085848129764983, "1962": 90.773861007747286, "1963": 95.716736976197282, "1964": 99.785024601725539, "1965": 105.11798693892661, "1966": 107.63721185353199, "1967": 106.58624185994989, "1968": 111.2114941754453, "1969": 110.31479474821209, "1970": 108.8487794825474, "1971": 106.8892927420667, "1972": 127.9271570143309, "1973": 153.60946813570311, "1974": 164.94659414291621, "1975": 196.45578601933781, "1976": 197.72636114254061, "1977": 207.01296224739619, "1978": 249.80292618053829, "1979": 310.65138708435222, "1980": 358.00305420990298, "1981": 319.71818597026902, "1982": 305.00406350750012, "1983": 255.98360156072599, "1984": 238.5744573553811, "1985": 230.43411721891329, "1986": 285.77155106442382, "1987": 324.25376516619059, "1988": 326.1797577003029, "1989": 293.32194955095309, "1990": 371.10160433235649, "1991": 364.68929601664468, "1992": 301.77329696287018, "1993": 387.31005481312229, "1994": 262.12980744507382, "1995": 348.43523891439372, "1996": 369.39438413573578, "1997": 344.55049149896269, "1998": 361.60198305750498, "1999": 525.13059724597417, "2000": 487.42414138424249, "2001": 492.40149950907198, "2002": 546.46382965815872, "2003": 676.00287808428152, "2004": 758.6958037863709, "2005": 779.43777775326771, "2006": 809.14707250622087, "2007": 912.33824718834239, "2008": 1060.602545020987, "2009": 1024.1027785811179, "2010": 973.24425493152637, "2011": 1059.413588525885, "2012": 1071.525836628296, "2013": 1168.9269927922589, "2014": 1204.3991867009399, "2015": 1002.418868796138, "2016": 1010.5338961992981, "2017": 1054.974080668143, "2018": 1151.740970347201, "2019": 1130.8213533979499, "2020": 1200.194266311225, "2021": 1318.651581074866, "2022": 1266.4271098115889, "2023": 1394.1778466304499, "2024": 1485.3801898089409 }, "geometry": { "type": "Polygon", "coordinates": [ [ [ 2.691702, 6.258817 ], [ 1.865241, 6.142158 ], [ 1.618951, 6.832038 ], [ 1.664478, 9.12859 ], [ 1.463043, 9.334624 ], [ 1.425061, 9.825395 ], [ 1.077795, 10.175607 ], [ 0.772336, 10.470808 ], [ 0.899563, 10.997339 ], [ 1.24347, 11.110511 ], [ 1.447178, 11.547719 ], [ 1.935986, 11.64115 ], [ 2.154474, 11.94015 ], [ 2.490164, 12.233052 ], [ 2.848643, 12.235636 ], [ 3.61118, 11.660167 ], [ 3.572216, 11.327939 ], [ 3.797112, 10.734746 ], [ 3.60007, 10.332186 ], [ 3.705438, 10.06321 ], [ 3.220352, 9.444153 ], [ 2.912308, 9.137608 ], [ 2.723793, 8.506845 ], [ 2.749063, 7.870734 ], [ 2.691702, 6.258817 ] ] ] } },
{ "type": "Feature", "properties": { "name": "Burkina Faso", "iso3": "BFA", "name_with_flag": "🇧🇫 Burkina Faso", "1960": 69.150245608761523, "1961": 72.242378706246157, "1962": 77.152927928817547, "1963": 78.908773671207314, "1964": 80.914788771858227, "1965": 82.074615992464715, "1966": 82.836066486424315, "1967": 84.6272011419546, "1968": 84.973784839228728, "1969": 86.755539572522409, "1970": 81.707563219741985, "1971": 84.514937567644665, "1972": 99.633581493381314, "1973": 114.13766947351471, "1974": 124.6714355032546, "1975": 152.90152960674709, "1976": 155.48542274065881, "1977": 175.96386445428399, "1978": 223.8791119711629, "1979": 258.50172903484491, "1980": 277.5975313701814, "1981": 248.7079739088918, "1982": 239.0194835693392, "1983": 211.92574054219639, "1984": 187.83222427839061, "1985": 194.06322629924409, "1986": 247.4591346371044, "1987": 280.21809222659181, "1988": 301.12921466383278, "1989": 293.18870372714662, "1990": 338.59375905512769, "1991": 333.70605512636052, "1992": 348.59244389454648, "1993": 324.11157670743489, "1994": 187.2114237260605, "1995": 229.09229449681649, "1996": 242.7331713526718, "1997": 223.85395852561089, "1998": 249.53173292492991, "1999": 292.83695869731298, "2000": 248.90852692175221, "2001": 259.48522338043603, "2002": 285.65408763753283, "2003": 362.37389999695341, "2004": 403.81283743461029, "2005": 441.16414801601212, "2006": 455.51365562002422, "2007": 514.68445117723809, "2008": 619.43753325626426, "2009": 601.56952067185853, "2010": 624.95725222476574, "2011": 725.02476772547493, "2012": 731.47013886783304, "2013": 759.76206516849811, "2014": 764.86167510622545, "2015": 630.12475075231202, "2016": 663.74236484288554, "2017": 709.09153589469531, "2018": 777.46561851404795, "2019": 764.8530777749462, "2020": 825.23703878247511, "2021": 895.53528844299092, "2022": 836.11830459368207, "2023": 882.68981008616322, "2024": 987.32137810186725 }, "geometry": { "type": "Polygon", "coordinates": [ [ [ -2.827496, 9.642461 ], [ -3.511899, 9.900326 ], [ -3.980449, 9.862344 ], [ -4.330247, 9.610835 ], [ -4.779884, 9.821985 ], [ -4.954653, 10.152714 ], [ -5.404342, 10.370737 ], [ -5.470565, 10.95127 ], [ -5.197843, 11.375146 ], [ -5.220942, 11.713859 ], [ -4.427166, 12.542646 ], [ -4.280405, 13.228444 ], [ -4.006391, 13.472485 ], [ -3.522803, 13.337662 ], [ -3.103707, 13.541267 ], [ -2.967694, 13.79815 ], [ -2.191825, 14.246418 ], [ -2.001035, 14.559008 ], [ -1.066363, 14.973815 ], [ -0.515854, 15.116158 ], [ -0.266257, 14.924309 ], [ 0.374892, 14.928908 ], [ 0.295646, 14.444235 ], [ 0.429928, 13.988733 ], [ 0.993046, 13.33575 ], [ 1.024103, 12.851826 ], [ 2.177108, 12.625018 ], [ 2.154474, 11.94015 ], [ 1.935986, 11.64115 ], [ 1.447178, 11.547719 ], [ 1.24347, 11.110511 ], [ 0.899563, 10.997339 ], [ 0.023803, 11.018682 ], [ -0.438702, 11.098341 ], [ -0.761576, 10.93693 ], [ -1.203358, 11.009819 ], [ -2.940409, 10.96269 ], [ -2.963896, 10.395335 ], [ -2.827496, 9.642461 ] ] ] } },
{ "type": "Feature", "properties": { "name": "Bangladesh", "iso3": "BGD", "name_with_flag": "🇧🇩 Bangladesh", "1960": 82.481277411635446, "1961": 90.368578629424817, "1962": 92.589421176931438, "1963": 94.14237429678488, "1964": 92.578297793838885, "1965": 98.604147042074601, "1966": 104.42205467885969, "1967": 114.20988169610931, "1968": 114.4149674703754, "1969": 125.8803116981981, "1970": 130.21816084495461, "1971": 124.53396309915151, "1972": 87.773765191476002, "1973": 109.69172675691161, "1974": 164.98639360281371, "1975": 249.8042540160217, "1976": 126.6930442044365, "1977": 117.8877713792242, "1978": 158.32425515228479, "1979": 181.13070670313519, "1980": 206.07571431215521, "1981": 224.2413923911916, "1982": 199.59594464685139, "1983": 184.70677287458989, "1984": 193.43502097623789, "1985": 222.2201803963398, "1986": 212.14899385306029, "1987": 231.49958452048341, "1988": 247.90146596733209, "1989": 263.00572082754718, "1990": 283.05373705523363, "1991": 272.06494849587779, "1992": 273.46507252027158, "1993": 280.75727445036591, "1994": 280.60303179121621, "1995": 309.45868082336722, "1996": 371.9179376773447, "1997": 379.28491770963478, "1998": 385.61688175279579, "1999": 388.09568426823489, "2000": 396.67073024975122, "2001": 394.65641001891032, "2002": 393.88642232762771, "2003": 426.74880754362039, "2004": 455.61401690979829, "2005": 480.08585075451958, "2006": 490.38802653328941, "2007": 537.95549279291072, "2008": 613.06204104124015, "2009": 679.2114774280559, "2010": 757.38528036150819, "2011": 837.33694469564728, "2012": 859.68053637549735, "2013": 958.26298979828277, "2014": 1094.461997028377, "2015": 1224.3864766816521, "2016": 1649.283808586006, "2017": 1811.0822166864591, "2018": 1965.2437273146679, "2019": 2129.7989695460569, "2020": 2248.8507882823269, "2021": 2482.849178433572, "2022": 2716.4859278043109, "2023": 2551.017738273069, "2024": 2593.4160739040708 }, "geometry": { "type": "Polygon", "coordinates": [ [ [ 92.672721, 22.041239 ], [ 92.652257, 21.324048 ], [ 92.303234, 21.475485 ], [ 92.368554, 20.670883 ], [ 92.082886, 21.192195 ], [ 92.025215, 21.70157 ], [ 91.834891, 22.182936 ], [ 91.417087, 22.765019 ], [ 90.496006, 22.805017 ], [ 90.586957, 22.392794 ], [ 90.272971, 21.836368 ], [ 89.847467, 22.039146 ], [ 89.70205, 21.857116 ], [ 89.418863, 21.966179 ], [ 89.031961, 22.055708 ], [ 88.876312, 22.879146 ], [ 88.52977, 23.631142 ], [ 88.69994, 24.233715 ], [ 88.084422, 24.501657 ], [ 88.306373, 24.866079 ], [ 88.931554, 25.238692 ], [ 88.209789, 25.768066 ], [ 88.563049, 26.446526 ], [ 89.355094, 26.014407 ], [ 89.832481, 25.965082 ], [ 89.920693, 25.26975 ], [ 90.872211, 25.132601 ], [ 91.799596, 25.147432 ], [ 92.376202, 24.976693 ], [ 91.915093, 24.130414 ], [ 91.46773, 24.072639 ], [ 91.158963, 23.503527 ], [ 91.706475, 22.985264 ], [ 91.869928, 23.624346 ], [ 92.146035, 23.627499 ], [ 92.672721, 22.041239 ] ] ] } },
{ "type": "Feature", "properties": { "name": "Bulgaria", "iso3": "BGR", "name_with_flag": "🇧🇬 Bulgaria", "1960": null, "1961": null, "1962": null, "1963": null, "1964": null, "1965": null, "1966": null, "1967": null, "1968": null, "1969": null, "1970": null, "1971": null, "1972": null, "1973": null, "1974": null, "1975": null, "1976": null, "1977": null, "1978": null, "1979": null, "1980": 2238.8029578657388, "1981": 2234.8148157312521, "1982": 2169.0040108968292, "1983": 1852.813434428019, "1984": 1963.5726761827359, "1985": 1914.550646587935, "1986": 2260.427281154497, "1987": 3132.3013603624599, "1988": 2511.393062594886, "1989": 2477.0208179595979, "1990": 2366.529821286138, "1991": 883.73657831932508, "1992": 1007.344545448808, "1993": 1278.525113703186, "1994": 1149.8946400873431, "1995": 2259.259225552209, "1996": 1470.1925925068231, "1997": 1361.4093843988369, "1998": 1820.4486644994231, "1999": 1660.9089125392959, "2000": 1621.262107389917, "2001": 1770.9070491869049, "2002": 2092.982886255581, "2003": 2719.494368592867, "2004": 3389.6874336027358, "2005": 3899.8259633287839, "2006": 4523.1465578804964, "2007": 5888.5708140393226, "2008": 7271.3033885802524, "2009": 6988.2731629646469, "2010": 6853.9480551117058, "2011": 7849.5806130281771, "2012": 7431.9578950887053, "2013": 7795.9809210892836, "2014": 8069.6000566768416, "2015": 7268.6544547387266, "2016": 7822.4992329296829, "2017": 8696.6893042792362, "2018": 9872.3850778910582, "2019": 10372.804434111369, "2020": 10769.947569941431, "2021": 12972.217335600229, "2022": 13999.67191972892, "2023": 15883.86185455811, "2024": 17412.411508569101 }, "geometry": { "type": "Polygon", "coordinates": [ [ [ 22.65715, 44.234923 ], [ 22.944832, 43.823785 ], [ 23.332302, 43.897011 ], [ 24.100679, 43.741051 ], [ 25.569272, 43.688445 ], [ 26.065159, 43.943494 ], [ 27.2424, 44.175986 ], [ 27.970107, 43.812468 ], [ 28.558081, 43.707462 ], [ 28.039095, 43.293172 ], [ 27.673898, 42.577892 ], [ 27.99672, 42.007359 ], [ 27.135739, 42.141485 ], [ 26.117042, 41.826905 ], [ 26.106138, 41.328899 ], [ 25.197201, 41.234486 ], [ 24.492645, 41.583896 ], [ 23.692074, 41.309081 ], [ 22.952377, 41.337994 ], [ 22.881374, 41.999297 ], [ 22.380526, 42.32026 ], [ 22.545012, 42.461362 ], [ 22.436595, 42.580321 ], [ 22.604801, 42.898519 ], [ 22.986019, 43.211161 ], [ 22.500157, 43.642814 ], [ 22.410446, 44.008063 ], [ 22.65715, 44.234923 ] ] ] } },
{ "type": "Feature", "properties": { "name": "The Bahamas", "iso3": "BHS", "name_with_flag": "🇧🇸 The Bahamas", "1960": 1459.2538249590721, "1961": 1555.0466083743861, "1962": 1651.2186185022169, "1963": 1759.2369215691081, "1964": 1883.4438602227599, "1965": 2029.523413293012, "1966": 2239.2396399653908, "1967": 2452.7476319892521, "1968": 2668.0149803926179, "1969": 3026.7275720442071, "1970": 2916.4999837822061, "1971": 3004.3435661254239, "1972": 3013.9501670449622, "1973": 3341.2852169668959, "1974": 3079.740140838212, "1975": 2840.5896534309099, "1976": 2993.459237952271, "1977": 3253.375434049563, "1978": 3720.0405790106411, "1979": 4994.08535249529, "1980": 5742.5836250569828, "1981": 6028.806410440633, "1982": 6559.4686925947781, "1983": 7081.3819483608368, "1984": 8201.7013376837858, "1985": 9167.1468750246877, "1986": 9600.5995278330047, "1987": 10361.348807910361, "1988": 10575.79715366601, "1989": 11291.476447204421, "1990": 11473.300838935291, "1991": 11082.35285736167, "1992": 10873.4047501635, "1993": 10613.06587858131, "1994": 10991.23466741313, "1995": 11374.605670385219, "1996": 11783.79719722596, "1997": 20367.57327020559, "1998": 21667.448821694019, "1999": 24041.09331881582, "2000": 24940.077508607781, "2001": 25371.923766761429, "2002": 26781.619593865162, "2003": 26429.124778766331, "2004": 26650.293423430321, "2005": 28602.418186999479, "2006": 29184.78650879081, "2007": 30051.84895877555, "2008": 29392.382441639671, "2009": 27512.913095008411, "2010": 27473.10043050196, "2011": 27090.837680137949, "2012": 28552.02426831509, "2013": 27642.741975917859, "2014": 29137.217563262169, "2015": 30719.405417468981, "2016": 30616.536315728441, "2017": 31875.488174961909, "2018": 32642.335320345181, "2019": 33640.336986127833, "2020": 26178.753760770771, "2021": 30367.860575770799, "2022": 34957.161327973678, "2023": 38231.774484277987, "2024": 39455.446654854553 }, "geometry": { "type": "MultiPolygon", "coordinates": [ [ [ [ -77.53466, 23.75975 ], [ -77.78, 23.71 ], [ -78.03405, 24.28615 ], [ -78.40848, 24.57564 ], [ -78.19087, 25.2103 ], [ -77.89, 25.17 ], [ -77.54, 24.34 ], [ -77.53466, 23.75975 ] ] ], [ [ [ -77.82, 26.58 ], [ -78.91, 26.42 ], [ -78.98, 26.79 ], [ -78.51, 26.87 ], [ -77.85, 26.84 ], [ -77.82, 26.58 ] ] ], [ [ [ -77.0, 26.59 ], [ -77.17255, 25.87918 ], [ -77.35641, 26.00735 ], [ -77.34, 26.53 ], [ -77.78802, 26.92516 ], [ -77.79, 27.04 ], [ -77.0, 26.59 ] ] ] ] } },
{ "type": "Feature", "properties": { "name": "Bosnia and Herzegovina", "iso3": "BIH", "name_with_flag": "🇧🇦 Bosnia and Herzegovina", "1960": null, "1961": null, "1962": null, "1963": null, "1964": null, "1965": null, "1966": null, "1967": null, "1968": null, "1969": null, "1970": null, "1971": null, "1972": null, "1973": null, "1974": null, "1975": null, "1976": null, "1977": null, "1978": null, "1979": null, "1980": null, "1981": null, "1982": null, "1983": null, "1984": null, "1985": null, "1986": null, "1987": null, "1988": null, "1989": null, "1990": 1742.882621717672, "1991": 1373.3710447297281, "1992": 1118.175699340788, "1993": 929.872118717018, "1994": 337.09089602325918, "1995": 502.36598097533908, "1996": 718.93379714150456, "1997": 913.81339905485879, "1998": 1006.704796698234, "1999": 1134.602980420834, "2000": 1338.480596362609, "2001": 1387.893651315436, "2002": 1606.5467224336239, "2003": 2033.947009358639, "2004": 2452.6861683939192, "2005": 2739.6107686605669, "2006": 3166.128653448332, "2007": 3931.4894873750518, "2008": 4841.6931193464861, "2009": 4539.9186377496753, "2010": 4506.4782854838859, "2011": 4982.6937576826267, "2012": 4693.7889911538077, "2013": 5034.5661601646852, "2014": 5206.0655825200029, "2015": 4662.2588372406926, "2016": 4928.566525172796, "2017": 5345.019854891917, "2018": 6047.8458426113311, "2019": 6122.3753450881986, "2020": 6130.3113324516098, "2021": 7295.3438240956966, "2022": 7655.5942102438275, "2023": 8663.0232298787923, "2024": 8957.3729418821513 }, "geometry": { "type": "Polygon", "coordinates": [ [ [ 19.005486, 44.860234 ], [ 19.36803, 44.863 ], [ 19.11761, 44.42307 ], [ 19.59976, 44.03847 ], [ 19.454, 43.5681 ], [ 19.21852, 43.52384 ], [ 19.03165, 43.43253 ], [ 18.70648, 43.20011 ], [ 18.56, 42.65 ], [ 17.674922, 43.028563 ], [ 17.297373, 43.446341 ], [ 16.916156, 43.667722 ], [ 16.456443, 44.04124 ], [ 16.23966, 44.351143 ], [ 15.750026, 44.818712 ], [ 15.959367, 45.233777 ], [ 16.318157, 45.004127 ], [ 16.534939, 45.211608 ], [ 17.002146, 45.233777 ], [ 17.861783, 45.06774 ], [ 18.553214, 45.08159 ], [ 19.005486, 44.860234 ] ] ] } },
{ "type": "Feature", "properties": { "name": "Belarus", "iso3": "BLR", "name_with_flag": "🇧🇾 Belarus", "1960": null, "1961": null, "1962": null, "1963": null, "1964": null, "1965": null, "1966": null, "1967": null, "1968": null, "1969": null, "1970": null, "1971": null, "1972": null, "1973": null, "1974": null, "1975": null, "1976": null, "1977": null, "1978": null, "1979": null, "1980": null, "1981": null, "1982": null, "1983": null, "1984": null, "1985": null, "1986": null, "1987": null, "1988": null, "1989": null, "1990": 1706.640918823435, "1991": 1805.455925315269, "1992": 1658.086412812386, "1993": 1589.5101134364929, "1994": 1460.0079136045831, "1995": 1370.6999138566421, "1996": 1452.507104764597, "1997": 1396.657187270599, "1998": 1511.259791055073, "1999": 1210.587439367195, "2000": 1276.2803812126881, "2001": 1244.3731852343069, "2002": 1479.3806633717479, "2003": 1819.5265311469909, "2004": 2378.3370047012882, "2005": 3126.0717666524852, "2006": 3848.22350300163, "2007": 4735.4810755606632, "2008": 6376.1756916206323, "2009": 5352.4880919069692, "2010": 6034.6788517721598, "2011": 6527.6593428786027, "2012": 6953.2159168310054, "2013": 7998.0802045456003, "2014": 8341.3180929488317, "2015": 5967.0559505877754, "2016": 5039.7756094944543, "2017": 5785.5449193519362, "2018": 6360.0375023120032, "2019": 6837.7733964563513, "2020": 6542.8557997676771, "2021": 7489.7189471388829, "2022": 7994.6480607488857, "2023": 7896.7538829558362, "2024": 8316.6477629153324 }, "geometry": { "type": "Polygon", "coordinates": [ [ [ 23.484128, 53.912498 ], [ 24.450684, 53.905702 ], [ 25.536354, 54.282423 ], [ 25.768433, 54.846963 ], [ 26.588279, 55.167176 ], [ 26.494331, 55.615107 ], [ 27.10246, 55.783314 ], [ 28.176709, 56.16913 ], [ 29.229513, 55.918344 ], [ 29.371572, 55.670091 ], [ 29.896294, 55.789463 ], [ 30.873909, 55.550976 ], [ 30.971836, 55.081548 ], [ 30.757534, 54.811771 ], [ 31.384472, 54.157056 ], [ 31.791424, 53.974639 ], [ 31.731273, 53.794029 ], [ 32.405599, 53.618045 ], [ 32.693643, 53.351421 ], [ 32.304519, 53.132726 ], [ 31.497644, 53.167427 ], [ 31.305201, 53.073996 ], [ 31.540018, 52.742052 ], [ 31.785998, 52.101678 ], [ 30.927549, 52.042353 ], [ 30.619454, 51.822806 ], [ 30.555117, 51.319503 ], [ 30.157364, 51.416138 ], [ 29.254938, 51.368234 ], [ 28.992835, 51.602044 ], [ 28.617613, 51.427714 ], [ 28.241615, 51.572227 ], [ 27.454066, 51.592303 ], [ 26.337959, 51.832289 ], [ 25.327788, 51.910656 ], [ 24.553106, 51.888461 ], [ 24.005078, 51.617444 ], [ 23.527071, 51.578454 ], [ 23.508002, 52.023647 ], [ 23.199494, 52.486977 ], [ 23.799199, 52.691099 ], [ 23.804935, 53.089731 ], [ 23.527536, 53.470122 ], [ 23.484128, 53.912498 ] ] ] } },
{ "type": "Feature", "properties": { "name": "Belize", "iso3": "BLZ", "name_with_flag": "🇧🇿 Belize", "1960": 307.41450833875109, "1961": 320.02947672804129, "1962": 331.70479433572672, "1963": 341.93258378701728, "1964": 356.23540835001131, "1965": 383.18643525235359, "1966": 411.93301994369591, "1967": 426.26407135374581, "1968": 392.28256605772668, "1969": 401.55799051329723, "1970": 441.78946892570031, "1971": 481.04464147376041, "1972": 529.35664750844694, "1973": 618.56750231444198, "1974": 804.77786360236689, "1975": 906.48627740168524, "1976": 729.48878075152379, "1977": 865.79290145488528, "1978": 982.60437017438881, "1979": 1071.443696269004, "1980": 1774.4136989700951, "1981": 1752.5170378933501, "1982": 1629.32322940976, "1983": 1677.2554815511489, "1984": 1814.1885981355131, "1985": 1754.0110869618311, "1986": 1859.102140205546, "1987": 2165.8943141626492, "1988": 2405.81116565818, "1989": 2741.93638439592, "1990": 2988.649522602635, "1991": 3192.3652694610778, "1992": 3645.612436709026, "1993": 3862.710490400304, "1994": 3879.013747068012, "1995": 4012.079590097283, "1996": 4045.6944510484518, "1997": 4016.6294160389248, "1998": 4127.9371860747069, "1999": 4291.8316821062481, "2000": 4729.6708042807486, "2001": 4721.8162566078454, "2002": 4861.7431418426704, "2003": 4962.0896201379937, "2004": 5156.0981714319369, "2005": 5272.7441720796051, "2006": 5527.167758564392, "2007": 5765.2819993245521, "2008": 5713.2812679679719, "2009": 5401.229631430454, "2010": 5451.138971724773, "2011": 5582.2217062126874, "2012": 5709.6891876536274, "2013": 5950.2029991774652, "2014": 6128.142885393052, "2015": 6154.4959349821656, "2016": 6142.4987318517706, "2017": 6072.5826764058074, "2018": 6031.281395801444, "2019": 6190.0479227844462, "2020": 5227.1936378616829, "2021": 6122.6115858007925, "2022": 7068.4547826972212, "2023": 7459.9981513283683, "2024": 8429.6795970738731 }, "geometry": { "type": "Polygon", "coordinates": [ [ [ -89.14308, 17.808319 ], [ -89.150909, 17.955468 ], [ -89.029857, 18.001511 ], [ -88.848344, 17.883198 ], [ -88.490123, 18.486831 ], [ -88.300031, 18.499982 ], [ -88.296336, 18.353273 ], [ -88.106813, 18.348674 ], [ -88.123479, 18.076675 ], [ -88.285355, 17.644143 ], [ -88.197867, 17.489475 ], [ -88.302641, 17.131694 ], [ -88.239518, 17.036066 ], [ -88.355428, 16.530774 ], [ -88.551825, 16.265467 ], [ -88.732434, 16.233635 ], [ -88.930613, 15.887273 ], [ -89.229122, 15.886938 ], [ -89.150806, 17.015577 ], [ -89.14308, 17.808319 ] ] ] } },
{ "type": "Feature", "properties": { "name": "Bermuda", "iso3": "BMU", "name_with_flag": "🇧🇲 Bermuda", "1960": 1715.314632297195, "1961": 1773.9953157247869, "1962": 1824.1822826013249, "1963": 1821.7909131010149, "1964": 1986.640810170222, "1965": 2064.8532479298792, "1966": 2369.472946800181, "1967": 2722.4623338853662, "1968": 2975.9542893421162, "1969": 3214.0490390987411, "1970": 3574.169288619446, "1971": 4012.773965441861, "1972": 4458.0800333314392, "1973": 5090.0917916367616, "1974": 5891.887816646562, "1975": 6493.6287150143989, "1976": 7259.9135500845696, "1977": 8383.0313941712611, "1978": 8904.9428234545485, "1979": 9664.2188463478906, "1980": 11426.60123339482, "1981": 13687.79806285534, "1982": 14442.79022560538, "1983": 16236.74169815799, "1984": 17866.91743551632, "1985": 18713.882513907141, "1986": 20996.976721716259, "1987": 23042.74358837643, "1988": 24958.112700400361, "1989": 26282.624096343359, "1990": 27665.525808301049, "1991": 28195.709161147901, "1992": 28761.963463283511, "1993": 30950.079910228509, "1994": 31543.063486164141, "1995": 34115.344555320356, "1996": 45063.614933208497, "1997": 48736.67680342988, "1998": 51629.281485512627, "1999": 54388.341731562068, "2000": 56542.956945572703, "2001": 59490.245203420243, "2002": 63358.565865276301, "2003": 67106.802808322376, "2004": 71692.158900167851, "2005": 77628.103522508012, "2006": 97781.455899672161, "2007": 107395.6514838914, "2008": 110268.5624012638, "2009": 104711.7124203571, "2010": 104111.8242448019, "2011": 99049.016992766701, "2012": 100213.49338528739, "2013": 101704.4074621701, "2014": 100961.5766028113, "2015": 104855.3668221354, "2016": 108747.3561443049, "2017": 112339.4255874674, "2018": 113204.8221083799, "2019": 115798.04077557829, "2020": 106976.5462396322, "2021": 112765.0816730603, "2022": 121613.9399836291, "2023": 132604.43908621589, "2024": 138934.9588464633 }, "geometry": { "type": "Polygon", "coordinates": [ [ [ -64.779973433299801, 32.3072000581802 ], [ -64.787331918306094, 32.303923714342801 ], [ -64.794694271017306, 32.303268270038799 ], [ -64.809429798128306, 32.309817572841403 ], [ -64.816789635243694, 32.305884571846597 ], [ -64.810196802964199, 32.302283318051103 ], [ -64.796229146548399, 32.293440973242703 ], [ -64.781508633697797, 32.286897311451398 ], [ -64.799702551343699, 32.279689641732801 ], [ -64.806670769108706, 32.274776756946501 ], [ -64.822558787368294, 32.266911128939498 ], [ -64.828754884030602, 32.266907547381699 ], [ -64.830673214349801, 32.258394484023498 ], [ -64.839992485497206, 32.254782282336002 ], [ -64.856609046235405, 32.2547740387514 ], [ -64.868229678944601, 32.261639361432202 ], [ -64.862824145956296, 32.272448193395903 ], [ -64.874865133895099, 32.275712026475297 ], [ -64.871775285664398, 32.281937158202602 ], [ -64.867142212729505, 32.293076054798902 ], [ -64.855906876443697, 32.296032118647098 ], [ -64.859742907227897, 32.301584202193297 ], [ -64.843923348671694, 32.314055385254299 ], [ -64.835024232931104, 32.324216176000597 ], [ -64.833869059367203, 32.329458756155702 ], [ -64.852029865116407, 32.311091187995402 ], [ -64.863592293257298, 32.304846943336301 ], [ -64.868666899407899, 32.309107450829998 ], [ -64.872135459341493, 32.304190860630101 ], [ -64.877966732848506, 32.303863280046201 ], [ -64.878004684432099, 32.290775783169202 ], [ -64.884977665829197, 32.281926136600397 ], [ -64.878323000462899, 32.261300141868098 ], [ -64.863194968876996, 32.246579948580099 ], [ -64.851981955572199, 32.248551913466301 ], [ -64.842311980074001, 32.249212331729602 ], [ -64.838824260520894, 32.247577347253397 ], [ -64.833400257553194, 32.246271471469797 ], [ -64.825638953058402, 32.247263739859399 ], [ -64.820569755602605, 32.253169888032801 ], [ -64.810508727557902, 32.256120897415599 ], [ -64.790017772733805, 32.265944693699197 ], [ -64.774541597041605, 32.2718413023427 ], [ -64.764474243642596, 32.285593135321399 ], [ -64.755180344227597, 32.290832670253103 ], [ -64.742398297143595, 32.299673499402402 ], [ -64.720699179768204, 32.313754220125801 ], [ -64.711785124713401, 32.317682336080601 ], [ -64.696277881313307, 32.327502911553204 ], [ -64.676892112745193, 32.332409539755503 ], [ -64.6567136927777, 32.345177645846903 ], [ -64.653216882349895, 32.3494356627941 ], [ -64.660572038442893, 32.358942348776303 ], [ -64.651258194709996, 32.361560090646599 ], [ -64.6462011670816, 32.369751697490003 ], [ -64.661322751283194, 32.376313500872101 ], [ -64.669066607439703, 32.388444543924003 ], [ -64.683427054859493, 32.3854968316788 ], [ -64.695461767271397, 32.376322128586899 ], [ -64.704386895650003, 32.370425476046897 ], [ -64.711756998279796, 32.368132600248998 ], [ -64.706176474440397, 32.360011059355898 ], [ -64.700531552697001, 32.359060135681801 ], [ -64.694034803396704, 32.3640708659835 ], [ -64.689516482608198, 32.363359857986602 ], [ -64.686415009925497, 32.3547797587266 ], [ -64.682463599550402, 32.3540628176846 ], [ -64.683587665283497, 32.362644767796802 ], [ -64.6801998697415, 32.3631199096979 ], [ -64.6672170444687, 32.359775161747301 ], [ -64.659881126497794, 32.349762577175497 ], [ -64.673733123538398, 32.3390281851635 ], [ -64.688709064818298, 32.334243940805301 ], [ -64.706732854446003, 32.342901072303597 ], [ -64.714930157611207, 32.355218875351298 ], [ -64.718596766666906, 32.3552239212394 ], [ -64.7214189847314, 32.351883023134199 ], [ -64.727061606722202, 32.346646171547498 ], [ -64.734962460882002, 32.344281983049903 ], [ -64.738352154909407, 32.340721651491798 ], [ -64.741172997633299, 32.331179086462697 ], [ -64.742301921648505, 32.323311561213004 ], [ -64.746248235428098, 32.318538611580998 ], [ -64.756677373961296, 32.313050913017499 ], [ -64.768738200563007, 32.308836981657201 ], [ -64.779973433299801, 32.3072000581802 ] ] ] } },
{ "type": "Feature", "properties": { "name": "Bolivia", "iso3": "BOL", "name_with_flag": "🇧🇴 Bolivia", "1960": 100.8150828547374, "1961": 107.44347771778411, "1962": 115.0790595515446, "1963": 121.3532769065983, "1964": 133.87617917923191, "1965": 145.58711267744999, "1966": 157.75499755926231, "1967": 174.31274303610979, "1968": 193.51655736171011, "1969": 205.0547594984692, "1970": 219.35318949922399, "1971": 231.05829670413161, "1972": 267.89413451880978, "1973": 257.34185980204472, "1974": 418.37938466592658, "1975": 468.29814819897229, "1976": 519.99468847688649, "1977": 600.28822311860233, "1978": 683.14243704219541, "1979": 801.0337339893149, "1980": 772.77952386740526, "1981": 981.38128896730677, "1982": 930.59300977320356, "1983": 880.4611795444597, "1984": 982.08121024848424, "1985": 838.08005173881429, "1986": 604.25733830313322, "1987": 649.70876944285101, "1988": 672.60717275122113, "1989": 675.4699939007877, "1990": 682.67681029537982, "1991": 733.93548760251929, "1992": 759.57113496364968, "1993": 756.63701604845085, "1994": 774.03566964431786, "1995": 852.75403486144444, "1996": 922.11325906971399, "1997": 970.35184336859356, "1998": 1022.145065195449, "1999": 979.34449496457205, "2000": 975.77706035875065, "2001": 930.16822721431242, "2002": 888.22132897435154, "2003": 893.01376021114913, "2004": 953.19189324627723, "2005": 1020.123262007369, "2006": 1202.711504463269, "2007": 1354.549059499288, "2008": 1692.6724845587651, "2009": 1731.181721122093, "2010": 1929.783730771584, "2011": 2315.521219306072, "2012": 2575.598570980836, "2013": 2870.0237700075609, "2014": 3041.435031624083, "2015": 2996.0128981134421, "2016": 3035.873477321315, "2017": 3306.3030122442542, "2018": 3500.7264218988698, "2019": 3503.8960112312848, "2020": 3099.9421905351369, "2021": 3384.8448646265392, "2022": 3643.9282698460429, "2023": 3686.279964421758, "2024": 4001.2113399079531 }, "geometry": { "type": "Polygon", "coordinates": [ [ [ -62.846468, -22.034985 ], [ -63.986838, -21.993644 ], [ -64.377021, -22.798091 ], [ -64.964892, -22.075862 ], [ -66.273339, -21.83231 ], [ -67.106674, -22.735925 ], [ -67.82818, -22.872919 ], [ -68.219913, -21.494347 ], [ -68.757167, -20.372658 ], [ -68.442225, -19.405068 ], [ -68.966818, -18.981683 ], [ -69.100247, -18.260125 ], [ -69.590424, -17.580012 ], [ -68.959635, -16.500698 ], [ -69.389764, -15.660129 ], [ -69.160347, -15.323974 ], [ -69.339535, -14.953195 ], [ -68.948887, -14.453639 ], [ -68.929224, -13.602684 ], [ -68.88008, -12.899729 ], [ -68.66508, -12.5613 ], [ -69.529678, -10.951734 ], [ -68.786158, -11.03638 ], [ -68.271254, -11.014521 ], [ -68.048192, -10.712059 ], [ -67.173801, -10.306812 ], [ -66.646908, -9.931331 ], [ -65.338435, -9.761988 ], [ -65.444837, -10.511451 ], [ -65.321899, -10.895872 ], [ -65.402281, -11.56627 ], [ -64.316353, -12.461978 ], [ -63.196499, -12.627033 ], [ -62.80306, -13.000653 ], [ -62.127081, -13.198781 ], [ -61.713204, -13.489202 ], [ -61.084121, -13.479384 ], [ -60.503304, -13.775955 ], [ -60.459198, -14.354007 ], [ -60.264326, -14.645979 ], [ -60.251149, -15.077219 ], [ -60.542966, -15.09391 ], [ -60.15839, -16.258284 ], [ -58.24122, -16.299573 ], [ -58.388058, -16.877109 ], [ -58.280804, -17.27171 ], [ -57.734558, -17.552468 ], [ -57.498371, -18.174188 ], [ -57.676009, -18.96184 ], [ -57.949997, -19.400004 ], [ -57.853802, -19.969995 ], [ -58.166392, -20.176701 ], [ -58.183471, -19.868399 ], [ -59.115042, -19.356906 ], [ -60.043565, -19.342747 ], [ -61.786326, -19.633737 ], [ -62.265961, -20.513735 ], [ -62.291179, -21.051635 ], [ -62.685057, -22.249029 ], [ -62.846468, -22.034985 ] ] ] } },
{ "type": "Feature", "properties": { "name": "Brazil", "iso3": "BRA", "name_with_flag": "🇧🇷 Brazil", "1960": 235.2660095025891, "1961": 231.56406326985399, "1962": 250.20057291027311, "1963": 294.16961937673278, "1964": 257.2597268976707, "1965": 268.02876055372292, "1966": 328.34379151940698, "1967": 351.47260037037893, "1968": 373.92543263968281, "1969": 399.49841913390998, "1970": 443.79948498273831, "1971": 500.00198898336151, "1972": 583.49203494615608, "1973": 814.73178055341498, "1974": 1044.7698094749869, "1975": 1200.5582371460721, "1976": 1389.7495230655491, "1977": 1562.2914304570829, "1978": 1732.500122045557, "1979": 1869.7133759548981, "1980": 1958.5715923266221, "1981": 2079.709083774836, "1982": 2137.6250359393989, "1983": 1461.255827141784, "1984": 1419.731546069775, "1985": 1556.1297180511019, "1986": 1854.0377521191911, "1987": 2006.0022623575701, "1988": 2140.650275611637, "1989": 2818.9927798012191, "1990": 2581.141874490781, "1991": 2257.6092968885009, "1992": 2127.3164273163811, "1993": 2348.8824768535192, "1994": 3298.7125074778669, "1995": 4756.7484078540256, "1996": 5179.1305200246443, "1997": 5299.3963040441222, "1998": 5105.8909954411693, "1999": 3493.571625136994, "2000": 3766.5481146603161, "2001": 3176.2893574752361, "2002": 2855.9401888576872, "2003": 3090.6070097454958, "2004": 3663.8231880640001, "2005": 4827.7817307471414, "2006": 5934.144709249681, "2007": 7409.6913067347296, "2008": 8908.3317653864833, "2009": 8678.6592244675994, "2010": 11403.28212787466, "2011": 13396.624356298569, "2012": 12521.72135199665, "2013": 12458.891213881299, "2014": 12274.9939689363, "2015": 8936.1966171211279, "2016": 8836.2865273565749, "2017": 10080.509281930519, "2018": 9300.6616492321864, "2019": 9029.8332668107323, "2020": 7074.1937833764396, "2021": 7972.5366498645981, "2022": 9281.33334441234, "2023": 10377.589279255681, "2024": 10280.3148624429 }, "geometry": { "type": "Polygon", "coordinates": [ [ [ -57.625133, -30.216295 ], [ -56.2909, -28.852761 ], [ -55.162286, -27.881915 ], [ -54.490725, -27.474757 ], [ -53.648735, -26.923473 ], [ -53.628349, -26.124865 ], [ -54.13005, -25.547639 ], [ -54.625291, -25.739255 ], [ -54.428946, -25.162185 ], [ -54.293476, -24.5708 ], [ -54.29296, -24.021014 ], [ -54.652834, -23.839578 ], [ -55.027902, -24.001274 ], [ -55.400747, -23.956935 ], [ -55.517639, -23.571998 ], [ -55.610683, -22.655619 ], [ -55.797958, -22.35693 ], [ -56.473317, -22.0863 ], [ -56.88151, -22.282154 ], [ -57.937156, -22.090176 ], [ -57.870674, -20.732688 ], [ -58.166392, -20.176701 ], [ -57.853802, -19.969995 ], [ -57.949997, -19.400004 ], [ -57.676009, -18.96184 ], [ -57.498371, -18.174188 ], [ -57.734558, -17.552468 ], [ -58.280804, -17.27171 ], [ -58.388058, -16.877109 ], [ -58.24122, -16.299573 ], [ -60.15839, -16.258284 ], [ -60.542966, -15.09391 ], [ -60.251149, -15.077219 ], [ -60.264326, -14.645979 ], [ -60.459198, -14.354007 ], [ -60.503304, -13.775955 ], [ -61.084121, -13.479384 ], [ -61.713204, -13.489202 ], [ -62.127081, -13.198781 ], [ -62.80306, -13.000653 ], [ -63.196499, -12.627033 ], [ -64.316353, -12.461978 ], [ -65.402281, -11.56627 ], [ -65.321899, -10.895872 ], [ -65.444837, -10.511451 ], [ -65.338435, -9.761988 ], [ -66.646908, -9.931331 ], [ -67.173801, -10.306812 ], [ -68.048192, -10.712059 ], [ -68.271254, -11.014521 ], [ -68.786158, -11.03638 ], [ -69.529678, -10.951734 ], [ -70.093752, -11.123972 ], [ -70.548686, -11.009147 ], [ -70.481894, -9.490118 ], [ -71.302412, -10.079436 ], [ -72.184891, -10.053598 ], [ -72.563033, -9.520194 ], [ -73.226713, -9.462213 ], [ -73.015383, -9.032833 ], [ -73.571059, -8.424447 ], [ -73.987235, -7.52383 ], [ -73.723401, -7.340999 ], [ -73.724487, -6.918595 ], [ -73.120027, -6.629931 ], [ -73.219711, -6.089189 ], [ -72.964507, -5.741251 ], [ -72.891928, -5.274561 ], [ -71.748406, -4.593983 ], [ -70.928843, -4.401591 ], [ -70.794769, -4.251265 ], [ -69.893635, -4.298187 ], [ -69.444102, -1.556287 ], [ -69.420486, -1.122619 ], [ -69.577065, -0.549992 ], [ -70.020656, -0.185156 ], [ -70.015566, 0.541414 ], [ -69.452396, 0.706159 ], [ -69.252434, 0.602651 ], [ -69.218638, 0.985677 ], [ -69.804597, 1.089081 ], [ -69.816973, 1.714805 ], [ -67.868565, 1.692455 ], [ -67.53781, 2.037163 ], [ -67.259998, 1.719999 ], [ -67.065048, 1.130112 ], [ -66.876326, 1.253361 ], [ -66.325765, 0.724452 ], [ -65.548267, 0.789254 ], [ -65.354713, 1.095282 ], [ -64.611012, 1.328731 ], [ -64.199306, 1.492855 ], [ -64.083085, 1.916369 ], [ -63.368788, 2.2009 ], [ -63.422867, 2.411068 ], [ -64.269999, 2.497006 ], [ -64.408828, 3.126786 ], [ -64.368494, 3.79721 ], [ -64.816064, 4.056445 ], [ -64.628659, 4.148481 ], [ -63.888343, 4.02053 ], [ -63.093198, 3.770571 ], [ -62.804533, 4.006965 ], [ -62.08543, 4.162124 ], [ -60.966893, 4.536468 ], [ -60.601179, 4.918098 ], [ -60.733574, 5.200277 ], [ -60.213683, 5.244486 ], [ -59.980959, 5.014061 ], [ -60.111002, 4.574967 ], [ -59.767406, 4.423503 ], [ -59.53804, 3.958803 ], [ -59.815413, 3.606499 ], [ -59.974525, 2.755233 ], [ -59.718546, 2.24963 ], [ -59.646044, 1.786894 ], [ -59.030862, 1.317698 ], [ -58.540013, 1.268088 ], [ -58.429477, 1.463942 ], [ -58.11345, 1.507195 ], [ -57.660971, 1.682585 ], [ -57.335823, 1.948538 ], [ -56.782704, 1.863711 ], [ -56.539386, 1.899523 ], [ -55.995698, 1.817667 ], [ -55.9056, 2.021996 ], [ -56.073342, 2.220795 ], [ -55.973322, 2.510364 ], [ -55.569755, 2.421506 ], [ -55.097587, 2.523748 ], [ -54.524754, 2.311849 ], [ -54.088063, 2.105557 ], [ -53.778521, 2.376703 ], [ -53.554839, 2.334897 ], [ -53.418465, 2.053389 ], [ -52.939657, 2.124858 ], [ -52.556425, 2.504705 ], [ -52.249338, 3.241094 ], [ -51.657797, 4.156232 ], [ -51.317146, 4.203491 ], [ -51.069771, 3.650398 ], [ -50.508875, 1.901564 ], [ -49.974076, 1.736483 ], [ -49.947101, 1.04619 ], [ -50.699251, 0.222984 ], [ -50.388211, -0.078445 ], [ -48.620567, -0.235489 ], [ -48.584497, -1.237805 ], [ -47.824956, -0.581618 ], [ -46.566584, -0.941028 ], [ -44.905703, -1.55174 ], [ -44.417619, -2.13775 ], [ -44.581589, -2.691308 ], [ -43.418791, -2.38311 ], [ -41.472657, -2.912018 ], [ -39.978665, -2.873054 ], [ -38.500383, -3.700652 ], [ -37.223252, -4.820946 ], [ -36.452937, -5.109404 ], [ -35.597796, -5.149504 ], [ -35.235389, -5.464937 ], [ -34.89603, -6.738193 ], [ -34.729993, -7.343221 ], [ -35.128212, -8.996401 ], [ -35.636967, -9.649282 ], [ -37.046519, -11.040721 ], [ -37.683612, -12.171195 ], [ -38.423877, -13.038119 ], [ -38.673887, -13.057652 ], [ -38.953276, -13.79337 ], [ -38.882298, -15.667054 ], [ -39.161092, -17.208407 ], [ -39.267339, -17.867746 ], [ -39.583521, -18.262296 ], [ -39.760823, -19.599113 ], [ -40.774741, -20.904512 ], [ -40.944756, -21.937317 ], [ -41.754164, -22.370676 ], [ -41.988284, -22.97007 ], [ -43.074704, -22.967693 ], [ -44.647812, -23.351959 ], [ -45.352136, -23.796842 ], [ -46.472093, -24.088969 ], [ -47.648972, -24.885199 ], [ -48.495458, -25.877025 ], [ -48.641005, -26.623698 ], [ -48.474736, -27.175912 ], [ -48.66152, -28.186135 ], [ -48.888457, -28.674115 ], [ -49.587329, -29.224469 ], [ -50.696874, -30.984465 ], [ -51.576226, -31.777698 ], [ -52.256081, -32.24537 ], [ -52.7121, -33.196578 ], [ -53.373662, -33.768378 ], [ -53.650544, -33.202004 ], [ -53.209589, -32.727666 ], [ -53.787952, -32.047243 ], [ -54.572452, -31.494511 ], [ -55.60151, -30.853879 ], [ -55.973245, -30.883076 ], [ -56.976026, -30.109686 ], [ -57.625133, -30.216295 ] ] ] } },
{ "type": "Feature", "properties": { "name": "Brunei", "iso3": "BRN", "name_with_flag": "🇧🇳 Brunei", "1960": null, "1961": null, "1962": null, "1963": null, "1964": null, "1965": 1028.8845034308411, "1966": 1145.705922332658, "1967": 1148.8430323286921, "1968": 1274.0903793850989, "1969": 1226.4369888903441, "1970": 1325.1559836297929, "1971": 1432.166006567054, "1972": 1904.667604573305, "1973": 2938.8509570271622, "1974": 15194.79230566297, "1975": 15793.131255395811, "1976": 18671.362412929371, "1977": 21746.855912645809, "1978": 23446.534123119302, "1979": 33501.278271414507, "1980": 58005.342476328238, "1981": 48793.442257723247, "1982": 45074.549924198327, "1983": 38720.093925471803, "1984": 36061.381525940538, "1985": 31827.40595573443, "1986": 18500.540862596568, "1987": 21029.718977296099, "1988": 18824.763730935891, "1989": 20090.069018476599, "1990": 23658.716633038119, "1991": 23932.189753019891, "1992": 23450.896441488741, "1993": 22397.073791312039, "1994": 22766.58718972452, "1995": 26443.25643210714, "1996": 25692.235637475042, "1997": 25522.397548154298, "1998": 17769.246362602531, "1999": 19752.201316922889, "2000": 20130.257149308101, "2001": 18287.82716873454, "2002": 18621.29226778062, "2003": 20677.90012246629, "2004": 24423.094773102141, "2005": 29386.270359720791, "2006": 34674.79959905945, "2007": 36217.329101008872, "2008": 42156.568521697853, "2009": 30946.467427295309, "2010": 34937.555517406778, "2011": 46382.8274456238, "2012": 46968.597114451673, "2013": 44003.064429385639, "2014": 41026.50839105402, "2015": 30625.128732694, "2016": 26663.297319987749, "2017": 28024.3824618568, "2018": 30988.119049785138, "2019": 30426.573028420229, "2020": 26834.359246383861, "2021": 31006.96362205757, "2022": 36632.928042141109, "2023": 32890.549246572242, "2024": 33417.835774043742 }, "geometry": { "type": "Polygon", "coordinates": [ [ [ 114.204017, 4.525874 ], [ 114.599961, 4.900011 ], [ 115.45071, 5.44773 ], [ 115.4057, 4.955228 ], [ 115.347461, 4.316636 ], [ 114.869557, 4.348314 ], [ 114.659596, 4.007637 ], [ 114.204017, 4.525874 ] ] ] } },
{ "type": "Feature", "properties": { "name": "Bhutan", "iso3": "BTN", "name_with_flag": "🇧🇹 Bhutan", "1960": null, "1961": null, "1962": null, "1963": null, "1964": null, "1965": null, "1966": null, "1967": null, "1968": null, "1969": null, "1970": 200.34522982246889, "1971": 207.666560128876, "1972": 212.37515081363281, "1973": 230.90176999619041, "1974": 262.77736622003113, "1975": 237.35073441696801, "1976": 233.72153234919639, "1977": 249.93535833378911, "1978": 232.1723696855891, "1979": 251.37880534521329, "1980": 296.88051083158098, "1981": 310.7704116913095, "1982": 305.82465896033511, "1983": 328.20401690950519, "1984": 325.54525702172538, "1985": 321.18683095189061, "1986": 364.69456955715401, "1987": 449.06044385048699, "1988": 488.87775735125268, "1989": 461.65461879273238, "1990": 488.32743147712938, "1991": 400.63470518707493, "1992": 415.79152256845123, "1993": 407.3998424965701, "1994": 467.00831212528311, "1995": 530.10367692741727, "1996": 552.87389140368077, "1997": 630.44741014830413, "1998": 638.27896231060879, "1999": 685.4198306285673, "2000": 771.92491141061862, "2001": 812.23821077205616, "2002": 895.79948993097241, "2003": 1022.3824031101771, "2004": 1130.3593460679599, "2005": 1299.9493857835901, "2006": 1405.607161815803, "2007": 1850.415704333976, "2008": 1919.597748963949, "2009": 1918.395992110932, "2010": 2435.579805667197, "2011": 2787.9796760856188, "2012": 2751.212886429395, "2013": 2679.952172015378, "2014": 2849.499986473028, "2015": 2954.04081911097, "2016": 3152.3090510678649, "2017": 3435.288047356622, "2018": 3400.2041724534229, "2019": 3576.879871005031, "2020": 3191.669069993306, "2021": 3570.6125798087241, "2022": 3711.3276798159091, "2023": 3839.4093039285999, "2024": null }, "geometry": { "type": "Polygon", "coordinates": [ [ [ 91.696657, 27.771742 ], [ 92.103712, 27.452614 ], [ 92.033484, 26.83831 ], [ 91.217513, 26.808648 ], [ 90.373275, 26.875724 ], [ 89.744528, 26.719403 ], [ 88.835643, 27.098966 ], [ 88.814248, 27.299316 ], [ 89.47581, 28.042759 ], [ 90.015829, 28.296439 ], [ 90.730514, 28.064954 ], [ 91.258854, 28.040614 ], [ 91.696657, 27.771742 ] ] ] } },
{ "type": "Feature", "properties": { "name": "Botswana", "iso3": "BWA", "name_with_flag": "🇧🇼 Botswana", "1960": 58.918008108420423, "1961": 62.322400692662278, "1962": 65.986450302382707, "1963": 68.88641047494113, "1964": 73.492577323530796, "1965": 79.679075658804948, "1966": 89.061573776806938, "1967": 100.9451246351524, "1968": 113.44571673393079, "1969": 131.77657453634461, "1970": 163.03183225256171, "1971": 212.24420673603569, "1972": 264.23371680781332, "1973": 374.1894091461445, "1974": 446.48785543207282, "1975": 493.02947269045688, "1976": 490.46957053356488, "1977": 564.83174824918933, "1978": 695.21933689705213, "1979": 909.20713328541137, "1980": 1131.6337901446309, "1981": 1107.028101456629, "1982": 1005.62456165727, "1983": 1120.532393540225, "1984": 1145.029038107622, "1985": 993.61674833917402, "1986": 1199.846778562264, "1987": 1638.8266939013249, "1988": 2140.5143918035928, "1989": 2427.682619671215, "1990": 2903.1538156261072, "1991": 2938.5944265960761, "1992": 3004.612633623065, "1993": 2929.4311902245199, "1994": 2917.2551419780571, "1995": 3156.181945140791, "1996": 3156.2686568116151, "1997": 3194.181061458577, "1998": 2981.1963970210859, "1999": 3339.9959603343082, "2000": 3450.8118062299181, "2001": 3206.0712368985278, "2002": 3117.2508718301119, "2003": 4230.1232690992574, "2004": 4956.6928773521367, "2005": 5391.0707661963352, "2006": 5291.5837914484873, "2007": 5529.1257463253232, "2008": 5503.0739531431291, "2009": 5082.9338833240427, "2010": 6215.7321607791864, "2011": 7287.3829533491889, "2012": 6595.5384501542367, "2013": 6666.912195834866, "2014": 7122.3642342150342, "2015": 6141.2039472661627, "2016": 6749.0599433901298, "2017": 7104.9640108802723, "2018": 7407.9594014178601, "2019": 7172.0895648002816, "2020": 6323.2974980694553, "2021": 7807.887945001251, "2022": 8328.7090568218482, "2023": 7826.353764832983, "2024": 7695.2420641818981 }, "geometry": { "type": "Polygon", "coordinates": [ [ [ 25.649163, -18.536026 ], [ 25.850391, -18.714413 ], [ 26.164791, -19.293086 ], [ 27.296505, -20.39152 ], [ 27.724747, -20.499059 ], [ 27.727228, -20.851802 ], [ 28.02137, -21.485975 ], [ 28.794656, -21.639454 ], [ 29.432188, -22.091313 ], [ 28.017236, -22.827754 ], [ 27.11941, -23.574323 ], [ 26.786407, -24.240691 ], [ 26.485753, -24.616327 ], [ 25.941652, -24.696373 ], [ 25.765849, -25.174845 ], [ 25.664666, -25.486816 ], [ 25.025171, -25.71967 ], [ 24.211267, -25.670216 ], [ 23.73357, -25.390129 ], [ 23.312097, -25.26869 ], [ 22.824271, -25.500459 ], [ 22.579532, -25.979448 ], [ 22.105969, -26.280256 ], [ 21.605896, -26.726534 ], [ 20.889609, -26.828543 ], [ 20.66647, -26.477453 ], [ 20.758609, -25.868136 ], [ 20.165726, -24.917962 ], [ 19.895768, -24.76779 ], [ 19.895458, -21.849157 ], [ 20.881134, -21.814327 ], [ 20.910641, -18.252219 ], [ 21.65504, -18.219146 ], [ 23.196858, -17.869038 ], [ 23.579006, -18.281261 ], [ 24.217365, -17.889347 ], [ 24.520705, -17.887125 ], [ 25.084443, -17.661816 ], [ 25.264226, -17.73654 ], [ 25.649163, -18.536026 ] ] ] } },
{ "type": "Feature", "properties": { "name": "Central African Republic", "iso3": "CAF", "name_with_flag": "🇨🇫 Central African Republic", "1960": 65.882962977066626, "1961": 70.988125923024029, "1962": 70.404229268492017, "1963": 71.755187568626511, "1964": 77.205039802908402, "1965": 80.184506042462957, "1966": 82.337469457034217, "1967": 83.562965105063967, "1968": 95.639839212297204, "1969": 91.658705946765807, "1970": 90.157844299303761, "1971": 94.0721472956876, "1972": 105.4680615781384, "1973": 121.8248461115422, "1974": 124.00034969255159, "1975": 163.64466828784469, "1976": 192.09699080748021, "1977": 213.78555099667469, "1978": 254.6240877115944, "1979": 289.11893822513889, "1980": 325.25477029908768, "1981": 280.34339178993793, "1982": 298.44454489520137, "1983": 259.58839452578451, "1984": 248.3135510254977, "1985": 332.51535845081418, "1986": 426.02699258009, "1987": 449.95213009660779, "1988": 466.07059689885858, "1989": 443.22685981430732, "1990": 501.65620063639409, "1991": 464.82828362636383, "1992": 461.58730349089558, "1993": 404.9545469415263, "1994": 261.26039740945919, "1995": 333.14586323389523, "1996": 293.30657532865803, "1997": 265.52128238960029, "1998": 266.57054460038398, "1999": 267.99595401108269, "2000": 239.1541337260706, "2001": 237.95170254473459, "2002": 248.63929097840341, "2003": 278.40399215094101, "2004": 303.46132115278198, "2005": 311.95002313868667, "2006": 333.94251990303098, "2007": 380.88704883947543, "2008": 437.24827472489, "2009": 456.47167389840388, "2010": 476.87378695072772, "2011": 534.05728147163552, "2012": 544.39584914278532, "2013": 364.36696260837999, "2014": 409.8504859646996, "2015": 366.3228539381206, "2016": 387.17620344431782, "2017": 432.32402568426261, "2018": 455.24396285953401, "2019": 449.2284676024388, "2020": 462.87907129401151, "2021": 492.26314283050738, "2022": 467.35982502623841, "2023": 495.97889728872059, "2024": 516.17042453775707 }, "geometry": { "type": "Polygon", "coordinates": [ [ [ 15.27946, 7.421925 ], [ 16.106232, 7.497088 ], [ 16.290562, 7.754307 ], [ 16.456185, 7.734774 ], [ 16.705988, 7.508328 ], [ 17.96493, 7.890914 ], [ 18.389555, 8.281304 ], [ 18.911022, 8.630895 ], [ 18.81201, 8.982915 ], [ 19.094008, 9.074847 ], [ 20.059685, 9.012706 ], [ 21.000868, 9.475985 ], [ 21.723822, 10.567056 ], [ 22.231129, 10.971889 ], [ 22.864165, 11.142395 ], [ 22.977544, 10.714463 ], [ 23.554304, 10.089255 ], [ 23.55725, 9.681218 ], [ 23.394779, 9.265068 ], [ 23.459013, 8.954286 ], [ 23.805813, 8.666319 ], [ 24.567369, 8.229188 ], [ 25.114932, 7.825104 ], [ 25.124131, 7.500085 ], [ 25.796648, 6.979316 ], [ 26.213418, 6.546603 ], [ 26.465909, 5.946717 ], [ 27.213409, 5.550953 ], [ 27.374226, 5.233944 ], [ 27.044065, 5.127853 ], [ 26.402761, 5.150875 ], [ 25.650455, 5.256088 ], [ 25.278798, 5.170408 ], [ 25.128833, 4.927245 ], [ 24.805029, 4.897247 ], [ 24.410531, 5.108784 ], [ 23.297214, 4.609693 ], [ 22.84148, 4.710126 ], [ 22.704124, 4.633051 ], [ 22.405124, 4.02916 ], [ 21.659123, 4.224342 ], [ 20.927591, 4.322786 ], [ 20.290679, 4.691678 ], [ 19.467784, 5.031528 ], [ 18.932312, 4.709506 ], [ 18.542982, 4.201785 ], [ 18.453065, 3.504386 ], [ 17.8099, 3.560196 ], [ 17.133042, 3.728197 ], [ 16.537058, 3.198255 ], [ 16.012852, 2.26764 ], [ 15.907381, 2.557389 ], [ 15.862732, 3.013537 ], [ 15.405396, 3.335301 ], [ 15.03622, 3.851367 ], [ 14.950953, 4.210389 ], [ 14.478372, 4.732605 ], [ 14.558936, 5.030598 ], [ 14.459407, 5.451761 ], [ 14.53656, 6.226959 ], [ 14.776545, 6.408498 ], [ 15.27946, 7.421925 ] ] ] } },
{ "type": "Feature", "properties": { "name": "Canada", "iso3": "CAN", "name_with_flag": "🇨🇦 Canada", "1960": 2264.9484965819129, "1961": 2246.0835661925198, "1962": 2274.4284708191039, "1963": 2380.317328991081, "1964": 2561.6384908857181, "1965": 2777.183173011616, "1966": 3055.288078845073, "1967": 3226.38273682011, "1968": 3473.2372255187129, "1969": 3776.156131102377, "1970": 4135.8214984200577, "1971": 4535.3933890777307, "1972": 5106.7370804912835, "1973": 5858.334073187877, "1974": 7056.7084749658898, "1975": 7536.5200982386077, "1976": 8838.9471067765207, "1977": 8949.1098927298171, "1978": 9154.4332527773568, "1979": 10077.502670726901, "1980": 11208.202739417749, "1981": 12379.036864383281, "1982": 12527.313532380191, "1983": 13477.103169959921, "1984": 13930.474550255451, "1985": 14170.124940606731, "1986": 14521.18008060005, "1987": 16377.690210954101, "1988": 19012.572327834911, "1989": 20794.682233334031, "1990": 21525.86113871475, "1991": 21846.793047135401, "1992": 20950.33052876512, "1993": 20186.798878296511, "1994": 19997.623737335391, "1995": 20679.63479266897, "1996": 21296.97235369042, "1997": 21901.562854839241, "1998": 21024.585068704469, "1999": 22315.246673154481, "2000": 24271.002056382142, "2001": 23822.096210932032, "2002": 24256.019233718489, "2003": 28301.86459374279, "2004": 32145.541262021699, "2005": 36383.660006809478, "2006": 40504.037097780638, "2007": 44660.083889228117, "2008": 46710.252686448373, "2009": 40874.883193290247, "2010": 47560.666600940582, "2011": 52223.858839853077, "2012": 52670.344733541482, "2013": 52638.11872352365, "2014": 50960.843117466153, "2015": 43594.194104539427, "2016": 42314.06158172182, "2017": 45129.628116622967, "2018": 46539.176157040529, "2019": 46352.869344521117, "2020": 43537.839298903993, "2021": 52886.661637270321, "2022": 56256.800726401452, "2023": 54220.328503987534, "2024": 54282.617605173269 }, "geometry": { "type": "MultiPolygon", "coordinates": [ [ [ [ -63.6645, 46.55001 ], [ -62.9393, 46.41587 ], [ -62.01208, 46.44314 ], [ -62.50391, 46.03339 ], [ -62.87433, 45.96818 ], [ -64.1428, 46.39265 ], [ -64.39261, 46.72747 ], [ -64.01486, 47.03601 ], [ -63.6645, 46.55001 ] ] ], [ [ [ -61.806305, 49.10506 ], [ -62.29318, 49.08717 ], [ -63.58926, 49.40069 ], [ -64.51912, 49.87304 ], [ -64.17322, 49.95718 ], [ -62.85829, 49.70641 ], [ -61.835585, 49.28855 ], [ -61.806305, 49.10506 ] ] ], [ [ [ -123.510002, 48.510011 ], [ -124.012891, 48.370846 ], [ -125.655013, 48.825005 ], [ -125.954994, 49.179996 ], [ -126.850004, 49.53 ], [ -127.029993, 49.814996 ], [ -128.059336, 49.994959 ], [ -128.444584, 50.539138 ], [ -128.358414, 50.770648 ], [ -127.308581, 50.552574 ], [ -126.695001, 50.400903 ], [ -125.755007, 50.295018 ], [ -125.415002, 49.950001 ], [ -124.920768, 49.475275 ], [ -123.922509, 49.062484 ], [ -123.510002, 48.510011 ] ] ], [ [ [ -56.134036, 50.68701 ], [ -56.795882, 49.812309 ], [ -56.143105, 50.150117 ], [ -55.471492, 49.935815 ], [ -55.822401, 49.587129 ], [ -54.935143, 49.313011 ], [ -54.473775, 49.556691 ], [ -53.476549, 49.249139 ], [ -53.786014, 48.516781 ], [ -53.086134, 48.687804 ], [ -52.958648, 48.157164 ], [ -52.648099, 47.535548 ], [ -53.069158, 46.655499 ], [ -53.521456, 46.618292 ], [ -54.178936, 46.807066 ], [ -53.961869, 47.625207 ], [ -54.240482, 47.752279 ], [ -55.400773, 46.884994 ], [ -55.997481, 46.91972 ], [ -55.291219, 47.389562 ], [ -56.250799, 47.632545 ], [ -57.325229, 47.572807 ], [ -59.266015, 47.603348 ], [ -59.419494, 47.899454 ], [ -58.796586, 48.251525 ], [ -59.231625, 48.523188 ], [ -58.391805, 49.125581 ], [ -57.35869, 50.718274 ], [ -56.73865, 51.287438 ], [ -55.870977, 51.632094 ], [ -55.406974, 51.588273 ], [ -55.600218, 51.317075 ], [ -56.134036, 50.68701 ] ] ], [ [ [ -132.710008, 54.040009 ], [ -131.74999, 54.120004 ], [ -132.04948, 52.984621 ], [ -131.179043, 52.180433 ], [ -131.57783, 52.182371 ], [ -132.180428, 52.639707 ], [ -132.549992, 53.100015 ], [ -133.054611, 53.411469 ], [ -133.239664, 53.85108 ], [ -133.180004, 54.169975 ], [ -132.710008, 54.040009 ] ] ], [ [ [ -79.26582, 62.158675 ], [ -79.65752, 61.63308 ], [ -80.09956, 61.7181 ], [ -80.36215, 62.01649 ], [ -80.315395, 62.085565 ], [ -79.92939, 62.3856 ], [ -79.52002, 62.36371 ], [ -79.26582, 62.158675 ] ] ], [ [ [ -81.89825, 62.7108 ], [ -83.06857, 62.15922 ], [ -83.77462, 62.18231 ], [ -83.99367, 62.4528 ], [ -83.25048, 62.91409 ], [ -81.87699, 62.90458 ], [ -81.89825, 62.7108 ] ] ], [ [ [ -85.161308, 65.657285 ], [ -84.975764, 65.217518 ], [ -84.464012, 65.371772 ], [ -83.882626, 65.109618 ], [ -82.787577, 64.766693 ], [ -81.642014, 64.455136 ], [ -81.55344, 63.979609 ], [ -80.817361, 64.057486 ], [ -80.103451, 63.725981 ], [ -80.99102, 63.411246 ], [ -82.547178, 63.651722 ], [ -83.108798, 64.101876 ], [ -84.100417, 63.569712 ], [ -85.523405, 63.052379 ], [ -85.866769, 63.637253 ], [ -87.221983, 63.541238 ], [ -86.35276, 64.035833 ], [ -86.224886, 64.822917 ], [ -85.883848, 65.738778 ], [ -85.161308, 65.657285 ] ] ], [ [ [ -75.86588, 67.14886 ], [ -76.98687, 67.09873 ], [ -77.2364, 67.58809 ], [ -76.81166, 68.14856 ], [ -75.89521, 68.28721 ], [ -75.1145, 68.01036 ], [ -75.10333, 67.58202 ], [ -75.21597, 67.44425 ], [ -75.86588, 67.14886 ] ] ], [ [ [ -95.647681, 69.10769 ], [ -96.269521, 68.75704 ], [ -97.617401, 69.06003 ], [ -98.431801, 68.9507 ], [ -99.797401, 69.40003 ], [ -98.917401, 69.71003 ], [ -98.218261, 70.14354 ], [ -97.157401, 69.86003 ], [ -96.557401, 69.68003 ], [ -96.257401, 69.49003 ], [ -95.647681, 69.10769 ] ] ], [ [ [ -90.5471, 69.49766 ], [ -90.55151, 68.47499 ], [ -89.21515, 69.25873 ], [ -88.01966, 68.61508 ], [ -88.31749, 67.87338 ], [ -87.35017, 67.19872 ], [ -86.30607, 67.92146 ], [ -85.57664, 68.78456 ], [ -85.52197, 69.88211 ], [ -84.10081, 69.80539 ], [ -82.62258, 69.65826 ], [ -81.28043, 69.16202 ], [ -81.2202, 68.66567 ], [ -81.96436, 68.13253 ], [ -81.25928, 67.59716 ], [ -81.38653, 67.11078 ], [ -83.34456, 66.41154 ], [ -84.73542, 66.2573 ], [ -85.76943, 66.55833 ], [ -86.0676, 66.05625 ], [ -87.03143, 65.21297 ], [ -87.32324, 64.77563 ], [ -88.48296, 64.09897 ], [ -89.91444, 64.03273 ], [ -90.70398, 63.61017 ], [ -90.77004, 62.96021 ], [ -91.93342, 62.83508 ], [ -93.15698, 62.02469 ], [ -94.24153, 60.89865 ], [ -94.62931, 60.11021 ], [ -94.6846, 58.94882 ], [ -93.21502, 58.78212 ], [ -92.76462, 57.84571 ], [ -92.29703, 57.08709 ], [ -90.89769, 57.28468 ], [ -89.03953, 56.85172 ], [ -88.03978, 56.47162 ], [ -87.32421, 55.99914 ], [ -86.07121, 55.72383 ], [ -85.01181, 55.3026 ], [ -83.36055, 55.24489 ], [ -82.27285, 55.14832 ], [ -82.4362, 54.28227 ], [ -82.12502, 53.27703 ], [ -81.40075, 52.15788 ], [ -79.91289, 51.20842 ], [ -79.14301, 51.53393 ], [ -78.60191, 52.56208 ], [ -79.12421, 54.14145 ], [ -79.82958, 54.66772 ], [ -78.22874, 55.13645 ], [ -77.0956, 55.83741 ], [ -76.54137, 56.53423 ], [ -76.62319, 57.20263 ], [ -77.30226, 58.05209 ], [ -78.51688, 58.80458 ], [ -77.33676, 59.85261 ], [ -77.77272, 60.75788 ], [ -78.10687, 62.31964 ], [ -77.41067, 62.55053 ], [ -75.69621, 62.2784 ], [ -74.6682, 62.18111 ], [ -73.83988, 62.4438 ], [ -72.90853, 62.10507 ], [ -71.67708, 61.52535 ], [ -71.37369, 61.13717 ], [ -69.59042, 61.06141 ], [ -69.62033, 60.22125 ], [ -69.2879, 58.95736 ], [ -68.37455, 58.80106 ], [ -67.64976, 58.21206 ], [ -66.20178, 58.76731 ], [ -65.24517, 59.87071 ], [ -64.58352, 60.33558 ], [ -63.80475, 59.4426 ], [ -62.50236, 58.16708 ], [ -61.39655, 56.96745 ], [ -61.79866, 56.33945 ], [ -60.46853, 55.77548 ], [ -59.56962, 55.20407 ], [ -57.97508, 54.94549 ], [ -57.3332, 54.6265 ], [ -56.93689, 53.78032 ], [ -56.15811, 53.64749 ], [ -55.75632, 53.27036 ], [ -55.68338, 52.14664 ], [ -56.40916, 51.7707 ], [ -57.12691, 51.41972 ], [ -58.77482, 51.0643 ], [ -60.03309, 50.24277 ], [ -61.72366, 50.08046 ], [ -63.86251, 50.29099 ], [ -65.36331, 50.2982 ], [ -66.39905, 50.22897 ], [ -67.23631, 49.51156 ], [ -68.51114, 49.06836 ], [ -69.95362, 47.74488 ], [ -71.10458, 46.82171 ], [ -70.25522, 46.98606 ], [ -68.65, 48.3 ], [ -66.55243, 49.1331 ], [ -65.05626, 49.23278 ], [ -64.17099, 48.74248 ], [ -65.11545, 48.07085 ], [ -64.79854, 46.99297 ], [ -64.47219, 46.23849 ], [ -63.17329, 45.73902 ], [ -61.52072, 45.88377 ], [ -60.51815, 47.00793 ], [ -60.4486, 46.28264 ], [ -59.80287, 45.9204 ], [ -61.03988, 45.26525 ], [ -63.25471, 44.67014 ], [ -64.24656, 44.26553 ], [ -65.36406, 43.54523 ], [ -66.1234, 43.61867 ], [ -66.16173, 44.46512 ], [ -64.42549, 45.29204 ], [ -66.02605, 45.25931 ], [ -67.13741, 45.13753 ], [ -67.79134, 45.70281 ], [ -67.79046, 47.06636 ], [ -68.23444, 47.35486 ], [ -68.905, 47.185 ], [ -69.237216, 47.447781 ], [ -69.99997, 46.69307 ], [ -70.305, 45.915 ], [ -70.66, 45.46 ], [ -71.08482, 45.30524 ], [ -71.405, 45.255 ], [ -71.50506, 45.0082 ], [ -73.34783, 45.00738 ], [ -74.867, 45.00048 ], [ -75.31821, 44.81645 ], [ -76.375, 44.09631 ], [ -76.5, 44.018459 ], [ -76.820034, 43.628784 ], [ -77.737885, 43.629056 ], [ -78.72028, 43.625089 ], [ -79.171674, 43.466339 ], [ -79.01, 43.27 ], [ -78.92, 42.965 ], [ -78.939362, 42.863611 ], [ -80.247448, 42.3662 ], [ -81.277747, 42.209026 ], [ -82.439278, 41.675105 ], [ -82.690089, 41.675105 ], [ -83.02981, 41.832796 ], [ -83.142, 41.975681 ], [ -83.12, 42.08 ], [ -82.9, 42.43 ], [ -82.43, 42.98 ], [ -82.137642, 43.571088 ], [ -82.337763, 44.44 ], [ -82.550925, 45.347517 ], [ -83.592851, 45.816894 ], [ -83.469551, 45.994686 ], [ -83.616131, 46.116927 ], [ -83.890765, 46.116927 ], [ -84.091851, 46.275419 ], [ -84.14212, 46.512226 ], [ -84.3367, 46.40877 ], [ -84.6049, 46.4396 ], [ -84.543749, 46.538684 ], [ -84.779238, 46.637102 ], [ -84.87608, 46.900083 ], [ -85.652363, 47.220219 ], [ -86.461991, 47.553338 ], [ -87.439793, 47.94 ], [ -88.378114, 48.302918 ], [ -89.272917, 48.019808 ], [ -89.6, 48.01 ], [ -90.83, 48.27 ], [ -91.64, 48.14 ], [ -92.61, 48.45 ], [ -93.63087, 48.60926 ], [ -94.32914, 48.67074 ], [ -94.64, 48.84 ], [ -94.81758, 49.38905 ], [ -95.15609, 49.38425 ], [ -95.15907, 49.0 ], [ -97.22872, 49.0007 ], [ -100.65, 49.0 ], [ -104.04826, 48.99986 ], [ -107.05, 49.0 ], [ -110.05, 49.0 ], [ -113.0, 49.0 ], [ -116.04818, 49.0 ], [ -117.03121, 49.0 ], [ -120.0, 49.0 ], [ -122.84, 49.0 ], [ -122.97421, 49.002538 ], [ -124.91024, 49.98456 ], [ -125.62461, 50.41656 ], [ -127.43561, 50.83061 ], [ -127.99276, 51.71583 ], [ -127.85032, 52.32961 ], [ -129.12979, 52.75538 ], [ -129.30523, 53.56159 ], [ -130.51497, 54.28757 ], [ -130.53611, 54.80278 ], [ -129.98, 55.285 ], [ -130.00778, 55.91583 ], [ -131.70781, 56.55212 ], [ -132.73042, 57.69289 ], [ -133.35556, 58.41028 ], [ -134.27111, 58.86111 ], [ -134.945, 59.27056 ], [ -135.47583, 59.78778 ], [ -136.47972, 59.46389 ], [ -137.4525, 58.905 ], [ -138.34089, 59.56211 ], [ -139.039, 60.0 ], [ -140.013, 60.27682 ], [ -140.99778, 60.30639 ], [ -140.9925, 66.00003 ], [ -140.986, 69.712 ], [ -139.12052, 69.47102 ], [ -137.54636, 68.99002 ], [ -136.50358, 68.89804 ], [ -135.62576, 69.31512 ], [ -134.41464, 69.62743 ], [ -132.92925, 69.50534 ], [ -131.43136, 69.94451 ], [ -129.79471, 70.19369 ], [ -129.10773, 69.77927 ], [ -128.36156, 70.01286 ], [ -128.13817, 70.48384 ], [ -127.44712, 70.37721 ], [ -125.75632, 69.48058 ], [ -124.42483, 70.1584 ], [ -124.28968, 69.39969 ], [ -123.06108, 69.56372 ], [ -122.6835, 69.85553 ], [ -121.47226, 69.79778 ], [ -119.94288, 69.37786 ], [ -117.60268, 69.01128 ], [ -116.22643, 68.84151 ], [ -115.2469, 68.90591 ], [ -113.89794, 68.3989 ], [ -115.30489, 67.90261 ], [ -113.49727, 67.68815 ], [ -110.798, 67.80612 ], [ -109.94619, 67.98104 ], [ -108.8802, 67.38144 ], [ -107.79239, 67.88736 ], [ -108.81299, 68.31164 ], [ -108.16721, 68.65392 ], [ -106.95, 68.7 ], [ -106.15, 68.8 ], [ -105.34282, 68.56122 ], [ -104.33791, 68.018 ], [ -103.22115, 68.09775 ], [ -101.45433, 67.64689 ], [ -99.90195, 67.80566 ], [ -98.4432, 67.78165 ], [ -98.5586, 68.40394 ], [ -97.66948, 68.57864 ], [ -96.11991, 68.23939 ], [ -96.12588, 67.29338 ], [ -95.48943, 68.0907 ], [ -94.685, 68.06383 ], [ -94.23282, 69.06903 ], [ -95.30408, 69.68571 ], [ -96.47131, 70.08976 ], [ -96.39115, 71.19482 ], [ -95.2088, 71.92053 ], [ -93.88997, 71.76015 ], [ -92.87818, 71.31869 ], [ -91.51964, 70.19129 ], [ -92.40692, 69.69997 ], [ -90.5471, 69.49766 ] ] ], [ [ [ -114.16717, 73.12145 ], [ -114.66634, 72.65277 ], [ -112.44102, 72.9554 ], [ -111.05039, 72.4504 ], [ -109.92035, 72.96113 ], [ -109.00654, 72.63335 ], [ -108.18835, 71.65089 ], [ -107.68599, 72.06548 ], [ -108.39639, 73.08953 ], [ -107.51645, 73.23598 ], [ -106.52259, 73.07601 ], [ -105.40246, 72.67259 ], [ -104.77484, 71.6984 ], [ -104.46476, 70.99297 ], [ -102.78537, 70.49776 ], [ -100.98078, 70.02432 ], [ -101.08929, 69.58447 ], [ -102.73116, 69.50402 ], [ -102.09329, 69.11962 ], [ -102.43024, 68.75282 ], [ -104.24, 68.91 ], [ -105.96, 69.18 ], [ -107.12254, 69.11922 ], [ -109.0, 68.78 ], [ -111.534149, 68.630059 ], [ -113.3132, 68.53554 ], [ -113.85496, 69.00744 ], [ -115.22, 69.28 ], [ -116.10794, 69.16821 ], [ -117.34, 69.96 ], [ -116.67473, 70.06655 ], [ -115.13112, 70.2373 ], [ -113.72141, 70.19237 ], [ -112.4161, 70.36638 ], [ -114.35, 70.6 ], [ -116.48684, 70.52045 ], [ -117.9048, 70.54056 ], [ -118.43238, 70.9092 ], [ -116.11311, 71.30918 ], [ -117.65568, 71.2952 ], [ -119.40199, 71.55859 ], [ -118.56267, 72.30785 ], [ -117.86642, 72.70594 ], [ -115.18909, 73.31459 ], [ -114.16717, 73.12145 ] ] ], [ [ [ -104.5, 73.42 ], [ -105.38, 72.76 ], [ -106.94, 73.46 ], [ -106.6, 73.6 ], [ -105.26, 73.64 ], [ -104.5, 73.42 ] ] ], [ [ [ -76.34, 73.102685 ], [ -76.251404, 72.826385 ], [ -77.314438, 72.855545 ], [ -78.39167, 72.876656 ], [ -79.486252, 72.742203 ], [ -79.775833, 72.802902 ], [ -80.876099, 73.333183 ], [ -80.833885, 73.693184 ], [ -80.353058, 73.75972 ], [ -78.064438, 73.651932 ], [ -76.34, 73.102685 ] ] ], [ [ [ -86.562179, 73.157447 ], [ -85.774371, 72.534126 ], [ -84.850112, 73.340278 ], [ -82.31559, 73.750951 ], [ -80.600088, 72.716544 ], [ -80.748942, 72.061907 ], [ -78.770639, 72.352173 ], [ -77.824624, 72.749617 ], [ -75.605845, 72.243678 ], [ -74.228616, 71.767144 ], [ -74.099141, 71.33084 ], [ -72.242226, 71.556925 ], [ -71.200015, 70.920013 ], [ -68.786054, 70.525024 ], [ -67.91497, 70.121948 ], [ -66.969033, 69.186087 ], [ -68.805123, 68.720198 ], [ -66.449866, 68.067163 ], [ -64.862314, 67.847539 ], [ -63.424934, 66.928473 ], [ -61.851981, 66.862121 ], [ -62.163177, 66.160251 ], [ -63.918444, 64.998669 ], [ -65.14886, 65.426033 ], [ -66.721219, 66.388041 ], [ -68.015016, 66.262726 ], [ -68.141287, 65.689789 ], [ -67.089646, 65.108455 ], [ -65.73208, 64.648406 ], [ -65.320168, 64.382737 ], [ -64.669406, 63.392927 ], [ -65.013804, 62.674185 ], [ -66.275045, 62.945099 ], [ -68.783186, 63.74567 ], [ -67.369681, 62.883966 ], [ -66.328297, 62.280075 ], [ -66.165568, 61.930897 ], [ -68.877367, 62.330149 ], [ -71.023437, 62.910708 ], [ -72.235379, 63.397836 ], [ -71.886278, 63.679989 ], [ -73.378306, 64.193963 ], [ -74.834419, 64.679076 ], [ -74.818503, 64.389093 ], [ -77.70998, 64.229542 ], [ -78.555949, 64.572906 ], [ -77.897281, 65.309192 ], [ -76.018274, 65.326969 ], [ -73.959795, 65.454765 ], [ -74.293883, 65.811771 ], [ -73.944912, 66.310578 ], [ -72.651167, 67.284576 ], [ -72.92606, 67.726926 ], [ -73.311618, 68.069437 ], [ -74.843307, 68.554627 ], [ -76.869101, 68.894736 ], [ -76.228649, 69.147769 ], [ -77.28737, 69.76954 ], [ -78.168634, 69.826488 ], [ -78.957242, 70.16688 ], [ -79.492455, 69.871808 ], [ -81.305471, 69.743185 ], [ -84.944706, 69.966634 ], [ -87.060003, 70.260001 ], [ -88.681713, 70.410741 ], [ -89.51342, 70.762038 ], [ -88.467721, 71.218186 ], [ -89.888151, 71.222552 ], [ -90.20516, 72.235074 ], [ -89.436577, 73.129464 ], [ -88.408242, 73.537889 ], [ -85.826151, 73.803816 ], [ -86.562179, 73.157447 ] ] ], [ [ [ -100.35642, 73.84389 ], [ -99.16387, 73.63339 ], [ -97.38, 73.76 ], [ -97.12, 73.47 ], [ -98.05359, 72.99052 ], [ -96.54, 72.56 ], [ -96.72, 71.66 ], [ -98.35966, 71.27285 ], [ -99.32286, 71.35639 ], [ -100.01482, 71.73827 ], [ -102.5, 72.51 ], [ -102.48, 72.83 ], [ -100.43836, 72.70588 ], [ -101.54, 73.36 ], [ -100.35642, 73.84389 ] ] ], [ [ [ -93.196296, 72.771992 ], [ -94.269047, 72.024596 ], [ -95.409856, 72.061881 ], [ -96.033745, 72.940277 ], [ -96.018268, 73.43743 ], [ -95.495793, 73.862417 ], [ -94.503658, 74.134907 ], [ -92.420012, 74.100025 ], [ -90.509793, 73.856732 ], [ -92.003965, 72.966244 ], [ -93.196296, 72.771992 ] ] ], [ [ [ -120.46, 71.383602 ], [ -123.09219, 70.90164 ], [ -123.62, 71.34 ], [ -125.928949, 71.868688 ], [ -125.5, 72.292261 ], [ -124.80729, 73.02256 ], [ -123.94, 73.68 ], [ -124.91775, 74.29275 ], [ -121.53788, 74.44893 ], [ -120.10978, 74.24135 ], [ -117.55564, 74.18577 ], [ -116.58442, 73.89607 ], [ -115.51081, 73.47519 ], [ -116.76794, 73.22292 ], [ -119.22, 72.52 ], [ -120.46, 71.82 ], [ -120.46, 71.383602 ] ] ], [ [ [ -93.612756, 74.979997 ], [ -94.156909, 74.592347 ], [ -95.608681, 74.666864 ], [ -96.820932, 74.927623 ], [ -96.288587, 75.377828 ], [ -94.85082, 75.647218 ], [ -93.977747, 75.29649 ], [ -93.612756, 74.979997 ] ] ], [ [ [ -98.5, 76.72 ], [ -97.735585, 76.25656 ], [ -97.704415, 75.74344 ], [ -98.16, 75.0 ], [ -99.80874, 74.89744 ], [ -100.88366, 75.05736 ], [ -100.86292, 75.64075 ], [ -102.50209, 75.5638 ], [ -102.56552, 76.3366 ], [ -101.48973, 76.30537 ], [ -99.98349, 76.64634 ], [ -98.57699, 76.58859 ], [ -98.5, 76.72 ] ] ], [ [ [ -108.21141, 76.20168 ], [ -107.81943, 75.84552 ], [ -106.92893, 76.01282 ], [ -105.881, 75.9694 ], [ -105.70498, 75.47951 ], [ -106.31347, 75.00527 ], [ -109.7, 74.85 ], [ -112.22307, 74.41696 ], [ -113.74381, 74.39427 ], [ -113.87135, 74.72029 ], [ -111.79421, 75.1625 ], [ -116.31221, 75.04343 ], [ -117.7104, 75.2222 ], [ -116.34602, 76.19903 ], [ -115.40487, 76.47887 ], [ -112.59056, 76.14134 ], [ -110.81422, 75.54919 ], [ -109.0671, 75.47321 ], [ -110.49726, 76.42982 ], [ -109.5811, 76.79417 ], [ -108.54859, 76.67832 ], [ -108.21141, 76.20168 ] ] ], [ [ [ -94.684086, 77.097878 ], [ -93.573921, 76.776296 ], [ -91.605023, 76.778518 ], [ -90.741846, 76.449597 ], [ -90.969661, 76.074013 ], [ -89.822238, 75.847774 ], [ -89.187083, 75.610166 ], [ -87.838276, 75.566189 ], [ -86.379192, 75.482421 ], [ -84.789625, 75.699204 ], [ -82.753445, 75.784315 ], [ -81.128531, 75.713983 ], [ -80.057511, 75.336849 ], [ -79.833933, 74.923127 ], [ -80.457771, 74.657304 ], [ -81.948843, 74.442459 ], [ -83.228894, 74.564028 ], [ -86.097452, 74.410032 ], [ -88.15035, 74.392307 ], [ -89.764722, 74.515555 ], [ -92.422441, 74.837758 ], [ -92.768285, 75.38682 ], [ -92.889906, 75.882655 ], [ -93.893824, 76.319244 ], [ -95.962457, 76.441381 ], [ -97.121379, 76.751078 ], [ -96.745123, 77.161389 ], [ -94.684086, 77.097878 ] ] ], [ [ [ -116.198587, 77.645287 ], [ -116.335813, 76.876962 ], [ -117.106051, 76.530032 ], [ -118.040412, 76.481172 ], [ -119.899318, 76.053213 ], [ -121.499995, 75.900019 ], [ -122.854924, 76.116543 ], [ -122.854925, 76.116543 ], [ -121.157535, 76.864508 ], [ -119.103939, 77.51222 ], [ -117.570131, 77.498319 ], [ -116.198587, 77.645287 ] ] ], [ [ [ -93.840003, 77.519997 ], [ -94.295608, 77.491343 ], [ -96.169654, 77.555111 ], [ -96.436304, 77.834629 ], [ -94.422577, 77.820005 ], [ -93.720656, 77.634331 ], [ -93.840003, 77.519997 ] ] ], [ [ [ -110.186938, 77.697015 ], [ -112.051191, 77.409229 ], [ -113.534279, 77.732207 ], [ -112.724587, 78.05105 ], [ -111.264443, 78.152956 ], [ -109.854452, 77.996325 ], [ -110.186938, 77.697015 ] ] ], [ [ [ -109.663146, 78.601973 ], [ -110.881314, 78.40692 ], [ -112.542091, 78.407902 ], [ -112.525891, 78.550555 ], [ -111.50001, 78.849994 ], [ -110.963661, 78.804441 ], [ -109.663146, 78.601973 ] ] ], [ [ [ -95.830295, 78.056941 ], [ -97.309843, 77.850597 ], [ -98.124289, 78.082857 ], [ -98.552868, 78.458105 ], [ -98.631984, 78.87193 ], [ -97.337231, 78.831984 ], [ -96.754399, 78.765813 ], [ -95.559278, 78.418315 ], [ -95.830295, 78.056941 ] ] ], [ [ [ -100.060192, 78.324754 ], [ -99.670939, 77.907545 ], [ -101.30394, 78.018985 ], [ -102.949809, 78.343229 ], [ -105.176133, 78.380332 ], [ -104.210429, 78.67742 ], [ -105.41958, 78.918336 ], [ -105.492289, 79.301594 ], [ -103.529282, 79.165349 ], [ -100.825158, 78.800462 ], [ -100.060192, 78.324754 ] ] ], [ [ [ -87.02, 79.66 ], [ -85.81435, 79.3369 ], [ -87.18756, 79.0393 ], [ -89.03535, 78.28723 ], [ -90.80436, 78.21533 ], [ -92.87669, 78.34333 ], [ -93.95116, 78.75099 ], [ -93.93574, 79.11373 ], [ -93.14524, 79.3801 ], [ -94.974, 79.37248 ], [ -96.07614, 79.70502 ], [ -96.70972, 80.15777 ], [ -96.01644, 80.60233 ], [ -95.32345, 80.90729 ], [ -94.29843, 80.97727 ], [ -94.73542, 81.20646 ], [ -92.40984, 81.25739 ], [ -91.13289, 80.72345 ], [ -89.45, 80.509322 ], [ -87.81, 80.32 ], [ -87.02, 79.66 ] ] ], [ [ [ -68.5, 83.106322 ], [ -65.82735, 83.02801 ], [ -63.68, 82.9 ], [ -61.85, 82.6286 ], [ -61.89388, 82.36165 ], [ -64.334, 81.92775 ], [ -66.75342, 81.72527 ], [ -67.65755, 81.50141 ], [ -65.48031, 81.50657 ], [ -67.84, 80.9 ], [ -69.4697, 80.61683 ], [ -71.18, 79.8 ], [ -73.2428, 79.63415 ], [ -73.88, 79.430162 ], [ -76.90773, 79.32309 ], [ -75.52924, 79.19766 ], [ -76.22046, 79.01907 ], [ -75.39345, 78.52581 ], [ -76.34354, 78.18296 ], [ -77.88851, 77.89991 ], [ -78.36269, 77.50859 ], [ -79.75951, 77.20968 ], [ -79.61965, 76.98336 ], [ -77.91089, 77.022045 ], [ -77.88911, 76.777955 ], [ -80.56125, 76.17812 ], [ -83.17439, 76.45403 ], [ -86.11184, 76.29901 ], [ -87.6, 76.42 ], [ -89.49068, 76.47239 ], [ -89.6161, 76.95213 ], [ -87.76739, 77.17833 ], [ -88.26, 77.9 ], [ -87.65, 77.970222 ], [ -84.97634, 77.53873 ], [ -86.34, 78.18 ], [ -87.96192, 78.37181 ], [ -87.15198, 78.75867 ], [ -85.37868, 78.9969 ], [ -85.09495, 79.34543 ], [ -86.50734, 79.73624 ], [ -86.93179, 80.25145 ], [ -84.19844, 80.20836 ], [ -83.408696, 80.1 ], [ -81.84823, 80.46442 ], [ -84.1, 80.58 ], [ -87.59895, 80.51627 ], [ -89.36663, 80.85569 ], [ -90.2, 81.26 ], [ -91.36786, 81.5531 ], [ -91.58702, 81.89429 ], [ -90.1, 82.085 ], [ -88.93227, 82.11751 ], [ -86.97024, 82.27961 ], [ -85.5, 82.652273 ], [ -84.260005, 82.6 ], [ -83.18, 82.32 ], [ -82.42, 82.86 ], [ -81.1, 83.02 ], [ -79.30664, 83.13056 ], [ -76.25, 83.172059 ], [ -75.71878, 83.06404 ], [ -72.83153, 83.23324 ], [ -70.665765, 83.169781 ], [ -68.5, 83.106322 ] ] ] ] } },
{ "type": "Feature", "properties": { "name": "Switzerland", "iso3": "CHE", "name_with_flag": "🇨🇭 Switzerland", "1960": 1954.311320642701, "1961": 2155.4499690864841, "1962": 2330.477365015015, "1963": 2508.4743073220311, "1964": 2734.9300904417742, "1965": 2865.2448479366012, "1966": 3044.8456038944942, "1967": 3237.2731521735618, "1968": 3413.4935815700319, "1969": 3657.20794240553, "1970": 4044.4206822724532, "1971": 4834.7404939948474, "1972": 5884.7752410718595, "1973": 7855.9188704085354, "1974": 9004.788599, "1975": 10328.10893884333, "1976": 10864.971231107989, "1977": 11643.646739773179, "1978": 16282.19324584919, "1979": 18265.558864910261, "1980": 19393.88054800974, "1981": 17665.013897978879, "1982": 17999.969257077981, "1983": 17859.232369583729, "1984": 16991.245884151678, "1985": 17152.094849599151, "1986": 24459.85363484333, "1987": 30440.510824049859, "1988": 32690.430273456121, "1989": 31308.650834313619, "1990": 39574.539808378788, "1991": 39544.494682676828, "1992": 40713.688152143499, "1993": 39237.118655878061, "1994": 43091.777097007311, "1995": 50113.832122134489, "1996": 48092.643303651181, "1997": 41584.441782159032, "1998": 42680.586732239062, "1999": 41695.691291202093, "2000": 38865.02193968802, "2001": 39638.791106186392, "2002": 42458.738467918709, "2003": 49335.745629106699, "2004": 54659.45714882332, "2005": 56242.893364563861, "2006": 59011.032459201619, "2007": 64989.155325603053, "2008": 74175.192789855471, "2009": 71568.312388567225, "2010": 76531.372818229691, "2011": 90476.7589651577, "2012": 85836.207676735896, "2013": 87304.330581355709, "2014": 88724.991073560916, "2015": 83806.447600383734, "2016": 82153.074544788862, "2017": 82254.377047133559, "2018": 85217.369151227409, "2019": 84121.931030441439, "2020": 85897.7843338323, "2021": 93664.773669611081, "2022": 94394.51068035244, "2023": 100631.80275512471, "2024": 103669.87200814379 }, "geometry": { "type": "Polygon", "coordinates": [ [ [ 9.594226, 47.525058 ], [ 9.632932, 47.347601 ], [ 9.47997, 47.10281 ], [ 9.932448, 46.920728 ], [ 10.442701, 46.893546 ], [ 10.363378, 46.483571 ], [ 9.922837, 46.314899 ], [ 9.182882, 46.440215 ], [ 8.966306, 46.036932 ], [ 8.489952, 46.005151 ], [ 8.31663, 46.163642 ], [ 7.755992, 45.82449 ], [ 7.273851, 45.776948 ], [ 6.843593, 45.991147 ], [ 6.5001, 46.429673 ], [ 6.022609, 46.27299 ], [ 6.037389, 46.725779 ], [ 6.768714, 47.287708 ], [ 6.736571, 47.541801 ], [ 7.192202, 47.449766 ], [ 7.466759, 47.620582 ], [ 8.317301, 47.61358 ], [ 8.522612, 47.830828 ], [ 9.594226, 47.525058 ] ] ] } },
{ "type": "Feature", "properties": { "name": "Chile", "iso3": "CHL", "name_with_flag": "🇨🇱 Chile", "1960": 516.48753907783589, "1961": 594.43630622211288, "1962": 678.5843365888619, "1963": 657.71919659369735, "1964": 685.97020289197394, "1965": 686.12354199552419, "1966": 790.36177377139552, "1967": 764.26512865699283, "1968": 765.8474016486274, "1969": 873.58188990591725, "1970": 940.64834506128682, "1971": 1098.9146995623059, "1972": 1185.0499480159449, "1973": 1666.995427508994, "1974": 1578.5836760852019, "1975": 732.05440677596494, "1976": 970.95731486634759, "1977": 1296.868547203225, "1978": 1465.456056369165, "1979": 1962.081856065372, "1980": 2570.8431189068242, "1981": 3012.3447816476978, "1982": 1663.2804325125639, "1983": 1715.4034565434399, "1984": 1636.22476246476, "1985": 1446.8060455786269, "1986": 1524.9780945898681, "1987": 1767.413896701612, "1988": 2013.5398779088639, "1989": 2277.8476429720199, "1990": 2487.76829657299, "1991": 2798.342624137947, "1992": 3351.8410885552248, "1993": 3540.9137731301548, "1994": 4012.1015991228492, "1995": 5081.4682771561002, "1996": 5333.50438729711, "1997": 5741.9584298959562, "1998": 5419.8241729719057, "1999": 4933.5558151675523, "2000": 5052.9924576632529, "2001": 4563.5952986688962, "2002": 4430.8474115798408, "2003": 4773.401775207537, "2004": 6120.5915205534402, "2005": 7480.3233099863564, "2006": 9318.6565529612035, "2007": 10346.413818453249, "2008": 10683.218877251111, "2009": 10098.80171672862, "2010": 12632.870472419239, "2011": 14487.39278320319, "2012": 15241.906998111879, "2013": 15683.54863691551, "2014": 14529.676720633581, "2015": 13433.920298703229, "2016": 13649.85204528032, "2017": 14879.908622718651, "2018": 15659.48086756277, "2019": 14495.716721686989, "2020": 13114.815470545011, "2021": 16206.832549342111, "2022": 15405.6165774073, "2023": 17067.036479915361, "2024": 16709.889397230669 }, "geometry": { "type": "MultiPolygon", "coordinates": [ [ [ [ -68.63401, -52.63637 ], [ -68.63335, -54.8695 ], [ -67.56244, -54.87001 ], [ -66.95992, -54.89681 ], [ -67.29103, -55.30124 ], [ -68.14863, -55.61183 ], [ -68.639991, -55.580018 ], [ -69.2321, -55.49906 ], [ -69.95809, -55.19843 ], [ -71.00568, -55.05383 ], [ -72.2639, -54.49514 ], [ -73.2852, -53.95752 ], [ -74.66253, -52.83749 ], [ -73.8381, -53.04743 ], [ -72.43418, -53.7154 ], [ -71.10773, -54.07433 ], [ -70.59178, -53.61583 ], [ -70.26748, -52.93123 ], [ -69.34565, -52.5183 ], [ -68.63401, -52.63637 ] ] ], [ [ [ -68.219913, -21.494347 ], [ -67.82818, -22.872919 ], [ -67.106674, -22.735925 ], [ -66.985234, -22.986349 ], [ -67.328443, -24.025303 ], [ -68.417653, -24.518555 ], [ -68.386001, -26.185016 ], [ -68.5948, -26.506909 ], [ -68.295542, -26.89934 ], [ -69.001235, -27.521214 ], [ -69.65613, -28.459141 ], [ -70.01355, -29.367923 ], [ -69.919008, -30.336339 ], [ -70.535069, -31.36501 ], [ -70.074399, -33.09121 ], [ -69.814777, -33.273886 ], [ -69.817309, -34.193571 ], [ -70.388049, -35.169688 ], [ -70.364769, -36.005089 ], [ -71.121881, -36.658124 ], [ -71.118625, -37.576827 ], [ -70.814664, -38.552995 ], [ -71.413517, -38.916022 ], [ -71.680761, -39.808164 ], [ -71.915734, -40.832339 ], [ -71.746804, -42.051386 ], [ -72.148898, -42.254888 ], [ -71.915424, -43.408565 ], [ -71.464056, -43.787611 ], [ -71.793623, -44.207172 ], [ -71.329801, -44.407522 ], [ -71.222779, -44.784243 ], [ -71.659316, -44.973689 ], [ -71.552009, -45.560733 ], [ -71.917258, -46.884838 ], [ -72.447355, -47.738533 ], [ -72.331161, -48.244238 ], [ -72.648247, -48.878618 ], [ -73.415436, -49.318436 ], [ -73.328051, -50.378785 ], [ -72.975747, -50.74145 ], [ -72.309974, -50.67701 ], [ -72.329404, -51.425956 ], [ -71.914804, -52.009022 ], [ -69.498362, -52.142761 ], [ -68.571545, -52.299444 ], [ -69.461284, -52.291951 ], [ -69.94278, -52.537931 ], [ -70.845102, -52.899201 ], [ -71.006332, -53.833252 ], [ -71.429795, -53.856455 ], [ -72.557943, -53.53141 ], [ -73.702757, -52.835069 ], [ -73.702757, -52.83507 ], [ -74.946763, -52.262754 ], [ -75.260026, -51.629355 ], [ -74.976632, -51.043396 ], [ -75.479754, -50.378372 ], [ -75.608015, -48.673773 ], [ -75.18277, -47.711919 ], [ -74.126581, -46.939253 ], [ -75.644395, -46.647643 ], [ -74.692154, -45.763976 ], [ -74.351709, -44.103044 ], [ -73.240356, -44.454961 ], [ -72.717804, -42.383356 ], [ -73.3889, -42.117532 ], [ -73.701336, -43.365776 ], [ -74.331943, -43.224958 ], [ -74.017957, -41.794813 ], [ -73.677099, -39.942213 ], [ -73.217593, -39.258689 ], [ -73.505559, -38.282883 ], [ -73.588061, -37.156285 ], [ -73.166717, -37.12378 ], [ -72.553137, -35.50884 ], [ -71.861732, -33.909093 ], [ -71.43845, -32.418899 ], [ -71.668721, -30.920645 ], [ -71.370083, -30.095682 ], [ -71.489894, -28.861442 ], [ -70.905124, -27.64038 ], [ -70.724954, -25.705924 ], [ -70.403966, -23.628997 ], [ -70.091246, -21.393319 ], [ -70.16442, -19.756468 ], [ -70.372572, -18.347975 ], [ -69.858444, -18.092694 ], [ -69.590424, -17.580012 ], [ -69.100247, -18.260125 ], [ -68.966818, -18.981683 ], [ -68.442225, -19.405068 ], [ -68.757167, -20.372658 ], [ -68.219913, -21.494347 ] ] ] ] } },
{ "type": "Feature", "properties": { "name": "China", "iso3": "CHN", "name_with_flag": "🇨🇳 China", "1960": 89.715074916773077, "1961": 75.965501112757394, "1962": 71.061684597126188, "1963": 74.46815408644629, "1964": 85.661107464544898, "1965": 98.668168874043474, "1966": 104.5064635017799, "1967": 96.761448010401594, "1968": 91.645458184897919, "1969": 100.3081394795261, "1970": 113.3462430398944, "1971": 118.84249157909029, "1972": 132.09741043100689, "1973": 157.33988807855459, "1974": 160.4025468523036, "1975": 178.6212492820853, "1976": 165.68098772263741, "1977": 185.72862071829371, "1978": 156.6556168508352, "1979": 184.28585305904329, "1980": 195.1494799920508, "1981": 197.42551096782219, "1982": 203.72278836692769, "1983": 225.86534696155979, "1984": 251.1926864638267, "1985": 295.0074458158968, "1986": 282.44560309670709, "1987": 252.25676011445449, "1988": 284.02357314968617, "1989": 311.42946122703199, "1990": 318.50335359038979, "1991": 334.13028811907787, "1992": 367.82265190354178, "1993": 378.93935305331422, "1994": 475.6778744483691, "1995": 612.6802778986272, "1996": 713.33738781165675, "1997": 786.74354851099906, "1998": 835.09534859743223, "1999": 881.14661406892515, "2000": 969.19951369628677, "2001": 1065.405975745193, "2002": 1163.5595767342561, "2003": 1306.97245408557, "2004": 1530.9272621572329, "2005": 1777.644968284641, "2006": 2129.2569699961318, "2007": 2734.7270987769271, "2008": 3523.4430206521301, "2009": 3898.2445915881058, "2010": 4629.2455171007732, "2011": 5703.7602797334557, "2012": 6405.0574241349032, "2013": 7147.0351862234411, "2014": 7781.0659748497383, "2015": 8175.3328507739288, "2016": 8254.8685932035678, "2017": 8979.6765270985634, "2018": 10085.66381488192, "2019": 10342.90095243346, "2020": 10627.46379896187, "2021": 12887.43572429406, "2022": 12970.60564143265, "2023": 12951.17823970427, "2024": 13303.148154386819 }, "geometry": { "type": "MultiPolygon", "coordinates": [ [ [ [ 110.339188, 18.678395 ], [ 109.47521, 18.197701 ], [ 108.655208, 18.507682 ], [ 108.626217, 19.367888 ], [ 109.119056, 19.821039 ], [ 110.211599, 20.101254 ], [ 110.786551, 20.077534 ], [ 111.010051, 19.69593 ], [ 110.570647, 19.255879 ], [ 110.339188, 18.678395 ] ] ], [ [ [ 127.657407, 49.76027 ], [ 129.397818, 49.4406 ], [ 130.582293, 48.729687 ], [ 130.987282, 47.790132 ], [ 132.506672, 47.78897 ], [ 133.373596, 48.183442 ], [ 135.026311, 48.47823 ], [ 134.500814, 47.57844 ], [ 134.112362, 47.212467 ], [ 133.769644, 46.116927 ], [ 133.097127, 45.144066 ], [ 131.883454, 45.321162 ], [ 131.025212, 44.967953 ], [ 131.288555, 44.11152 ], [ 131.144688, 42.92999 ], [ 130.633866, 42.903015 ], [ 130.640016, 42.395009 ], [ 129.994267, 42.985387 ], [ 129.596669, 42.424982 ], [ 128.052215, 41.994285 ], [ 128.208433, 41.466772 ], [ 127.343783, 41.503152 ], [ 126.869083, 41.816569 ], [ 126.182045, 41.107336 ], [ 125.079942, 40.569824 ], [ 124.265625, 39.928493 ], [ 122.86757, 39.637788 ], [ 122.131388, 39.170452 ], [ 121.054554, 38.897471 ], [ 121.585995, 39.360854 ], [ 121.376757, 39.750261 ], [ 122.168595, 40.422443 ], [ 121.640359, 40.94639 ], [ 120.768629, 40.593388 ], [ 119.639602, 39.898056 ], [ 119.023464, 39.252333 ], [ 118.042749, 39.204274 ], [ 117.532702, 38.737636 ], [ 118.059699, 38.061476 ], [ 118.87815, 37.897325 ], [ 118.911636, 37.448464 ], [ 119.702802, 37.156389 ], [ 120.823457, 37.870428 ], [ 121.711259, 37.481123 ], [ 122.357937, 37.454484 ], [ 122.519995, 36.930614 ], [ 121.104164, 36.651329 ], [ 120.637009, 36.11144 ], [ 119.664562, 35.609791 ], [ 119.151208, 34.909859 ], [ 120.227525, 34.360332 ], [ 120.620369, 33.376723 ], [ 121.229014, 32.460319 ], [ 121.908146, 31.692174 ], [ 121.891919, 30.949352 ], [ 121.264257, 30.676267 ], [ 121.503519, 30.142915 ], [ 122.092114, 29.83252 ], [ 121.938428, 29.018022 ], [ 121.684439, 28.225513 ], [ 121.125661, 28.135673 ], [ 120.395473, 27.053207 ], [ 119.585497, 25.740781 ], [ 118.656871, 24.547391 ], [ 117.281606, 23.624501 ], [ 115.890735, 22.782873 ], [ 114.763827, 22.668074 ], [ 114.152547, 22.22376 ], [ 113.80678, 22.54834 ], [ 113.241078, 22.051367 ], [ 111.843592, 21.550494 ], [ 110.785466, 21.397144 ], [ 110.444039, 20.341033 ], [ 109.889861, 20.282457 ], [ 109.627655, 21.008227 ], [ 109.864488, 21.395051 ], [ 108.522813, 21.715212 ], [ 108.05018, 21.55238 ], [ 107.04342, 21.811899 ], [ 106.567273, 22.218205 ], [ 106.725403, 22.794268 ], [ 105.811247, 22.976892 ], [ 105.329209, 23.352063 ], [ 104.476858, 22.81915 ], [ 103.504515, 22.703757 ], [ 102.706992, 22.708795 ], [ 102.170436, 22.464753 ], [ 101.652018, 22.318199 ], [ 101.80312, 21.174367 ], [ 101.270026, 21.201652 ], [ 101.180005, 21.436573 ], [ 101.150033, 21.849984 ], [ 100.416538, 21.558839 ], [ 99.983489, 21.742937 ], [ 99.240899, 22.118314 ], [ 99.531992, 22.949039 ], [ 98.898749, 23.142722 ], [ 98.660262, 24.063286 ], [ 97.60472, 23.897405 ], [ 97.724609, 25.083637 ], [ 98.671838, 25.918703 ], [ 98.712094, 26.743536 ], [ 98.68269, 27.508812 ], [ 98.246231, 27.747221 ], [ 97.911988, 28.335945 ], [ 97.327114, 28.261583 ], [ 96.248833, 28.411031 ], [ 96.586591, 28.83098 ], [ 96.117679, 29.452802 ], [ 95.404802, 29.031717 ], [ 94.56599, 29.277438 ], [ 93.413348, 28.640629 ], [ 92.503119, 27.896876 ], [ 91.696657, 27.771742 ], [ 91.258854, 28.040614 ], [ 90.730514, 28.064954 ], [ 90.015829, 28.296439 ], [ 89.47581, 28.042759 ], [ 88.814248, 27.299316 ], [ 88.730326, 28.086865 ], [ 88.120441, 27.876542 ], [ 86.954517, 27.974262 ], [ 85.82332, 28.203576 ], [ 85.011638, 28.642774 ], [ 84.23458, 28.839894 ], [ 83.898993, 29.320226 ], [ 83.337115, 29.463732 ], [ 82.327513, 30.115268 ], [ 81.525804, 30.422717 ], [ 81.111256, 30.183481 ], [ 79.721367, 30.882715 ], [ 78.738894, 31.515906 ], [ 78.458446, 32.618164 ], [ 79.176129, 32.48378 ], [ 79.208892, 32.994395 ], [ 78.811086, 33.506198 ], [ 78.912269, 34.321936 ], [ 77.837451, 35.49401 ], [ 76.192848, 35.898403 ], [ 75.896897, 36.666806 ], [ 75.158028, 37.133031 ], [ 74.980002, 37.41999 ], [ 74.829986, 37.990007 ], [ 74.864816, 38.378846 ], [ 74.257514, 38.606507 ], [ 73.928852, 38.505815 ], [ 73.675379, 39.431237 ], [ 73.960013, 39.660008 ], [ 73.822244, 39.893973 ], [ 74.776862, 40.366425 ], [ 75.467828, 40.562072 ], [ 76.526368, 40.427946 ], [ 76.904484, 41.066486 ], [ 78.187197, 41.185316 ], [ 78.543661, 41.582243 ], [ 80.11943, 42.123941 ], [ 80.25999, 42.349999 ], [ 80.18015, 42.920068 ], [ 80.866206, 43.180362 ], [ 79.966106, 44.917517 ], [ 81.947071, 45.317027 ], [ 82.458926, 45.53965 ], [ 83.180484, 47.330031 ], [ 85.16429, 47.000956 ], [ 85.720484, 47.452969 ], [ 85.768233, 48.455751 ], [ 86.598776, 48.549182 ], [ 87.35997, 49.214981 ], [ 87.751264, 49.297198 ], [ 88.013832, 48.599463 ], [ 88.854298, 48.069082 ], [ 90.280826, 47.693549 ], [ 90.970809, 46.888146 ], [ 90.585768, 45.719716 ], [ 90.94554, 45.286073 ], [ 92.133891, 45.115076 ], [ 93.480734, 44.975472 ], [ 94.688929, 44.352332 ], [ 95.306875, 44.241331 ], [ 95.762455, 43.319449 ], [ 96.349396, 42.725635 ], [ 97.451757, 42.74889 ], [ 99.515817, 42.524691 ], [ 100.845866, 42.663804 ], [ 101.83304, 42.514873 ], [ 103.312278, 41.907468 ], [ 104.522282, 41.908347 ], [ 104.964994, 41.59741 ], [ 106.129316, 42.134328 ], [ 107.744773, 42.481516 ], [ 109.243596, 42.519446 ], [ 110.412103, 42.871234 ], [ 111.129682, 43.406834 ], [ 111.829588, 43.743118 ], [ 111.667737, 44.073176 ], [ 111.348377, 44.457442 ], [ 111.873306, 45.102079 ], [ 112.436062, 45.011646 ], [ 113.463907, 44.808893 ], [ 114.460332, 45.339817 ], [ 115.985096, 45.727235 ], [ 116.717868, 46.388202 ], [ 117.421701, 46.672733 ], [ 118.874326, 46.805412 ], [ 119.66327, 46.69268 ], [ 119.772824, 47.048059 ], [ 118.866574, 47.74706 ], [ 118.064143, 48.06673 ], [ 117.295507, 47.697709 ], [ 116.308953, 47.85341 ], [ 115.742837, 47.726545 ], [ 115.485282, 48.135383 ], [ 116.191802, 49.134598 ], [ 116.678801, 49.888531 ], [ 117.879244, 49.510983 ], [ 119.288461, 50.142883 ], [ 119.279366, 50.582908 ], [ 120.18205, 51.643566 ], [ 120.738191, 51.964115 ], [ 120.725789, 52.516226 ], [ 120.177089, 52.753886 ], [ 121.003085, 53.251401 ], [ 122.245748, 53.431726 ], [ 123.571507, 53.458804 ], [ 125.068211, 53.161045 ], [ 125.946349, 52.792799 ], [ 126.564399, 51.784255 ], [ 126.939157, 51.353894 ], [ 127.287456, 50.739797 ], [ 127.657407, 49.76027 ] ] ] ] } },
{ "type": "Feature", "properties": { "name": "Ivory Coast", "iso3": "CIV", "name_with_flag": "🇨🇮 Ivory Coast", "1960": 148.68078898418111, "1961": 162.26276443632571, "1962": 163.07667965912319, "1963": 185.0768259589664, "1964": 215.5062402642609, "1965": 207.04483856640149, "1966": 221.78639222894779, "1967": 225.6209341314634, "1968": 256.76871434480341, "1969": 262.19228600374458, "1970": 268.95773357456591, "1971": 280.33366015074648, "1972": 312.9423481005241, "1973": 405.56897947268652, "1974": 474.22386136220769, "1975": 574.62640587743738, "1976": 660.53861822917474, "1977": 855.65569136334204, "1978": 1039.1149826873841, "1979": 1157.0013980538311, "1980": 1237.8021676822909, "1981": 985.50754790740837, "1982": 849.47970539104483, "1983": 737.44996869541899, "1984": 708.94025219994455, "1985": 694.95169146692285, "1986": 877.15495675136265, "1987": 929.61136295451365, "1988": 909.53418215868896, "1989": 832.55983795825864, "1990": 885.64784221492755, "1991": 827.24188916698483, "1992": 844.90222380673833, "1993": 804.14965721125225, "1994": 581.88846857740521, "1995": 740.47309991329996, "1996": 1170.236220496656, "1997": 1124.656748679274, "1998": 1177.371338153418, "1999": 1096.1352058757179, "2000": 936.63654134879835, "2001": 924.72729496206637, "2002": 967.8158644159912, "2003": 1111.1713508788689, "2004": 1199.8252452854631, "2005": 1197.746169794149, "2006": 1230.4305683858361, "2007": 1367.5381772232611, "2008": 1583.970667013718, "2009": 1540.4539356959599, "2010": 1553.548870481432, "2011": 1596.628265659979, "2012": 1546.9460184731031, "2013": 1786.158620313236, "2014": 1991.365394234042, "2015": 1814.718550880167, "2016": 1862.595970812868, "2017": 1964.299303383425, "2018": 2130.8661938114369, "2019": 2141.7683617011471, "2020": 2179.729348329347, "2021": 2455.981276264883, "2022": 2333.371283344773, "2023": 2554.673048855765, "2024": 2709.8951164125228 }, "geometry": { "type": "Polygon", "coordinates": [ [ [ -2.856125, 4.994476 ], [ -3.311084, 4.984296 ], [ -4.00882, 5.179813 ], [ -4.649917, 5.168264 ], [ -5.834496, 4.993701 ], [ -6.528769, 4.705088 ], [ -7.518941, 4.338288 ], [ -7.712159, 4.364566 ], [ -7.635368, 5.188159 ], [ -7.539715, 5.313345 ], [ -7.570153, 5.707352 ], [ -7.993693, 6.12619 ], [ -8.311348, 6.193033 ], [ -8.60288, 6.467564 ], [ -8.385452, 6.911801 ], [ -8.485446, 7.395208 ], [ -8.439298, 7.686043 ], [ -8.280703, 7.68718 ], [ -8.221792, 8.123329 ], [ -8.299049, 8.316444 ], [ -8.203499, 8.455453 ], [ -7.8321, 8.575704 ], [ -8.079114, 9.376224 ], [ -8.309616, 9.789532 ], [ -8.229337, 10.12902 ], [ -8.029944, 10.206535 ], [ -7.89959, 10.297382 ], [ -7.622759, 10.147236 ], [ -6.850507, 10.138994 ], [ -6.666461, 10.430811 ], [ -6.493965, 10.411303 ], [ -6.205223, 10.524061 ], [ -6.050452, 10.096361 ], [ -5.816926, 10.222555 ], [ -5.404342, 10.370737 ], [ -4.954653, 10.152714 ], [ -4.779884, 9.821985 ], [ -4.330247, 9.610835 ], [ -3.980449, 9.862344 ], [ -3.511899, 9.900326 ], [ -2.827496, 9.642461 ], [ -2.56219, 8.219628 ], [ -2.983585, 7.379705 ], [ -3.24437, 6.250472 ], [ -2.810701, 5.389051 ], [ -2.856125, 4.994476 ] ] ] } },
{ "type": "Feature", "properties": { "name": "Cameroon", "iso3": "CMR", "name_with_flag": "🇨🇲 Cameroon", "1960": 119.0539411557705, "1961": 124.5931655633315, "1962": 130.0425698736565, "1963": 131.6420146754389, "1964": 139.22810958771771, "1965": 142.70430756599501, "1966": 145.80598283154021, "1967": 156.62129069106231, "1968": 170.78266650746471, "1969": 175.15049643443169, "1970": 178.4889829613052, "1971": 186.72482040877699, "1972": 220.10872096065191, "1973": 271.75729005308511, "1974": 299.90833949479139, "1975": 386.23645027508792, "1976": 381.42991526625173, "1977": 435.40865627478638, "1978": 581.98933603221542, "1979": 718.35690203031857, "1980": 784.11622711812242, "1981": 749.84754130458566, "1982": 732.25071974389209, "1983": 745.51318949152665, "1984": 771.70214602635747, "1985": 875.33772169368569, "1986": 1178.5937495043929, "1987": 1258.314127662075, "1988": 1145.1655599241601, "1989": 1000.892613163855, "1990": 1086.7170093708121, "1991": 1014.828972929989, "1992": 1005.44897647465, "1993": 1309.9362997550591, "1994": 700.70950185009031, "1995": 832.00667448768877, "1996": 826.9653223273632, "1997": 783.25160194546186, "1998": 798.74562140667661, "1999": 796.26264978459051, "2000": 708.56573162596533, "2001": 715.47029647058537, "2002": 789.6238110725543, "2003": 988.24127679184619, "2004": 1133.3932674967291, "2005": 1142.6246625210581, "2006": 1191.4545899096829, "2007": 1325.672482159333, "2008": 1492.1426980145291, "2009": 1461.389992323366, "2010": 1398.5870202504709, "2011": 1513.960569948782, "2012": 1449.098743622792, "2013": 1575.928821188968, "2014": 1649.4433905948961, "2015": 1415.000097105685, "2016": 1441.7201725688019, "2017": 1496.0895177124221, "2018": 1610.696415910171, "2019": 1555.226604764774, "2020": 1555.6037066074859, "2021": 1672.326573408722, "2022": 1604.877269548947, "2023": 1736.860910735242, "2024": 1762.3683508844031 }, "geometry": { "type": "Polygon", "coordinates": [ [ [ 13.075822, 2.267097 ], [ 12.951334, 2.321616 ], [ 12.35938, 2.192812 ], [ 11.751665, 2.326758 ], [ 11.276449, 2.261051 ], [ 9.649158, 2.283866 ], [ 9.795196, 3.073404 ], [ 9.404367, 3.734527 ], [ 8.948116, 3.904129 ], [ 8.744924, 4.352215 ], [ 8.488816, 4.495617 ], [ 8.500288, 4.771983 ], [ 8.757533, 5.479666 ], [ 9.233163, 6.444491 ], [ 9.522706, 6.453482 ], [ 10.118277, 7.03877 ], [ 10.497375, 7.055358 ], [ 11.058788, 6.644427 ], [ 11.745774, 6.981383 ], [ 11.839309, 7.397042 ], [ 12.063946, 7.799808 ], [ 12.218872, 8.305824 ], [ 12.753672, 8.717763 ], [ 12.955468, 9.417772 ], [ 13.1676, 9.640626 ], [ 13.308676, 10.160362 ], [ 13.57295, 10.798566 ], [ 14.415379, 11.572369 ], [ 14.468192, 11.904752 ], [ 14.577178, 12.085361 ], [ 14.181336, 12.483657 ], [ 14.213531, 12.802035 ], [ 14.495787, 12.859396 ], [ 14.893386, 12.219048 ], [ 14.960152, 11.555574 ], [ 14.923565, 10.891325 ], [ 15.467873, 9.982337 ], [ 14.909354, 9.992129 ], [ 14.627201, 9.920919 ], [ 14.171466, 10.021378 ], [ 13.954218, 9.549495 ], [ 14.544467, 8.965861 ], [ 14.979996, 8.796104 ], [ 15.120866, 8.38215 ], [ 15.436092, 7.692812 ], [ 15.27946, 7.421925 ], [ 14.776545, 6.408498 ], [ 14.53656, 6.226959 ], [ 14.459407, 5.451761 ], [ 14.558936, 5.030598 ], [ 14.478372, 4.732605 ], [ 14.950953, 4.210389 ], [ 15.03622, 3.851367 ], [ 15.405396, 3.335301 ], [ 15.862732, 3.013537 ], [ 15.907381, 2.557389 ], [ 16.012852, 2.26764 ], [ 15.940919, 1.727673 ], [ 15.146342, 1.964015 ], [ 14.337813, 2.227875 ], [ 13.075822, 2.267097 ] ] ] } },
{ "type": "Feature", "properties": { "name": "Democratic Republic of the Congo", "iso3": "COD", "name_with_flag": "🇨🇩 Democratic Republic of the Congo", "1960": 220.07455022127701, "1961": 197.08039516505329, "1962": 235.12729060112181, "1963": 376.38337002093749, "1964": 169.94925976522151, "1965": 232.03739738274621, "1966": 252.7703618399438, "1967": 183.2910864547886, "1968": 205.64599578313451, "1969": 257.14463672440161, "1970": 242.21975976383689, "1971": 270.33662902824449, "1972": 290.51180332608942, "1973": 360.5625916046377, "1974": 428.07495449329451, "1975": 444.69389946435211, "1976": 408.42239095402988, "1977": 509.48836868142268, "1978": 615.0841953177719, "1979": 582.08943221935715, "1980": 538.91183941419638, "1981": 455.91222703357448, "1982": 481.74097820529988, "1983": 376.28547991558918, "1984": 259.80188954373853, "1985": 230.1322552484269, "1986": 250.90091404427511, "1987": 230.08641583449861, "1988": 257.72515174880641, "1989": 254.2310379051539, "1990": 254.87265629250871, "1991": 253.79642770808991, "1992": 209.72654879441691, "1993": 263.33558284107392, "1994": 136.5425476706765, "1995": 127.00807873466761, "1996": 127.41613282829231, "1997": 132.32352076855281, "1998": 131.46133885801899, "1999": 96.319224347928625, "2000": 377.92542148139478, "2001": 142.6781426044121, "2002": 162.38052907429019, "2003": 161.49155352439581, "2004": 180.66476496363271, "2005": 203.56166886074939, "2006": 238.4176394155117, "2007": 267.88850879877998, "2008": 307.31963860674551, "2009": 280.79805152649828, "2010": 314.53858629843978, "2011": 364.71419177763192, "2012": 400.05990182434181, "2013": 431.19152816093498, "2014": 458.00454177567639, "2015": 467.91458054590009, "2016": 442.31047211022758, "2017": 436.58453468738492, "2018": 528.25601977789847, "2019": 557.04416133591735, "2020": 507.52123007787219, "2021": 558.03407729635796, "2022": 642.61226714891802, "2023": 633.39566168629779, "2024": 647.43570483600195 }, "geometry": { "type": "Polygon", "coordinates": [ [ [ 30.83386, 3.509166 ], [ 30.773347, 2.339883 ], [ 31.174149, 2.204465 ], [ 30.85267, 1.849396 ], [ 30.468508, 1.583805 ], [ 30.086154, 1.062313 ], [ 29.875779, 0.59738 ], [ 29.819503, -0.20531 ], [ 29.587838, -0.587406 ], [ 29.579466, -1.341313 ], [ 29.291887, -1.620056 ], [ 29.254835, -2.21511 ], [ 29.117479, -2.292211 ], [ 29.024926, -2.839258 ], [ 29.276384, -3.293907 ], [ 29.339998, -4.499983 ], [ 29.519987, -5.419979 ], [ 29.419993, -5.939999 ], [ 29.620032, -6.520015 ], [ 30.199997, -7.079981 ], [ 30.740015, -8.340007 ], [ 30.346086, -8.238257 ], [ 29.002912, -8.407032 ], [ 28.734867, -8.526559 ], [ 28.449871, -9.164918 ], [ 28.673682, -9.605925 ], [ 28.49607, -10.789884 ], [ 28.372253, -11.793647 ], [ 28.642417, -11.971569 ], [ 29.341548, -12.360744 ], [ 29.616001, -12.178895 ], [ 29.699614, -13.257227 ], [ 28.934286, -13.248958 ], [ 28.523562, -12.698604 ], [ 28.155109, -12.272481 ], [ 27.388799, -12.132747 ], [ 27.16442, -11.608748 ], [ 26.553088, -11.92444 ], [ 25.75231, -11.784965 ], [ 25.418118, -11.330936 ], [ 24.78317, -11.238694 ], [ 24.314516, -11.262826 ], [ 24.257155, -10.951993 ], [ 23.912215, -10.926826 ], [ 23.456791, -10.867863 ], [ 22.837345, -11.017622 ], [ 22.402798, -10.993075 ], [ 22.155268, -11.084801 ], [ 22.208753, -9.894796 ], [ 21.875182, -9.523708 ], [ 21.801801, -8.908707 ], [ 21.949131, -8.305901 ], [ 21.746456, -7.920085 ], [ 21.728111, -7.290872 ], [ 20.514748, -7.299606 ], [ 20.601823, -6.939318 ], [ 20.091622, -6.94309 ], [ 20.037723, -7.116361 ], [ 19.417502, -7.155429 ], [ 19.166613, -7.738184 ], [ 19.016752, -7.988246 ], [ 18.464176, -7.847014 ], [ 18.134222, -7.987678 ], [ 17.47297, -8.068551 ], [ 17.089996, -7.545689 ], [ 16.860191, -7.222298 ], [ 16.57318, -6.622645 ], [ 16.326528, -5.87747 ], [ 13.375597, -5.864241 ], [ 13.024869, -5.984389 ], [ 12.735171, -5.965682 ], [ 12.322432, -6.100092 ], [ 12.182337, -5.789931 ], [ 12.436688, -5.684304 ], [ 12.468004, -5.248362 ], [ 12.631612, -4.991271 ], [ 12.995517, -4.781103 ], [ 13.25824, -4.882957 ], [ 13.600235, -4.500138 ], [ 14.144956, -4.510009 ], [ 14.209035, -4.793092 ], [ 14.582604, -4.970239 ], [ 15.170992, -4.343507 ], [ 15.75354, -3.855165 ], [ 16.00629, -3.535133 ], [ 15.972803, -2.712392 ], [ 16.407092, -1.740927 ], [ 16.865307, -1.225816 ], [ 17.523716, -0.74383 ], [ 17.638645, -0.424832 ], [ 17.663553, -0.058084 ], [ 17.82654, 0.288923 ], [ 17.774192, 0.855659 ], [ 17.898835, 1.741832 ], [ 18.094276, 2.365722 ], [ 18.393792, 2.900443 ], [ 18.453065, 3.504386 ], [ 18.542982, 4.201785 ], [ 18.932312, 4.709506 ], [ 19.467784, 5.031528 ], [ 20.290679, 4.691678 ], [ 20.927591, 4.322786 ], [ 21.659123, 4.224342 ], [ 22.405124, 4.02916 ], [ 22.704124, 4.633051 ], [ 22.84148, 4.710126 ], [ 23.297214, 4.609693 ], [ 24.410531, 5.108784 ], [ 24.805029, 4.897247 ], [ 25.128833, 4.927245 ], [ 25.278798, 5.170408 ], [ 25.650455, 5.256088 ], [ 26.402761, 5.150875 ], [ 27.044065, 5.127853 ], [ 27.374226, 5.233944 ], [ 27.979977, 4.408413 ], [ 28.428994, 4.287155 ], [ 28.696678, 4.455077 ], [ 29.159078, 4.389267 ], [ 29.715995, 4.600805 ], [ 29.9535, 4.173699 ], [ 30.83386, 3.509166 ] ] ] } },
{ "type": "Feature", "properties": { "name": "Republic of the Congo", "iso3": "COG", "name_with_flag": "🇨🇬 Republic of the Congo", "1960": 124.6596703639305, "1961": 139.87207443670309, "1962": 149.5912499384583, "1963": 150.6507519773302, "1964": 158.06196451634409, "1965": 164.18689276163551, "1966": 177.55134424699929, "1967": 185.65660361651859, "1968": 190.84225732064979, "1969": 195.4310235773772, "1970": 196.73241560780039, "1971": 223.5387237648977, "1972": 276.27184954657491, "1973": 353.38099382558511, "1974": 369.94518392769578, "1975": 471.47362820151471, "1976": 452.57814715559789, "1977": 448.13678242187513, "1978": 502.70425144380459, "1979": 670.24522311651083, "1980": 932.64671547045759, "1981": 1066.186777346124, "1982": 1130.9708100063369, "1983": 1075.3482579281369, "1984": 1097.0495863738779, "1985": 1049.3182137286451, "1986": 872.0486976353144, "1987": 1052.3389354250289, "1988": 984.37628583824562, "1989": 1032.864974901596, "1990": 1175.667090984281, "1991": 1112.535212429447, "1992": 1164.2244298029159, "1993": 1034.372008098157, "1994": 661.90427368971211, "1995": 769.60679484282912, "1996": 898.79405015157727, "1997": 804.30405008649939, "1998": 660.37977508578365, "1999": 776.41634973393695, "2000": 1024.301591091807, "2001": 854.59831440809478, "2002": 905.53813554470435, "2003": 1016.823634121433, "2004": 1306.101363245994, "2005": 1799.0515836615409, "2006": 2103.5821381210981, "2007": 2206.471018634139, "2008": 2832.091777776433, "2009": 2271.1521917596651, "2010": 2946.5579806770779, "2011": 3396.1650581795202, "2012": 3732.3273732038911, "2013": 3697.417058842495, "2014": 3601.2365808717959, "2015": 2439.3518940369559, "2016": 2093.1072855884281, "2017": 2211.633098747971, "2018": 2694.4341319142682, "2019": 2488.4246672491581, "2020": 1993.586671931002, "2021": 2516.1625514543161, "2022": 2620.838043047127, "2023": 2477.9784547709219, "2024": 2482.2489474349481 }, "geometry": { "type": "Polygon", "coordinates": [ [ [ 12.995517, -4.781103 ], [ 12.62076, -4.438023 ], [ 12.318608, -4.60623 ], [ 11.914963, -5.037987 ], [ 11.093773, -3.978827 ], [ 11.855122, -3.426871 ], [ 11.478039, -2.765619 ], [ 11.820964, -2.514161 ], [ 12.495703, -2.391688 ], [ 12.575284, -1.948511 ], [ 13.109619, -2.42874 ], [ 13.992407, -2.470805 ], [ 14.29921, -1.998276 ], [ 14.425456, -1.333407 ], [ 14.316418, -0.552627 ], [ 13.843321, 0.038758 ], [ 14.276266, 1.19693 ], [ 14.026669, 1.395677 ], [ 13.282631, 1.314184 ], [ 13.003114, 1.830896 ], [ 13.075822, 2.267097 ], [ 14.337813, 2.227875 ], [ 15.146342, 1.964015 ], [ 15.940919, 1.727673 ], [ 16.012852, 2.26764 ], [ 16.537058, 3.198255 ], [ 17.133042, 3.728197 ], [ 17.8099, 3.560196 ], [ 18.453065, 3.504386 ], [ 18.393792, 2.900443 ], [ 18.094276, 2.365722 ], [ 17.898835, 1.741832 ], [ 17.774192, 0.855659 ], [ 17.82654, 0.288923 ], [ 17.663553, -0.058084 ], [ 17.638645, -0.424832 ], [ 17.523716, -0.74383 ], [ 16.865307, -1.225816 ], [ 16.407092, -1.740927 ], [ 15.972803, -2.712392 ], [ 16.00629, -3.535133 ], [ 15.75354, -3.855165 ], [ 15.170992, -4.343507 ], [ 14.582604, -4.970239 ], [ 14.209035, -4.793092 ], [ 14.144956, -4.510009 ], [ 13.600235, -4.500138 ], [ 13.25824, -4.882957 ], [ 12.995517, -4.781103 ] ] ] } },
{ "type": "Feature", "properties": { "name": "Colombia", "iso3": "COL", "name_with_flag": "🇨🇴 Colombia", "1960": 258.30443361607138, "1961": 282.09944050994761, "1962": 298.54386174132139, "1963": 282.58833030274218, "1964": 338.67593529836478, "1965": 317.06456335151842, "1966": 290.25338595813167, "1967": 302.83250782413347, "1968": 301.52650278424892, "1969": 317.86879805536739, "1970": 345.87910156847067, "1971": 366.82516794036388, "1972": 397.41211740514052, "1973": 462.0643757340589, "1974": 541.74990158709113, "1975": 561.09803610058361, "1976": 643.00791449656583, "1977": 798.20302163887288, "1978": 932.39269505862399, "1979": 1095.031383916398, "1980": 1279.501166582407, "1981": 1362.1833252005799, "1982": 1425.3993677137071, "1983": 1383.792460536803, "1984": 1335.5282181236159, "1985": 1192.2187747937651, "1986": 1169.462120693923, "1987": 1192.588286381816, "1988": 1259.6174112077999, "1989": 1244.3269459081041, "1990": 1474.8455285341979, "1991": 1499.711041643988, "1992": 1729.663973323841, "1993": 1930.059765480293, "1994": 2325.9755733932639, "1995": 2583.3499143601771, "1996": 2664.4562555821458, "1997": 2873.2001882165341, "1998": 2605.9993805902332, "1999": 2243.6420495624188, "2000": 2555.0075103996801, "2001": 2472.990840358334, "2002": 2428.9296977158451, "2003": 2311.9421876029069, "2004": 2818.571954130442, "2005": 3456.066108745124, "2006": 3789.8536121702709, "2007": 4769.9261471940026, "2008": 5541.8362966589784, "2009": 5250.9729243351767, "2010": 6398.2958447102037, "2011": 7400.9940695668993, "2012": 8108.5983824422929, "2013": 8279.102556429807, "2014": 8187.2082489008444, "2015": 6248.5149053451223, "2016": 5959.8425036757444, "2017": 6479.5323129242861, "2018": 6816.9681830954387, "2019": 6472.545449247049, "2020": 5339.6871135794336, "2021": 6222.621643976142, "2022": 6680.4450685448091, "2023": 7000.8366050104623, "2024": 7913.9880146454652 }, "geometry": { "type": "Polygon", "coordinates": [ [ [ -75.373223, -0.152032 ], [ -75.801466, 0.084801 ], [ -76.292314, 0.416047 ], [ -76.57638, 0.256936 ], [ -77.424984, 0.395687 ], [ -77.668613, 0.825893 ], [ -77.855061, 0.809925 ], [ -78.855259, 1.380924 ], [ -78.990935, 1.69137 ], [ -78.617831, 1.766404 ], [ -78.662118, 2.267355 ], [ -78.42761, 2.629556 ], [ -77.931543, 2.696606 ], [ -77.510431, 3.325017 ], [ -77.12769, 3.849636 ], [ -77.496272, 4.087606 ], [ -77.307601, 4.667984 ], [ -77.533221, 5.582812 ], [ -77.318815, 5.845354 ], [ -77.476661, 6.691116 ], [ -77.881571, 7.223771 ], [ -77.753414, 7.70984 ], [ -77.431108, 7.638061 ], [ -77.242566, 7.935278 ], [ -77.474723, 8.524286 ], [ -77.353361, 8.670505 ], [ -76.836674, 8.638749 ], [ -76.086384, 9.336821 ], [ -75.6746, 9.443248 ], [ -75.664704, 9.774003 ], [ -75.480426, 10.61899 ], [ -74.906895, 11.083045 ], [ -74.276753, 11.102036 ], [ -74.197223, 11.310473 ], [ -73.414764, 11.227015 ], [ -72.627835, 11.731972 ], [ -72.238195, 11.95555 ], [ -71.75409, 12.437303 ], [ -71.399822, 12.376041 ], [ -71.137461, 12.112982 ], [ -71.331584, 11.776284 ], [ -71.973922, 11.608672 ], [ -72.227575, 11.108702 ], [ -72.614658, 10.821975 ], [ -72.905286, 10.450344 ], [ -73.027604, 9.73677 ], [ -73.304952, 9.152 ], [ -72.78873, 9.085027 ], [ -72.660495, 8.625288 ], [ -72.439862, 8.405275 ], [ -72.360901, 8.002638 ], [ -72.479679, 7.632506 ], [ -72.444487, 7.423785 ], [ -72.198352, 7.340431 ], [ -71.960176, 6.991615 ], [ -70.674234, 7.087785 ], [ -70.093313, 6.960376 ], [ -69.38948, 6.099861 ], [ -68.985319, 6.206805 ], [ -68.265052, 6.153268 ], [ -67.695087, 6.267318 ], [ -67.34144, 6.095468 ], [ -67.521532, 5.55687 ], [ -67.744697, 5.221129 ], [ -67.823012, 4.503937 ], [ -67.621836, 3.839482 ], [ -67.337564, 3.542342 ], [ -67.303173, 3.318454 ], [ -67.809938, 2.820655 ], [ -67.447092, 2.600281 ], [ -67.181294, 2.250638 ], [ -66.876326, 1.253361 ], [ -67.065048, 1.130112 ], [ -67.259998, 1.719999 ], [ -67.53781, 2.037163 ], [ -67.868565, 1.692455 ], [ -69.816973, 1.714805 ], [ -69.804597, 1.089081 ], [ -69.218638, 0.985677 ], [ -69.252434, 0.602651 ], [ -69.452396, 0.706159 ], [ -70.015566, 0.541414 ], [ -70.020656, -0.185156 ], [ -69.577065, -0.549992 ], [ -69.420486, -1.122619 ], [ -69.444102, -1.556287 ], [ -69.893635, -4.298187 ], [ -70.394044, -3.766591 ], [ -70.692682, -3.742872 ], [ -70.047709, -2.725156 ], [ -70.813476, -2.256865 ], [ -71.413646, -2.342802 ], [ -71.774761, -2.16979 ], [ -72.325787, -2.434218 ], [ -73.070392, -2.308954 ], [ -73.659504, -1.260491 ], [ -74.122395, -1.002833 ], [ -74.441601, -0.53082 ], [ -75.106625, -0.057205 ], [ -75.373223, -0.152032 ] ] ] } },
{ "type": "Feature", "properties": { "name": "Costa Rica", "iso3": "CRI", "name_with_flag": "🇨🇷 Costa Rica", "1960": 382.30912183151952, "1961": 355.84444787380602, "1962": 335.22158904225489, "1963": 345.50536905271088, "1964": 353.71089679170109, "1965": 373.83569006344118, "1966": 395.15249847305029, "1967": 413.99650603627452, "1968": 444.80525686995441, "1969": 477.08134674224942, "1970": 535.53967972497662, "1971": 570.36022953442614, "1972": 638.85101161145576, "1973": 768.9447174127755, "1974": 817.07669141038934, "1975": 936.99319668698797, "1976": 1123.281791242616, "1977": 1393.3751376222369, "1978": 1555.837161152582, "1979": 1734.5956024829411, "1980": 2020.990675342832, "1981": 1068.046722322023, "1982": 1032.4054816749569, "1983": 1212.557652967912, "1984": 1372.20149843952, "1985": 1429.378364151218, "1986": 1568.564096955201, "1987": 1567.032051090101, "1988": 1554.7404852201839, "1989": 1725.139361559073, "1990": 1829.6687089559, "1991": 2253.3819150807099, "1992": 2612.3875645373691, "1993": 2840.3870647939739, "1994": 3039.5632855063318, "1995": 3275.2525644741609, "1996": 3226.963955986253, "1997": 3407.7761289850032, "1998": 3617.457566667264, "1999": 3690.9615477829698, "2000": 3812.7538828492388, "2001": 3985.1298450620711, "2002": 4067.7185142909238, "2003": 4173.1485641551426, "2004": 4431.0117207843041, "2005": 4703.0072178477794, "2006": 5256.5964085915894, "2007": 6137.7119992554244, "2008": 6937.2426159605548, "2009": 6832.6982992413796, "2010": 8265.7882027589858, "2011": 9276.3910751052754, "2012": 10126.99910241396, "2013": 10803.24019619723, "2014": 10911.497878322731, "2015": 11714.71059808035, "2016": 12091.03016063352, "2017": 12317.09027713224, "2018": 12590.249378162811, "2019": 12884.68599519475, "2020": 12394.049396935399, "2021": 12838.118535900911, "2022": 13625.90084914784, "2023": 16942.02681193038, "2024": 18587.153220361361 }, "geometry": { "type": "Polygon", "coordinates": [ [ [ -82.965783, 8.225028 ], [ -83.508437, 8.446927 ], [ -83.711474, 8.656836 ], [ -83.596313, 8.830443 ], [ -83.632642, 9.051386 ], [ -83.909886, 9.290803 ], [ -84.303402, 9.487354 ], [ -84.647644, 9.615537 ], [ -84.713351, 9.908052 ], [ -84.97566, 10.086723 ], [ -84.911375, 9.795992 ], [ -85.110923, 9.55704 ], [ -85.339488, 9.834542 ], [ -85.660787, 9.933347 ], [ -85.797445, 10.134886 ], [ -85.791709, 10.439337 ], [ -85.659314, 10.754331 ], [ -85.941725, 10.895278 ], [ -85.71254, 11.088445 ], [ -85.561852, 11.217119 ], [ -84.903003, 10.952303 ], [ -84.673069, 11.082657 ], [ -84.355931, 10.999226 ], [ -84.190179, 10.79345 ], [ -83.895054, 10.726839 ], [ -83.655612, 10.938764 ], [ -83.40232, 10.395438 ], [ -83.015677, 9.992982 ], [ -82.546196, 9.566135 ], [ -82.932891, 9.476812 ], [ -82.927155, 9.07433 ], [ -82.719183, 8.925709 ], [ -82.868657, 8.807266 ], [ -82.829771, 8.626295 ], [ -82.913176, 8.423517 ], [ -82.965783, 8.225028 ] ] ] } },
{ "type": "Feature", "properties": { "name": "Cuba", "iso3": "CUB", "name_with_flag": "🇨🇺 Cuba", "1960": null, "1961": null, "1962": null, "1963": null, "1964": null, "1965": null, "1966": null, "1967": null, "1968": null, "1969": null, "1970": 645.14491779707635, "1971": 770.08496968232282, "1972": 891.63174920878078, "1973": 1079.1308152645629, "1974": 1216.7414821188329, "1975": 1374.2396398274, "1976": 1440.7304613714559, "1977": 1472.378817166174, "1978": 1837.3910700676199, "1979": 2005.9132631837349, "1980": 2030.933622801648, "1981": 2045.8523122799891, "1982": 2113.8085887454781, "1983": 2222.4885124133912, "1984": 2386.4459506685398, "1985": 2256.5694866849472, "1986": 2364.895597893069, "1987": 2439.5840033239251, "1988": 2632.0417683915839, "1989": 2565.5411790934409, "1990": 2694.3169795769222, "1991": 2268.8349324719361, "1992": 2047.679003464207, "1993": 2063.203662535866, "1994": 2613.2897186912242, "1995": 2785.244429541026, "1996": 2282.188093242024, "1997": 2306.4248339733631, "1998": 2332.3065613311878, "1999": 2561.779804068377, "2000": 2751.3817714814031, "2001": 2842.9670431039399, "2002": 3005.2110424786829, "2003": 3202.7810986563668, "2004": 3399.2196289340209, "2005": 3786.337992252912, "2006": 4329.9826596438306, "2007": 4807.4388896068394, "2008": 4986.1243647917499, "2009": 5089.2351975716683, "2010": 5272.2675582483535, "2011": 6104.4610523616584, "2012": 6470.8367339265296, "2013": 6828.3642824539593, "2014": 7146.7045905132791, "2015": 7727.9199720799834, "2016": 8110.5587396139699, "2017": 8610.6082953199766, "2018": 8911.4620596419318, "2019": 9232.2611593518286, "2020": 9605.2612506726236, "2021": null, "2022": null, "2023": null, "2024": null }, "geometry": { "type": "Polygon", "coordinates": [ [ [ -82.268151, 23.188611 ], [ -81.404457, 23.117271 ], [ -80.618769, 23.10598 ], [ -79.679524, 22.765303 ], [ -79.281486, 22.399202 ], [ -78.347434, 22.512166 ], [ -77.993296, 22.277194 ], [ -77.146422, 21.657851 ], [ -76.523825, 21.20682 ], [ -76.19462, 21.220565 ], [ -75.598222, 21.016624 ], [ -75.67106, 20.735091 ], [ -74.933896, 20.693905 ], [ -74.178025, 20.284628 ], [ -74.296648, 20.050379 ], [ -74.961595, 19.923435 ], [ -75.63468, 19.873774 ], [ -76.323656, 19.952891 ], [ -77.755481, 19.855481 ], [ -77.085108, 20.413354 ], [ -77.492655, 20.673105 ], [ -78.137292, 20.739949 ], [ -78.482827, 21.028613 ], [ -78.719867, 21.598114 ], [ -79.285, 21.559175 ], [ -80.217475, 21.827324 ], [ -80.517535, 22.037079 ], [ -81.820943, 22.192057 ], [ -82.169992, 22.387109 ], [ -81.795002, 22.636965 ], [ -82.775898, 22.68815 ], [ -83.494459, 22.168518 ], [ -83.9088, 22.154565 ], [ -84.052151, 21.910575 ], [ -84.54703, 21.801228 ], [ -84.974911, 21.896028 ], [ -84.447062, 22.20495 ], [ -84.230357, 22.565755 ], [ -83.77824, 22.788118 ], [ -83.267548, 22.983042 ], [ -82.510436, 23.078747 ], [ -82.268151, 23.188611 ] ] ] } },
{ "type": "Feature", "properties": { "name": "Northern Cyprus", "iso3": "CYP", "name_with_flag": "🇨🇾 Northern Cyprus", "1960": null, "1961": null, "1962": null, "1963": null, "1964": null, "1965": null, "1966": null, "1967": null, "1968": null, "1969": null, "1970": null, "1971": null, "1972": null, "1973": null, "1974": null, "1975": 976.32989501953102, "1976": 1157.41162109375, "1977": 1476.24755859375, "1978": 1929.39929199219, "1979": 2559.22900390625, "1980": 4232.02294921875, "1981": 4033.24047851563, "1982": 4122.78466796875, "1983": 4091.04858398438, "1984": 4258.74365234375, "1985": 4488.287109375, "1986": 5642.63134765625, "1987": 6690.578125, "1988": 7645.6298828125, "1989": 8038.9140625, "1990": 9641.5751953125, "1991": 9696.099609375, "1992": 11310.072265625, "1993": 10526.1416015625, "1994": 11617.6923828125, "1995": 15261.4169921875, "1996": 15139.220703125, "1997": 14234.2412109375, "1998": 15092.828125, "1999": 15287.91796875, "2000": 14388.3525390625, "2001": 14821.44921875, "2002": 16093.2158203125, "2003": 20252.24609375, "2004": 23792.619140625, "2005": 24959.26171875, "2006": 26729.28125, "2007": 31244.87890625, "2008": 35397.296875, "2009": 32236.44921875, "2010": 31105.02734375, "2011": 32485.796875, "2012": 28991.935546875, "2013": 27797.45703125, "2014": 27244.3515625, "2015": 23487.228515625, "2016": 24715.154296875, "2017": 26696.990234375, "2018": 29599.986328125, "2019": 29703.052734375, "2020": 28649.015625, "2021": 33734.03515625, "2022": 33894.44921875, "2023": 36551.41796875, "2024": 38654.16796875 }, "geometry": { "type": "Polygon", "coordinates": [ [ [ 32.73178, 35.140026 ], [ 32.802474, 35.145504 ], [ 32.946961, 35.386703 ], [ 33.667227, 35.373216 ], [ 34.576474, 35.671596 ], [ 33.900804, 35.245756 ], [ 33.973617, 35.058506 ], [ 33.86644, 35.093595 ], [ 33.675392, 35.017863 ], [ 33.525685, 35.038688 ], [ 33.475817, 35.000345 ], [ 33.455922, 35.101424 ], [ 33.383833, 35.162712 ], [ 33.190977, 35.173125 ], [ 32.919572, 35.087833 ], [ 32.73178, 35.140026 ] ] ] } },
{ "type": "Feature", "properties": { "name": "Cyprus", "iso3": "CYP", "name_with_flag": "🇨🇾 Cyprus", "1960": null, "1961": null, "1962": null, "1963": null, "1964": null, "1965": null, "1966": null, "1967": null, "1968": null, "1969": null, "1970": null, "1971": null, "1972": null, "1973": null, "1974": null, "1975": 976.32989501953102, "1976": 1157.41162109375, "1977": 1476.24755859375, "1978": 1929.39929199219, "1979": 2559.22900390625, "1980": 4232.02294921875, "1981": 4033.24047851563, "1982": 4122.78466796875, "1983": 4091.04858398438, "1984": 4258.74365234375, "1985": 4488.287109375, "1986": 5642.63134765625, "1987": 6690.578125, "1988": 7645.6298828125, "1989": 8038.9140625, "1990": 9641.5751953125, "1991": 9696.099609375, "1992": 11310.072265625, "1993": 10526.1416015625, "1994": 11617.6923828125, "1995": 15261.4169921875, "1996": 15139.220703125, "1997": 14234.2412109375, "1998": 15092.828125, "1999": 15287.91796875, "2000": 14388.3525390625, "2001": 14821.44921875, "2002": 16093.2158203125, "2003": 20252.24609375, "2004": 23792.619140625, "2005": 24959.26171875, "2006": 26729.28125, "2007": 31244.87890625, "2008": 35397.296875, "2009": 32236.44921875, "2010": 31105.02734375, "2011": 32485.796875, "2012": 28991.935546875, "2013": 27797.45703125, "2014": 27244.3515625, "2015": 23487.228515625, "2016": 24715.154296875, "2017": 26696.990234375, "2018": 29599.986328125, "2019": 29703.052734375, "2020": 28649.015625, "2021": 33734.03515625, "2022": 33894.44921875, "2023": 36551.41796875, "2024": 38654.16796875 }, "geometry": { "type": "Polygon", "coordinates": [ [ [ 33.973617, 35.058506 ], [ 34.004881, 34.978098 ], [ 32.979827, 34.571869 ], [ 32.490296, 34.701655 ], [ 32.256667, 35.103232 ], [ 32.73178, 35.140026 ], [ 32.919572, 35.087833 ], [ 33.190977, 35.173125 ], [ 33.383833, 35.162712 ], [ 33.455922, 35.101424 ], [ 33.475817, 35.000345 ], [ 33.525685, 35.038688 ], [ 33.675392, 35.017863 ], [ 33.86644, 35.093595 ], [ 33.973617, 35.058506 ] ] ] } },
{ "type": "Feature", "properties": { "name": "Czech Republic", "iso3": "CZE", "name_with_flag": "🇨🇿 Czech Republic", "1960": null, "1961": null, "1962": null, "1963": null, "1964": null, "1965": null, "1966": null, "1967": null, "1968": null, "1969": null, "1970": null, "1971": null, "1972": null, "1973": null, "1974": null, "1975": null, "1976": null, "1977": null, "1978": null, "1979": null, "1980": null, "1981": null, "1982": null, "1983": null, "1984": null, "1985": null, "1986": null, "1987": null, "1988": null, "1989": null, "1990": 3969.3673354379362, "1991": 2917.0865547432259, "1992": 3396.7097243046892, "1993": 3984.1463439878949, "1994": 4663.2866534546902, "1995": 5865.2946055672637, "1996": 6573.1964313636236, "1997": 6069.3876235783719, "1998": 6526.5963578095088, "1999": 6377.6211077224043, "2000": 6062.9215284279326, "2001": 6669.0749484749686, "2002": 8101.2601858811058, "2003": 9852.4567794580125, "2004": 11782.55466761165, "2005": 13442.491628430909, "2006": 15259.078816200419, "2007": 18452.653281219631, "2008": 22774.70450762051, "2009": 19817.421583655429, "2010": 20160.43550770589, "2011": 22049.10807886823, "2012": 20014.03540151647, "2013": 20260.495499937479, "2014": 20038.416318025691, "2015": 17931.598767076761, "2016": 18753.968671809569, "2017": 20913.197632212039, "2018": 23705.932981129881, "2019": 24062.71900133431, "2020": 23472.891545441671, "2021": 27696.46195275442, "2022": 28282.223671585671, "2023": 31591.056821635699, "2024": 31706.623422974259 }, "geometry": { "type": "Polygon", "coordinates": [ [ [ 16.960288, 48.596982 ], [ 16.499283, 48.785808 ], [ 16.029647, 48.733899 ], [ 15.253416, 49.039074 ], [ 14.901447, 48.964402 ], [ 14.338898, 48.555305 ], [ 13.595946, 48.877172 ], [ 13.031329, 49.307068 ], [ 12.521024, 49.547415 ], [ 12.415191, 49.969121 ], [ 12.240111, 50.266338 ], [ 12.966837, 50.484076 ], [ 13.338132, 50.733234 ], [ 14.056228, 50.926918 ], [ 14.307013, 51.117268 ], [ 14.570718, 51.002339 ], [ 15.016996, 51.106674 ], [ 15.490972, 50.78473 ], [ 16.238627, 50.697733 ], [ 16.176253, 50.422607 ], [ 16.719476, 50.215747 ], [ 16.868769, 50.473974 ], [ 17.554567, 50.362146 ], [ 17.649445, 50.049038 ], [ 18.392914, 49.988629 ], [ 18.853144, 49.49623 ], [ 18.554971, 49.495015 ], [ 18.399994, 49.315001 ], [ 18.170498, 49.271515 ], [ 18.104973, 49.043983 ], [ 17.913512, 48.996493 ], [ 17.886485, 48.903475 ], [ 17.545007, 48.800019 ], [ 17.101985, 48.816969 ], [ 16.960288, 48.596982 ] ] ] } },
{ "type": "Feature", "properties": { "name": "Germany", "iso3": "DEU", "name_with_flag": "🇩🇪 Germany", "1960": 1162.122668317347, "1961": 1315.9078783450359, "1962": 1430.520955162634, "1963": 1502.1545290514609, "1964": 1637.455227736717, "1965": 1774.198690455501, "1966": 1870.805402917744, "1967": 1885.615966078745, "1968": 2025.081594658528, "1969": 2281.2759821822929, "1970": 2771.2831051475418, "1971": 3203.8288483605129, "1972": 3823.9403260269551, "1973": 5065.2452330228316, "1974": 5659.7378777333579, "1975": 6259.2074449834172, "1976": 6659.1654657601703, "1977": 7711.1023202536462, "1978": 9516.7828322890728, "1979": 11322.35434438132, "1980": 12182.780019680249, "1981": 10246.476762318771, "1982": 9950.0592602536472, "1983": 9900.4855923352607, "1984": 9347.2906841237673, "1985": 9464.1169471085632, "1986": 13511.152002748629, "1987": 16738.61328255232, "1988": 17996.978350761859, "1989": 17829.460952470461, "1990": 22385.677825027491, "1991": 23443.33508185362, "1992": 26559.854387963151, "1993": 25616.65087724047, "1994": 27201.959355520401, "1995": 31747.24493984471, "1996": 30599.78910483628, "1997": 27046.956546423731, "1998": 27395.944060805079, "1999": 26965.492277372159, "2000": 23925.85599019911, "2001": 23878.364147165099, "2002": 25486.594200874752, "2003": 30711.102251133081, "2004": 34566.73591437353, "2005": 35084.436354626887, "2006": 36980.334994895376, "2007": 42350.921721148872, "2008": 46386.329592479953, "2009": 42487.213710149568, "2010": 42409.935699469359, "2011": 47646.582043142982, "2012": 44735.588231970141, "2013": 47220.010209885128, "2014": 48971.082472259943, "2015": 41911.010985105371, "2016": 42961.035690577497, "2017": 45526.599957653278, "2018": 48874.859502845356, "2019": 47623.865607482847, "2020": 47379.76519454801, "2021": 52265.654162057093, "2022": 49686.11545825826, "2023": 53940.407344746207, "2024": 55800.219454941223 }, "geometry": { "type": "Polygon", "coordinates": [ [ [ 9.921906, 54.983104 ], [ 9.93958, 54.596642 ], [ 10.950112, 54.363607 ], [ 10.939467, 54.008693 ], [ 11.956252, 54.196486 ], [ 12.51844, 54.470371 ], [ 13.647467, 54.075511 ], [ 14.119686, 53.757029 ], [ 14.353315, 53.248171 ], [ 14.074521, 52.981263 ], [ 14.4376, 52.62485 ], [ 14.685026, 52.089947 ], [ 14.607098, 51.745188 ], [ 15.016996, 51.106674 ], [ 14.570718, 51.002339 ], [ 14.307013, 51.117268 ], [ 14.056228, 50.926918 ], [ 13.338132, 50.733234 ], [ 12.966837, 50.484076 ], [ 12.240111, 50.266338 ], [ 12.415191, 49.969121 ], [ 12.521024, 49.547415 ], [ 13.031329, 49.307068 ], [ 13.595946, 48.877172 ], [ 13.243357, 48.416115 ], [ 12.884103, 48.289146 ], [ 13.025851, 47.637584 ], [ 12.932627, 47.467646 ], [ 12.62076, 47.672388 ], [ 12.141357, 47.703083 ], [ 11.426414, 47.523766 ], [ 10.544504, 47.566399 ], [ 10.402084, 47.302488 ], [ 9.896068, 47.580197 ], [ 9.594226, 47.525058 ], [ 8.522612, 47.830828 ], [ 8.317301, 47.61358 ], [ 7.466759, 47.620582 ], [ 7.593676, 48.333019 ], [ 8.099279, 49.017784 ], [ 6.65823, 49.201958 ], [ 6.18632, 49.463803 ], [ 6.242751, 49.902226 ], [ 6.043073, 50.128052 ], [ 6.156658, 50.803721 ], [ 5.988658, 51.851616 ], [ 6.589397, 51.852029 ], [ 6.84287, 52.22844 ], [ 7.092053, 53.144043 ], [ 6.90514, 53.482162 ], [ 7.100425, 53.693932 ], [ 7.936239, 53.748296 ], [ 8.121706, 53.527792 ], [ 8.800734, 54.020786 ], [ 8.572118, 54.395646 ], [ 8.526229, 54.962744 ], [ 9.282049, 54.830865 ], [ 9.921906, 54.983104 ] ] ] } },
{ "type": "Feature", "properties": { "name": "Djibouti", "iso3": "DJI", "name_with_flag": "🇩🇯 Djibouti", "1960": null, "1961": null, "1962": null, "1963": null, "1964": null, "1965": null, "1966": null, "1967": null, "1968": null, "1969": null, "1970": null, "1971": null, "1972": null, "1973": null, "1974": null, "1975": null, "1976": null, "1977": null, "1978": null, "1979": null, "1980": null, "1981": null, "1982": null, "1983": null, "1984": null, "1985": 846.78553806801494, "1986": null, "1987": 821.68257035428167, "1988": 816.87461406532861, "1989": 781.91683867130041, "1990": 780.49771936072523, "1991": 732.73310155378169, "1992": 763.65921450315204, "1993": 758.7338427335352, "1994": 784.55620740833137, "1995": 786.20186674845809, "1996": 761.94365947665483, "1997": 748.23284019491405, "1998": 735.34910788952914, "1999": 740.21930978972989, "2000": 737.6121836440517, "2001": 742.13379110706285, "2002": 743.01327042034757, "2003": 764.63446522459697, "2004": 806.26165294496366, "2005": 844.44835739080042, "2006": 898.46462813677363, "2007": 969.57322019190201, "2008": 1119.1523334696881, "2009": 1150.937585748896, "2010": 1213.233525534295, "2011": 1306.345528449767, "2012": 1400.1935785895359, "2013": 2075.944984247476, "2014": 2214.620841424321, "2015": 2376.125547198727, "2016": 2510.4300076240961, "2017": 2618.9552114736898, "2018": 2718.0833879920328, "2019": 2837.1690234093239, "2020": 2844.8881064785328, "2021": 3025.9112641354918, "2022": 3133.2577977246301, "2023": 3397.520157795876, "2024": 3496.4711187676271 }, "geometry": { "type": "Polygon", "coordinates": [ [ [ 43.081226, 12.699639 ], [ 43.317852, 12.390148 ], [ 43.286381, 11.974928 ], [ 42.715874, 11.735641 ], [ 43.145305, 11.46204 ], [ 42.776852, 10.926879 ], [ 42.55493, 11.10511 ], [ 42.31414, 11.0342 ], [ 41.75557, 11.05091 ], [ 41.73959, 11.35511 ], [ 41.66176, 11.6312 ], [ 42.0, 12.1 ], [ 42.35156, 12.54223 ], [ 42.779642, 12.455416 ], [ 43.081226, 12.699639 ] ] ] } },
{ "type": "Feature", "properties": { "name": "Denmark", "iso3": "DNK", "name_with_flag": "🇩🇰 Denmark", "1960": 1389.0213943224969, "1961": 1530.5377900438939, "1962": 1711.2181376602009, "1963": 1807.2527917979339, "1964": 2049.3972428148272, "1965": 2284.228504849556, "1966": 2487.1362714443171, "1967": 2700.7463788333639, "1968": 2776.1354452580531, "1969": 3151.1332431154342, "1970": 3464.4551827840842, "1971": 3845.5990681007188, "1972": 4653.9558788911536, "1973": 6116.8919922914238, "1974": 6763.8659291864633, "1975": 7988.1561326351766, "1976": 8773.339616277095, "1977": 9769.5786428396768, "1978": 11817.625087517879, "1979": 13757.23437408393, "1980": 13822.157840591241, "1981": 12000.21037691914, "1982": 11740.2199128271, "1983": 11796.56919557838, "1984": 11516.68215784355, "1985": 12212.78739972935, "1986": 17136.629737622621, "1987": 21295.67685660781, "1988": 22524.57925954763, "1989": 21882.15174638421, "1990": 26885.699418819091, "1991": 27002.80577058038, "1992": 29579.491364868201, "1993": 27581.724109745868, "1994": 29967.830390316329, "1995": 35321.098077308721, "1996": 35621.987805173179, "1997": 32779.879045297028, "1998": 33346.488429895668, "1999": 33426.238107740457, "2000": 30722.02518375665, "2001": 30768.477547111161, "2002": 33257.162258650882, "2003": 40519.097490592358, "2004": 46625.05009801095, "2005": 48925.807669878413, "2006": 52119.178798428213, "2007": 58631.656643363553, "2008": 64616.665758366304, "2009": 58412.747235851297, "2010": 58104.544559498107, "2011": 61809.73789822204, "2012": 58443.77471039677, "2013": 61377.594059041177, "2014": 62520.450974701147, "2015": 53094.013360757359, "2016": 54500.926041021747, "2017": 57521.551499222522, "2018": 61324.766504556508, "2019": 59404.266324772303, "2020": 60985.488560151389, "2021": 69727.987367701237, "2022": 68091.319113866863, "2023": 68453.876928114492, "2024": 71851.756213136803 }, "geometry": { "type": "MultiPolygon", "coordinates": [ [ [ [ 12.690006, 55.609991 ], [ 12.089991, 54.800015 ], [ 11.043543, 55.364864 ], [ 10.903914, 55.779955 ], [ 12.370904, 56.111407 ], [ 12.690006, 55.609991 ] ] ], [ [ [ 10.912182, 56.458621 ], [ 10.667804, 56.081383 ], [ 10.369993, 56.190007 ], [ 9.649985, 55.469999 ], [ 9.921906, 54.983104 ], [ 9.282049, 54.830865 ], [ 8.526229, 54.962744 ], [ 8.120311, 55.517723 ], [ 8.089977, 56.540012 ], [ 8.256582, 56.809969 ], [ 8.543438, 57.110003 ], [ 9.424469, 57.172066 ], [ 9.775559, 57.447941 ], [ 10.580006, 57.730017 ], [ 10.546106, 57.215733 ], [ 10.25, 56.890016 ], [ 10.369993, 56.609982 ], [ 10.912182, 56.458621 ] ] ] ] } },
{ "type": "Feature", "properties": { "name": "Dominican Republic", "iso3": "DOM", "name_with_flag": "🇩🇴 Dominican Republic", "1960": 205.73150985700369, "1961": 193.90898879502251, "1962": 236.81470004046051, "1963": 262.18635800313632, "1964": 277.29715816349011, "1965": 233.16057415102219, "1966": 250.87669151805261, "1967": 256.20659739415999, "1968": 259.57443840056351, "1969": 287.69930571061502, "1970": 337.66812371996389, "1971": 368.34964769726759, "1972": 427.22484636866398, "1973": 490.31549527029978, "1974": 595.35667780514291, "1975": 713.16816914402386, "1976": 762.77834701695076, "1977": 862.97604922110918, "1978": 868.39737176996857, "1979": 983.73970649535124, "1980": 1180.1808925304549, "1981": 1288.465631402348, "1982": 1376.2682046653349, "1983": 1499.955752557893, "1984": 1843.5246078892801, "1985": 784.48880960400766, "1986": 931.65953011568479, "1987": 868.08755783180709, "1988": 783.91314212263535, "1989": 954.91450444988516, "1990": 989.16394120765938, "1991": 1345.846736906233, "1992": 1558.297820710754, "1993": 1722.41995993981, "1994": 1891.6705567900051, "1995": 2109.1694072868918, "1996": 2270.865586872028, "1997": 2448.8939353536298, "1998": 2607.8545732140451, "1999": 2620.8896817272048, "2000": 2831.4588363803341, "2001": 2935.8936731266808, "2002": 3065.60329524196, "2003": 2383.2617178039341, "2004": 2451.6916161656859, "2005": 3878.3120673524431, "2006": 4055.1427034737112, "2007": 4649.6455887581378, "2008": 5023.5851340351546, "2009": 4973.951869999516, "2010": 5478.6247039895416, "2011": 5826.5101410919451, "2012": 6013.819650026031, "2013": 6136.5942932930147, "2014": 6496.4516697114186, "2015": 6800.9530939547358, "2016": 7160.4420098230748, "2017": 7412.7157157151169, "2018": 7882.9822158494371, "2019": 8183.0162360037493, "2020": 7135.2227325589856, "2021": 8527.0754858205019, "2022": 10104.244934908071, "2023": 10630.43174382902, "2024": 10875.661844309199 }, "geometry": { "type": "Polygon", "coordinates": [ [ [ -71.712361, 19.714456 ], [ -71.587304, 19.884911 ], [ -70.806706, 19.880286 ], [ -70.214365, 19.622885 ], [ -69.950815, 19.648 ], [ -69.76925, 19.293267 ], [ -69.222126, 19.313214 ], [ -69.254346, 19.015196 ], [ -68.809412, 18.979074 ], [ -68.317943, 18.612198 ], [ -68.689316, 18.205142 ], [ -69.164946, 18.422648 ], [ -69.623988, 18.380713 ], [ -69.952934, 18.428307 ], [ -70.133233, 18.245915 ], [ -70.517137, 18.184291 ], [ -70.669298, 18.426886 ], [ -70.99995, 18.283329 ], [ -71.40021, 17.598564 ], [ -71.657662, 17.757573 ], [ -71.708305, 18.044997 ], [ -71.687738, 18.31666 ], [ -71.945112, 18.6169 ], [ -71.701303, 18.785417 ], [ -71.624873, 19.169838 ], [ -71.712361, 19.714456 ] ] ] } },
{ "type": "Feature", "properties": { "name": "Algeria", "iso3": "DZA", "name_with_flag": "🇩🇿 Algeria", "1960": 238.39247666644701, "1961": 209.37067265533369, "1962": 169.6028627213299, "1963": 225.58466021099341, "1964": 238.86380154501529, "1965": 253.62205998577761, "1966": 241.44896961657969, "1967": 261.79244212400232, "1968": 292.43603636856119, "1969": 315.9146557342367, "1970": 352.84576655792779, "1971": 360.11108170784507, "1972": 469.03099651051059, "1973": 589.51812693522106, "1974": 872.88927743918384, "1975": 992.30203737841123, "1976": 1080.386206756091, "1977": 1232.4941866432141, "1978": 1505.942221279767, "1979": 1843.1192956598441, "1980": 2275.7797115889948, "1981": 2307.33434430543, "1982": 2274.878009903493, "1983": 2373.8251196847341, "1984": 2524.3807140314311, "1985": 2632.5171110907531, "1986": 2800.202708121873, "1987": 2847.0776691987971, "1988": 2450.8724207896089, "1989": 2247.460271249201, "1990": 2445.1833274025821, "1991": 1759.112016482291, "1992": 1802.693008012888, "1993": 1831.0480097644941, "1994": 1525.5406176028771, "1995": 1466.9480676041519, "1996": 1616.8319872128509, "1997": 1628.7610056150629, "1998": 1603.3662320083581, "1999": 1596.118222390247, "2000": 1772.9286912276141, "2001": 1896.300208780129, "2002": 1937.4641141301879, "2003": 2283.7729934612548, "2004": 2816.9938496055479, "2005": 3233.1333963421221, "2006": 3660.6610474532231, "2007": 4167.4516993753059, "2008": 5180.9188151468643, "2009": 4235.4299045661201, "2010": 4912.7858550367173, "2011": 5916.3136436434324, "2012": 6033.6488468954321, "2013": 5979.6013896058457, "2014": 6094.6939231495571, "2015": 4685.0590272900172, "2016": 4424.9852902755574, "2017": 4554.6675395782813, "2018": 4577.2102918049059, "2019": 4468.4534188365624, "2020": 3743.5419522928978, "2021": 4160.5592673692481, "2022": 4961.5525766473256, "2023": 5364.0279502273061, "2024": 5631.1799910985101 }, "geometry": { "type": "Polygon", "coordinates": [ [ [ 11.999506, 23.471668 ], [ 8.572893, 21.565661 ], [ 5.677566, 19.601207 ], [ 4.267419, 19.155265 ], [ 3.158133, 19.057364 ], [ 3.146661, 19.693579 ], [ 2.683588, 19.85623 ], [ 2.060991, 20.142233 ], [ 1.823228, 20.610809 ], [ -1.550055, 22.792666 ], [ -4.923337, 24.974574 ], [ -8.6844, 27.395744 ], [ -8.665124, 27.589479 ], [ -8.66559, 27.656426 ], [ -8.674116, 28.841289 ], [ -7.059228, 29.579228 ], [ -6.060632, 29.7317 ], [ -5.242129, 30.000443 ], [ -4.859646, 30.501188 ], [ -3.690441, 30.896952 ], [ -3.647498, 31.637294 ], [ -3.06898, 31.724498 ], [ -2.616605, 32.094346 ], [ -1.307899, 32.262889 ], [ -1.124551, 32.651522 ], [ -1.388049, 32.864015 ], [ -1.733455, 33.919713 ], [ -1.792986, 34.527919 ], [ -2.169914, 35.168396 ], [ -1.208603, 35.714849 ], [ -0.127454, 35.888662 ], [ 0.503877, 36.301273 ], [ 1.466919, 36.605647 ], [ 3.161699, 36.783905 ], [ 4.815758, 36.865037 ], [ 5.32012, 36.716519 ], [ 6.26182, 37.110655 ], [ 7.330385, 37.118381 ], [ 7.737078, 36.885708 ], [ 8.420964, 36.946427 ], [ 8.217824, 36.433177 ], [ 8.376368, 35.479876 ], [ 8.140981, 34.655146 ], [ 7.524482, 34.097376 ], [ 7.612642, 33.344115 ], [ 8.430473, 32.748337 ], [ 8.439103, 32.506285 ], [ 9.055603, 32.102692 ], [ 9.48214, 30.307556 ], [ 9.805634, 29.424638 ], [ 9.859998, 28.95999 ], [ 9.683885, 28.144174 ], [ 9.756128, 27.688259 ], [ 9.629056, 27.140953 ], [ 9.716286, 26.512206 ], [ 9.319411, 26.094325 ], [ 9.910693, 25.365455 ], [ 9.948261, 24.936954 ], [ 10.303847, 24.379313 ], [ 10.771364, 24.562532 ], [ 11.560669, 24.097909 ], [ 11.999506, 23.471668 ] ] ] } },
{ "type": "Feature", "properties": { "name": "Ecuador", "iso3": "ECU", "name_with_flag": "🇪🇨 Ecuador", "1960": 450.77631710225859, "1961": 371.39517646223459, "1962": 312.43541024174039, "1963": 364.7435941413051, "1964": 435.76346322083748, "1965": 450.04978271955167, "1966": 444.62311198064111, "1967": 453.64528589556483, "1968": 445.22798915714827, "1969": 520.84398463649245, "1970": 465.04031980500707, "1971": 434.41588034779897, "1972": 487.97204721798568, "1973": 578.95493078328593, "1974": 953.84655826051642, "1975": 1086.1761508651671, "1976": 1241.910984611405, "1977": 1464.94058354719, "1978": 1541.137604253222, "1979": 1783.292805815782, "1980": 2189.784176573824, "1981": 2600.5715279799638, "1982": 2314.38354547989, "1983": 1940.233932008013, "1984": 1863.6821349377869, "1985": 1841.779054814258, "1986": 1604.2469810205539, "1987": 1426.016291516632, "1988": 1303.7790607318429, "1989": 1356.280456362236, "1990": 1455.0074851087049, "1991": 1587.3604999667191, "1992": 1655.4461319263171, "1993": 1697.888841414451, "1994": 1996.8589478944421, "1995": 2108.0069824531602, "1996": 2135.847937430799, "1997": 2340.7660002685752, "1998": 2284.015728477691, "1999": 1575.3023473097071, "2000": 1382.23421759909, "2001": 1791.3035968503741, "2002": 2059.158553597405, "2003": 2315.6221522301389, "2004": 2586.2091466334659, "2005": 2909.0260601438831, "2006": 3243.6701035933861, "2007": 3478.9248877067139, "2008": 4194.7575066198051, "2009": 4053.36331139298, "2010": 4520.30959039763, "2011": 5153.6916424375031, "2012": 5634.0839319109436, "2013": 6109.2903151034143, "2014": 6405.7997930044066, "2015": 5976.159680565097, "2016": 5917.6377127148098, "2017": 6233.3224479771761, "2018": 6303.9188665833763, "2019": 6205.0576524676644, "2020": 5463.6451534859807, "2021": 6061.3235018171117, "2022": 6515.5852841833639, "2023": 6737.8474837963759, "2024": 6874.7057397659992 }, "geometry": { "type": "Polygon", "coordinates": [ [ [ -80.302561, -3.404856 ], [ -79.770293, -2.657512 ], [ -79.986559, -2.220794 ], [ -80.368784, -2.685159 ], [ -80.967765, -2.246943 ], [ -80.764806, -1.965048 ], [ -80.933659, -1.057455 ], [ -80.58337, -0.906663 ], [ -80.399325, -0.283703 ], [ -80.020898, 0.36034 ], [ -80.09061, 0.768429 ], [ -79.542762, 0.982938 ], [ -78.855259, 1.380924 ], [ -77.855061, 0.809925 ], [ -77.668613, 0.825893 ], [ -77.424984, 0.395687 ], [ -76.57638, 0.256936 ], [ -76.292314, 0.416047 ], [ -75.801466, 0.084801 ], [ -75.373223, -0.152032 ], [ -75.233723, -0.911417 ], [ -75.544996, -1.56161 ], [ -76.635394, -2.608678 ], [ -77.837905, -3.003021 ], [ -78.450684, -3.873097 ], [ -78.639897, -4.547784 ], [ -79.205289, -4.959129 ], [ -79.624979, -4.454198 ], [ -80.028908, -4.346091 ], [ -80.442242, -4.425724 ], [ -80.469295, -4.059287 ], [ -80.184015, -3.821162 ], [ -80.302561, -3.404856 ] ] ] } },
{ "type": "Feature", "properties": { "name": "Egypt", "iso3": "EGY", "name_with_flag": "🇪🇬 Egypt", "1960": 156.38739748151889, "1961": 162.84164418175419, "1962": 142.4095767397055, "1963": 143.92840252265651, "1964": 157.71653650720589, "1965": 161.56712356691889, "1966": 168.0543429445008, "1967": 174.10304453617579, "1968": 179.7740966942651, "1969": 192.96490882825731, "1970": 232.27249234267049, "1971": 242.9710702658912, "1972": 256.48281564011478, "1973": 272.18271008529462, "1974": 243.06147390231371, "1975": 299.21751832253761, "1976": 334.60991847446911, "1977": 353.40383367653311, "1978": 354.67424626968659, "1979": 420.85821686232993, "1980": 493.05357327106088, "1981": 490.30879686159841, "1982": 595.91889816937794, "1983": 648.01362977143378, "1984": 689.8076755102054, "1985": 769.75513714866611, "1986": 790.20179369856464, "1987": 753.72226374761533, "1988": 633.83936949656584, "1989": 701.03771792919122, "1990": 735.98293502802471, "1991": 622.8296050078668, "1992": 680.79923864551006, "1993": 740.33421735641753, "1994": 807.30353723048745, "1995": 916.32661770087623, "1996": 1008.976376294474, "1997": 1146.201721176335, "1998": 1212.8225982047729, "1999": 1268.309491604959, "2000": 1366.092743726135, "2001": 1295.1374184162951, "2002": 1116.8288462621281, "2003": 1031.275562912836, "2004": 991.2556891452524, "2005": 1105.539207139034, "2006": 1298.979002031245, "2007": 1547.7417073590859, "2008": 1896.2159426977901, "2009": 2161.6396457392648, "2010": 2455.0819464528208, "2011": 2590.6438489196498, "2012": 2996.067707201501, "2013": 3025.525635524481, "2014": 3133.3910226554081, "2015": 3306.9815941414081, "2016": 3270.6287768196989, "2017": 2395.1033329949132, "2018": 2484.7031563050832, "2019": 2962.988920230026, "2020": 3511.1138102637951, "2021": 3827.354153743081, "2022": 4233.3078374485631, "2023": 3456.7896845625301, "2024": 3338.4737139589452 }, "geometry": { "type": "Polygon", "coordinates": [ [ [ 34.9226, 29.50133 ], [ 34.64174, 29.09942 ], [ 34.42655, 28.34399 ], [ 34.15451, 27.8233 ], [ 33.92136, 27.6487 ], [ 33.58811, 27.97136 ], [ 33.13676, 28.41765 ], [ 32.42323, 29.85108 ], [ 32.32046, 29.76043 ], [ 32.73482, 28.70523 ], [ 33.34876, 27.69989 ], [ 34.10455, 26.14227 ], [ 34.47387, 25.59856 ], [ 34.79507, 25.03375 ], [ 35.69241, 23.92671 ], [ 35.49372, 23.75237 ], [ 35.52598, 23.10244 ], [ 36.69069, 22.20485 ], [ 36.86623, 22.0 ], [ 32.9, 22.0 ], [ 29.02, 22.0 ], [ 25.0, 22.0 ], [ 25.0, 25.6825 ], [ 25.0, 29.238655 ], [ 24.70007, 30.04419 ], [ 24.95762, 30.6616 ], [ 24.80287, 31.08929 ], [ 25.16482, 31.56915 ], [ 26.49533, 31.58568 ], [ 27.45762, 31.32126 ], [ 28.45048, 31.02577 ], [ 28.91353, 30.87005 ], [ 29.68342, 31.18686 ], [ 30.09503, 31.4734 ], [ 30.97693, 31.55586 ], [ 31.68796, 31.4296 ], [ 31.96041, 30.9336 ], [ 32.19247, 31.26034 ], [ 32.99392, 31.02407 ], [ 33.7734, 30.96746 ], [ 34.26544, 31.21936 ], [ 34.9226, 29.50133 ] ] ] } },
{ "type": "Feature", "properties": { "name": "Eritrea", "iso3": "ERI", "name_with_flag": "🇪🇷 Eritrea", "1960": null, "1961": null, "1962": null, "1963": null, "1964": null, "1965": null, "1966": null, "1967": null, "1968": null, "1969": null, "1970": null, "1971": null, "1972": null, "1973": null, "1974": null, "1975": null, "1976": null, "1977": null, "1978": null, "1979": null, "1980": null, "1981": null, "1982": null, "1983": null, "1984": null, "1985": null, "1986": null, "1987": null, "1988": null, "1989": null, "1990": null, "1991": null, "1992": 265.24096296333647, "1993": 252.08577706947241, "1994": 277.80142362033411, "1995": 285.40218400833078, "1996": 325.83870537160459, "1997": 318.98096083198351, "1998": 341.91736400208038, "1999": 311.33620925512491, "2000": 314.35739675350078, "2001": 325.40916151359272, "2002": 304.77575646509229, "2003": 348.95032707774237, "2004": 426.84094788703231, "2005": 412.7530791994235, "2006": 447.99740472720077, "2007": 480.4476236545604, "2008": 490.06695600333342, "2009": 642.92572288007045, "2010": 539.69951206968642, "2011": 688.68165957683971, "2012": null, "2013": null, "2014": null, "2015": null, "2016": null, "2017": null, "2018": null, "2019": null, "2020": null, "2021": null, "2022": null, "2023": null, "2024": null }, "geometry": { "type": "Polygon", "coordinates": [ [ [ 42.35156, 12.54223 ], [ 42.00975, 12.86582 ], [ 41.59856, 13.45209 ], [ 41.155194, 13.77332 ], [ 40.8966, 14.11864 ], [ 40.026219, 14.519579 ], [ 39.34061, 14.53155 ], [ 39.0994, 14.74064 ], [ 38.51295, 14.50547 ], [ 37.90607, 14.95943 ], [ 37.59377, 14.2131 ], [ 36.42951, 14.42211 ], [ 36.323189, 14.822481 ], [ 36.75386, 16.291874 ], [ 36.85253, 16.95655 ], [ 37.16747, 17.26314 ], [ 37.904, 17.42754 ], [ 38.41009, 17.998307 ], [ 38.990623, 16.840626 ], [ 39.26611, 15.922723 ], [ 39.814294, 15.435647 ], [ 41.179275, 14.49108 ], [ 41.734952, 13.921037 ], [ 42.276831, 13.343992 ], [ 42.589576, 13.000421 ], [ 43.081226, 12.699639 ], [ 42.779642, 12.455416 ], [ 42.35156, 12.54223 ] ] ] } },
{ "type": "Feature", "properties": { "name": "Spain", "iso3": "ESP", "name_with_flag": "🇪🇸 Spain", "1960": 407.96302786932978, "1961": 463.19044087716998, "1962": 535.39105945448784, "1963": 627.27845096426165, "1964": 694.95208679789891, "1965": 797.3770661709043, "1966": 915.62923367863038, "1967": 996.57186352529675, "1968": 978.29237376803439, "1969": 1109.1363713552571, "1970": 1211.4234332130929, "1971": 1361.192519172062, "1972": 1707.588000526551, "1973": 2245.9479911066019, "1974": 2747.9603673799379, "1975": 3207.5446508202449, "1976": 3276.9702326049451, "1977": 3624.9994025596211, "1978": 4353.3273744052021, "1979": 5766.0929667248474, "1980": 6204.1432154422464, "1981": 5367.3297627841057, "1982": 5156.0230379294526, "1983": 4475.3012683129546, "1984": 4486.7817386338174, "1985": 4696.2987962072884, "1986": 6508.8506547564966, "1987": 8233.7282299302733, "1988": 9696.1928538537977, "1989": 10674.3410230107, "1990": 13795.015938512821, "1991": 14801.322615217219, "1992": 16100.67994280317, "1993": 13330.379819221051, "1994": 13405.704414882959, "1995": 15460.91102666525, "1996": 16100.62158311145, "1997": 14722.37176335364, "1998": 15382.33485733728, "1999": 15707.947306813759, "2000": 14743.267103145479, "2001": 15368.23379844348, "2002": 17111.068505894051, "2003": 21522.01709902615, "2004": 24925.02678445755, "2005": 26450.95301303823, "2006": 28421.68652740703, "2007": 32652.015594701981, "2008": 35603.248328071037, "2009": 32279.820847615141, "2010": 30658.74222829119, "2011": 31824.621913477691, "2012": 28456.44381514769, "2013": 29228.846559842041, "2014": 29707.765509467019, "2015": 25982.44161977755, "2016": 26755.606114939808, "2017": 28381.34255969062, "2018": 30602.42128811132, "2019": 29786.524568900699, "2020": 27233.942646160769, "2021": 30799.477593777479, "2022": 30270.268701745808, "2023": 33509.012798213851, "2024": 35297.009499556509 }, "geometry": { "type": "Polygon", "coordinates": [ [ [ -9.034818, 41.880571 ], [ -8.984433, 42.592775 ], [ -9.392884, 43.026625 ], [ -7.97819, 43.748338 ], [ -6.754492, 43.567909 ], [ -5.411886, 43.57424 ], [ -4.347843, 43.403449 ], [ -3.517532, 43.455901 ], [ -1.901351, 43.422802 ], [ -1.502771, 43.034014 ], [ 0.338047, 42.579546 ], [ 0.701591, 42.795734 ], [ 1.826793, 42.343385 ], [ 2.985999, 42.473015 ], [ 3.039484, 41.89212 ], [ 2.091842, 41.226089 ], [ 0.810525, 41.014732 ], [ 0.721331, 40.678318 ], [ 0.106692, 40.123934 ], [ -0.278711, 39.309978 ], [ 0.111291, 38.738514 ], [ -0.467124, 38.292366 ], [ -0.683389, 37.642354 ], [ -1.438382, 37.443064 ], [ -2.146453, 36.674144 ], [ -3.415781, 36.6589 ], [ -4.368901, 36.677839 ], [ -4.995219, 36.324708 ], [ -5.37716, 35.94685 ], [ -5.866432, 36.029817 ], [ -6.236694, 36.367677 ], [ -6.520191, 36.942913 ], [ -7.453726, 37.097788 ], [ -7.537105, 37.428904 ], [ -7.166508, 37.803894 ], [ -7.029281, 38.075764 ], [ -7.374092, 38.373059 ], [ -7.098037, 39.030073 ], [ -7.498632, 39.629571 ], [ -7.066592, 39.711892 ], [ -7.026413, 40.184524 ], [ -6.86402, 40.330872 ], [ -6.851127, 41.111083 ], [ -6.389088, 41.381815 ], [ -6.668606, 41.883387 ], [ -7.251309, 41.918346 ], [ -7.422513, 41.792075 ], [ -8.013175, 41.790886 ], [ -8.263857, 42.280469 ], [ -8.671946, 42.134689 ], [ -9.034818, 41.880571 ] ] ] } },
{ "type": "Feature", "properties": { "name": "Estonia", "iso3": "EST", "name_with_flag": "🇪🇪 Estonia", "1960": null, "1961": null, "1962": null, "1963": null, "1964": null, "1965": null, "1966": null, "1967": null, "1968": null, "1969": null, "1970": null, "1971": null, "1972": null, "1973": null, "1974": null, "1975": null, "1976": null, "1977": null, "1978": null, "1979": null, "1980": null, "1981": null, "1982": null, "1983": null, "1984": null, "1985": null, "1986": null, "1987": null, "1988": null, "1989": null, "1990": null, "1991": null, "1992": null, "1993": 2685.9088928735691, "1994": 2819.1261210092612, "1995": 3134.389753454067, "1996": 3380.9263024319898, "1997": 3682.9523014669471, "1998": 4093.3924773876452, "1999": 4140.9366023216726, "2000": 4070.6090241020802, "2001": 4502.6661499239171, "2002": 5343.1831076073477, "2003": 7205.4070331324301, "2004": 8916.0728274602043, "2005": 10414.63811835649, "2006": 12641.48009764732, "2007": 16745.430801114759, "2008": 18205.9064113446, "2009": 14712.449421791631, "2010": 14663.70410187046, "2011": 17555.545523942608, "2012": 17568.213796971359, "2013": 19310.387490075718, "2014": 20581.78989916954, "2015": 17722.15576695231, "2016": 18666.373652170601, "2017": 20851.5223496861, "2018": 23618.13612545807, "2019": 24021.25014133062, "2020": 23933.993942106539, "2021": 27953.76702301265, "2022": 28451.14778251755, "2023": 30133.30445045403, "2024": 31170.0915091887 }, "geometry": { "type": "Polygon", "coordinates": [ [ [ 24.312863, 57.793424 ], [ 24.428928, 58.383413 ], [ 24.061198, 58.257375 ], [ 23.42656, 58.612753 ], [ 23.339795, 59.18724 ], [ 24.604214, 59.465854 ], [ 25.864189, 59.61109 ], [ 26.949136, 59.445803 ], [ 27.981114, 59.475388 ], [ 28.131699, 59.300825 ], [ 27.420166, 58.724581 ], [ 27.716686, 57.791899 ], [ 27.288185, 57.474528 ], [ 26.463532, 57.476389 ], [ 25.60281, 57.847529 ], [ 25.164594, 57.970157 ], [ 24.312863, 57.793424 ] ] ] } },
{ "type": "Feature", "properties": { "name": "Ethiopia", "iso3": "ETH", "name_with_flag": "🇪🇹 Ethiopia", "1960": 75.339609070596069, "1961": 76.730196641173279, "1962": 77.790184978250437, "1963": 79.172634370328353, "1964": 83.836864827096875, "1965": 88.850029411024281, "1966": 93.154946787498517, "1967": 96.08647474367568, "1968": 99.47436510006672, "1969": 102.28017767503501, "1970": 109.4304663372852, "1971": 112.7366742966241, "1972": 119.8399971247572, "1973": 134.93551102194689, "1974": 147.8557225044847, "1975": 144.2805376354946, "1976": 151.9561866217098, "1977": 170.4041437155598, "1978": 178.30248057491281, "1979": 192.3571172739988, "1980": 203.68539444096481, "1981": 212.65751798029831, "1982": 215.25098547162, "1983": 232.68347442115891, "1984": 214.22886039600161, "1985": 243.89738258401911, "1986": 245.9772287692951, "1987": 254.1213294215537, "1988": 253.24826247016671, "1989": 256.38647530631482, "1990": 262.10897105370702, "1991": 277.56591036509138, "1992": 207.40640086384661, "1993": 168.52040140098899, "1994": 127.6859234590333, "1995": 136.52361908896279, "1996": 147.32745885196451, "1997": 143.3695314988438, "1998": 126.4650957812439, "1999": 120.734631499865, "2000": 122.269202606069, "2001": 118.45720425526071, "2002": 109.5938136129879, "2003": 116.8004911327767, "2004": 133.16981253809561, "2005": 158.243458082465, "2006": 189.3457375214183, "2007": 237.14625599631881, "2008": 316.41047511807483, "2009": 368.57471226744468, "2010": 330.61941279864379, "2011": 343.0249423518872, "2012": 452.10103188575363, "2013": 484.03983310406198, "2014": 549.98657708258759, "2015": 621.8456738081328, "2016": 696.19608480632382, "2017": 745.63243392534309, "2018": 747.96800367267372, "2019": 828.70908052292111, "2020": 905.31315925414845, "2021": 910.947887074508, "2022": 1011.073324134622, "2023": null, "2024": null }, "geometry": { "type": "Polygon", "coordinates": [ [ [ 37.90607, 14.95943 ], [ 38.51295, 14.50547 ], [ 39.0994, 14.74064 ], [ 39.34061, 14.53155 ], [ 40.02625, 14.51959 ], [ 40.8966, 14.11864 ], [ 41.1552, 13.77333 ], [ 41.59856, 13.45209 ], [ 42.00975, 12.86582 ], [ 42.35156, 12.54223 ], [ 42.0, 12.1 ], [ 41.66176, 11.6312 ], [ 41.73959, 11.35511 ], [ 41.75557, 11.05091 ], [ 42.31414, 11.0342 ], [ 42.55493, 11.10511 ], [ 42.776852, 10.926879 ], [ 42.55876, 10.57258 ], [ 42.92812, 10.02194 ], [ 43.29699, 9.54048 ], [ 43.67875, 9.18358 ], [ 46.94834, 7.99688 ], [ 47.78942, 8.003 ], [ 44.9636, 5.00162 ], [ 43.66087, 4.95755 ], [ 42.76967, 4.25259 ], [ 42.12861, 4.23413 ], [ 41.855083, 3.918912 ], [ 41.1718, 3.91909 ], [ 40.76848, 4.25702 ], [ 39.85494, 3.83879 ], [ 39.559384, 3.42206 ], [ 38.89251, 3.50074 ], [ 38.67114, 3.61607 ], [ 38.43697, 3.58851 ], [ 38.120915, 3.598605 ], [ 36.855093, 4.447864 ], [ 36.159079, 4.447864 ], [ 35.817448, 4.776966 ], [ 35.817448, 5.338232 ], [ 35.298007, 5.506 ], [ 34.70702, 6.59422 ], [ 34.25032, 6.82607 ], [ 34.0751, 7.22595 ], [ 33.56829, 7.71334 ], [ 32.95418, 7.78497 ], [ 33.2948, 8.35458 ], [ 33.8255, 8.37916 ], [ 33.97498, 8.68456 ], [ 33.96162, 9.58358 ], [ 34.25745, 10.63009 ], [ 34.73115, 10.91017 ], [ 34.83163, 11.31896 ], [ 35.26049, 12.08286 ], [ 35.86363, 12.57828 ], [ 36.27022, 13.56333 ], [ 36.42951, 14.42211 ], [ 37.59377, 14.2131 ], [ 37.90607, 14.95943 ] ] ] } },
{ "type": "Feature", "properties": { "name": "Finland", "iso3": "FIN", "name_with_flag": "🇫🇮 Finland", "1960": 1191.8550887341539, "1961": 1341.4990062589061, "1962": 1426.6675637881999, "1963": 1538.457034027374, "1964": 1725.6048348982549, "1965": 1902.0384717770851, "1966": 2031.523313939027, "1967": 2055.7530677118598, "1968": 1927.293804529181, "1969": 2201.1241523774161, "1970": 2465.864555260408, "1971": 2716.4322354459059, "1972": 3177.928792975601, "1973": 4173.5448516964416, "1974": 5298.0800879075377, "1975": 6256.1024513611728, "1976": 6740.2914531463693, "1977": 7069.7356513985778, "1978": 7629.4957247514867, "1979": 9333.0769556745199, "1980": 11224.93800363529, "1981": 10925.09571611812, "1982": 10935.311058848631, "1983": 10493.962663680601, "1984": 10830.21852226633, "1985": 11394.19210442457, "1986": 14946.992619826089, "1987": 18565.026442601109, "1988": 22043.77015962881, "1989": 23969.052798644021, "1990": 28366.204276070948, "1991": 25488.845052560449, "1992": 22320.112469585689, "1993": 17588.678171550881, "1994": 20278.291098540001, "1995": 26246.274321446239, "1996": 25756.67770736177, "1997": 24682.290832709961, "1998": 25999.986169495282, "1999": 26180.412856234881, "2000": 24335.9225082659, "2001": 24965.202996775992, "2002": 26989.389260959018, "2003": 32920.085719256829, "2004": 37768.133420202867, "2005": 39049.870378022322, "2006": 41214.018776506877, "2007": 48473.024009145483, "2008": 53769.472624038528, "2009": 47478.349531099913, "2010": 46506.291901656623, "2011": 51060.324258976667, "2012": 47551.674084136917, "2013": 49691.014520073877, "2014": 50073.776081587122, "2015": 42560.345676710269, "2016": 43451.256244215758, "2017": 46085.017473903587, "2018": 49654.249703532892, "2019": 48358.180777370093, "2020": 48828.684686279943, "2021": 53099.135140014791, "2022": 50440.56022497404, "2023": 52821.511434071668, "2024": 53188.618624515802 }, "geometry": { "type": "Polygon", "coordinates": [ [ [ 28.59193, 69.064777 ], [ 28.445944, 68.364613 ], [ 29.977426, 67.698297 ], [ 29.054589, 66.944286 ], [ 30.21765, 65.80598 ], [ 29.54443, 64.948672 ], [ 30.444685, 64.204453 ], [ 30.035872, 63.552814 ], [ 31.516092, 62.867687 ], [ 31.139991, 62.357693 ], [ 30.211107, 61.780028 ], [ 28.069998, 60.503517 ], [ 26.255173, 60.423961 ], [ 24.496624, 60.057316 ], [ 22.869695, 59.846373 ], [ 22.290764, 60.391921 ], [ 21.322244, 60.72017 ], [ 21.544866, 61.705329 ], [ 21.059211, 62.607393 ], [ 21.536029, 63.189735 ], [ 22.442744, 63.81781 ], [ 24.730512, 64.902344 ], [ 25.398068, 65.111427 ], [ 25.294043, 65.534346 ], [ 23.903379, 66.006927 ], [ 23.56588, 66.396051 ], [ 23.539473, 67.936009 ], [ 21.978535, 68.616846 ], [ 20.645593, 69.106247 ], [ 21.244936, 69.370443 ], [ 22.356238, 68.841741 ], [ 23.66205, 68.891247 ], [ 24.735679, 68.649557 ], [ 25.689213, 69.092114 ], [ 26.179622, 69.825299 ], [ 27.732292, 70.164193 ], [ 29.015573, 69.766491 ], [ 28.59193, 69.064777 ] ] ] } },
{ "type": "Feature", "properties": { "name": "Fiji", "iso3": "FJI", "name_with_flag": "🇫🇯 Fiji", "1960": 277.43153549776599, "1961": 280.2733667310456, "1962": 285.47307300159309, "1963": 291.38357377755949, "1964": 305.53220313212688, "1965": 311.24107291219849, "1966": 309.57440900959949, "1967": 325.98654540029992, "1968": 327.35741651014138, "1969": 349.81397301360829, "1970": 413.93721652892032, "1971": 457.84459986078417, "1972": 575.21748213703722, "1973": 761.68406736482757, "1974": 984.31352393232862, "1975": 1188.184242499809, "1976": 1186.166484577572, "1977": 1203.572679691619, "1978": 1354.8114405037379, "1979": 1626.6601902392581, "1980": 1873.3109797243151, "1981": 1879.363151392593, "1982": 1773.1439251705151, "1983": 1628.0490118145531, "1984": 1666.8657254106211, "1985": 1576.72069091401, "1986": 1745.2412663363421, "1987": 1569.467270393877, "1988": 1463.047201659467, "1989": 1543.296171925801, "1990": 1728.9407687119899, "1991": 1774.9921113811761, "1992": 1951.255929303506, "1993": 2070.047341101947, "1994": 2297.1800588430419, "1995": 2466.7434781590318, "1996": 2648.3276626399961, "1997": 2573.7233860567749, "1998": 2010.4963607314889, "1999": 2327.9572051409082, "2000": 1995.720711632639, "2001": 1944.9974146090019, "2002": 2136.5679411868259, "2003": 2655.5807958604451, "2004": 3097.1909665175931, "2005": 3377.691269534927, "2006": 3455.1059990734861, "2007": 3762.7469278929898, "2008": 3899.9223151212932, "2009": 3164.132754081691, "2010": 3449.144528833689, "2011": 4139.6028860970218, "2012": 4341.4033874874949, "2013": 4572.4437754424453, "2014": 5293.3567668046417, "2015": 5097.5310686469547, "2016": 5363.7902667924327, "2017": 5826.8481445932821, "2018": 6085.4197948537612, "2019": 5950.8286686670153, "2020": 4844.4212715452377, "2021": 4696.1710394463371, "2022": 5405.030061626715, "2023": 5888.7366733242934, "2024": 6288.3986726441608 }, "geometry": { "type": "MultiPolygon", "coordinates": [ [ [ [ 178.3736, -17.33992 ], [ 178.71806, -17.62846 ], [ 178.55271, -18.15059 ], [ 177.93266, -18.28799 ], [ 177.38146, -18.16432 ], [ 177.28504, -17.72465 ], [ 177.67087, -17.38114 ], [ 178.12557, -17.50481 ], [ 178.3736, -17.33992 ] ] ], [ [ [ 179.364143, -16.801354 ], [ 178.725059, -17.012042 ], [ 178.596839, -16.63915 ], [ 179.096609, -16.433984 ], [ 179.413509, -16.379054 ], [ 180.0, -16.067133 ], [ 180.0, -16.555217 ], [ 179.364143, -16.801354 ] ] ], [ [ [ -179.917369, -16.501783 ], [ -180.0, -16.555217 ], [ -180.0, -16.067133 ], [ -179.79332, -16.020882 ], [ -179.917369, -16.501783 ] ] ] ] } },
{ "type": "Feature", "properties": { "name": "Falkland Islands", "iso3": "FLK", "name_with_flag": "🇫🇰 Falkland Islands", "1960": null, "1961": null, "1962": null, "1963": null, "1964": null, "1965": null, "1966": null, "1967": null, "1968": null, "1969": null, "1970": null, "1971": null, "1972": null, "1973": null, "1974": null, "1975": null, "1976": null, "1977": null, "1978": null, "1979": null, "1980": null, "1981": null, "1982": null, "1983": null, "1984": null, "1985": null, "1986": null, "1987": null, "1988": null, "1989": null, "1990": null, "1991": null, "1992": null, "1993": null, "1994": null, "1995": null, "1996": null, "1997": null, "1998": null, "1999": null, "2000": null, "2001": null, "2002": null, "2003": null, "2004": null, "2005": null, "2006": null, "2007": null, "2008": null, "2009": null, "2010": null, "2011": null, "2012": null, "2013": null, "2014": null, "2015": null, "2016": null, "2017": null, "2018": null, "2019": null, "2020": null, "2021": null, "2022": null, "2023": null, "2024": null }, "geometry": { "type": "Polygon", "coordinates": [ [ [ -61.2, -51.85 ], [ -60.0, -51.25 ], [ -59.15, -51.5 ], [ -58.55, -51.1 ], [ -57.75, -51.55 ], [ -58.05, -51.9 ], [ -59.4, -52.2 ], [ -59.85, -51.85 ], [ -60.7, -52.3 ], [ -61.2, -51.85 ] ] ] } },
{ "type": "Feature", "properties": { "name": "France", "iso3": "FRA", "name_with_flag": "🇫🇷 France", "1960": 1302.531497298924, "1961": 1394.5355712511209, "1962": 1547.620259022292, "1963": 1717.703790678205, "1964": 1884.137913815737, "1965": 2015.379809644834, "1966": 2165.0727945605281, "1967": 2321.4691843173832, "1968": 2512.6201741525419, "1969": 2723.5673054104741, "1970": 2825.129722732067, "1971": 3128.3861211666508, "1972": 3806.8878889278949, "1973": 4913.5270777962496, "1974": 5267.353300051368, "1975": 6606.7014674718357, "1976": 6794.6173933786113, "1977": 7464.9078446300146, "1978": 9166.5901196139075, "1979": 11062.573173037301, "1980": 12565.1639377144, "1981": 10955.900299616749, "1982": 10359.892066354891, "1983": 9862.2844938658618, "1984": 9311.8942645212883, "1985": 9657.0193853372293, "1986": 13430.48245996854, "1987": 16175.709046756579, "1988": 17549.644048716142, "1989": 17547.26454225144, "1990": 21586.4674617483, "1991": 21500.777836623351, "1992": 23615.016856548289, "1993": 22238.825061843381, "1994": 23359.898510477429, "1995": 26791.815198236942, "1996": 26757.635149414451, "1997": 24169.400810282161, "1998": 24869.403079593951, "1999": 24576.315225452829, "2000": 22340.593951621711, "2001": 22331.794834303619, "2002": 24144.57270195286, "2003": 29479.52221011751, "2004": 33644.928222036418, "2005": 34696.37183169715, "2006": 36431.565890655533, "2007": 41486.190782878672, "2008": 45464.818138515802, "2009": 41728.088416413208, "2010": 40694.821169702453, "2011": 43929.784087381173, "2012": 40863.581441233327, "2013": 42669.179511189272, "2014": 43148.045928841602, "2015": 36702.432373337942, "2016": 37024.215713366888, "2017": 38687.162640716357, "2018": 41418.176648484419, "2019": 40408.284857475053, "2020": 39169.860600070722, "2021": 43725.099952124503, "2022": 41082.811932074706, "2023": 44690.934539511749, "2024": 46150.487686159257 }, "geometry": { "type": "MultiPolygon", "coordinates": [ [ [ [ 9.560016, 42.152492 ], [ 9.229752, 41.380007 ], [ 8.775723, 41.583612 ], [ 8.544213, 42.256517 ], [ 8.746009, 42.628122 ], [ 9.390001, 43.009985 ], [ 9.560016, 42.152492 ] ] ], [ [ [ 3.588184, 50.378992 ], [ 4.286023, 49.907497 ], [ 4.799222, 49.985373 ], [ 5.674052, 49.529484 ], [ 5.897759, 49.442667 ], [ 6.18632, 49.463803 ], [ 6.65823, 49.201958 ], [ 8.099279, 49.017784 ], [ 7.593676, 48.333019 ], [ 7.466759, 47.620582 ], [ 7.192202, 47.449766 ], [ 6.736571, 47.541801 ], [ 6.768714, 47.287708 ], [ 6.037389, 46.725779 ], [ 6.022609, 46.27299 ], [ 6.5001, 46.429673 ], [ 6.843593, 45.991147 ], [ 6.802355, 45.70858 ], [ 7.096652, 45.333099 ], [ 6.749955, 45.028518 ], [ 7.007562, 44.254767 ], [ 7.549596, 44.127901 ], [ 7.435185, 43.693845 ], [ 6.529245, 43.128892 ], [ 4.556963, 43.399651 ], [ 3.100411, 43.075201 ], [ 2.985999, 42.473015 ], [ 1.826793, 42.343385 ], [ 0.701591, 42.795734 ], [ 0.338047, 42.579546 ], [ -1.502771, 43.034014 ], [ -1.901351, 43.422802 ], [ -1.384225, 44.02261 ], [ -1.193798, 46.014918 ], [ -2.225724, 47.064363 ], [ -2.963276, 47.570327 ], [ -4.491555, 47.954954 ], [ -4.59235, 48.68416 ], [ -3.295814, 48.901692 ], [ -1.616511, 48.644421 ], [ -1.933494, 49.776342 ], [ -0.989469, 49.347376 ], [ 1.338761, 50.127173 ], [ 1.639001, 50.946606 ], [ 2.513573, 51.148506 ], [ 2.658422, 50.796848 ], [ 3.123252, 50.780363 ], [ 3.588184, 50.378992 ] ] ] ] } },
{ "type": "Feature", "properties": { "name": "Gabon", "iso3": "GAB", "name_with_flag": "🇬🇦 Gabon", "1960": 276.13616947322748, "1961": 323.45920265420051, "1962": 348.41682013312749, "1963": 290.67581654640918, "1964": 400.40295650495841, "1965": 414.55421809503542, "1966": 443.40159987814161, "1967": 482.22309050643003, "1968": 514.57398379621668, "1969": 545.41023714120104, "1970": 543.43316144175697, "1971": 627.41567757661585, "1972": 693.29483141297942, "1973": 1140.041642750896, "1974": 2384.1862889257241, "1975": 3258.2342415358871, "1976": 4441.0944858662297, "1977": 4048.146742894904, "1978": 3359.572681236642, "1979": 4154.5859401509324, "1980": 5718.4671905271734, "1981": 5026.4764675715578, "1982": 4583.8996778544479, "1983": 4181.5719157557751, "1984": 4272.8821687170539, "1985": 3898.4631693548681, "1986": 3864.6745382398121, "1987": 3624.3767586547642, "1988": 4118.6047303279456, "1989": 4373.8849192694825, "1990": 6050.7146899952322, "1991": 5345.0965303051989, "1992": 5385.6881174507807, "1993": 4105.9870133933082, "1994": 3828.2111811445388, "1995": 4414.8755828571984, "1996": 4942.6787002761484, "1997": 4508.7534054114221, "1998": 3699.9951390650381, "1999": 3751.353189506247, "2000": 3982.906200927996, "2001": 3835.7571827972738, "2002": 3966.480018646625, "2003": 4710.7486276815098, "2004": 5465.7919359070838, "2005": 6547.8761395518632, "2006": 6847.0098568539379, "2007": 8003.5428969604873, "2008": 9688.6451969063328, "2009": 7290.5752609311357, "2010": 8356.7466201334519, "2011": 10219.11393394536, "2012": 9296.9658794108818, "2013": 9197.7010632394686, "2014": 9201.3627664810538, "2015": 7047.1265463435539, "2016": 6677.0700390164366, "2017": 6921.7337313562402, "2018": 7624.2775233771008, "2019": 7441.1786472280974, "2020": 6605.8034607790414, "2021": 8181.409141343981, "2022": 8409.2074145227871, "2023": 8071.3977740045502, "2024": 8218.7630706184846 }, "geometry": { "type": "Polygon", "coordinates": [ [ [ 11.093773, -3.978827 ], [ 10.066135, -2.969483 ], [ 9.405245, -2.144313 ], [ 8.797996, -1.111301 ], [ 8.830087, -0.779074 ], [ 9.04842, -0.459351 ], [ 9.291351, 0.268666 ], [ 9.492889, 1.01012 ], [ 9.830284, 1.067894 ], [ 11.285079, 1.057662 ], [ 11.276449, 2.261051 ], [ 11.751665, 2.326758 ], [ 12.35938, 2.192812 ], [ 12.951334, 2.321616 ], [ 13.075822, 2.267097 ], [ 13.003114, 1.830896 ], [ 13.282631, 1.314184 ], [ 14.026669, 1.395677 ], [ 14.276266, 1.19693 ], [ 13.843321, 0.038758 ], [ 14.316418, -0.552627 ], [ 14.425456, -1.333407 ], [ 14.29921, -1.998276 ], [ 13.992407, -2.470805 ], [ 13.109619, -2.42874 ], [ 12.575284, -1.948511 ], [ 12.495703, -2.391688 ], [ 11.820964, -2.514161 ], [ 11.478039, -2.765619 ], [ 11.855122, -3.426871 ], [ 11.093773, -3.978827 ] ] ] } },
{ "type": "Feature", "properties": { "name": "United Kingdom", "iso3": "GBR", "name_with_flag": "🇬🇧 United Kingdom", "1960": 1397.5948032844051, "1961": 1472.385714078682, "1962": 1525.775852710321, "1963": 1613.456883733922, "1964": 1748.2881176141029, "1965": 1873.5677743542051, "1966": 1986.7471586968479, "1967": 2058.781881980558, "1968": 1951.7585958753209, "1969": 2100.6678685867168, "1970": 2347.5443177374741, "1971": 2649.801513872233, "1972": 3030.4325141197719, "1973": 3426.2762205037789, "1974": 3665.8627976419029, "1975": 4299.7456179928358, "1976": 4138.1677876153472, "1977": 4681.4399317303796, "1978": 5976.9381689999063, "1979": 7804.7620805115466, "1980": 10032.06208001497, "1981": 9599.3062222196477, "1982": 9146.0773570185156, "1983": 8691.5188130651404, "1984": 8179.1944406499106, "1985": 8652.2165424759296, "1986": 10611.11221009598, "1987": 13118.58653462903, "1988": 15987.16807756882, "1989": 16239.28219609442, "1990": 19095.466998460779, "1991": 19900.726650506858, "1992": 20487.17078528785, "1993": 18389.019567509869, "1994": 19709.238098365298, "1995": 23168.952958017089, "1996": 24406.400298359, "1997": 26766.005624968391, "1998": 28274.504511969921, "1999": 28762.091357025609, "2000": 28280.926786099, "2001": 27906.569502964048, "2002": 30077.741432187981, "2003": 34442.687540230792, "2004": 40366.888665096812, "2005": 42104.788437502393, "2006": 44512.459029686463, "2007": 50397.6854954706, "2008": 47396.120207848347, "2009": 38744.131693042953, "2010": 39598.95711954499, "2011": 42109.641879574912, "2012": 42490.146546352073, "2013": 43419.03525989323, "2014": 47426.620982999499, "2015": 44983.885522934048, "2016": 40988.104423302553, "2017": 40629.234034734553, "2018": 43315.487450131783, "2019": 42794.002264828807, "2020": 40404.806223895073, "2021": 46926.475736105007, "2022": 46062.991407969763, "2023": 49200.810152614569, "2024": 52636.786594385267 }, "geometry": { "type": "MultiPolygon", "coordinates": [ [ [ [ -5.661949, 54.554603 ], [ -6.197885, 53.867565 ], [ -6.95373, 54.073702 ], [ -7.572168, 54.059956 ], [ -7.366031, 54.595841 ], [ -7.572168, 55.131622 ], [ -6.733847, 55.17286 ], [ -5.661949, 54.554603 ] ] ], [ [ [ -3.005005, 58.635 ], [ -4.073828, 57.553025 ], [ -3.055002, 57.690019 ], [ -1.959281, 57.6848 ], [ -2.219988, 56.870017 ], [ -3.119003, 55.973793 ], [ -2.085009, 55.909998 ], [ -2.005676, 55.804903 ], [ -1.114991, 54.624986 ], [ -0.430485, 54.464376 ], [ 0.184981, 53.325014 ], [ 0.469977, 52.929999 ], [ 1.681531, 52.73952 ], [ 1.559988, 52.099998 ], [ 1.050562, 51.806761 ], [ 1.449865, 51.289428 ], [ 0.550334, 50.765739 ], [ -0.787517, 50.774989 ], [ -2.489998, 50.500019 ], [ -2.956274, 50.69688 ], [ -3.617448, 50.228356 ], [ -4.542508, 50.341837 ], [ -5.245023, 49.96 ], [ -5.776567, 50.159678 ], [ -4.30999, 51.210001 ], [ -3.414851, 51.426009 ], [ -3.422719, 51.426848 ], [ -4.984367, 51.593466 ], [ -5.267296, 51.9914 ], [ -4.222347, 52.301356 ], [ -4.770013, 52.840005 ], [ -4.579999, 53.495004 ], [ -3.093831, 53.404547 ], [ -3.09208, 53.404441 ], [ -2.945009, 53.985 ], [ -3.614701, 54.600937 ], [ -3.630005, 54.615013 ], [ -4.844169, 54.790971 ], [ -5.082527, 55.061601 ], [ -4.719112, 55.508473 ], [ -5.047981, 55.783986 ], [ -5.586398, 55.311146 ], [ -5.644999, 56.275015 ], [ -6.149981, 56.78501 ], [ -5.786825, 57.818848 ], [ -5.009999, 58.630013 ], [ -4.211495, 58.550845 ], [ -3.005005, 58.635 ] ] ] ] } },
{ "type": "Feature", "properties": { "name": "Georgia", "iso3": "GEO", "name_with_flag": "🇬🇪 Georgia", "1960": null, "1961": null, "1962": null, "1963": null, "1964": null, "1965": null, "1966": null, "1967": null, "1968": null, "1969": null, "1970": null, "1971": null, "1972": null, "1973": null, "1974": null, "1975": null, "1976": null, "1977": null, "1978": null, "1979": null, "1980": null, "1981": null, "1982": null, "1983": null, "1984": null, "1985": null, "1986": null, "1987": 1543.58202459728, "1988": 1843.9034323585761, "1989": 1853.440908386747, "1990": 1610.980271468683, "1991": 1307.8234271300639, "1992": 757.22354850535771, "1993": 550.01554260922444, "1994": 519.81557881496485, "1995": 578.33692346086582, "1996": 689.0346341533118, "1997": 807.03228575235244, "1998": 851.51554245084105, "1999": 673.53778288727517, "2000": 749.90853499396133, "2001": 801.98383707928963, "2002": 853.52617186893929, "2003": 1010.031516308684, "2004": 1305.0474855720779, "2005": 1642.783594147973, "2006": 1996.0201327228399, "2007": 2635.3665027611619, "2008": 3324.753720501501, "2009": 2822.6893966879661, "2010": 3281.7293093734288, "2011": 4119.6681830719272, "2012": 4530.6953340943082, "2013": 4712.0022938266493, "2014": 4830.3348617024894, "2015": 4086.622346596499, "2016": 4143.4012568631524, "2017": 4418.7520654667851, "2018": 4804.0546040444042, "2019": 4741.2832715876011, "2020": 4300.8570129120699, "2021": 5083.6069548457726, "2022": 6729.8465993028331, "2023": 8283.6696065226115, "2024": 9193.6636636148905 }, "geometry": { "type": "Polygon", "coordinates": [ [ [ 41.554084, 41.535656 ], [ 41.703171, 41.962943 ], [ 41.45347, 42.645123 ], [ 40.875469, 43.013628 ], [ 40.321394, 43.128634 ], [ 39.955009, 43.434998 ], [ 40.076965, 43.553104 ], [ 40.922185, 43.382159 ], [ 42.394395, 43.220308 ], [ 43.756017, 42.740828 ], [ 43.9312, 42.554974 ], [ 44.537623, 42.711993 ], [ 45.470279, 42.502781 ], [ 45.77641, 42.092444 ], [ 46.404951, 41.860675 ], [ 46.145432, 41.722802 ], [ 46.637908, 41.181673 ], [ 46.501637, 41.064445 ], [ 45.962601, 41.123873 ], [ 45.217426, 41.411452 ], [ 44.97248, 41.248129 ], [ 43.582746, 41.092143 ], [ 42.619549, 41.583173 ], [ 41.554084, 41.535656 ] ] ] } },
{ "type": "Feature", "properties": { "name": "Ghana", "iso3": "GHA", "name_with_flag": "🇬🇭 Ghana", "1960": 174.85885653180449, "1961": 181.87001083308451, "1962": 188.42101629989301, "1963": 205.03742239188469, "1964": 224.9681543933539, "1965": 260.50559523622002, "1966": 263.33458941151417, "1967": 211.21929654036489, "1968": 196.668571830464, "1969": 225.7726219635542, "1970": 248.15986940981799, "1971": 263.40878788223461, "1972": 223.80286383232999, "1973": 309.50955230039142, "1974": 289.42585681650831, "1975": 272.97671518850262, "1976": 260.99829581310718, "1977": 292.28979809498952, "1978": 325.59847667823328, "1979": 346.65340377769741, "1980": 372.25202636796092, "1981": 343.79912673942499, "1982": 319.20691032979067, "1983": 311.38343815494932, "1984": 329.99888886311129, "1985": 329.71460493701369, "1986": 410.71165838861128, "1987": 355.1537249192034, "1988": 355.12184493288112, "1989": 349.96494191498249, "1990": 382.54246368353978, "1991": 418.25412134998652, "1992": 396.42640764051743, "1993": 359.80084409752828, "1994": 320.50390343252008, "1995": 371.53724303383552, "1996": 389.27126789883113, "1997": 377.84193550146063, "1998": 400.36679950852402, "1999": 403.03732612727299, "2000": 253.74693620334381, "2001": 263.54215649485292, "2002": 297.46164468774049, "2003": 358.39927142072958, "2004": 406.13210532956532, "2005": 478.61190919102779, "2006": 906.44102756488678, "2007": 1050.124615249259, "2008": 1182.657612560165, "2009": 1047.7043009358631, "2010": 1263.892517605389, "2011": 1507.4357319875289, "2012": 1543.775242357638, "2013": 2294.7958469374339, "2014": 1949.9083292384551, "2015": 1722.772828336062, "2016": 1912.4799133995059, "2017": 2012.286626412654, "2018": 2195.3216601637728, "2019": 2186.6582268261291, "2020": 2195.4548165998681, "2021": 2445.1866252934401, "2022": 2229.8912264780301, "2023": 2383.904104834181, "2024": 2405.7946637808291 }, "geometry": { "type": "Polygon", "coordinates": [ [ [ 1.060122, 5.928837 ], [ -0.507638, 5.343473 ], [ -1.063625, 5.000548 ], [ -1.964707, 4.710462 ], [ -2.856125, 4.994476 ], [ -2.810701, 5.389051 ], [ -3.24437, 6.250472 ], [ -2.983585, 7.379705 ], [ -2.56219, 8.219628 ], [ -2.827496, 9.642461 ], [ -2.963896, 10.395335 ], [ -2.940409, 10.96269 ], [ -1.203358, 11.009819 ], [ -0.761576, 10.93693 ], [ -0.438702, 11.098341 ], [ 0.023803, 11.018682 ], [ -0.049785, 10.706918 ], [ 0.36758, 10.191213 ], [ 0.365901, 9.465004 ], [ 0.461192, 8.677223 ], [ 0.712029, 8.312465 ], [ 0.490957, 7.411744 ], [ 0.570384, 6.914359 ], [ 0.836931, 6.279979 ], [ 1.060122, 5.928837 ] ] ] } },
{ "type": "Feature", "properties": { "name": "Guinea", "iso3": "GIN", "name_with_flag": "🇬🇳 Guinea", "1960": null, "1961": null, "1962": null, "1963": null, "1964": null, "1965": null, "1966": null, "1967": null, "1968": null, "1969": null, "1970": 752.82250357238775, "1971": 825.28997705309564, "1972": 948.49742129705464, "1973": 1143.3000351407759, "1974": 1242.5292252038989, "1975": 1311.3305136256331, "1976": 1430.6643528676409, "1977": 1440.157665151015, "1978": 1657.963932307056, "1979": 1789.9955492456691, "1980": 1930.991842579486, "1981": 1875.5396677239621, "1982": 2272.6329872427441, "1983": 2822.8393228468158, "1984": 3361.5282015454968, "1985": 4061.6986724244339, "1986": 505.87694425030321, "1987": 504.51086879940578, "1988": 574.00112722518213, "1989": 570.49341798678677, "1990": 604.30442270253195, "1991": 656.42373119517993, "1992": 692.6478026628057, "1993": 670.7417782299591, "1994": 671.57638505875218, "1995": 713.03146055868319, "1996": 726.02544258379919, "1997": 695.58174225826031, "1998": 647.37992083277788, "1999": 610.61484294276238, "2000": 518.15706692402625, "2001": 483.0851202147411, "2002": 495.91607355926942, "2003": 566.48540588068033, "2004": 584.89774053808139, "2005": 463.17768685097968, "2006": 446.98055413501288, "2007": 650.14857530474251, "2008": 703.53282578436892, "2009": 662.18591466557473, "2010": 659.23532621131517, "2011": 636.69495874764834, "2012": 699.35337721219651, "2013": 748.45502082473433, "2014": 765.1469993892789, "2015": 747.35696675944757, "2016": 711.9965097823158, "2017": 833.59862169112102, "2018": 933.27361563370505, "2019": 1031.341464807319, "2020": 1053.6609769641459, "2021": 1244.9655047791371, "2022": 1416.5961201176419, "2023": 1555.493758068606, "2024": 1717.023181207793 }, "geometry": { "type": "Polygon", "coordinates": [ [ [ -8.439298, 7.686043 ], [ -8.722124, 7.711674 ], [ -8.926065, 7.309037 ], [ -9.208786, 7.313921 ], [ -9.403348, 7.526905 ], [ -9.33728, 7.928534 ], [ -9.755342, 8.541055 ], [ -10.016567, 8.428504 ], [ -10.230094, 8.406206 ], [ -10.505477, 8.348896 ], [ -10.494315, 8.715541 ], [ -10.65477, 8.977178 ], [ -10.622395, 9.26791 ], [ -10.839152, 9.688246 ], [ -11.117481, 10.045873 ], [ -11.917277, 10.046984 ], [ -12.150338, 9.858572 ], [ -12.425929, 9.835834 ], [ -12.596719, 9.620188 ], [ -12.711958, 9.342712 ], [ -13.24655, 8.903049 ], [ -13.685154, 9.494744 ], [ -14.074045, 9.886167 ], [ -14.330076, 10.01572 ], [ -14.579699, 10.214467 ], [ -14.693232, 10.656301 ], [ -14.839554, 10.876572 ], [ -15.130311, 11.040412 ], [ -14.685687, 11.527824 ], [ -14.382192, 11.509272 ], [ -14.121406, 11.677117 ], [ -13.9008, 11.678719 ], [ -13.743161, 11.811269 ], [ -13.828272, 12.142644 ], [ -13.718744, 12.247186 ], [ -13.700476, 12.586183 ], [ -13.217818, 12.575874 ], [ -12.499051, 12.33209 ], [ -12.278599, 12.35444 ], [ -12.203565, 12.465648 ], [ -11.658301, 12.386583 ], [ -11.513943, 12.442988 ], [ -11.456169, 12.076834 ], [ -11.297574, 12.077971 ], [ -11.036556, 12.211245 ], [ -10.87083, 12.177887 ], [ -10.593224, 11.923975 ], [ -10.165214, 11.844084 ], [ -9.890993, 12.060479 ], [ -9.567912, 12.194243 ], [ -9.327616, 12.334286 ], [ -9.127474, 12.30806 ], [ -8.905265, 12.088358 ], [ -8.786099, 11.812561 ], [ -8.376305, 11.393646 ], [ -8.581305, 11.136246 ], [ -8.620321, 10.810891 ], [ -8.407311, 10.909257 ], [ -8.282357, 10.792597 ], [ -8.335377, 10.494812 ], [ -8.029944, 10.206535 ], [ -8.229337, 10.12902 ], [ -8.309616, 9.789532 ], [ -8.079114, 9.376224 ], [ -7.8321, 8.575704 ], [ -8.203499, 8.455453 ], [ -8.299049, 8.316444 ], [ -8.221792, 8.123329 ], [ -8.280703, 7.68718 ], [ -8.439298, 7.686043 ] ] ] } },
{ "type": "Feature", "properties": { "name": "Gambia", "iso3": "GMB", "name_with_flag": "🇬🇲 Gambia", "1960": null, "1961": null, "1962": null, "1963": null, "1964": null, "1965": null, "1966": 94.366214494765757, "1967": 96.960486884925402, "1968": 83.106485275891217, "1969": 88.66220216103099, "1970": 99.781691977244776, "1971": 103.3183222887494, "1972": 106.52460428262469, "1973": 131.44918206078711, "1974": 162.61833468655141, "1975": 189.80839337734369, "1976": 179.3139632911066, "1977": 213.84254316202319, "1978": 257.58104223729117, "1979": 300.25852803439682, "1980": 337.69253438951671, "1981": 295.98206454808252, "1982": 282.14130705538747, "1983": 268.64929981680268, "1984": 214.79435738992839, "1985": 262.81661674577907, "1986": 207.65440871494539, "1987": 236.95480272584589, "1988": 274.87446599958872, "1989": 280.92980955391943, "1990": 300.63989574038118, "1991": 627.57891931882693, "1992": 623.48592778359762, "1993": 635.36116772820003, "1994": 608.27749078080046, "1995": 621.68139126964559, "1996": 651.78494572483703, "1997": 600.22402340575388, "1998": 610.23471146172426, "1999": 575.45989315121562, "2000": 538.05407234885388, "2001": 459.80306838139882, "2002": 376.53102696258429, "2003": 308.71912343758748, "2004": 593.28534632658057, "2005": 616.48365786534828, "2006": 614.54430790446418, "2007": 724.72640724243183, "2008": 859.12767141122617, "2009": 774.88803090809108, "2010": 801.03337271453563, "2011": 710.60841146815153, "2012": 692.57936162810199, "2013": 653.86271327274312, "2014": 568.0045355886399, "2015": 619.53636429646053, "2016": 650.05650132361131, "2017": 642.52264129633068, "2018": 696.21980696061485, "2019": 738.18675198748281, "2020": 720.33514335213306, "2021": 781.89092516953087, "2022": 836.24487558263093, "2023": 888.15740744190191, "2024": 908.52567415096485 }, "geometry": { "type": "Polygon", "coordinates": [ [ [ -16.841525, 13.151394 ], [ -16.713729, 13.594959 ], [ -15.624596, 13.623587 ], [ -15.39877, 13.860369 ], [ -15.081735, 13.876492 ], [ -14.687031, 13.630357 ], [ -14.376714, 13.62568 ], [ -14.046992, 13.794068 ], [ -13.844963, 13.505042 ], [ -14.277702, 13.280585 ], [ -14.712197, 13.298207 ], [ -15.141163, 13.509512 ], [ -15.511813, 13.27857 ], [ -15.691001, 13.270353 ], [ -15.931296, 13.130284 ], [ -16.841525, 13.151394 ] ] ] } },
{ "type": "Feature", "properties": { "name": "Guinea Bissau", "iso3": "GNB", "name_with_flag": "🇬🇼 Guinea Bissau", "1960": null, "1961": null, "1962": null, "1963": null, "1964": null, "1965": null, "1966": null, "1967": null, "1968": null, "1969": null, "1970": 350.22159496210679, "1971": 348.27700962026728, "1972": 388.64376137455258, "1973": 391.91657561290032, "1974": 418.64311401406388, "1975": 435.21780987484749, "1976": 420.85293743817772, "1977": 402.90658780332569, "1978": 402.77752570093583, "1979": 375.84533017162471, "1980": 346.85544156755418, "1981": 477.46389637563038, "1982": 502.73226600556791, "1983": 488.99389232210677, "1984": 407.43944468491168, "1985": 416.57613999889821, "1986": 371.13757591310338, "1987": 487.5519494369932, "1988": 453.80747268820852, "1989": 578.4909858312559, "1990": 651.33764065099444, "1991": 672.07387884965976, "1992": 574.32110641811028, "1993": 581.61268181395349, "1994": 560.88342253797327, "1995": 589.48702308194538, "1996": 614.72989245458496, "1997": 598.95347019848373, "1998": 497.72427956373269, "1999": 478.73319098990919, "2000": 316.94549503763892, "2001": 327.13843197239731, "2002": 362.03457457035398, "2003": 419.78486611806977, "2004": 431.37655766963388, "2005": 463.07396265045162, "2006": 448.51307546970082, "2007": 519.06978979474138, "2008": 640.21033110175335, "2009": 583.19002013909358, "2010": 600.1942985407677, "2011": 719.53957349893722, "2012": 635.46165330388055, "2013": 654.30453440941699, "2014": 652.02250102944936, "2015": 645.06683720703882, "2016": 679.66538662681762, "2017": 783.12318660202197, "2018": 808.53161321850405, "2019": 807.42552487283456, "2020": 836.26731423732031, "2021": 912.48410469284681, "2022": 873.43786187542821, "2023": 964.92755421890877, "2024": 962.98362790189196 }, "geometry": { "type": "Polygon", "coordinates": [ [ [ -15.130311, 11.040412 ], [ -15.66418, 11.458474 ], [ -16.085214, 11.524594 ], [ -16.314787, 11.806515 ], [ -16.308947, 11.958702 ], [ -16.613838, 12.170911 ], [ -16.677452, 12.384852 ], [ -16.147717, 12.547762 ], [ -15.816574, 12.515567 ], [ -15.548477, 12.62817 ], [ -13.700476, 12.586183 ], [ -13.718744, 12.247186 ], [ -13.828272, 12.142644 ], [ -13.743161, 11.811269 ], [ -13.9008, 11.678719 ], [ -14.121406, 11.677117 ], [ -14.382192, 11.509272 ], [ -14.685687, 11.527824 ], [ -15.130311, 11.040412 ] ] ] } },
{ "type": "Feature", "properties": { "name": "Equatorial Guinea", "iso3": "GNQ", "name_with_flag": "🇬🇶 Equatorial Guinea", "1960": null, "1961": null, "1962": 132.91185907727581, "1963": 154.79749852837469, "1964": 177.82641757609389, "1965": 217.10289545038981, "1966": 226.69496390134461, "1967": 231.9316461657744, "1968": 211.74375868917801, "1969": 208.4408396633799, "1970": 206.76685869966479, "1971": 205.56736961700949, "1972": 211.4247619744464, "1973": 268.63490233866679, "1974": 319.23683674134207, "1975": 362.26217827807812, "1976": 368.83137425397871, "1977": 375.70596062500192, "1978": null, "1979": null, "1980": 175.45100807136251, "1981": 121.12508028204719, "1982": 137.46880270836641, "1983": 129.41100558102141, "1984": 137.903678570149, "1985": 161.11802183766969, "1986": 188.78702702247969, "1987": 220.9254418225087, "1988": 228.6692328272473, "1989": 193.22335611690031, "1990": 236.40218837626489, "1991": 225.31937851976309, "1992": 263.73354708894448, "1993": 256.68302365257398, "1994": 183.23948271196431, "1995": 248.31489620885509, "1996": 391.68686823573148, "1997": 717.04148157682096, "1998": 577.86852534274522, "1999": 930.91254929977879, "2000": 1487.316550670098, "2001": 1948.6114590784371, "2002": 2264.210655803648, "2003": 2930.6018374373289, "2004": 4901.3012740811928, "2005": 8673.9026086534977, "2006": 10184.88412485415, "2007": 12616.953294201119, "2008": 18210.555297059891, "2009": 13232.501937810181, "2010": 13720.165872322241, "2011": 17198.213666827502, "2012": 17308.57239245747, "2013": 16304.071319641809, "2014": 15548.662465661921, "2015": 9068.9100323864459, "2016": 7453.1979794851668, "2017": 7809.1046565548822, "2018": 8102.4708483403128, "2019": 6804.149230738878, "2020": 5764.0550291294676, "2021": 6945.630697945393, "2022": 7589.299649093814, "2023": 6677.793435386001, "2024": 6745.4001324491601 }, "geometry": { "type": "Polygon", "coordinates": [ [ [ 9.492889, 1.01012 ], [ 9.305613, 1.160911 ], [ 9.649158, 2.283866 ], [ 11.276449, 2.261051 ], [ 11.285079, 1.057662 ], [ 9.830284, 1.067894 ], [ 9.492889, 1.01012 ] ] ] } },
{ "type": "Feature", "properties": { "name": "Greece", "iso3": "GRC", "name_with_flag": "🇬🇷 Greece", "1960": 513.08586239091539, "1961": 582.56350359106273, "1962": 608.47551546230659, "1963": 685.55928200174435, "1964": 772.80550077031194, "1965": 886.77361107155127, "1966": 983.55754915870978, "1967": 1053.2588863312999, "1968": 1138.382190326714, "1969": 1305.643959768619, "1970": 1473.603948087065, "1971": 1629.345279328702, "1972": 1873.2541277359221, "1973": 2468.00395502023, "1974": 2789.4057735063479, "1975": 3109.3794397891961, "1976": 3343.3881944467571, "1977": 3832.321100046106, "1978": 4629.3393767120851, "1979": 5626.5887908708164, "1980": 5811.6906960094111, "1981": 5305.4372938133938, "1982": 5501.6370006123398, "1983": 4950.0602651876143, "1984": 4785.0746303377546, "1985": 4746.7603581635467, "1986": 5577.8325869276869, "1987": 6473.5778316811693, "1988": 7492.3520481125142, "1989": 7737.5438577203204, "1990": 9466.6623850217438, "1991": 10046.666387547461, "1992": 11021.01222460705, "1993": 10257.308578907279, "1994": 10937.022380861121, "1995": 12779.08149160601, "1996": 13432.526218324439, "1997": 13015.917504685411, "1998": 13022.96487748089, "1999": 12742.540438814331, "2000": 11638.201069721479, "2001": 12156.95728242209, "2002": 13782.195640942989, "2003": 18020.612039764052, "2004": 21449.255276424519, "2005": 22054.131575688589, "2006": 24416.023297027459, "2007": 28440.76253289554, "2008": 31695.83310922093, "2009": 29425.457320026249, "2010": 26653.04880086258, "2011": 25504.78665101244, "2012": 21624.346052551049, "2013": 21573.34497628047, "2014": 21474.72571238919, "2015": 17980.729823813741, "2016": 17919.24263770477, "2017": 18631.99301292935, "2018": 19873.40152387715, "2019": 19335.360200296869, "2020": 17886.733165236052, "2021": 20654.7001960815, "2022": 20971.834925828331, "2023": 23400.72788176914, "2024": 24752.1068401681 }, "geometry": { "type": "MultiPolygon", "coordinates": [ [ [ [ 23.69998, 35.705004 ], [ 24.246665, 35.368022 ], [ 25.025015, 35.424996 ], [ 25.769208, 35.354018 ], [ 25.745023, 35.179998 ], [ 26.290003, 35.29999 ], [ 26.164998, 35.004995 ], [ 24.724982, 34.919988 ], [ 24.735007, 35.084991 ], [ 23.514978, 35.279992 ], [ 23.69998, 35.705004 ] ] ], [ [ [ 26.604196, 41.562115 ], [ 26.294602, 40.936261 ], [ 26.056942, 40.824123 ], [ 25.447677, 40.852545 ], [ 24.925848, 40.947062 ], [ 23.714811, 40.687129 ], [ 24.407999, 40.124993 ], [ 23.899968, 39.962006 ], [ 23.342999, 39.960998 ], [ 22.813988, 40.476005 ], [ 22.626299, 40.256561 ], [ 22.849748, 39.659311 ], [ 23.350027, 39.190011 ], [ 22.973099, 38.970903 ], [ 23.530016, 38.510001 ], [ 24.025025, 38.219993 ], [ 24.040011, 37.655015 ], [ 23.115003, 37.920011 ], [ 23.409972, 37.409991 ], [ 22.774972, 37.30501 ], [ 23.154225, 36.422506 ], [ 22.490028, 36.41 ], [ 21.670026, 36.844986 ], [ 21.295011, 37.644989 ], [ 21.120034, 38.310323 ], [ 20.730032, 38.769985 ], [ 20.217712, 39.340235 ], [ 20.150016, 39.624998 ], [ 20.615, 40.110007 ], [ 20.674997, 40.435 ], [ 20.99999, 40.580004 ], [ 21.02004, 40.842727 ], [ 21.674161, 40.931275 ], [ 22.055378, 41.149866 ], [ 22.597308, 41.130487 ], [ 22.76177, 41.3048 ], [ 22.952377, 41.337994 ], [ 23.692074, 41.309081 ], [ 24.492645, 41.583896 ], [ 25.197201, 41.234486 ], [ 26.106138, 41.328899 ], [ 26.117042, 41.826905 ], [ 26.604196, 41.562115 ] ] ] ] } },
{ "type": "Feature", "properties": { "name": "Greenland", "iso3": "GRL", "name_with_flag": "🇬🇱 Greenland", "1960": null, "1961": null, "1962": null, "1963": null, "1964": null, "1965": null, "1966": null, "1967": null, "1968": null, "1969": null, "1970": 1498.2764367816089, "1971": 1874.2953019009931, "1972": 2196.714240191975, "1973": 2860.2805764011532, "1974": 3432.706032912763, "1975": 4257.8756114840553, "1976": 4844.6562934748454, "1977": 5713.9625336055351, "1978": 7235.5169393432952, "1979": 8480.7625310582171, "1980": 9483.1024058519815, "1981": 8544.0979101651246, "1982": 7813.6512821217184, "1983": 7988.1779466298831, "1984": 7198.7078081664977, "1985": 7760.8342637062842, "1986": 11271.332573588379, "1987": 14554.351366973549, "1988": 16397.950193876139, "1989": 16813.741450110741, "1990": 18326.929502325162, "1991": 18315.316563190619, "1992": 18768.827532545482, "1993": 16797.35782188279, "1994": 18124.099807576331, "1995": 21665.829517311551, "1996": 21422.460985367161, "1997": 19145.614890096, "1998": 20496.578783558969, "1999": 20170.322763798031, "2000": 19009.077440751491, "2001": 19265.519146873768, "2002": 20657.950632309661, "2003": 27466.649452550369, "2004": 32030.99879151085, "2005": 32489.72773098986, "2006": 35457.629757821407, "2007": 39780.944136872087, "2008": 44366.78586881754, "2009": 44918.84138321552, "2010": 44277.199340097177, "2011": 47186.875996938783, "2012": 45936.956281772364, "2013": 47535.488379237649, "2014": 50485.224413529118, "2015": 44536.35497053773, "2016": 48181.745354126557, "2017": 50765.749466537178, "2018": 54545.135857765032, "2019": 53309.20359050652, "2020": 54812.666177102343, "2021": 58135.993991020303, "2022": 55635.000649122259, "2023": 58498.974314243322, "2024": null }, "geometry": { "type": "Polygon", "coordinates": [ [ [ -46.76379, 82.62796 ], [ -43.40644, 83.22516 ], [ -39.89753, 83.18018 ], [ -38.62214, 83.54905 ], [ -35.08787, 83.64513 ], [ -27.10046, 83.51966 ], [ -20.84539, 82.72669 ], [ -22.69182, 82.34165 ], [ -26.51753, 82.29765 ], [ -31.9, 82.2 ], [ -31.39646, 82.02154 ], [ -27.85666, 82.13178 ], [ -24.84448, 81.78697 ], [ -22.90328, 82.09317 ], [ -22.07175, 81.73449 ], [ -23.16961, 81.15271 ], [ -20.62363, 81.52462 ], [ -15.76818, 81.91245 ], [ -12.77018, 81.71885 ], [ -12.20855, 81.29154 ], [ -16.28533, 80.58004 ], [ -16.85, 80.35 ], [ -20.04624, 80.17708 ], [ -17.73035, 80.12912 ], [ -18.9, 79.4 ], [ -19.70499, 78.75128 ], [ -19.67353, 77.63859 ], [ -18.47285, 76.98565 ], [ -20.03503, 76.94434 ], [ -21.67944, 76.62795 ], [ -19.83407, 76.09808 ], [ -19.59896, 75.24838 ], [ -20.66818, 75.15585 ], [ -19.37281, 74.29561 ], [ -21.59422, 74.22382 ], [ -20.43454, 73.81713 ], [ -20.76234, 73.46436 ], [ -22.17221, 73.30955 ], [ -23.56593, 73.30663 ], [ -22.31311, 72.62928 ], [ -22.29954, 72.18409 ], [ -24.27834, 72.59788 ], [ -24.79296, 72.3302 ], [ -23.44296, 72.08016 ], [ -22.13281, 71.46898 ], [ -21.75356, 70.66369 ], [ -23.53603, 70.471 ], [ -24.30702, 70.85649 ], [ -25.54341, 71.43094 ], [ -25.20135, 70.75226 ], [ -26.36276, 70.22646 ], [ -23.72742, 70.18401 ], [ -22.34902, 70.12946 ], [ -25.02927, 69.2588 ], [ -27.74737, 68.47046 ], [ -30.67371, 68.12503 ], [ -31.77665, 68.12078 ], [ -32.81105, 67.73547 ], [ -34.20196, 66.67974 ], [ -36.35284, 65.9789 ], [ -37.04378, 65.93768 ], [ -38.37505, 65.69213 ], [ -39.81222, 65.45848 ], [ -40.66899, 64.83997 ], [ -40.68281, 64.13902 ], [ -41.1887, 63.48246 ], [ -42.81938, 62.68233 ], [ -42.41666, 61.90093 ], [ -42.86619, 61.07404 ], [ -43.3784, 60.09772 ], [ -44.7875, 60.03676 ], [ -46.26364, 60.85328 ], [ -48.26294, 60.85843 ], [ -49.23308, 61.40681 ], [ -49.90039, 62.38336 ], [ -51.63325, 63.62691 ], [ -52.14014, 64.27842 ], [ -52.27659, 65.1767 ], [ -53.66166, 66.09957 ], [ -53.30161, 66.8365 ], [ -53.96911, 67.18899 ], [ -52.9804, 68.35759 ], [ -51.47536, 68.72958 ], [ -51.08041, 69.14781 ], [ -50.87122, 69.9291 ], [ -52.013585, 69.574925 ], [ -52.55792, 69.42616 ], [ -53.45629, 69.283625 ], [ -54.68336, 69.61003 ], [ -54.75001, 70.28932 ], [ -54.35884, 70.821315 ], [ -53.431315, 70.835755 ], [ -51.39014, 70.56978 ], [ -53.10937, 71.20485 ], [ -54.00422, 71.54719 ], [ -55.0, 71.406537 ], [ -55.83468, 71.65444 ], [ -54.71819, 72.58625 ], [ -55.32634, 72.95861 ], [ -56.12003, 73.64977 ], [ -57.32363, 74.71026 ], [ -58.59679, 75.09861 ], [ -58.58516, 75.51727 ], [ -61.26861, 76.10238 ], [ -63.39165, 76.1752 ], [ -66.06427, 76.13486 ], [ -68.50438, 76.06141 ], [ -69.66485, 76.37975 ], [ -71.40257, 77.00857 ], [ -68.77671, 77.32312 ], [ -66.76397, 77.37595 ], [ -71.04293, 77.63595 ], [ -73.297, 78.04419 ], [ -73.15938, 78.43271 ], [ -69.37345, 78.91388 ], [ -65.7107, 79.39436 ], [ -65.3239, 79.75814 ], [ -68.02298, 80.11721 ], [ -67.15129, 80.51582 ], [ -63.68925, 81.21396 ], [ -62.23444, 81.3211 ], [ -62.65116, 81.77042 ], [ -60.28249, 82.03363 ], [ -57.20744, 82.19074 ], [ -54.13442, 82.19962 ], [ -53.04328, 81.88833 ], [ -50.39061, 82.43883 ], [ -48.00386, 82.06481 ], [ -46.59984, 81.985945 ], [ -44.523, 81.6607 ], [ -46.9007, 82.19979 ], [ -46.76379, 82.62796 ] ] ] } },
{ "type": "Feature", "properties": { "name": "Guatemala", "iso3": "GTM", "name_with_flag": "🇬🇹 Guatemala", "1960": 256.81311528660768, "1961": 257.20215058952022, "1962": 265.21065183935968, "1963": 284.39750429253758, "1964": 284.19797033936402, "1965": 282.97764170402968, "1966": 287.2778487233312, "1967": 291.93418094335613, "1968": 314.66687611894309, "1969": 326.30273339900981, "1970": 352.79080876181172, "1971": 358.37356038029338, "1972": 369.76275741342403, "1973": 440.56287169061278, "1974": 528.57311003131986, "1975": 594.88660866335954, "1976": 697.06460969301884, "1977": 856.12549529291118, "1978": 925.1800264999008, "1979": 1025.982234600717, "1980": 1141.805498149912, "1981": 1216.496397220438, "1982": 1203.9654066763801, "1983": 1219.7354535434461, "1984": 1241.042425827731, "1985": 1238.47545209176, "1986": 896.06326347363245, "1987": 853.90377250124595, "1988": 919.0707731388818, "1989": 958.42747115626241, "1990": 847.68856183035939, "1991": 1014.402796826823, "1992": 1096.4597699269791, "1993": 1165.6744271622449, "1994": 1292.672027504829, "1995": 1421.0617780979569, "1996": 1481.059867506717, "1997": 1638.4628185178869, "1998": 1741.2011418285581, "1999": 1603.6477614493431, "2000": 1648.965789715591, "2001": 1537.686635782517, "2002": 1669.3351746970541, "2003": 1722.5470191077361, "2004": 1840.9118488399961, "2005": 2046.46611650758, "2006": 2225.123475387798, "2007": 2458.8157391938439, "2008": 2763.059881729258, "2009": 2611.6463277335251, "2010": 2805.2596023732149, "2011": 3168.9837060770501, "2012": 3286.6195933626741, "2013": 3444.1597126486149, "2014": 3689.144718137768, "2015": 3893.5052209350852, "2016": 4060.1375497418621, "2017": 4324.9960815780114, "2018": 4352.9465179025292, "2019": 4511.9975515765582, "2020": 4477.6176179641752, "2021": 4912.6222572120068, "2022": 5358.7012749439637, "2023": 5758.3087629884512, "2024": 6150.0259776785088 }, "geometry": { "type": "Polygon", "coordinates": [ [ [ -90.095555, 13.735338 ], [ -90.608624, 13.909771 ], [ -91.23241, 13.927832 ], [ -91.689747, 14.126218 ], [ -92.22775, 14.538829 ], [ -92.20323, 14.830103 ], [ -92.087216, 15.064585 ], [ -92.229249, 15.251447 ], [ -91.74796, 16.066565 ], [ -90.464473, 16.069562 ], [ -90.438867, 16.41011 ], [ -90.600847, 16.470778 ], [ -90.711822, 16.687483 ], [ -91.08167, 16.918477 ], [ -91.453921, 17.252177 ], [ -91.002269, 17.254658 ], [ -91.00152, 17.817595 ], [ -90.067934, 17.819326 ], [ -89.14308, 17.808319 ], [ -89.150806, 17.015577 ], [ -89.229122, 15.886938 ], [ -88.930613, 15.887273 ], [ -88.604586, 15.70638 ], [ -88.518364, 15.855389 ], [ -88.225023, 15.727722 ], [ -88.68068, 15.346247 ], [ -89.154811, 15.066419 ], [ -89.22522, 14.874286 ], [ -89.145535, 14.678019 ], [ -89.353326, 14.424133 ], [ -89.587343, 14.362586 ], [ -89.534219, 14.244816 ], [ -89.721934, 14.134228 ], [ -90.064678, 13.88197 ], [ -90.095555, 13.735338 ] ] ] } },
{ "type": "Feature", "properties": { "name": "French Guiana", "iso3": "GUF", "name_with_flag": "🇬🇫 French Guiana", "1960": null, "1961": null, "1962": null, "1963": null, "1964": null, "1965": null, "1966": null, "1967": null, "1968": null, "1969": null, "1970": null, "1971": null, "1972": null, "1973": null, "1974": null, "1975": null, "1976": null, "1977": null, "1978": null, "1979": null, "1980": null, "1981": null, "1982": null, "1983": null, "1984": null, "1985": null, "1986": null, "1987": null, "1988": null, "1989": null, "1990": null, "1991": null, "1992": null, "1993": null, "1994": null, "1995": null, "1996": null, "1997": null, "1998": null, "1999": null, "2000": null, "2001": null, "2002": null, "2003": null, "2004": null, "2005": null, "2006": null, "2007": null, "2008": null, "2009": null, "2010": null, "2011": null, "2012": null, "2013": null, "2014": null, "2015": null, "2016": null, "2017": null, "2018": null, "2019": null, "2020": null, "2021": null, "2022": null, "2023": null, "2024": null }, "geometry": { "type": "Polygon", "coordinates": [ [ [ -52.556425, 2.504705 ], [ -52.939657, 2.124858 ], [ -53.418465, 2.053389 ], [ -53.554839, 2.334897 ], [ -53.778521, 2.376703 ], [ -54.088063, 2.105557 ], [ -54.524754, 2.311849 ], [ -54.27123, 2.738748 ], [ -54.184284, 3.194172 ], [ -54.011504, 3.62257 ], [ -54.399542, 4.212611 ], [ -54.478633, 4.896756 ], [ -53.958045, 5.756548 ], [ -53.618453, 5.646529 ], [ -52.882141, 5.409851 ], [ -51.823343, 4.565768 ], [ -51.657797, 4.156232 ], [ -52.249338, 3.241094 ], [ -52.556425, 2.504705 ] ] ] } },
{ "type": "Feature", "properties": { "name": "Guyana", "iso3": "GUY", "name_with_flag": "🇬🇾 Guyana", "1960": 299.07464578509058, "1961": 319.01775479628401, "1962": 327.39257923897361, "1963": 288.82039044232067, "1964": 313.26116189376887, "1965": 335.73593687830959, "1966": 352.58967503529072, "1967": 377.73262196798072, "1968": 339.78644107903449, "1969": 361.1876161762213, "1970": 381.09875410022698, "1971": 395.76966359929389, "1972": 395.4742645765723, "1973": 420.53367863009328, "1974": 587.96887700346372, "1975": 663.79972265189861, "1976": 604.1052677756021, "1977": 592.99759837818033, "1978": 663.20858608449544, "1979": 688.82765283834294, "1980": 778.95881410235711, "1981": 734.56745887111936, "1982": 620.56463657056929, "1983": 630.67277920910715, "1984": 565.3344355824396, "1985": 587.81839522503367, "1986": 657.01400021206109, "1987": 464.05256627071071, "1988": 544.71520924409901, "1989": 503.10901910392238, "1990": 528.85109534299409, "1991": 466.03993898888251, "1992": 498.15663656995372, "1993": 603.084316652805, "1994": 715.61152520171709, "1995": 819.66854158490514, "1996": 927.52384721166857, "1997": 982.80475380558676, "1998": 939.68548816972361, "1999": 908.79063139179675, "2000": 931.79665171895522, "2001": 931.57472384767323, "2002": 950.86693247099277, "2003": 973.74259805418819, "2004": 1033.310309021879, "2005": 1084.06541388904, "2006": 3135.6055352832609, "2007": 3608.2868524018768, "2008": 4008.9628671603041, "2009": 4209.1323062456468, "2010": 4581.7617969349176, "2011": 4947.2217058991664, "2012": 5444.3975191391337, "2013": 5556.9123115693164, "2014": 5472.6882045223692, "2015": 5640.4156056946604, "2016": 5870.8782375983483, "2017": 6178.665043729804, "2018": 6048.3869718041769, "2019": 6405.8244344456207, "2020": 6775.7093909630321, "2021": 9860.8701483438635, "2022": 17913.492806687911, "2023": 20473.70021906171, "2024": 29883.634115200071 }, "geometry": { "type": "Polygon", "coordinates": [ [ [ -59.758285, 8.367035 ], [ -59.101684, 7.999202 ], [ -58.482962, 7.347691 ], [ -58.454876, 6.832787 ], [ -58.078103, 6.809094 ], [ -57.542219, 6.321268 ], [ -57.147436, 5.97315 ], [ -57.307246, 5.073567 ], [ -57.914289, 4.812626 ], [ -57.86021, 4.576801 ], [ -58.044694, 4.060864 ], [ -57.601569, 3.334655 ], [ -57.281433, 3.333492 ], [ -57.150098, 2.768927 ], [ -56.539386, 1.899523 ], [ -56.782704, 1.863711 ], [ -57.335823, 1.948538 ], [ -57.660971, 1.682585 ], [ -58.11345, 1.507195 ], [ -58.429477, 1.463942 ], [ -58.540013, 1.268088 ], [ -59.030862, 1.317698 ], [ -59.646044, 1.786894 ], [ -59.718546, 2.24963 ], [ -59.974525, 2.755233 ], [ -59.815413, 3.606499 ], [ -59.53804, 3.958803 ], [ -59.767406, 4.423503 ], [ -60.111002, 4.574967 ], [ -59.980959, 5.014061 ], [ -60.213683, 5.244486 ], [ -60.733574, 5.200277 ], [ -61.410303, 5.959068 ], [ -61.139415, 6.234297 ], [ -61.159336, 6.696077 ], [ -60.543999, 6.856584 ], [ -60.295668, 7.043911 ], [ -60.637973, 7.415 ], [ -60.550588, 7.779603 ], [ -59.758285, 8.367035 ] ] ] } },
{ "type": "Feature", "properties": { "name": "Honduras", "iso3": "HND", "name_with_flag": "🇭🇳 Honduras", "1960": 162.77411908479871, "1961": 167.92049186278601, "1962": 177.6987292765015, "1963": 182.72707915530381, "1964": 197.84791686058219, "1965": 213.9740875339744, "1966": 224.76745692553101, "1967": 237.4686736693655, "1968": 249.43531900764231, "1969": 250.16020737830249, "1970": 262.84075231348942, "1971": 257.88325473362181, "1972": 274.80450000974849, "1973": 303.00910414196352, "1974": 333.72733267179302, "1975": 351.99424783777198, "1976": 409.17211850086369, "1977": 491.22371938310891, "1978": 883.54722129430547, "1979": 980.44276761067363, "1980": 1064.656791085361, "1981": 1052.610244136959, "1982": 1077.746065276523, "1983": 1097.72098615704, "1984": 1170.3541427670041, "1985": 1220.8427444555621, "1986": 1276.2323799663691, "1987": 1352.5547239294631, "1988": 1253.84921085629, "1989": 1121.9592439326011, "1990": 988.45927378128818, "1991": 907.2711145510068, "1992": 937.82891800607524, "1993": 908.44601325712517, "1994": 832.06297237913645, "1995": 931.66954725773837, "1996": 883.31124979742162, "1997": 944.93010244170739, "1998": 1021.1581884343379, "1999": 1002.196330111857, "2000": 1092.564007462518, "2001": 1132.1648753328991, "2002": 1132.499653453166, "2003": 1156.081626813565, "2004": 1215.1399541276089, "2005": 1304.700391538262, "2006": 1425.8478005189229, "2007": 1577.7378919740729, "2008": 1732.490627028026, "2009": 1781.157036146735, "2010": 1893.327226620346, "2011": 2073.6612108807381, "2012": 2126.034746865032, "2013": 2081.1284352794478, "2014": 2179.8817197727062, "2015": 2271.2026598034859, "2016": 2307.3446835108148, "2017": 2413.0076562942022, "2018": 2464.6424153191761, "2019": 2502.327443280727, "2020": 2307.6149431951139, "2021": 2735.14751503977, "2022": 3003.2899682639932, "2023": 3227.457625097758, "2024": 3426.4348332892259 }, "geometry": { "type": "Polygon", "coordinates": [ [ [ -87.316654, 12.984686 ], [ -87.489409, 13.297535 ], [ -87.793111, 13.38448 ], [ -87.723503, 13.78505 ], [ -87.859515, 13.893312 ], [ -88.065343, 13.964626 ], [ -88.503998, 13.845486 ], [ -88.541231, 13.980155 ], [ -88.843073, 14.140507 ], [ -89.058512, 14.340029 ], [ -89.353326, 14.424133 ], [ -89.145535, 14.678019 ], [ -89.22522, 14.874286 ], [ -89.154811, 15.066419 ], [ -88.68068, 15.346247 ], [ -88.225023, 15.727722 ], [ -88.121153, 15.688655 ], [ -87.901813, 15.864458 ], [ -87.61568, 15.878799 ], [ -87.522921, 15.797279 ], [ -87.367762, 15.84694 ], [ -86.903191, 15.756713 ], [ -86.440946, 15.782835 ], [ -86.119234, 15.893449 ], [ -86.001954, 16.005406 ], [ -85.683317, 15.953652 ], [ -85.444004, 15.885749 ], [ -85.182444, 15.909158 ], [ -84.983722, 15.995923 ], [ -84.52698, 15.857224 ], [ -84.368256, 15.835158 ], [ -84.063055, 15.648244 ], [ -83.773977, 15.424072 ], [ -83.410381, 15.270903 ], [ -83.147219, 14.995829 ], [ -83.489989, 15.016267 ], [ -83.628585, 14.880074 ], [ -83.975721, 14.749436 ], [ -84.228342, 14.748764 ], [ -84.449336, 14.621614 ], [ -84.649582, 14.666805 ], [ -84.820037, 14.819587 ], [ -84.924501, 14.790493 ], [ -85.052787, 14.551541 ], [ -85.148751, 14.560197 ], [ -85.165365, 14.35437 ], [ -85.514413, 14.079012 ], [ -85.698665, 13.960078 ], [ -85.801295, 13.836055 ], [ -86.096264, 14.038187 ], [ -86.312142, 13.771356 ], [ -86.520708, 13.778487 ], [ -86.755087, 13.754845 ], [ -86.733822, 13.263093 ], [ -86.880557, 13.254204 ], [ -87.005769, 13.025794 ], [ -87.316654, 12.984686 ] ] ] } },
{ "type": "Feature", "properties": { "name": "Croatia", "iso3": "HRV", "name_with_flag": "🇭🇷 Croatia", "1960": null, "1961": null, "1962": null, "1963": null, "1964": null, "1965": null, "1966": null, "1967": null, "1968": null, "1969": null, "1970": null, "1971": null, "1972": null, "1973": null, "1974": null, "1975": null, "1976": null, "1977": null, "1978": null, "1979": null, "1980": null, "1981": null, "1982": null, "1983": null, "1984": null, "1985": null, "1986": null, "1987": null, "1988": null, "1989": null, "1990": 5369.109785906815, "1991": 4000.9167742862492, "1992": 2321.152041230353, "1993": 2447.503191417612, "1994": 3237.9264631528472, "1995": 4929.0577218342369, "1996": 5299.6410536192952, "1997": 5331.0234385880758, "1998": 5712.5898565954794, "1999": 5269.0339463728869, "2000": 4953.6515878902173, "2001": 5364.8382469160651, "2002": 6219.581641439454, "2003": 8190.1113519388664, "2004": 9718.9732280196713, "2005": 10443.527835329451, "2006": 11502.753124287039, "2007": 13757.605654192021, "2008": 15889.43470747595, "2009": 14475.96329287249, "2010": 13731.28652139891, "2011": 14694.99932014166, "2012": 13508.683698969289, "2013": 14136.396766950449, "2014": 14187.969453149341, "2015": 12285.30325821053, "2016": 12821.17381403043, "2017": 13902.63104854222, "2018": 15460.41832958435, "2019": 15563.81673971991, "2020": 14808.46201888193, "2021": 17789.930473672241, "2022": 18466.095547264751, "2023": 21865.456283864049, "2024": 23931.45283827457 }, "geometry": { "type": "Polygon", "coordinates": [ [ [ 18.829838, 45.908878 ], [ 19.072769, 45.521511 ], [ 19.390476, 45.236516 ], [ 19.005486, 44.860234 ], [ 18.553214, 45.08159 ], [ 17.861783, 45.06774 ], [ 17.002146, 45.233777 ], [ 16.534939, 45.211608 ], [ 16.318157, 45.004127 ], [ 15.959367, 45.233777 ], [ 15.750026, 44.818712 ], [ 16.23966, 44.351143 ], [ 16.456443, 44.04124 ], [ 16.916156, 43.667722 ], [ 17.297373, 43.446341 ], [ 17.674922, 43.028563 ], [ 18.56, 42.65 ], [ 18.450016, 42.479991 ], [ 17.50997, 42.849995 ], [ 16.930006, 43.209998 ], [ 16.015385, 43.507215 ], [ 15.174454, 44.243191 ], [ 15.37625, 44.317915 ], [ 14.920309, 44.738484 ], [ 14.901602, 45.07606 ], [ 14.258748, 45.233777 ], [ 13.952255, 44.802124 ], [ 13.656976, 45.136935 ], [ 13.679403, 45.484149 ], [ 13.71506, 45.500324 ], [ 14.411968, 45.466166 ], [ 14.595109, 45.634941 ], [ 14.935244, 45.471695 ], [ 15.327675, 45.452316 ], [ 15.323954, 45.731783 ], [ 15.67153, 45.834154 ], [ 15.768733, 46.238108 ], [ 16.564808, 46.503751 ], [ 16.882515, 46.380632 ], [ 17.630066, 45.951769 ], [ 18.456062, 45.759481 ], [ 18.829838, 45.908878 ] ] ] } },
{ "type": "Feature", "properties": { "name": "Haiti", "iso3": "HTI", "name_with_flag": "🇭🇹 Haiti", "1960": 70.80244544237145, "1961": 68.990565101309997, "1962": 70.446461705703385, "1963": 72.39834935238008, "1964": 78.452015848560777, "1965": 83.633251416963788, "1966": 85.749373814535687, "1967": 84.217267674484987, "1968": 82.405771759655735, "1969": 86.126980344815308, "1970": 71.454399062463054, "1971": 76.811615067949063, "1972": 77.276518259934932, "1973": 95.134180258118135, "1974": 113.03926060175471, "1975": 133.63179205057531, "1976": 169.091888071558, "1977": 178.69691267589471, "1978": 180.3212539194237, "1979": 196.20196855611979, "1980": 246.46927157982029, "1981": 258.46804310130199, "1982": 252.60725055805091, "1983": 272.8236949966863, "1984": 299.24718621637339, "1985": 324.57515609296411, "1986": 366.99734425649149, "1987": 317.63552068750278, "1988": 397.36533627641228, "1989": 407.49870806421109, "1990": 451.72024968921608, "1991": 496.54598743386452, "1992": 316.27651313435388, "1993": 258.06637225881701, "1994": 292.13422437409099, "1995": 372.00610466512461, "1996": 377.22946502597227, "1997": 425.11108587925639, "1998": 465.36330625905072, "1999": 509.57858527537502, "2000": 820.60004676146423, "2001": 748.82115984452798, "2002": 720.96956804252193, "2003": 578.99529107970852, "2004": 683.18529815527324, "2005": 775.84570405691591, "2006": 828.80570028958937, "2007": 984.56698344852123, "2008": 1094.660584216437, "2009": 1196.8528706017951, "2010": 1209.7273350309431, "2011": 1312.0395355201319, "2012": 1361.3939658737429, "2013": 1457.832211796265, "2014": 1460.1889861391451, "2015": 1411.126847467965, "2016": 1318.402681679532, "2017": 1395.239451844611, "2018": 1496.3804897015591, "2019": 1352.1720419153251, "2020": 1290.325386673831, "2021": 1835.4439407849609, "2022": 1760.626356687774, "2023": 1705.7580846099911, "2024": 2142.6233052678831 }, "geometry": { "type": "Polygon", "coordinates": [ [ [ -73.189791, 19.915684 ], [ -72.579673, 19.871501 ], [ -71.712361, 19.714456 ], [ -71.624873, 19.169838 ], [ -71.701303, 18.785417 ], [ -71.945112, 18.6169 ], [ -71.687738, 18.31666 ], [ -71.708305, 18.044997 ], [ -72.372476, 18.214961 ], [ -72.844411, 18.145611 ], [ -73.454555, 18.217906 ], [ -73.922433, 18.030993 ], [ -74.458034, 18.34255 ], [ -74.369925, 18.664908 ], [ -73.449542, 18.526053 ], [ -72.694937, 18.445799 ], [ -72.334882, 18.668422 ], [ -72.79165, 19.101625 ], [ -72.784105, 19.483591 ], [ -73.415022, 19.639551 ], [ -73.189791, 19.915684 ] ] ] } },
{ "type": "Feature", "properties": { "name": "Hungary", "iso3": "HUN", "name_with_flag": "🇭🇺 Hungary", "1960": null, "1961": null, "1962": null, "1963": null, "1964": null, "1965": null, "1966": null, "1967": null, "1968": 476.43435013829219, "1969": 527.23161760268238, "1970": 559.19709134663901, "1971": 606.85273858139351, "1972": 709.65250260271898, "1973": 875.98199992122352, "1974": 955.87420782302365, "1975": 1083.474733432842, "1976": 1248.798513138915, "1977": 1388.3950990402871, "1978": 1617.8785340277111, "1979": 1864.6718885158809, "1980": 2158.221813552459, "1981": 2213.0526769932189, "1982": 2255.06405686887, "1983": 2049.7161792179272, "1984": 1991.2389479551321, "1985": 2020.0228656906211, "1986": 2330.8418830847631, "1987": 2565.9739107383989, "1988": 2812.2375460289691, "1989": 2902.4350812654889, "1990": 3323.539672376327, "1991": 3361.222680379241, "1992": 3747.3296639495579, "1993": 3886.6660841961602, "1994": 4187.0311799662968, "1995": 4509.4174091007717, "1996": 4542.0120380978024, "1997": 4606.0569733295042, "1998": 4751.7732430202041, "1999": 4801.9594958416237, "2000": 4629.9176081254782, "2001": 5280.9488798706316, "2002": 6658.0449432680944, "2003": 8410.092481984786, "2004": 10291.269472140901, "2005": 11212.20469689938, "2006": 11478.48916405011, "2007": 13934.605460374971, "2008": 15762.632251511281, "2009": 13051.183177718451, "2010": 13189.84338747684, "2011": 14211.460557821971, "2012": 12950.15944881428, "2013": 13739.46201514013, "2014": 14352.50188317398, "2015": 12782.941257797271, "2016": 13215.860527778879, "2017": 14736.166815725839, "2018": 16605.05705118868, "2019": 17012.859855319872, "2020": 16386.93088212582, "2021": 19030.628130329009, "2022": 18483.636686703481, "2023": 22312.17902897625, "2024": 23310.75127339573 }, "geometry": { "type": "Polygon", "coordinates": [ [ [ 16.202298, 46.852386 ], [ 16.534268, 47.496171 ], [ 16.340584, 47.712902 ], [ 16.903754, 47.714866 ], [ 16.979667, 48.123497 ], [ 17.488473, 47.867466 ], [ 17.857133, 47.758429 ], [ 18.696513, 47.880954 ], [ 18.777025, 48.081768 ], [ 19.174365, 48.111379 ], [ 19.661364, 48.266615 ], [ 19.769471, 48.202691 ], [ 20.239054, 48.327567 ], [ 20.473562, 48.56285 ], [ 20.801294, 48.623854 ], [ 21.872236, 48.319971 ], [ 22.085608, 48.422264 ], [ 22.64082, 48.15024 ], [ 22.710531, 47.882194 ], [ 22.099768, 47.672439 ], [ 21.626515, 46.994238 ], [ 21.021952, 46.316088 ], [ 20.220192, 46.127469 ], [ 19.596045, 46.17173 ], [ 18.829838, 45.908878 ], [ 18.456062, 45.759481 ], [ 17.630066, 45.951769 ], [ 16.882515, 46.380632 ], [ 16.564808, 46.503751 ], [ 16.370505, 46.841327 ], [ 16.202298, 46.852386 ] ] ] } },
{ "type": "Feature", "properties": { "name": "Indonesia", "iso3": "IDN", "name_with_flag": "🇮🇩 Indonesia", "1960": null, "1961": null, "1962": null, "1963": null, "1964": null, "1965": null, "1966": null, "1967": 53.205186698858093, "1968": 64.654773064255579, "1969": 74.098811412879314, "1970": 79.11882348400205, "1971": 78.542839386975217, "1972": 90.114754913895567, "1973": 129.88623108868509, "1974": 200.7109844545908, "1975": 231.06012061849671, "1976": 275.71316782479562, "1977": 330.67021410107901, "1978": 362.48377977900662, "1979": 353.42417582632868, "1980": 486.62017202115499, "1981": 560.83033603296121, "1982": 577.74563272278397, "1983": 507.68294565341421, "1984": 519.77406310324102, "1985": 511.40088361802663, "1986": 469.83424125342879, "1987": 437.60655039936012, "1988": 476.66248340581768, "1989": 524.14302732257647, "1990": 578.42012113538215, "1991": 624.38749538441095, "1992": 673.67103954741992, "1993": 817.395116417856, "1994": 899.79398294981661, "1995": 1011.226142055677, "1996": 1118.921330241287, "1997": 1044.606748324718, "1998": 454.87780079212303, "1999": 657.26893466701802, "2000": 763.7111249509245, "2001": 732.30709340570763, "2002": 881.00291356913124, "2003": 1043.210583867103, "2004": 1126.8400444717281, "2005": 1238.2144762948799, "2006": 1558.315628471634, "2007": 1823.219762550727, "2008": 2124.5548392061801, "2009": 2218.4854185297659, "2010": 3065.6834837776491, "2011": 3579.4644246615212, "2012": 3632.272540303306, "2013": 3566.602845060776, "2014": 3441.0680846400842, "2015": 3288.222697255384, "2016": 3521.469434575738, "2017": 3798.8832617452581, "2018": 3860.9535309072562, "2019": 4106.9485616035772, "2020": 3853.7028877414591, "2021": 4287.1731399509836, "2022": 4730.8348483610689, "2023": 4876.3077451225236, "2024": 4925.4304875186144 }, "geometry": { "type": "MultiPolygon", "coordinates": [ [ [ [ 120.715609, -10.239581 ], [ 120.295014, -10.25865 ], [ 118.967808, -9.557969 ], [ 119.90031, -9.36134 ], [ 120.425756, -9.665921 ], [ 120.775502, -9.969675 ], [ 120.715609, -10.239581 ] ] ], [ [ [ 124.43595, -10.140001 ], [ 123.579982, -10.359987 ], [ 123.459989, -10.239995 ], [ 123.550009, -9.900016 ], [ 123.980009, -9.290027 ], [ 124.968682, -8.89279 ], [ 125.07002, -9.089987 ], [ 125.08852, -9.393173 ], [ 124.43595, -10.140001 ] ] ], [ [ [ 117.900018, -8.095681 ], [ 118.260616, -8.362383 ], [ 118.87846, -8.280683 ], [ 119.126507, -8.705825 ], [ 117.970402, -8.906639 ], [ 117.277731, -9.040895 ], [ 116.740141, -9.032937 ], [ 117.083737, -8.457158 ], [ 117.632024, -8.449303 ], [ 117.900018, -8.095681 ] ] ], [ [ [ 122.903537, -8.094234 ], [ 122.756983, -8.649808 ], [ 121.254491, -8.933666 ], [ 119.924391, -8.810418 ], [ 119.920929, -8.444859 ], [ 120.715092, -8.236965 ], [ 121.341669, -8.53674 ], [ 122.007365, -8.46062 ], [ 122.903537, -8.094234 ] ] ], [ [ [ 108.623479, -6.777674 ], [ 110.539227, -6.877358 ], [ 110.759576, -6.465186 ], [ 112.614811, -6.946036 ], [ 112.978768, -7.594213 ], [ 114.478935, -7.776528 ], [ 115.705527, -8.370807 ], [ 114.564511, -8.751817 ], [ 113.464734, -8.348947 ], [ 112.559672, -8.376181 ], [ 111.522061, -8.302129 ], [ 110.58615, -8.122605 ], [ 109.427667, -7.740664 ], [ 108.693655, -7.6416 ], [ 108.277763, -7.766657 ], [ 106.454102, -7.3549 ], [ 106.280624, -6.9249 ], [ 105.365486, -6.851416 ], [ 106.051646, -5.895919 ], [ 107.265009, -5.954985 ], [ 108.072091, -6.345762 ], [ 108.486846, -6.421985 ], [ 108.623479, -6.777674 ] ] ], [ [ [ 134.724624, -6.214401 ], [ 134.210134, -6.895238 ], [ 134.112776, -6.142467 ], [ 134.290336, -5.783058 ], [ 134.499625, -5.445042 ], [ 134.727002, -5.737582 ], [ 134.724624, -6.214401 ] ] ], [ [ [ 127.249215, -3.459065 ], [ 126.874923, -3.790983 ], [ 126.183802, -3.607376 ], [ 125.989034, -3.177273 ], [ 127.000651, -3.129318 ], [ 127.249215, -3.459065 ] ] ], [ [ [ 130.471344, -3.093764 ], [ 130.834836, -3.858472 ], [ 129.990547, -3.446301 ], [ 129.155249, -3.362637 ], [ 128.590684, -3.428679 ], [ 127.898891, -3.393436 ], [ 128.135879, -2.84365 ], [ 129.370998, -2.802154 ], [ 130.471344, -3.093764 ] ] ], [ [ [ 134.143368, -1.151867 ], [ 134.422627, -2.769185 ], [ 135.457603, -3.367753 ], [ 136.293314, -2.307042 ], [ 137.440738, -1.703513 ], [ 138.329727, -1.702686 ], [ 139.184921, -2.051296 ], [ 139.926684, -2.409052 ], [ 141.00021, -2.600151 ], [ 141.017057, -5.859022 ], [ 141.033852, -9.117893 ], [ 140.143415, -8.297168 ], [ 139.127767, -8.096043 ], [ 138.881477, -8.380935 ], [ 137.614474, -8.411683 ], [ 138.039099, -7.597882 ], [ 138.668621, -7.320225 ], [ 138.407914, -6.232849 ], [ 137.92784, -5.393366 ], [ 135.98925, -4.546544 ], [ 135.164598, -4.462931 ], [ 133.66288, -3.538853 ], [ 133.367705, -4.024819 ], [ 132.983956, -4.112979 ], [ 132.756941, -3.746283 ], [ 132.753789, -3.311787 ], [ 131.989804, -2.820551 ], [ 133.066845, -2.460418 ], [ 133.780031, -2.479848 ], [ 133.696212, -2.214542 ], [ 132.232373, -2.212526 ], [ 131.836222, -1.617162 ], [ 130.94284, -1.432522 ], [ 130.519558, -0.93772 ], [ 131.867538, -0.695461 ], [ 132.380116, -0.369538 ], [ 133.985548, -0.78021 ], [ 134.143368, -1.151867 ] ] ], [ [ [ 125.240501, 1.419836 ], [ 124.437035, 0.427881 ], [ 123.685505, 0.235593 ], [ 122.723083, 0.431137 ], [ 121.056725, 0.381217 ], [ 120.183083, 0.237247 ], [ 120.04087, -0.519658 ], [ 120.935905, -1.408906 ], [ 121.475821, -0.955962 ], [ 123.340565, -0.615673 ], [ 123.258399, -1.076213 ], [ 122.822715, -0.930951 ], [ 122.38853, -1.516858 ], [ 121.508274, -1.904483 ], [ 122.454572, -3.186058 ], [ 122.271896, -3.5295 ], [ 123.170963, -4.683693 ], [ 123.162333, -5.340604 ], [ 122.628515, -5.634591 ], [ 122.236394, -5.282933 ], [ 122.719569, -4.464172 ], [ 121.738234, -4.851331 ], [ 121.489463, -4.574553 ], [ 121.619171, -4.188478 ], [ 120.898182, -3.602105 ], [ 120.972389, -2.627643 ], [ 120.305453, -2.931604 ], [ 120.390047, -4.097579 ], [ 120.430717, -5.528241 ], [ 119.796543, -5.6734 ], [ 119.366906, -5.379878 ], [ 119.653606, -4.459417 ], [ 119.498835, -3.494412 ], [ 119.078344, -3.487022 ], [ 118.767769, -2.801999 ], [ 119.180974, -2.147104 ], [ 119.323394, -1.353147 ], [ 119.825999, 0.154254 ], [ 120.035702, 0.566477 ], [ 120.885779, 1.309223 ], [ 121.666817, 1.013944 ], [ 122.927567, 0.875192 ], [ 124.077522, 0.917102 ], [ 125.065989, 1.643259 ], [ 125.240501, 1.419836 ] ] ], [ [ [ 128.688249, 1.132386 ], [ 128.635952, 0.258486 ], [ 128.12017, 0.356413 ], [ 127.968034, -0.252077 ], [ 128.379999, -0.780004 ], [ 128.100016, -0.899996 ], [ 127.696475, -0.266598 ], [ 127.39949, 1.011722 ], [ 127.600512, 1.810691 ], [ 127.932378, 2.174596 ], [ 128.004156, 1.628531 ], [ 128.594559, 1.540811 ], [ 128.688249, 1.132386 ] ] ], [ [ [ 117.875627, 1.827641 ], [ 118.996747, 0.902219 ], [ 117.811858, 0.784242 ], [ 117.478339, 0.102475 ], [ 117.521644, -0.803723 ], [ 116.560048, -1.487661 ], [ 116.533797, -2.483517 ], [ 116.148084, -4.012726 ], [ 116.000858, -3.657037 ], [ 114.864803, -4.106984 ], [ 114.468652, -3.495704 ], [ 113.755672, -3.43917 ], [ 113.256994, -3.118776 ], [ 112.068126, -3.478392 ], [ 111.703291, -2.994442 ], [ 111.04824, -3.049426 ], [ 110.223846, -2.934032 ], [ 110.070936, -1.592874 ], [ 109.571948, -1.314907 ], [ 109.091874, -0.459507 ], [ 108.952658, 0.415375 ], [ 109.069136, 1.341934 ], [ 109.66326, 2.006467 ], [ 109.830227, 1.338136 ], [ 110.514061, 0.773131 ], [ 111.159138, 0.976478 ], [ 111.797548, 0.904441 ], [ 112.380252, 1.410121 ], [ 112.859809, 1.49779 ], [ 113.80585, 1.217549 ], [ 114.621355, 1.430688 ], [ 115.134037, 2.821482 ], [ 115.519078, 3.169238 ], [ 115.865517, 4.306559 ], [ 117.015214, 4.306094 ], [ 117.882035, 4.137551 ], [ 117.313232, 3.234428 ], [ 118.04833, 2.28769 ], [ 117.875627, 1.827641 ] ] ], [ [ [ 105.817655, -5.852356 ], [ 104.710384, -5.873285 ], [ 103.868213, -5.037315 ], [ 102.584261, -4.220259 ], [ 102.156173, -3.614146 ], [ 101.399113, -2.799777 ], [ 100.902503, -2.050262 ], [ 100.141981, -0.650348 ], [ 99.26374, 0.183142 ], [ 98.970011, 1.042882 ], [ 98.601351, 1.823507 ], [ 97.699598, 2.453184 ], [ 97.176942, 3.308791 ], [ 96.424017, 3.86886 ], [ 95.380876, 4.970782 ], [ 95.293026, 5.479821 ], [ 95.936863, 5.439513 ], [ 97.484882, 5.246321 ], [ 98.369169, 4.26837 ], [ 99.142559, 3.59035 ], [ 99.693998, 3.174329 ], [ 100.641434, 2.099381 ], [ 101.658012, 2.083697 ], [ 102.498271, 1.3987 ], [ 103.07684, 0.561361 ], [ 103.838396, 0.104542 ], [ 103.437645, -0.711946 ], [ 104.010789, -1.059212 ], [ 104.369991, -1.084843 ], [ 104.53949, -1.782372 ], [ 104.887893, -2.340425 ], [ 105.622111, -2.428844 ], [ 106.108593, -3.061777 ], [ 105.857446, -4.305525 ], [ 105.817655, -5.852356 ] ] ] ] } },
{ "type": "Feature", "properties": { "name": "India", "iso3": "IND", "name_with_flag": "🇮🇳 India", "1960": 84.932808479310552, "1961": 87.853861347020512, "1962": 92.199958362951634, "1963": 103.4350212629315, "1964": 117.85643077285459, "1965": 121.5083190288298, "1966": 91.027695051784079, "1967": 97.995148121415497, "1968": 101.55680252119549, "1969": 109.4776643842884, "1970": 114.3553200200799, "1971": 120.68059553991159, "1972": 125.2707059618825, "1973": 146.5684925824047, "1974": 166.6996617553323, "1975": 161.08669402207869, "1976": 164.1199995873217, "1977": 189.5855685524769, "1978": 209.38906357346261, "1979": 227.95817987342559, "1980": 271.08094595367828, "1981": 274.96433076852759, "1982": 278.65038258266998, "1983": 295.99977329938201, "1984": 281.04986784071662, "1985": 300.9282585763782, "1986": 314.89711640254239, "1987": 344.94102829307542, "1988": 358.48453964169317, "1989": 349.915155021864, "1990": 371.08593620376519, "1991": 305.57405592859232, "1992": 319.1824726263153, "1993": 302.8848062461737, "1994": 347.73421473994023, "1995": 375.17600537304958, "1996": 401.04675467357862, "1997": 416.22811620375307, "1998": 413.63086405685101, "1999": 441.92799143639661, "2000": 442.75021893726318, "2001": 450.35790051412818, "2002": 469.14992897392727, "2003": 544.14313354500223, "2004": 624.25882651006611, "2005": 710.48808040894892, "2006": 801.66835365902227, "2007": 1021.887077068259, "2008": 992.51958492382755, "2009": 1094.9497459843619, "2010": 1347.5193907136679, "2011": 1445.4612748603661, "2012": 1429.321995200319, "2013": 1432.843975121953, "2014": 1553.8839607511829, "2015": 1583.9981590798479, "2016": 1707.508929122434, "2017": 1950.104682808663, "2018": 1966.2545517167889, "2019": 2041.428636985853, "2020": 1907.042516376687, "2021": 2239.613843674822, "2022": 2347.4482943462322, "2023": 2530.1203127820381, "2024": 2696.663899844631 }, "geometry": { "type": "Polygon", "coordinates": [ [ [ 77.837451, 35.49401 ], [ 78.912269, 34.321936 ], [ 78.811086, 33.506198 ], [ 79.208892, 32.994395 ], [ 79.176129, 32.48378 ], [ 78.458446, 32.618164 ], [ 78.738894, 31.515906 ], [ 79.721367, 30.882715 ], [ 81.111256, 30.183481 ], [ 80.476721, 29.729865 ], [ 80.088425, 28.79447 ], [ 81.057203, 28.416095 ], [ 81.999987, 27.925479 ], [ 83.304249, 27.364506 ], [ 84.675018, 27.234901 ], [ 85.251779, 26.726198 ], [ 86.024393, 26.630985 ], [ 87.227472, 26.397898 ], [ 88.060238, 26.414615 ], [ 88.174804, 26.810405 ], [ 88.043133, 27.445819 ], [ 88.120441, 27.876542 ], [ 88.730326, 28.086865 ], [ 88.814248, 27.299316 ], [ 88.835643, 27.098966 ], [ 89.744528, 26.719403 ], [ 90.373275, 26.875724 ], [ 91.217513, 26.808648 ], [ 92.033484, 26.83831 ], [ 92.103712, 27.452614 ], [ 91.696657, 27.771742 ], [ 92.503119, 27.896876 ], [ 93.413348, 28.640629 ], [ 94.56599, 29.277438 ], [ 95.404802, 29.031717 ], [ 96.117679, 29.452802 ], [ 96.586591, 28.83098 ], [ 96.248833, 28.411031 ], [ 97.327114, 28.261583 ], [ 97.402561, 27.882536 ], [ 97.051989, 27.699059 ], [ 97.133999, 27.083774 ], [ 96.419366, 27.264589 ], [ 95.124768, 26.573572 ], [ 95.155153, 26.001307 ], [ 94.603249, 25.162495 ], [ 94.552658, 24.675238 ], [ 94.106742, 23.850741 ], [ 93.325188, 24.078556 ], [ 93.286327, 23.043658 ], [ 93.060294, 22.703111 ], [ 93.166128, 22.27846 ], [ 92.672721, 22.041239 ], [ 92.146035, 23.627499 ], [ 91.869928, 23.624346 ], [ 91.706475, 22.985264 ], [ 91.158963, 23.503527 ], [ 91.46773, 24.072639 ], [ 91.915093, 24.130414 ], [ 92.376202, 24.976693 ], [ 91.799596, 25.147432 ], [ 90.872211, 25.132601 ], [ 89.920693, 25.26975 ], [ 89.832481, 25.965082 ], [ 89.355094, 26.014407 ], [ 88.563049, 26.446526 ], [ 88.209789, 25.768066 ], [ 88.931554, 25.238692 ], [ 88.306373, 24.866079 ], [ 88.084422, 24.501657 ], [ 88.69994, 24.233715 ], [ 88.52977, 23.631142 ], [ 88.876312, 22.879146 ], [ 89.031961, 22.055708 ], [ 88.888766, 21.690588 ], [ 88.208497, 21.703172 ], [ 86.975704, 21.495562 ], [ 87.033169, 20.743308 ], [ 86.499351, 20.151638 ], [ 85.060266, 19.478579 ], [ 83.941006, 18.30201 ], [ 83.189217, 17.671221 ], [ 82.192792, 17.016636 ], [ 82.191242, 16.556664 ], [ 81.692719, 16.310219 ], [ 80.791999, 15.951972 ], [ 80.324896, 15.899185 ], [ 80.025069, 15.136415 ], [ 80.233274, 13.835771 ], [ 80.286294, 13.006261 ], [ 79.862547, 12.056215 ], [ 79.857999, 10.357275 ], [ 79.340512, 10.308854 ], [ 78.885345, 9.546136 ], [ 79.18972, 9.216544 ], [ 78.277941, 8.933047 ], [ 77.941165, 8.252959 ], [ 77.539898, 7.965535 ], [ 76.592979, 8.899276 ], [ 76.130061, 10.29963 ], [ 75.746467, 11.308251 ], [ 75.396101, 11.781245 ], [ 74.864816, 12.741936 ], [ 74.616717, 13.992583 ], [ 74.443859, 14.617222 ], [ 73.534199, 15.990652 ], [ 73.119909, 17.92857 ], [ 72.820909, 19.208234 ], [ 72.824475, 20.419503 ], [ 72.630533, 21.356009 ], [ 71.175273, 20.757441 ], [ 70.470459, 20.877331 ], [ 69.16413, 22.089298 ], [ 69.644928, 22.450775 ], [ 69.349597, 22.84318 ], [ 68.176645, 23.691965 ], [ 68.842599, 24.359134 ], [ 71.04324, 24.356524 ], [ 70.844699, 25.215102 ], [ 70.282873, 25.722229 ], [ 70.168927, 26.491872 ], [ 69.514393, 26.940966 ], [ 70.616496, 27.989196 ], [ 71.777666, 27.91318 ], [ 72.823752, 28.961592 ], [ 73.450638, 29.976413 ], [ 74.42138, 30.979815 ], [ 74.405929, 31.692639 ], [ 75.258642, 32.271105 ], [ 74.451559, 32.7649 ], [ 74.104294, 33.441473 ], [ 73.749948, 34.317699 ], [ 74.240203, 34.748887 ], [ 75.757061, 34.504923 ], [ 76.871722, 34.653544 ], [ 77.837451, 35.49401 ] ] ] } },
{ "type": "Feature", "properties": { "name": "Ireland", "iso3": "IRL", "name_with_flag": "🇮🇪 Ireland", "1960": 706.55102234516846, "1961": 761.85135957001842, "1962": 821.3441130768872, "1963": 878.15657647628609, "1964": 994.60733161174619, "1965": 1055.0362470109831, "1966": 1107.3182303475351, "1967": 1187.1832123657639, "1968": 1158.8554978792929, "1969": 1330.783295499509, "1970": 1486.5145273463811, "1971": 1703.9321827731701, "1972": 2080.4651471816942, "1973": 2424.2690470655748, "1974": 2516.9276860519622, "1975": 2973.4001230171461, "1976": 2919.5830869561528, "1977": 3427.0734359203998, "1978": 4399.9868053509199, "1979": 5429.9620008747906, "1980": 6372.4377754545267, "1981": 5986.1541089392031, "1982": 6160.63861381484, "1983": 5915.2417716434138, "1984": 5692.0273859728468, "1985": 6011.7355464232014, "1986": 8112.1713631645334, "1987": 9581.9130857241435, "1988": 10715.870618416289, "1989": 11175.81660364705, "1990": 14031.30256754686, "1991": 14087.207798030549, "1992": 15714.384748723151, "1993": 14657.06155498047, "1994": 15902.929675516771, "1995": 19158.45647739073, "1996": 20835.897366671688, "1997": 22551.113913412632, "1998": 24294.85476740075, "1999": 26338.107754381701, "2000": 26334.56720505008, "2001": 28282.40988207296, "2002": 32705.43455656982, "2003": 41203.529584756849, "2004": 47754.202319424403, "2005": 50933.021609558877, "2006": 54329.161859962383, "2007": 61396.417461176003, "2008": 61353.106562952322, "2009": 52133.090923788477, "2010": 48679.402682036118, "2011": 52692.781313560583, "2012": 49411.738747678733, "2013": 52619.212374581723, "2014": 57278.259091110718, "2015": 64311.823468405753, "2016": 64192.941805317838, "2017": 72198.107699537693, "2018": 80738.962883469634, "2019": 81810.192648140655, "2020": 86622.506725129453, "2021": 103961.97635064941, "2022": 105234.5115675971, "2023": 103887.8003880809, "2024": 107316.3373069208 }, "geometry": { "type": "Polygon", "coordinates": [ [ [ -6.197885, 53.867565 ], [ -6.032985, 53.153164 ], [ -6.788857, 52.260118 ], [ -8.561617, 51.669301 ], [ -9.977086, 51.820455 ], [ -9.166283, 52.864629 ], [ -9.688525, 53.881363 ], [ -8.327987, 54.664519 ], [ -7.572168, 55.131622 ], [ -7.366031, 54.595841 ], [ -7.572168, 54.059956 ], [ -6.95373, 54.073702 ], [ -6.197885, 53.867565 ] ] ] } },
{ "type": "Feature", "properties": { "name": "Iran", "iso3": "IRN", "name_with_flag": "🇮🇷 Iran", "1960": 195.5775272125841, "1961": 200.0815292948256, "1962": 205.78680965721449, "1963": 209.55937627418501, "1964": 221.73172781065779, "1965": 247.52667550544251, "1966": 262.87768379629682, "1967": 283.73370576851897, "1968": 314.28545665637051, "1969": 344.60168745746807, "1970": 376.60687915238441, "1971": 457.28363801324008, "1972": 554.74803412581105, "1973": 850.56017714391828, "1974": 1408.9657190207699, "1975": 1531.706171225861, "1976": 1953.519696785499, "1977": 2243.0555953831408, "1978": 2100.7701532470719, "1979": 2352.426551526497, "1980": 2368.3928573047328, "1981": 2393.4498557614352, "1982": 2844.8761138405398, "1983": 3397.0614002127509, "1984": 3395.336975565815, "1985": 3634.0320956074279, "1986": 4064.3466729751799, "1987": 2513.1511156473962, "1988": 2234.4623514133918, "1989": 2124.9721482034151, "1990": 2137.9422273987789, "1991": 2194.4390680284068, "1992": 1957.485077942519, "1993": 1038.1098568079569, "1994": 1167.762725132101, "1995": 1550.0095955237041, "1996": 1914.78121290985, "1997": 1790.0661757610669, "1998": 1709.1933409594931, "1999": 1739.594620019712, "2000": 1650.0138583260291, "2001": 1881.022666347478, "2002": 1891.2575609203111, "2003": 2208.9963655352922, "2004": 2672.4226651266858, "2005": 3132.0508192585562, "2006": 3618.9160136791038, "2007": 4687.9916626591476, "2008": 5377.4115072558661, "2009": 5415.5228055414455, "2010": 6291.1944365234358, "2011": 8025.6874336435558, "2012": 8114.0809983187719, "2013": 6222.7419484032644, "2014": 5672.0637289631859, "2015": 4952.7335553217754, "2016": 5477.0371238991293, "2017": 5753.1154465939917, "2018": 4631.7870901651431, "2019": 3831.2789476333728, "2020": 2988.7812241471588, "2021": 4334.7926863135372, "2022": 4405.092915197908, "2023": 4465.637668533057, "2024": 4771.4002902622597 }, "geometry": { "type": "Polygon", "coordinates": [ [ [ 53.921598, 37.198918 ], [ 54.800304, 37.392421 ], [ 55.511578, 37.964117 ], [ 56.180375, 37.935127 ], [ 56.619366, 38.121394 ], [ 57.330434, 38.029229 ], [ 58.436154, 37.522309 ], [ 59.234762, 37.412988 ], [ 60.377638, 36.527383 ], [ 61.123071, 36.491597 ], [ 61.210817, 35.650072 ], [ 60.803193, 34.404102 ], [ 60.52843, 33.676446 ], [ 60.9637, 33.528832 ], [ 60.536078, 32.981269 ], [ 60.863655, 32.18292 ], [ 60.941945, 31.548075 ], [ 61.699314, 31.379506 ], [ 61.781222, 30.73585 ], [ 60.874248, 29.829239 ], [ 61.369309, 29.303276 ], [ 61.771868, 28.699334 ], [ 62.72783, 28.259645 ], [ 62.755426, 27.378923 ], [ 63.233898, 27.217047 ], [ 63.316632, 26.756532 ], [ 61.874187, 26.239975 ], [ 61.497363, 25.078237 ], [ 59.616134, 25.380157 ], [ 58.525761, 25.609962 ], [ 57.397251, 25.739902 ], [ 56.970766, 26.966106 ], [ 56.492139, 27.143305 ], [ 55.72371, 26.964633 ], [ 54.71509, 26.480658 ], [ 53.493097, 26.812369 ], [ 52.483598, 27.580849 ], [ 51.520763, 27.86569 ], [ 50.852948, 28.814521 ], [ 50.115009, 30.147773 ], [ 49.57685, 29.985715 ], [ 48.941333, 30.31709 ], [ 48.567971, 29.926778 ], [ 48.014568, 30.452457 ], [ 48.004698, 30.985137 ], [ 47.685286, 30.984853 ], [ 47.849204, 31.709176 ], [ 47.334661, 32.469155 ], [ 46.109362, 33.017287 ], [ 45.416691, 33.967798 ], [ 45.64846, 34.748138 ], [ 46.151788, 35.093259 ], [ 46.07634, 35.677383 ], [ 45.420618, 35.977546 ], [ 44.77267, 37.17045 ], [ 44.225756, 37.971584 ], [ 44.421403, 38.281281 ], [ 44.109225, 39.428136 ], [ 44.79399, 39.713003 ], [ 44.952688, 39.335765 ], [ 45.457722, 38.874139 ], [ 46.143623, 38.741201 ], [ 46.50572, 38.770605 ], [ 47.685079, 39.508364 ], [ 48.060095, 39.582235 ], [ 48.355529, 39.288765 ], [ 48.010744, 38.794015 ], [ 48.634375, 38.270378 ], [ 48.883249, 38.320245 ], [ 49.199612, 37.582874 ], [ 50.147771, 37.374567 ], [ 50.842354, 36.872814 ], [ 52.264025, 36.700422 ], [ 53.82579, 36.965031 ], [ 53.921598, 37.198918 ] ] ] } },
{ "type": "Feature", "properties": { "name": "Iraq", "iso3": "IRQ", "name_with_flag": "🇮🇶 Iraq", "1960": 218.91780253110099, "1961": 232.39261219086359, "1962": 240.6534424616255, "1963": 235.51362376373331, "1964": 269.42309299610099, "1965": 284.77757098583999, "1966": 298.20566676349063, "1967": 290.64366448467757, "1968": 318.83255256352481, "1969": 319.86014321870641, "1970": 337.04291260944228, "1971": 383.55028703694092, "1972": 394.41834302922979, "1973": 475.58633567567392, "1974": 1031.25081332691, "1975": 1165.881639456526, "1976": 1488.54335200482, "1977": 1608.795451296475, "1978": 1863.2176122972701, "1979": 2871.329521959738, "1980": 3867.645007442617, "1981": 2700.412047908736, "1982": 2941.974812538102, "1983": 2743.3544921875532, "1984": 3065.7178266235969, "1985": 3087.6639415180589, "1986": 2940.406231810915, "1987": 3436.4763126353, "1988": 3707.2084176329681, "1989": 3791.1702758339939, "1990": 10261.415770688831, "1991": 22.952132761535221, "1992": 30.253901263682501, "1993": 53.743784234881943, "1994": 198.18210188197401, "1995": 619.13553092703773, "1996": 485.25849278482491, "1997": 936.34117090842119, "1998": 900.93714255910595, "1999": 1560.3646671027161, "2000": 1980.1891603878189, "2001": 1435.6956837889959, "2002": 1266.159612750944, "2003": 817.8878624996222, "2004": 1328.371576282922, "2005": 1762.39360423421, "2006": 2276.5543574408648, "2007": 3128.9901032906628, "2008": 4542.9660904603243, "2009": 3714.7120598719398, "2010": 4461.7519616155487, "2011": 5775.5422908029341, "2012": 6477.5961845095471, "2013": 6650.3528224739521, "2014": 6249.3922697896915, "2015": 4440.141892523674, "2016": 4334.4209640418794, "2017": 4759.284643546699, "2018": 5646.6893207474159, "2019": 5671.8568632942033, "2020": 4295.1894512122808, "2021": 4868.494310807826, "2022": 6520.7315456058404, "2023": 5965.318350777613, "2024": 6073.610323427084 }, "geometry": { "type": "Polygon", "coordinates": [ [ [ 45.420618, 35.977546 ], [ 46.07634, 35.677383 ], [ 46.151788, 35.093259 ], [ 45.64846, 34.748138 ], [ 45.416691, 33.967798 ], [ 46.109362, 33.017287 ], [ 47.334661, 32.469155 ], [ 47.849204, 31.709176 ], [ 47.685286, 30.984853 ], [ 48.004698, 30.985137 ], [ 48.014568, 30.452457 ], [ 48.567971, 29.926778 ], [ 47.974519, 29.975819 ], [ 47.302622, 30.05907 ], [ 46.568713, 29.099025 ], [ 44.709499, 29.178891 ], [ 41.889981, 31.190009 ], [ 40.399994, 31.889992 ], [ 39.195468, 32.161009 ], [ 38.792341, 33.378686 ], [ 41.006159, 34.419372 ], [ 41.383965, 35.628317 ], [ 41.289707, 36.358815 ], [ 41.837064, 36.605854 ], [ 42.349591, 37.229873 ], [ 42.779126, 37.385264 ], [ 43.942259, 37.256228 ], [ 44.293452, 37.001514 ], [ 44.772699, 37.170445 ], [ 45.420618, 35.977546 ] ] ] } },
{ "type": "Feature", "properties": { "name": "Iceland", "iso3": "ISL", "name_with_flag": "🇮🇸 Iceland", "1960": 1436.25885405655, "1961": 1439.4497235643221, "1962": 1585.721437797002, "1963": 1859.2483616777281, "1964": 2332.4736578542302, "1965": 2764.4735648387868, "1966": 3264.04742660905, "1967": 3172.6487705255909, "1968": 2389.8835046781278, "1969": 2069.8589639077559, "1970": 2576.3534443427611, "1971": 3252.0991778844841, "1972": 4014.8427301755769, "1973": 5437.3425254121676, "1974": 7040.5540441972626, "1975": 6454.1771515937817, "1976": 7583.2752980432651, "1977": 9957.2544343346344, "1978": 11236.73573506399, "1979": 12640.640812835511, "1980": 14821.81509127069, "1981": 15137.253840868259, "1982": 13711.73627185966, "1983": 11671.809229211911, "1984": 11959.54001029209, "1985": 12361.187036518349, "1986": 16406.047945069979, "1987": 22453.188228380881, "1988": 24451.973317233409, "1989": 22434.346768349398, "1990": 25384.915022630252, "1991": 26802.98951566781, "1992": 27124.274537959362, "1993": 23579.795361241719, "1994": 24018.631396718891, "1995": 26633.591376154862, "1996": 27614.877027312221, "1997": 27919.185496656159, "1998": 31030.248344247491, "1999": 32381.625235648811, "2000": 32096.372261369539, "2001": 28897.443939690838, "2002": 32409.216149175321, "2003": 39476.697848668387, "2004": 47334.930653772331, "2005": 56794.850158895293, "2006": 57492.934249870297, "2007": 69495.726737682504, "2008": 56943.370446856323, "2009": 41301.273219718038, "2010": 43237.07294889581, "2011": 47714.592230848451, "2012": 45995.547878946723, "2013": 49804.982997837127, "2014": 54576.744814656493, "2015": 52951.681511089751, "2016": 61987.926362028353, "2017": 72010.149031625842, "2018": 74452.18907314472, "2019": 68452.236223060012, "2020": 59023.566346577813, "2021": 69178.40469609607, "2022": 75121.015228062752, "2023": 79960.096153566177, "2024": 82703.857993747064 }, "geometry": { "type": "Polygon", "coordinates": [ [ [ -14.508695, 66.455892 ], [ -14.739637, 65.808748 ], [ -13.609732, 65.126671 ], [ -14.909834, 64.364082 ], [ -17.794438, 63.678749 ], [ -18.656246, 63.496383 ], [ -19.972755, 63.643635 ], [ -22.762972, 63.960179 ], [ -21.778484, 64.402116 ], [ -23.955044, 64.89113 ], [ -22.184403, 65.084968 ], [ -22.227423, 65.378594 ], [ -24.326184, 65.611189 ], [ -23.650515, 66.262519 ], [ -22.134922, 66.410469 ], [ -20.576284, 65.732112 ], [ -19.056842, 66.276601 ], [ -17.798624, 65.993853 ], [ -16.167819, 66.526792 ], [ -14.508695, 66.455892 ] ] ] } },
{ "type": "Feature", "properties": { "name": "Israel", "iso3": "ISR", "name_with_flag": "🇮🇱 Israel", "1960": 1452.48664030437, "1961": 1697.2935796173319, "1962": 1293.56913708296, "1963": 1486.317397608015, "1964": 1625.997920221401, "1965": 1689.069226931656, "1966": 1789.0072643858121, "1967": 1734.9314326846629, "1968": 1947.3520969982519, "1969": 2189.0346754030711, "1970": 2490.4885260199062, "1971": 2297.9941349278351, "1972": 2929.6561431333621, "1973": 3631.0476689845332, "1974": 5085.1664608001329, "1975": 4672.0021341493248, "1976": 4516.3740588781839, "1977": 5053.1729599357332, "1978": 4797.0967227882838, "1979": 5971.9337189220714, "1980": 6548.5447337796923, "1981": 6795.2502071146646, "1982": 7257.5751429824113, "1983": 7959.9891503255722, "1984": 7368.5037973081926, "1985": 6828.6643909066734, "1986": 8335.462868937484, "1987": 9853.4089345298107, "1988": 11852.982645289239, "1989": 11607.675841990689, "1990": 13308.31106023804, "1991": 14346.081027864589, "1992": 15509.99136388172, "1993": 15178.83998753905, "1994": 16806.83530813222, "1995": 19025.684050251719, "1996": 20224.278908062901, "1997": 20469.46990174966, "1998": 20188.814148166672, "1999": 19823.213887627659, "2000": 21706.519405632909, "2001": 20966.305266797059, "2002": 19076.458429832081, "2003": 19643.46903807417, "2004": 20568.069408883392, "2005": 21286.83886365953, "2006": 22527.2619795719, "2007": 25721.25940773109, "2008": 30269.217773488981, "2009": 28508.493888647488, "2010": 31439.08870276139, "2011": 34522.521597907289, "2012": 33321.430088160152, "2013": 37034.316108078463, "2014": 38343.304662623479, "2015": 36213.104148195787, "2016": 37671.538913879747, "2017": 41138.470964271961, "2018": 42362.665275419597, "2019": 44250.631362807311, "2020": 44575.57190454923, "2021": 52270.904024195617, "2022": 54949.621556429011, "2023": 52003.720072999691, "2024": 54176.684438330223 }, "geometry": { "type": "Polygon", "coordinates": [ [ [ 35.719918, 32.709192 ], [ 35.545665, 32.393992 ], [ 35.18393, 32.532511 ], [ 34.974641, 31.866582 ], [ 35.225892, 31.754341 ], [ 34.970507, 31.616778 ], [ 34.927408, 31.353435 ], [ 35.397561, 31.489086 ], [ 35.420918, 31.100066 ], [ 34.922603, 29.501326 ], [ 34.265433, 31.219361 ], [ 34.556372, 31.548824 ], [ 34.488107, 31.605539 ], [ 34.752587, 32.072926 ], [ 34.955417, 32.827376 ], [ 35.098457, 33.080539 ], [ 35.126053, 33.0909 ], [ 35.460709, 33.08904 ], [ 35.552797, 33.264275 ], [ 35.821101, 33.277426 ], [ 35.836397, 32.868123 ], [ 35.700798, 32.716014 ], [ 35.719918, 32.709192 ] ] ] } },
{ "type": "Feature", "properties": { "name": "Italy", "iso3": "ITA", "name_with_flag": "🇮🇹 Italy", "1960": 836.9058502818848, "1961": 923.08778375214035, "1962": 1030.158003437625, "1963": 1171.3869628097959, "1964": 1271.8011930151761, "1965": 1357.0106162200971, "1966": 1458.9471388901079, "1967": 1595.485781292155, "1968": 1718.496464271471, "1969": 1886.4500273046531, "1970": 2111.719864043323, "1971": 2310.9237605881608, "1972": 2677.2937299977398, "1973": 3212.6394962757399, "1974": 3629.4918231959391, "1975": 4116.4596493305389, "1976": 4042.39482463789, "1977": 4614.2100493165071, "1978": 5623.4291762271887, "1979": 7006.3969905455606, "1980": 8476.4104500083649, "1981": 7640.4024125051619, "1982": 7573.9396759777492, "1983": 7850.6278904227538, "1984": 7757.553748368221, "1985": 8009.1034764212673, "1986": 11341.093989290261, "1987": 14267.53681687574, "1988": 15780.949512217439, "1989": 16424.430158700481, "1990": 20873.783409271931, "1991": 22007.13509640739, "1992": 23297.046032545579, "1993": 18781.95294271368, "1994": 19382.200215015451, "1995": 20712.179869032421, "1996": 23122.933721911559, "1997": 21883.987266665059, "1998": 22365.18376445445, "1999": 22049.999062026091, "2000": 20190.00356360841, "2001": 20570.43859178618, "2002": 22451.396437936852, "2003": 27577.57003198548, "2004": 31348.19018414454, "2005": 32062.723833669032, "2006": 33537.128699426947, "2007": 37826.175455482276, "2008": 40828.579558093719, "2009": 37099.6133958219, "2010": 35856.862548553923, "2011": 38432.37428200186, "2012": 34854.394944196458, "2013": 35701.674600237551, "2014": 36028.349402234882, "2015": 30639.882975143209, "2016": 31391.56928981085, "2017": 32844.115660604017, "2018": 34904.108192383363, "2019": 33812.788724867984, "2020": 32091.486662136638, "2021": 36852.542541495102, "2022": 35653.904210349501, "2023": 39065.424436563291, "2024": 40226.0472416173 }, "geometry": { "type": "MultiPolygon", "coordinates": [ [ [ [ 15.520376, 38.231155 ], [ 15.160243, 37.444046 ], [ 15.309898, 37.134219 ], [ 15.099988, 36.619987 ], [ 14.335229, 36.996631 ], [ 13.826733, 37.104531 ], [ 12.431004, 37.61295 ], [ 12.570944, 38.126381 ], [ 13.741156, 38.034966 ], [ 14.761249, 38.143874 ], [ 15.520376, 38.231155 ] ] ], [ [ [ 9.210012, 41.209991 ], [ 9.809975, 40.500009 ], [ 9.669519, 39.177376 ], [ 9.214818, 39.240473 ], [ 8.806936, 38.906618 ], [ 8.428302, 39.171847 ], [ 8.388253, 40.378311 ], [ 8.159998, 40.950007 ], [ 8.709991, 40.899984 ], [ 9.210012, 41.209991 ] ] ], [ [ [ 12.376485, 46.767559 ], [ 13.806475, 46.509306 ], [ 13.69811, 46.016778 ], [ 13.93763, 45.591016 ], [ 13.141606, 45.736692 ], [ 12.328581, 45.381778 ], [ 12.383875, 44.885374 ], [ 12.261453, 44.600482 ], [ 12.589237, 44.091366 ], [ 13.526906, 43.587727 ], [ 14.029821, 42.761008 ], [ 15.14257, 41.95514 ], [ 15.926191, 41.961315 ], [ 16.169897, 41.740295 ], [ 15.889346, 41.541082 ], [ 16.785002, 41.179606 ], [ 17.519169, 40.877143 ], [ 18.376687, 40.355625 ], [ 18.480247, 40.168866 ], [ 18.293385, 39.810774 ], [ 17.73838, 40.277671 ], [ 16.869596, 40.442235 ], [ 16.448743, 39.795401 ], [ 17.17149, 39.4247 ], [ 17.052841, 38.902871 ], [ 16.635088, 38.843572 ], [ 16.100961, 37.985899 ], [ 15.684087, 37.908849 ], [ 15.687963, 38.214593 ], [ 15.891981, 38.750942 ], [ 16.109332, 38.964547 ], [ 15.718814, 39.544072 ], [ 15.413613, 40.048357 ], [ 14.998496, 40.172949 ], [ 14.703268, 40.60455 ], [ 14.060672, 40.786348 ], [ 13.627985, 41.188287 ], [ 12.888082, 41.25309 ], [ 12.106683, 41.704535 ], [ 11.191906, 42.355425 ], [ 10.511948, 42.931463 ], [ 10.200029, 43.920007 ], [ 9.702488, 44.036279 ], [ 8.888946, 44.366336 ], [ 8.428561, 44.231228 ], [ 7.850767, 43.767148 ], [ 7.435185, 43.693845 ], [ 7.549596, 44.127901 ], [ 7.007562, 44.254767 ], [ 6.749955, 45.028518 ], [ 7.096652, 45.333099 ], [ 6.802355, 45.70858 ], [ 6.843593, 45.991147 ], [ 7.273851, 45.776948 ], [ 7.755992, 45.82449 ], [ 8.31663, 46.163642 ], [ 8.489952, 46.005151 ], [ 8.966306, 46.036932 ], [ 9.182882, 46.440215 ], [ 9.922837, 46.314899 ], [ 10.363378, 46.483571 ], [ 10.442701, 46.893546 ], [ 11.048556, 46.751359 ], [ 11.164828, 46.941579 ], [ 12.153088, 47.115393 ], [ 12.376485, 46.767559 ] ] ] ] } },
{ "type": "Feature", "properties": { "name": "Jamaica", "iso3": "JAM", "name_with_flag": "🇯🇲 Jamaica", "1960": 423.67409818409521, "1961": 447.05727366059432, "1962": 458.31399779656732, "1963": 480.33649971171462, "1964": 514.41651131345191, "1965": 549.49356041410749, "1966": 612.21036369258604, "1967": 633.25968057494401, "1968": 591.0458171732439, "1969": 642.13342105891525, "1970": 747.90939917249136, "1971": 808.86650608375453, "1972": 970.8029064055022, "1973": 971.80251322850199, "1974": 1192.9856935095761, "1975": 1416.7754676456841, "1976": 1449.9778820670031, "1977": 1569.4212705113109, "1978": 1262.4032723946459, "1979": 1144.1756298658449, "1980": 1248.744847274176, "1981": 1370.412779015413, "1982": 1494.40208283218, "1983": 1619.4784563122039, "1984": 1048.134053955336, "1985": 916.87229283867441, "1986": 1191.3497678214169, "1987": 1410.8459870242771, "1988": 1632.0148165615931, "1989": 1864.9849755006189, "1990": 1929.5989190585681, "1991": 1710.300582437224, "1992": 1458.10146892635, "1993": 2220.5151832718652, "1994": 2202.8583103847131, "1995": 2630.849353828216, "1996": 2928.8969261199641, "1997": 3296.9163480508309, "1998": 3419.4935286873911, "1999": 3431.5681346833539, "2000": 3453.0925280022652, "2001": 3503.5502668885779, "2002": 3680.645517277238, "2003": 3549.7075839461809, "2004": 3807.5629312455221, "2005": 4184.4397486749695, "2006": 4417.0012713536316, "2007": 4716.4861254272737, "2008": 5029.8009528174516, "2009": 4428.3815333355742, "2010": 4809.977380311997, "2011": 5232.6364491813192, "2012": 5340.8333323215784, "2013": 5124.2130141113676, "2014": 4975.1132545987239, "2015": 5062.8955502425952, "2016": 5009.7944872429534, "2017": 5259.3133276695671, "2018": 5578.1034752583182, "2019": 5607.2429926660789, "2020": 4879.4402577337351, "2021": 5165.337821303312, "2022": 6022.1533979176338, "2023": 6839.7250240818084, "2024": 7019.7463478045402 }, "geometry": { "type": "Polygon", "coordinates": [ [ [ -77.569601, 18.490525 ], [ -76.896619, 18.400867 ], [ -76.365359, 18.160701 ], [ -76.199659, 17.886867 ], [ -76.902561, 17.868238 ], [ -77.206341, 17.701116 ], [ -77.766023, 17.861597 ], [ -78.337719, 18.225968 ], [ -78.217727, 18.454533 ], [ -77.797365, 18.524218 ], [ -77.569601, 18.490525 ] ] ] } },
{ "type": "Feature", "properties": { "name": "Jordan", "iso3": "JOR", "name_with_flag": "🇯🇴 Jordan", "1960": null, "1961": null, "1962": null, "1963": null, "1964": null, "1965": 545.51386168967474, "1966": 558.40298109245509, "1967": 496.92274623567261, "1968": 408.84235282054829, "1969": 474.42788707359438, "1970": 408.59625750934708, "1971": 412.21881884946828, "1972": 459.8742441088948, "1973": 530.78399663800212, "1974": 651.09594846266907, "1975": 717.7640972870995, "1976": 872.50601935373197, "1977": 1038.5223007049251, "1978": 1248.9032604498741, "1979": 1518.8245134382821, "1980": 1750.0980107656389, "1981": 1885.1484219894251, "1982": 1928.8758964333831, "1983": 1939.3365449887169, "1984": 1871.0907497998701, "1985": 1797.0287714636081, "1986": 2200.1027823088139, "1987": 2216.870451793854, "1988": 1965.980318139945, "1989": 1260.251865000098, "1990": 1148.590054698994, "1991": 1109.655646119968, "1992": 1286.634736059598, "1993": 1289.4145431006959, "1994": 1367.187217766915, "1995": 1415.711515921284, "1996": 1410.1742418941919, "1997": 1435.8759384686259, "1998": 1532.113803956023, "1999": 1544.587505929793, "2000": 1570.6100294047751, "2001": 1632.294540105629, "2002": 1706.267443844012, "2003": 1775.676255814318, "2004": 1940.08641342805, "2005": 2087.8707927363462, "2006": 2342.6345957493259, "2007": 2506.205994841393, "2008": 3241.652413555596, "2009": 3435.8337590698011, "2010": 3718.4657162294529, "2011": 3946.8550385552448, "2012": 4169.5047005461811, "2013": 4311.219167130379, "2014": 4191.1805008498641, "2015": 4042.756780975546, "2016": 3986.7167701085291, "2017": 4065.6162874938432, "2018": 4145.439896732647, "2019": 4170.114400346496, "2020": 4022.0401356134962, "2021": 4183.4999832686644, "2022": 4332.2515989793146, "2023": 4466.0831420857512, "2024": 4618.0959249856742 }, "geometry": { "type": "Polygon", "coordinates": [ [ [ 35.545665, 32.393992 ], [ 35.719918, 32.709192 ], [ 36.834062, 32.312938 ], [ 38.792341, 33.378686 ], [ 39.195468, 32.161009 ], [ 39.004886, 32.010217 ], [ 37.002166, 31.508413 ], [ 37.998849, 30.5085 ], [ 37.66812, 30.338665 ], [ 37.503582, 30.003776 ], [ 36.740528, 29.865283 ], [ 36.501214, 29.505254 ], [ 36.068941, 29.197495 ], [ 34.956037, 29.356555 ], [ 34.922603, 29.501326 ], [ 35.420918, 31.100066 ], [ 35.397561, 31.489086 ], [ 35.545252, 31.782505 ], [ 35.545665, 32.393992 ] ] ] } },
{ "type": "Feature", "properties": { "name": "Japan", "iso3": "JPN", "name_with_flag": "🇯🇵 Japan", "1960": 508.70277929177342, "1961": 608.86458114495065, "1962": 684.56550979770532, "1963": 775.59212308016163, "1964": 902.86772151512616, "1965": 993.73272220907802, "1966": 1143.607896523949, "1967": 1326.361039122527, "1968": 1553.2713937999599, "1969": 1802.9802806197181, "1970": 2100.7480703600909, "1971": 2321.390925214178, "1972": 3031.4386057075858, "1973": 4061.0133895326039, "1974": 4448.3196562362646, "1975": 4775.8995355930547, "1976": 5310.4314090499211, "1977": 6472.7877874078977, "1978": 9012.1360352318206, "1979": 9301.1483102629336, "1980": 9668.7462639570913, "1981": 10583.127890840189, "1982": 9779.9749063626659, "1983": 10652.01471617676, "1984": 11207.45235242926, "1985": 11809.46034507154, "1986": 17451.83493941417, "1987": 21141.718395178879, "1988": 25499.881172810721, "1989": 25265.948759020801, "1990": 25801.395039309409, "1991": 29428.428903946919, "1992": 31992.790211916072, "1993": 36345.244126270773, "1994": 39933.515056487362, "1995": 44197.619101390781, "1996": 39150.039630808868, "1997": 35638.231955694137, "1998": 32423.755613380072, "1999": 36610.16831631973, "2000": 39169.359570150431, "2001": 34406.182463809157, "2002": 32820.793643325422, "2003": 35387.037420359928, "2004": 38298.980171230331, "2005": 37812.89501999483, "2006": 35991.546002862022, "2007": 35779.024541642713, "2008": 39876.303968572487, "2009": 41308.996837051163, "2010": 44968.156234973947, "2011": 48760.078949421113, "2012": 49145.280430819279, "2013": 40898.647896474438, "2014": 38475.39524618382, "2015": 34960.639384338487, "2016": 39375.473162078131, "2017": 38834.052934122657, "2018": 39751.133098271122, "2019": 40415.956764954703, "2020": 40028.734172676253, "2021": 40094.559979528778, "2022": 34065.64389625263, "2023": 33836.175627161712, "2024": 32475.892499219121 }, "geometry": { "type": "MultiPolygon", "coordinates": [ [ [ [ 134.638428, 34.149234 ], [ 134.766379, 33.806335 ], [ 134.203416, 33.201178 ], [ 133.79295, 33.521985 ], [ 133.280268, 33.28957 ], [ 133.014858, 32.704567 ], [ 132.363115, 32.989382 ], [ 132.371176, 33.463642 ], [ 132.924373, 34.060299 ], [ 133.492968, 33.944621 ], [ 133.904106, 34.364931 ], [ 134.638428, 34.149234 ] ] ], [ [ [ 140.976388, 37.142074 ], [ 140.59977, 36.343983 ], [ 140.774074, 35.842877 ], [ 140.253279, 35.138114 ], [ 138.975528, 34.6676 ], [ 137.217599, 34.606286 ], [ 135.792983, 33.464805 ], [ 135.120983, 33.849071 ], [ 135.079435, 34.596545 ], [ 133.340316, 34.375938 ], [ 132.156771, 33.904933 ], [ 130.986145, 33.885761 ], [ 132.000036, 33.149992 ], [ 131.33279, 31.450355 ], [ 130.686318, 31.029579 ], [ 130.20242, 31.418238 ], [ 130.447676, 32.319475 ], [ 129.814692, 32.61031 ], [ 129.408463, 33.296056 ], [ 130.353935, 33.604151 ], [ 130.878451, 34.232743 ], [ 131.884229, 34.749714 ], [ 132.617673, 35.433393 ], [ 134.608301, 35.731618 ], [ 135.677538, 35.527134 ], [ 136.723831, 37.304984 ], [ 137.390612, 36.827391 ], [ 138.857602, 37.827485 ], [ 139.426405, 38.215962 ], [ 140.05479, 39.438807 ], [ 139.883379, 40.563312 ], [ 140.305783, 41.195005 ], [ 141.368973, 41.37856 ], [ 141.914263, 39.991616 ], [ 141.884601, 39.180865 ], [ 140.959489, 38.174001 ], [ 140.976388, 37.142074 ] ] ], [ [ [ 143.910162, 44.1741 ], [ 144.613427, 43.960883 ], [ 145.320825, 44.384733 ], [ 145.543137, 43.262088 ], [ 144.059662, 42.988358 ], [ 143.18385, 41.995215 ], [ 141.611491, 42.678791 ], [ 141.067286, 41.584594 ], [ 139.955106, 41.569556 ], [ 139.817544, 42.563759 ], [ 140.312087, 43.333273 ], [ 141.380549, 43.388825 ], [ 141.671952, 44.772125 ], [ 141.967645, 45.551483 ], [ 143.14287, 44.510358 ], [ 143.910162, 44.1741 ] ] ] ] } },
{ "type": "Feature", "properties": { "name": "Kazakhstan", "iso3": "KAZ", "name_with_flag": "🇰🇿 Kazakhstan", "1960": null, "1961": null, "1962": null, "1963": null, "1964": null, "1965": null, "1966": null, "1967": null, "1968": null, "1969": null, "1970": null, "1971": null, "1972": null, "1973": null, "1974": null, "1975": null, "1976": null, "1977": null, "1978": null, "1979": null, "1980": null, "1981": null, "1982": null, "1983": null, "1984": null, "1985": null, "1986": null, "1987": null, "1988": null, "1989": null, "1990": 1570.0088311259069, "1991": 1442.4245554082461, "1992": 1437.598481009127, "1993": 1355.134938591387, "1994": 1246.836330182178, "1995": 1217.791387698629, "1996": 1281.3915289539659, "1997": 1381.63593295187, "1998": 1414.5928965259659, "1999": 1091.547277221586, "2000": 1180.0444563225999, "2001": 1422.27331810957, "2002": 1573.552199323248, "2003": 1958.0205024651129, "2004": 2722.4740775540249, "2005": 3577.3580400178212, "2006": 5030.1349471151898, "2007": 6449.4393109653211, "2008": 8123.547058917361, "2009": 6938.0117566300059, "2010": 8793.0758998078218, "2011": 11287.146492603901, "2012": 12018.796652799259, "2013": 13478.459627611959, "2014": 12427.70945769386, "2015": 10196.122625598209, "2016": 7475.5668868942439, "2017": 8943.0841679198384, "2018": 9472.4852732775817, "2019": 9457.126146571356, "2020": 8781.5079778764757, "2021": 9983.6010357690193, "2022": 11255.339643788109, "2023": 12879.42752579738, "2024": 14005.34873623448 }, "geometry": { "type": "Polygon", "coordinates": [ [ [ 70.962315, 42.266154 ], [ 70.388965, 42.081308 ], [ 69.070027, 41.384244 ], [ 68.632483, 40.668681 ], [ 68.259896, 40.662325 ], [ 67.985856, 41.135991 ], [ 66.714047, 41.168444 ], [ 66.510649, 41.987644 ], [ 66.023392, 41.994646 ], [ 66.098012, 42.99766 ], [ 64.900824, 43.728081 ], [ 63.185787, 43.650075 ], [ 62.0133, 43.504477 ], [ 61.05832, 44.405817 ], [ 60.239972, 44.784037 ], [ 58.689989, 45.500014 ], [ 58.503127, 45.586804 ], [ 55.928917, 44.995858 ], [ 55.968191, 41.308642 ], [ 55.455251, 41.259859 ], [ 54.755345, 42.043971 ], [ 54.079418, 42.324109 ], [ 52.944293, 42.116034 ], [ 52.50246, 41.783316 ], [ 52.446339, 42.027151 ], [ 52.692112, 42.443895 ], [ 52.501426, 42.792298 ], [ 51.342427, 43.132975 ], [ 50.891292, 44.031034 ], [ 50.339129, 44.284016 ], [ 50.305643, 44.609836 ], [ 51.278503, 44.514854 ], [ 51.316899, 45.245998 ], [ 52.16739, 45.408391 ], [ 53.040876, 45.259047 ], [ 53.220866, 46.234646 ], [ 53.042737, 46.853006 ], [ 52.042023, 46.804637 ], [ 51.191945, 47.048705 ], [ 50.034083, 46.60899 ], [ 49.10116, 46.39933 ], [ 48.593241, 46.561034 ], [ 48.694734, 47.075628 ], [ 48.057253, 47.743753 ], [ 47.315231, 47.715847 ], [ 46.466446, 48.394152 ], [ 47.043672, 49.152039 ], [ 46.751596, 49.356006 ], [ 47.54948, 50.454698 ], [ 48.577841, 49.87476 ], [ 48.702382, 50.605128 ], [ 50.766648, 51.692762 ], [ 52.328724, 51.718652 ], [ 54.532878, 51.02624 ], [ 55.716941, 50.621717 ], [ 56.777961, 51.043551 ], [ 58.363291, 51.063653 ], [ 59.642282, 50.545442 ], [ 59.932807, 50.842194 ], [ 61.337424, 50.79907 ], [ 61.588003, 51.272659 ], [ 59.967534, 51.96042 ], [ 60.927269, 52.447548 ], [ 60.739993, 52.719986 ], [ 61.699986, 52.979996 ], [ 60.978066, 53.664993 ], [ 61.436591, 54.006265 ], [ 65.178534, 54.354228 ], [ 65.666876, 54.601267 ], [ 68.1691, 54.970392 ], [ 69.068167, 55.38525 ], [ 70.865267, 55.169734 ], [ 71.180131, 54.133285 ], [ 72.22415, 54.376655 ], [ 73.508516, 54.035617 ], [ 73.425679, 53.48981 ], [ 74.384845, 53.546861 ], [ 76.8911, 54.490524 ], [ 76.525179, 54.177003 ], [ 77.800916, 53.404415 ], [ 80.03556, 50.864751 ], [ 80.568447, 51.388336 ], [ 81.945986, 50.812196 ], [ 83.383004, 51.069183 ], [ 83.935115, 50.889246 ], [ 84.416377, 50.3114 ], [ 85.11556, 50.117303 ], [ 85.54127, 49.692859 ], [ 86.829357, 49.826675 ], [ 87.35997, 49.214981 ], [ 86.598776, 48.549182 ], [ 85.768233, 48.455751 ], [ 85.720484, 47.452969 ], [ 85.16429, 47.000956 ], [ 83.180484, 47.330031 ], [ 82.458926, 45.53965 ], [ 81.947071, 45.317027 ], [ 79.966106, 44.917517 ], [ 80.866206, 43.180362 ], [ 80.18015, 42.920068 ], [ 80.25999, 42.349999 ], [ 79.643645, 42.496683 ], [ 79.142177, 42.856092 ], [ 77.658392, 42.960686 ], [ 76.000354, 42.988022 ], [ 75.636965, 42.8779 ], [ 74.212866, 43.298339 ], [ 73.645304, 43.091272 ], [ 73.489758, 42.500894 ], [ 71.844638, 42.845395 ], [ 71.186281, 42.704293 ], [ 70.962315, 42.266154 ] ] ] } },
{ "type": "Feature", "properties": { "name": "Kenya", "iso3": "KEN", "name_with_flag": "🇰🇪 Kenya", "1960": 102.8244174655821, "1961": 99.271695706838202, "1962": 104.6004559362588, "1963": 107.3936559782434, "1964": 111.3005448238923, "1965": 106.8656013402621, "1966": 119.83347638935849, "1967": 121.9021420783403, "1968": 128.6546468822431, "1969": 133.31079309324741, "1970": 141.0393909625972, "1971": 150.85297909317819, "1972": 172.642044778441, "1973": 198.57808387255639, "1974": 227.23344206641119, "1975": 241.2244261470565, "1976": 248.9351081985748, "1977": 311.48625291647983, "1978": 355.14198223260701, "1979": 403.2420798343577, "1980": 453.55897344480923, "1981": 412.88370422539168, "1982": 373.79483568888821, "1983": 335.03715173518913, "1984": 334.40283575753023, "1985": 319.50361101071428, "1986": 363.74511777271692, "1987": 386.63092999251171, "1988": 391.23877120428239, "1989": 374.48919368210278, "1990": 374.45899289556189, "1991": 344.72264212774201, "1992": 336.68139978695962, "1993": 228.99803284343429, "1994": 276.44787198124408, "1995": 340.06484217542919, "1996": 440.52707888087627, "1997": 466.72381461139952, "1998": 487.8832399054524, "1999": 433.72123570130532, "2000": 414.6263651308463, "2001": 410.70045247481357, "2002": 402.93638560538182, "2003": 442.89845725340541, "2004": 463.66278130012108, "2005": 523.45631243386265, "2006": 699.80237063380969, "2007": 840.20143947676479, "2008": 915.54435473603962, "2009": 1047.9678324484969, "2010": 1091.5187310119391, "2011": 1096.144998076755, "2012": 1285.005361715117, "2013": 1370.8788521465931, "2014": 1482.8156625349741, "2015": 1489.1195977728401, "2016": 1554.126103144233, "2017": 1667.484472308354, "2018": 1836.452755289929, "2019": 1960.4080885489259, "2020": 1927.664590278489, "2021": 2061.3562208959411, "2022": 2109.562885131375, "2023": 1952.304579296361, "2024": 2206.1349785176012 }, "geometry": { "type": "Polygon", "coordinates": [ [ [ 40.993, -0.85829 ], [ 41.58513, -1.68325 ], [ 40.88477, -2.08255 ], [ 40.63785, -2.49979 ], [ 40.26304, -2.57309 ], [ 40.12119, -3.27768 ], [ 39.80006, -3.68116 ], [ 39.60489, -4.34653 ], [ 39.20222, -4.67677 ], [ 37.7669, -3.67712 ], [ 37.69869, -3.09699 ], [ 34.07262, -1.05982 ], [ 33.903711, -0.95 ], [ 33.893569, 0.109814 ], [ 34.18, 0.515 ], [ 34.6721, 1.17694 ], [ 35.03599, 1.90584 ], [ 34.59607, 3.05374 ], [ 34.47913, 3.5556 ], [ 34.005, 4.249885 ], [ 34.620196, 4.847123 ], [ 35.298007, 5.506 ], [ 35.817448, 5.338232 ], [ 35.817448, 4.776966 ], [ 36.159079, 4.447864 ], [ 36.855093, 4.447864 ], [ 38.120915, 3.598605 ], [ 38.43697, 3.58851 ], [ 38.67114, 3.61607 ], [ 38.89251, 3.50074 ], [ 39.559384, 3.42206 ], [ 39.85494, 3.83879 ], [ 40.76848, 4.25702 ], [ 41.1718, 3.91909 ], [ 41.855083, 3.918912 ], [ 40.98105, 2.78452 ], [ 40.993, -0.85829 ] ] ] } },
{ "type": "Feature", "properties": { "name": "Kyrgyzstan", "iso3": "KGZ", "name_with_flag": "🇰🇬 Kyrgyzstan", "1960": null, "1961": null, "1962": null, "1963": null, "1964": null, "1965": null, "1966": null, "1967": null, "1968": null, "1969": null, "1970": null, "1971": null, "1972": null, "1973": null, "1974": null, "1975": null, "1976": null, "1977": null, "1978": null, "1979": null, "1980": null, "1981": null, "1982": null, "1983": null, "1984": null, "1985": null, "1986": null, "1987": null, "1988": null, "1989": null, "1990": 605.79814496648839, "1991": 569.54858403504716, "1992": 512.76674112038825, "1993": 448.55419087823162, "1994": 372.48175994894132, "1995": 364.25036525834457, "1996": 394.85687961421212, "1997": 376.42793005981139, "1998": 345.13704608424632, "1999": 258.04805593697569, "2000": 279.62173846436468, "2001": 308.41129550148042, "2002": 321.72677536680442, "2003": 380.50582881244071, "2004": 433.2338732860004, "2005": 476.54819364007659, "2006": 543.1135124722191, "2007": 721.77157754436053, "2008": 966.38856937049366, "2009": 870.1988945469169, "2010": 876.95447644035426, "2011": 1117.4017435018479, "2012": 1168.622446754458, "2013": 1269.663034643477, "2014": 1264.5266882389069, "2015": 1105.6519384426069, "2016": 1103.274894284119, "2017": 1221.390468070819, "2018": 1283.520303741702, "2019": 1421.999275041019, "2020": 1229.5176660290749, "2021": 1349.997306505423, "2022": 1739.7201834417449, "2023": 2138.2221021147798, "2024": 2419.2655357452309 }, "geometry": { "type": "Polygon", "coordinates": [ [ [ 70.962315, 42.266154 ], [ 71.186281, 42.704293 ], [ 71.844638, 42.845395 ], [ 73.489758, 42.500894 ], [ 73.645304, 43.091272 ], [ 74.212866, 43.298339 ], [ 75.636965, 42.8779 ], [ 76.000354, 42.988022 ], [ 77.658392, 42.960686 ], [ 79.142177, 42.856092 ], [ 79.643645, 42.496683 ], [ 80.25999, 42.349999 ], [ 80.11943, 42.123941 ], [ 78.543661, 41.582243 ], [ 78.187197, 41.185316 ], [ 76.904484, 41.066486 ], [ 76.526368, 40.427946 ], [ 75.467828, 40.562072 ], [ 74.776862, 40.366425 ], [ 73.822244, 39.893973 ], [ 73.960013, 39.660008 ], [ 73.675379, 39.431237 ], [ 71.784694, 39.279463 ], [ 70.549162, 39.604198 ], [ 69.464887, 39.526683 ], [ 69.55961, 40.103211 ], [ 70.648019, 39.935754 ], [ 71.014198, 40.244366 ], [ 71.774875, 40.145844 ], [ 73.055417, 40.866033 ], [ 71.870115, 41.3929 ], [ 71.157859, 41.143587 ], [ 70.420022, 41.519998 ], [ 71.259248, 42.167711 ], [ 70.962315, 42.266154 ] ] ] } },
{ "type": "Feature", "properties": { "name": "Cambodia", "iso3": "KHM", "name_with_flag": "🇰🇭 Cambodia", "1960": null, "1961": null, "1962": null, "1963": null, "1964": null, "1965": null, "1966": null, "1967": null, "1968": null, "1969": null, "1970": null, "1971": null, "1972": null, "1973": null, "1974": null, "1975": 113.8257892087581, "1976": 128.82777734153299, "1977": 126.357117453489, "1978": 147.10157336609609, "1979": 142.2216170620369, "1980": 143.15431797312749, "1981": 154.2538411741512, "1982": 159.20663402035709, "1983": 166.65319934361031, "1984": 174.70583713435801, "1985": 182.4468523171866, "1986": 185.75999779834939, "1987": 158.12437544697519, "1988": 244.10957746460491, "1989": 191.29749243165779, "1990": 190.18147003615911, "1991": 267.33630672698217, "1992": 307.09492238513621, "1993": 294.0593727275583, "1994": 302.13078548319959, "1995": 343.48522467158477, "1996": 324.65587098300358, "1997": 297.59041960802978, "1998": 258.78095318937682, "1999": 286.75359644319599, "2000": 296.42668752633432, "2001": 327.50098431444428, "2002": 350.14727663429431, "2003": 386.69112393177801, "2004": 444.19906752908122, "2005": 525.79732512092642, "2006": 612.25264855072726, "2007": 731.69229512542609, "2008": 866.28399978974949, "2009": 875.74893619356931, "2010": 952.27461632400764, "2011": 1088.9815282308141, "2012": 1192.8026304167311, "2013": 1305.6600972685981, "2014": 1431.5639646999341, "2015": 1547.320104443935, "2016": 1675.1955571110859, "2017": 1826.3539168875409, "2018": 2036.6737756657819, "2019": 2225.8770548568618, "2020": 2081.739142429391, "2021": 2167.4032419849918, "2022": 2325.0305004084121, "2023": 2429.7485345283822, "2024": 2627.8796974226011 }, "geometry": { "type": "Polygon", "coordinates": [ [ [ 103.49728, 10.632555 ], [ 103.09069, 11.153661 ], [ 102.584932, 12.186595 ], [ 102.348099, 13.394247 ], [ 102.988422, 14.225721 ], [ 104.281418, 14.416743 ], [ 105.218777, 14.273212 ], [ 106.043946, 13.881091 ], [ 106.496373, 14.570584 ], [ 107.382727, 14.202441 ], [ 107.614548, 13.535531 ], [ 107.491403, 12.337206 ], [ 105.810524, 11.567615 ], [ 106.24967, 10.961812 ], [ 105.199915, 10.88931 ], [ 104.334335, 10.486544 ], [ 103.49728, 10.632555 ] ] ] } },
{ "type": "Feature", "properties": { "name": "South Korea", "iso3": "KOR", "name_with_flag": "🇰🇷 South Korea", "1960": 158.274135881229, "1961": 93.831383194475379, "1962": 106.159702780685, "1963": 146.30249259013149, "1964": 123.6063744926654, "1965": 108.723112442051, "1966": 133.47983443236399, "1967": 161.159443282246, "1968": 198.43488439704271, "1969": 243.42613765663319, "1970": 279.30874630221678, "1971": 301.17873665537621, "1972": 324.19281117874459, "1973": 406.89709352845512, "1974": 563.35247577566929, "1975": 617.4560619335673, "1976": 834.134207951691, "1977": 1055.8800411598979, "1978": 1405.822374445542, "1979": 1783.6223128784691, "1980": 1715.422399736407, "1981": 1883.455980029634, "1982": 1992.516777846286, "1983": 2198.9392906387811, "1984": 2413.2765010959329, "1985": 2482.3999557360612, "1986": 2834.8903396681521, "1987": 3554.6060089447151, "1988": 4748.6406440612282, "1989": 5817.0655672198291, "1990": 6609.9972831617479, "1991": 7636.9480638848991, "1992": 8126.6620618362867, "1993": 8884.9194640898659, "1994": 10385.390457299731, "1995": 12564.72437430916, "1996": 13402.99460470699, "1997": 12398.490454346211, "1998": 8281.719482714454, "1999": 10672.447558676529, "2000": 12257.020662234499, "2001": 11561.20717451151, "2002": 13165.083624969981, "2003": 14672.80575394649, "2004": 16496.131616711409, "2005": 19402.50262595489, "2006": 21743.47745142545, "2007": 24086.41043916775, "2008": 21350.427979823002, "2009": 19143.851605302549, "2010": 23079.26012577353, "2011": 25097.595426844979, "2012": 25459.168900096451, "2013": 27179.517014605171, "2014": 29252.93123773524, "2015": 28737.439170649879, "2016": 29280.440317004839, "2017": 31600.735874136459, "2018": 33447.156283616583, "2019": 31902.41690481942, "2020": 31721.298914185671, "2021": 35125.522498472252, "2022": 32394.683372520321, "2023": 33121.371288550843, "2024": null }, "geometry": { "type": "Polygon", "coordinates": [ [ [ 128.349716, 38.612243 ], [ 129.21292, 37.432392 ], [ 129.46045, 36.784189 ], [ 129.468304, 35.632141 ], [ 129.091377, 35.082484 ], [ 128.18585, 34.890377 ], [ 127.386519, 34.475674 ], [ 126.485748, 34.390046 ], [ 126.37392, 34.93456 ], [ 126.559231, 35.684541 ], [ 126.117398, 36.725485 ], [ 126.860143, 36.893924 ], [ 126.174759, 37.749686 ], [ 126.237339, 37.840378 ], [ 126.68372, 37.804773 ], [ 127.073309, 38.256115 ], [ 127.780035, 38.304536 ], [ 128.205746, 38.370397 ], [ 128.349716, 38.612243 ] ] ] } },
{ "type": "Feature", "properties": { "name": "Kosovo", "iso3": "XKX", "name_with_flag": " Kosovo", "1960": null, "1961": null, "1962": null, "1963": null, "1964": null, "1965": null, "1966": null, "1967": null, "1968": null, "1969": null, "1970": null, "1971": null, "1972": null, "1973": null, "1974": null, "1975": null, "1976": null, "1977": null, "1978": null, "1979": null, "1980": null, "1981": null, "1982": null, "1983": null, "1984": null, "1985": null, "1986": null, "1987": null, "1988": null, "1989": null, "1990": null, "1991": null, "1992": null, "1993": null, "1994": null, "1995": null, "1996": null, "1997": null, "1998": null, "1999": null, "2000": null, "2001": null, "2002": null, "2003": null, "2004": null, "2005": null, "2006": null, "2007": null, "2008": 2877.3933140272388, "2009": 2794.8669947306898, "2010": 2987.5451957446371, "2011": 3538.9475983857578, "2012": 3410.655507493158, "2013": 3704.5587278167191, "2014": 3902.4942436094648, "2015": 3520.6285069937462, "2016": 3759.449590671039, "2017": 4009.3179934758841, "2018": 4384.1862408494744, "2019": 4415.9971610751363, "2020": 4310.8906554879859, "2021": 5270.429652898325, "2022": 5290.9474722468694, "2023": 6221.2036521209357, "2024": 7299.434980831179 }, "geometry": { "type": "Polygon", "coordinates": [ [ [ 20.76216, 42.05186 ], [ 20.71731, 41.84711 ], [ 20.59023, 41.85541 ], [ 20.52295, 42.21787 ], [ 20.28374, 42.32025 ], [ 20.0707, 42.58863 ], [ 20.25758, 42.81275 ], [ 20.49679, 42.88469 ], [ 20.63508, 43.21671 ], [ 20.81448, 43.27205 ], [ 20.95651, 43.13094 ], [ 21.143395, 43.068685 ], [ 21.27421, 42.90959 ], [ 21.43866, 42.86255 ], [ 21.63302, 42.67717 ], [ 21.77505, 42.6827 ], [ 21.66292, 42.43922 ], [ 21.54332, 42.32025 ], [ 21.576636, 42.245224 ], [ 21.3527, 42.2068 ], [ 20.76216, 42.05186 ] ] ] } },
{ "type": "Feature", "properties": { "name": "Kuwait", "iso3": "KWT", "name_with_flag": "🇰🇼 Kuwait", "1960": null, "1961": null, "1962": 4748.3928435422586, "1963": 4444.5230858111963, "1964": 4378.784297759983, "1965": 4023.9903777247819, "1966": 4176.1103818096417, "1967": 3887.3456203824471, "1968": 3871.9455921927452, "1969": 3694.9649775041539, "1970": 3551.5871070633561, "1971": 4485.6084267820197, "1972": 4835.6910457432487, "1973": 5532.4323403912786, "1974": 12526.603171072569, "1975": 10881.72164402887, "1976": 11141.198140966841, "1977": 11237.79671795075, "1978": 11567.065374878401, "1979": 17385.894288696571, "1980": 19031.905190200039, "1981": 15825.191918190991, "1982": 12978.8949980867, "1983": 11965.339051108809, "1984": 11918.61689259054, "1985": 11321.663553949, "1986": 9076.7088522184804, "1987": 10895.650028040431, "1988": 9692.3475460072514, "1989": 10964.69290803715, "1990": 10937.541526880799, "1991": 8147.1080732983901, "1992": 12146.19505586, "1993": 14317.720941905651, "1994": 14929.744111033509, "1995": 16168.165602374051, "1996": 18201.0958607918, "1997": 16977.38956203988, "1998": 14066.950957218271, "1999": 15853.62644234662, "2000": 19296.347169872912, "2001": 17374.231866422691, "2002": 18512.75230358616, "2003": 22690.655175143991, "2004": 27552.282739978669, "2005": 36122.614274122679, "2006": 42946.637410406613, "2007": 45709.413287637057, "2008": 55585.188934444152, "2009": 37907.100132004147, "2010": 39212.252219046088, "2011": 49169.606398313947, "2012": 52155.222546047917, "2013": 49651.043970944818, "2014": 44368.781373043043, "2015": 29882.21268670684, "2016": 27323.6890643847, "2017": 29047.653582284202, "2018": 32067.962368951161, "2019": 31707.873746491739, "2020": 25236.0755520534, "2021": 34018.634287964727, "2022": 39981.769098195728, "2023": 34075.849043984657, "2024": 32213.862229231629 }, "geometry": { "type": "Polygon", "coordinates": [ [ [ 47.974519, 29.975819 ], [ 48.183189, 29.534477 ], [ 48.093943, 29.306299 ], [ 48.416094, 28.552004 ], [ 47.708851, 28.526063 ], [ 47.459822, 29.002519 ], [ 46.568713, 29.099025 ], [ 47.302622, 30.05907 ], [ 47.974519, 29.975819 ] ] ] } },
{ "type": "Feature", "properties": { "name": "Laos", "iso3": "LAO", "name_with_flag": "🇱🇦 Laos", "1960": null, "1961": null, "1962": null, "1963": null, "1964": null, "1965": null, "1966": null, "1967": null, "1968": null, "1969": null, "1970": null, "1971": null, "1972": null, "1973": null, "1974": null, "1975": null, "1976": null, "1977": null, "1978": null, "1979": null, "1980": null, "1981": null, "1982": null, "1983": null, "1984": 483.0177816685237, "1985": 632.80109828129127, "1986": 461.91155236700268, "1987": 274.72958533994392, "1988": 147.07094294233059, "1989": 170.3772968035108, "1990": 200.73490548959961, "1991": 231.80622754813911, "1992": 247.34528615053159, "1993": 283.40057328634907, "1994": 320.96812895164629, "1995": 357.75816219340618, "1996": 371.34187919767282, "1997": 339.09319241186961, "1998": 243.92396245141799, "1999": 272.32530700541201, "2000": 318.74985223696501, "2001": 320.31600543956762, "2002": 313.35081714813077, "2003": 355.09721615146128, "2004": 409.29629828411731, "2005": 466.06150699774122, "2006": 579.39194744071938, "2007": 697.32301367392495, "2008": 885.74737608876194, "2009": 935.03237283283045, "2010": 1125.9161015126101, "2011": 1361.547043949128, "2012": 1563.5650771336959, "2013": 1812.517744246506, "2014": 1981.0391090047269, "2015": 2121.0133909736292, "2016": 2303.221560353627, "2017": 2432.430594785113, "2018": 2545.1075420815, "2019": 2589.3208103523721, "2020": 2583.7773069613099, "2021": 2526.0510501852932, "2022": 2046.404402556205, "2023": 2066.949797769571, "2024": 2123.979094117969 }, "geometry": { "type": "Polygon", "coordinates": [ [ [ 105.218777, 14.273212 ], [ 105.544338, 14.723934 ], [ 105.589039, 15.570316 ], [ 104.779321, 16.441865 ], [ 104.716947, 17.428859 ], [ 103.956477, 18.240954 ], [ 103.200192, 18.309632 ], [ 102.998706, 17.961695 ], [ 102.413005, 17.932782 ], [ 102.113592, 18.109102 ], [ 101.059548, 17.512497 ], [ 101.035931, 18.408928 ], [ 101.282015, 19.462585 ], [ 100.606294, 19.508344 ], [ 100.548881, 20.109238 ], [ 100.115988, 20.41785 ], [ 100.329101, 20.786122 ], [ 101.180005, 21.436573 ], [ 101.270026, 21.201652 ], [ 101.80312, 21.174367 ], [ 101.652018, 22.318199 ], [ 102.170436, 22.464753 ], [ 102.754896, 21.675137 ], [ 103.203861, 20.766562 ], [ 104.435, 20.758733 ], [ 104.822574, 19.886642 ], [ 104.183388, 19.624668 ], [ 103.896532, 19.265181 ], [ 105.094598, 18.666975 ], [ 105.925762, 17.485315 ], [ 106.556008, 16.604284 ], [ 107.312706, 15.908538 ], [ 107.564525, 15.202173 ], [ 107.382727, 14.202441 ], [ 106.496373, 14.570584 ], [ 106.043946, 13.881091 ], [ 105.218777, 14.273212 ] ] ] } },
{ "type": "Feature", "properties": { "name": "Lebanon", "iso3": "LBN", "name_with_flag": "🇱🇧 Lebanon", "1960": null, "1961": null, "1962": null, "1963": null, "1964": null, "1965": null, "1966": null, "1967": null, "1968": null, "1969": null, "1970": null, "1971": null, "1972": null, "1973": null, "1974": null, "1975": null, "1976": null, "1977": null, "1978": null, "1979": null, "1980": null, "1981": null, "1982": null, "1983": null, "1984": null, "1985": null, "1986": null, "1987": null, "1988": 959.15390186744241, "1989": 771.00112124552084, "1990": 789.52633848473761, "1991": 1278.4212574563339, "1992": 1559.3810062844641, "1993": 2078.6386421556231, "1994": 2467.769427205772, "1995": 2958.742639574617, "1996": 3393.0509074935871, "1997": 3834.0590787530991, "1998": 4124.8552789257519, "1999": 4086.9387278963331, "2000": 3986.835139410256, "2001": 4009.5592975110148, "2002": 4290.8528380326643, "2003": 4437.7158850752576, "2004": 4600.6837141299329, "2005": 4602.1980463794489, "2006": 4635.2514117486044, "2007": 5125.2580996014904, "2008": 5912.0453282084163, "2009": 7090.8549385662081, "2010": 7625.8105155116546, "2011": 7834.96257108993, "2012": 8406.9840560811754, "2013": 8162.3792936139644, "2014": 7577.6413302369047, "2015": 7714.1099998804038, "2016": 8089.0120881550001, "2017": 8608.2108498238704, "2018": 9174.5366620475888, "2019": 8905.8800549743664, "2020": 5561.1916695039699, "2021": 4045.373910662337, "2022": 3654.3584553487849, "2023": 3477.7248984268381, "2024": null }, "geometry": { "type": "Polygon", "coordinates": [ [ [ 35.821101, 33.277426 ], [ 35.552797, 33.264275 ], [ 35.460709, 33.08904 ], [ 35.126053, 33.0909 ], [ 35.482207, 33.90545 ], [ 35.979592, 34.610058 ], [ 35.998403, 34.644914 ], [ 36.448194, 34.593935 ], [ 36.61175, 34.201789 ], [ 36.06646, 33.824912 ], [ 35.821101, 33.277426 ] ] ] } },
{ "type": "Feature", "properties": { "name": "Liberia", "iso3": "LBR", "name_with_flag": "🇱🇷 Liberia", "1960": 167.1714982246942, "1961": 157.50468649510111, "1962": 160.28032503535809, "1963": 163.13126622313251, "1964": 173.92649027404281, "1965": 177.5624324248968, "1966": 184.5836891594048, "1967": 192.15074699930429, "1968": 198.64710483448511, "1969": 214.71791159096401, "1970": 220.29384813005731, "1971": 227.07820144846309, "1972": 238.61097966512611, "1973": 244.3617279241823, "1974": 299.41366067333098, "1975": 345.64893564177191, "1976": 347.49845666429832, "1977": 381.08910493035472, "1978": 394.46807831939219, "1979": 434.69976445936987, "1980": 443.02717165659448, "1981": 426.0549397619468, "1982": 422.4461425093383, "1983": 390.7597266971444, "1984": 390.4079579922257, "1985": 379.95147596181101, "1986": 364.28866918979378, "1987": 409.21594007140249, "1988": 424.32571933691901, "1989": 312.28925539089181, "1990": 172.86761012327841, "1991": 177.86700659027929, "1992": 107.842801384441, "1993": 74.427202864240883, "1994": 61.490431307467027, "1995": 62.143814062757883, "1996": 71.406524872003587, "1997": 122.62799374551641, "1998": 134.67539335251851, "1999": 156.5731669456963, "2000": 298.48534057894551, "2001": 300.46382859898301, "2002": 299.53644553962118, "2003": 239.77955667709131, "2004": 284.1402239924584, "2005": 287.48733344138088, "2006": 320.55808618514959, "2007": 374.21130810427769, "2008": 451.71385628328483, "2009": 448.38636702554481, "2010": 492.25280803372351, "2011": 568.08786552000413, "2012": 638.36875146208263, "2013": 710.74457092786315, "2014": 706.71449006450723, "2015": 692.59008235125702, "2016": 714.61306314565877, "2017": 699.26909572740351, "2018": 692.20312712979444, "2019": 658.1641807705065, "2020": 616.78786700671503, "2021": 667.96610514319048, "2022": 744.61717523738696, "2023": 799.19447022964187, "2024": 846.27736838738906 }, "geometry": { "type": "Polygon", "coordinates": [ [ [ -7.712159, 4.364566 ], [ -7.974107, 4.355755 ], [ -9.004794, 4.832419 ], [ -9.91342, 5.593561 ], [ -10.765384, 6.140711 ], [ -11.438779, 6.785917 ], [ -11.199802, 7.105846 ], [ -11.146704, 7.396706 ], [ -10.695595, 7.939464 ], [ -10.230094, 8.406206 ], [ -10.016567, 8.428504 ], [ -9.755342, 8.541055 ], [ -9.33728, 7.928534 ], [ -9.403348, 7.526905 ], [ -9.208786, 7.313921 ], [ -8.926065, 7.309037 ], [ -8.722124, 7.711674 ], [ -8.439298, 7.686043 ], [ -8.485446, 7.395208 ], [ -8.385452, 6.911801 ], [ -8.60288, 6.467564 ], [ -8.311348, 6.193033 ], [ -7.993693, 6.12619 ], [ -7.570153, 5.707352 ], [ -7.539715, 5.313345 ], [ -7.635368, 5.188159 ], [ -7.712159, 4.364566 ] ] ] } },
{ "type": "Feature", "properties": { "name": "Libya", "iso3": "LBY", "name_with_flag": "🇱🇾 Libya", "1960": 269.03807309466902, "1961": 285.34158088277701, "1962": 382.08450572744471, "1963": 527.86193950442737, "1964": 764.89838942084521, "1965": 1000.534740791029, "1966": 1250.600188216727, "1967": 1436.618032569417, "1968": 1971.8663254869659, "1969": 2174.950457160407, "1970": 2209.5811758057971, "1971": 2442.5828082671819, "1972": 2829.8014519455901, "1973": 3727.3854987819809, "1974": 6213.5002749061732, "1975": 5720.6269113528451, "1976": 7017.7434073455743, "1977": 7783.4600914141702, "1978": 7251.8375415625942, "1979": 9442.7593326784208, "1980": 11959.522269078339, "1981": 10044.04100427266, "1982": 9063.6985126773434, "1983": 8927.3644278536231, "1984": 7811.0693734003944, "1985": 8087.3630679290436, "1986": 6018.9134521552314, "1987": 6464.7328401845998, "1988": 5736.282439922782, "1989": 5792.5791631313041, "1990": 6502.2788656542061, "1991": 7039.8339197059577, "1992": 7302.6890867922584, "1993": 6477.8703584064097, "1994": 5933.2912135407742, "1995": 5205.2570637874051, "1996": 5591.020275445585, "1997": 6061.813660335979, "1998": 5301.0835477555866, "1999": 6894.5187553475789, "2000": 7214.1004037708444, "2001": 6312.8003049896524, "2002": 3718.2943469675511, "2003": 4674.0994320032141, "2004": 5773.7633323428136, "2005": 8079.2495732900124, "2006": 10048.84804342891, "2007": 11144.94484134354, "2008": 13906.140781812501, "2009": 9551.0540386975463, "2010": 11600.90686494719, "2011": 7593.8391525701982, "2012": 14975.89027951445, "2013": 11951.71341260111, "2014": 8926.4207459147419, "2015": 7458.4891775637443, "2016": 7525.8029930821594, "2017": 9965.8323672975675, "2018": 11196.58548108437, "2019": 9963.1948908448285, "2020": 6650.3381058534787, "2021": 4935.8278734980149, "2022": 5986.6369485125806, "2023": 6172.81246940233, "2024": 6318.4031403101681 }, "geometry": { "type": "Polygon", "coordinates": [ [ [ 14.8513, 22.86295 ], [ 14.143871, 22.491289 ], [ 13.581425, 23.040506 ], [ 11.999506, 23.471668 ], [ 11.560669, 24.097909 ], [ 10.771364, 24.562532 ], [ 10.303847, 24.379313 ], [ 9.948261, 24.936954 ], [ 9.910693, 25.365455 ], [ 9.319411, 26.094325 ], [ 9.716286, 26.512206 ], [ 9.629056, 27.140953 ], [ 9.756128, 27.688259 ], [ 9.683885, 28.144174 ], [ 9.859998, 28.95999 ], [ 9.805634, 29.424638 ], [ 9.48214, 30.307556 ], [ 9.970017, 30.539325 ], [ 10.056575, 30.961831 ], [ 9.950225, 31.37607 ], [ 10.636901, 31.761421 ], [ 10.94479, 32.081815 ], [ 11.432253, 32.368903 ], [ 11.488787, 33.136996 ], [ 12.66331, 32.79278 ], [ 13.08326, 32.87882 ], [ 13.91868, 32.71196 ], [ 15.24563, 32.26508 ], [ 15.71394, 31.37626 ], [ 16.61162, 31.18218 ], [ 18.02109, 30.76357 ], [ 19.08641, 30.26639 ], [ 19.57404, 30.52582 ], [ 20.05335, 30.98576 ], [ 19.82033, 31.75179 ], [ 20.13397, 32.2382 ], [ 20.85452, 32.7068 ], [ 21.54298, 32.8432 ], [ 22.89576, 32.63858 ], [ 23.2368, 32.19149 ], [ 23.60913, 32.18726 ], [ 23.9275, 32.01667 ], [ 24.92114, 31.89936 ], [ 25.16482, 31.56915 ], [ 24.80287, 31.08929 ], [ 24.95762, 30.6616 ], [ 24.70007, 30.04419 ], [ 25.0, 29.238655 ], [ 25.0, 25.6825 ], [ 25.0, 22.0 ], [ 25.0, 20.00304 ], [ 23.85, 20.0 ], [ 23.83766, 19.58047 ], [ 19.84926, 21.49509 ], [ 15.86085, 23.40972 ], [ 14.8513, 22.86295 ] ] ] } },
{ "type": "Feature", "properties": { "name": "Sri Lanka", "iso3": "LKA", "name_with_flag": "🇱🇰 Sri Lanka", "1960": 145.92870130576799, "1961": 145.9009451399985, "1962": 141.38319783788361, "1963": 119.352332353465, "1964": 122.9418089985442, "1965": 155.5669847554785, "1966": 156.6060321771827, "1967": 162.29482306661129, "1968": 153.48764748654969, "1969": 163.60657987529029, "1970": 186.90079182454571, "1971": 188.76080216773931, "1972": 199.38289288122959, "1973": 220.17023920833731, "1974": 268.6509050047535, "1975": 279.82158260032043, "1976": 260.30149501026131, "1977": 292.14899249678763, "1978": 190.996464636951, "1979": 230.77506937025149, "1980": 271.0552900736846, "1981": 292.45135975768039, "1982": 311.95787888927822, "1983": 335.82315171464671, "1984": 391.36961756985852, "1985": 384.61153768919638, "1986": 407.16460045421297, "1987": 419.82440944366527, "1988": 434.01555278053718, "1989": 430.0238897381804, "1990": 491.21368623849332, "1991": 546.29251557088583, "1992": 579.65511761828327, "1993": 607.23184710284579, "1994": 678.26801202020533, "1995": 741.83825529345529, "1996": 776.19237105758714, "1997": 827.03575605863057, "1998": 849.37461276857971, "1999": 826.42122812773903, "2000": 846.46081330496588, "2001": 803.5440266273846, "2002": 834.93601490533774, "2003": 946.38225512807185, "2004": 1028.620681325551, "2005": 1207.2199476416481, "2006": 1389.5062558393599, "2007": 1578.634511253915, "2008": 1973.584769012873, "2009": 2026.6593995070191, "2010": 2808.3677923740811, "2011": 3224.957363319279, "2012": 3327.7761240432601, "2013": 3740.615893483262, "2014": 3971.919131481664, "2015": 4057.715834623104, "2016": 4149.1919077559323, "2017": 4398.888280687147, "2018": 4358.5609590604736, "2019": 4081.9477272200279, "2020": 3847.6013769563951, "2021": 3996.962400149092, "2022": 3342.636502538553, "2023": 3798.8901657301139, "2024": 4515.56787322732 }, "geometry": { "type": "Polygon", "coordinates": [ [ [ 81.787959, 7.523055 ], [ 81.637322, 6.481775 ], [ 81.21802, 6.197141 ], [ 80.348357, 5.96837 ], [ 79.872469, 6.763463 ], [ 79.695167, 8.200843 ], [ 80.147801, 9.824078 ], [ 80.838818, 9.268427 ], [ 81.304319, 8.564206 ], [ 81.787959, 7.523055 ] ] ] } },
{ "type": "Feature", "properties": { "name": "Lesotho", "iso3": "LSO", "name_with_flag": "🇱🇸 Lesotho", "1960": 46.951780268846619, "1961": 47.046463633208383, "1962": 53.542125436493457, "1963": 58.407695793138743, "1964": 62.620764716317588, "1965": 64.255497720391048, "1966": 64.295165183087164, "1967": 64.839325386287129, "1968": 64.809251529746007, "1969": 67.095036028009062, "1970": 67.440197576126323, "1971": 72.407644624842362, "1972": 73.956618978324144, "1973": 106.9912922519127, "1974": 128.6666182146929, "1975": 123.2313752187266, "1976": 117.8250776922451, "1977": 149.86046025112429, "1978": 200.84541352168159, "1979": 212.37093838537331, "1980": 306.81556597006522, "1981": 299.83932684701779, "1982": 233.939892397725, "1983": 252.0177480633759, "1984": 210.99849541428819, "1985": 165.37392188202679, "1986": 191.37575818405341, "1987": 236.45103263607899, "1988": 270.36712009928971, "1989": 279.03525253942053, "1990": 329.5637851572028, "1991": 382.29124773914219, "1992": 443.62429719557639, "1993": 439.36541068148239, "1994": 455.59358620395602, "1995": 513.41344879617452, "1996": 479.67139462570663, "1997": 501.98138890096482, "1998": 464.68374554826471, "1999": 455.65005438737649, "2000": 442.77954577908099, "2001": 412.67747367682148, "2002": 388.9233498513496, "2003": 583.27003620028768, "2004": 766.68582092824249, "2005": 861.38149641499513, "2006": 925.46748550284235, "2007": 861.18842089956331, "2008": 898.48251788259302, "2009": 878.84795053777157, "2010": 1119.4755779304201, "2011": 1280.7339093158059, "2012": 1217.930712289442, "2013": 1151.0373583722669, "2014": 1173.5377928819, "2015": 1121.198513425182, "2016": 992.49184067846522, "2017": 1069.366732475424, "2018": 1170.655697028194, "2019": 1082.057067775158, "2020": 918.58257742198157, "2021": 1066.58643600093, "2022": 1030.125796288329, "2023": 916.28297046388775, "2024": 971.81462046878755 }, "geometry": { "type": "Polygon", "coordinates": [ [ [ 28.978263, -28.955597 ], [ 29.325166, -29.257387 ], [ 29.018415, -29.743766 ], [ 28.8484, -30.070051 ], [ 28.291069, -30.226217 ], [ 28.107205, -30.545732 ], [ 27.749397, -30.645106 ], [ 26.999262, -29.875954 ], [ 27.532511, -29.242711 ], [ 28.074338, -28.851469 ], [ 28.5417, -28.647502 ], [ 28.978263, -28.955597 ] ] ] } },
{ "type": "Feature", "properties": { "name": "Lithuania", "iso3": "LTU", "name_with_flag": "🇱🇹 Lithuania", "1960": null, "1961": null, "1962": null, "1963": null, "1964": null, "1965": null, "1966": null, "1967": null, "1968": null, "1969": null, "1970": null, "1971": null, "1972": null, "1973": null, "1974": null, "1975": null, "1976": null, "1977": null, "1978": null, "1979": null, "1980": null, "1981": null, "1982": null, "1983": null, "1984": null, "1985": null, "1986": null, "1987": null, "1988": null, "1989": null, "1990": null, "1991": null, "1992": null, "1993": null, "1994": null, "1995": 2182.6915693150499, "1996": 2340.6754597000759, "1997": 2844.1628679749228, "1998": 3180.644985552552, "1999": 3127.511766671832, "2000": 3300.636349285588, "2001": 3532.5278736324221, "2002": 4148.1309148501487, "2003": 5507.4743418765238, "2004": 6734.5748706194609, "2005": 7857.0314878649178, "2006": 9210.1011822941291, "2007": 12295.1212779366, "2008": 14955.5345462921, "2009": 11854.37110530957, "2010": 11829.122609457039, "2011": 14261.843378732539, "2012": 14288.18534931385, "2013": 15636.52525860477, "2014": 16446.16471816631, "2015": 14269.803987828651, "2016": 14934.270284042839, "2017": 16800.15102460987, "2018": 19247.23153679668, "2019": 19608.794394555269, "2020": 20428.647815739409, "2021": 23870.45948517221, "2022": 25085.78406349905, "2023": 27786.005782927568, "2024": 29386.287835018658 }, "geometry": { "type": "Polygon", "coordinates": [ [ [ 22.731099, 54.327537 ], [ 22.651052, 54.582741 ], [ 22.757764, 54.856574 ], [ 22.315724, 55.015299 ], [ 21.268449, 55.190482 ], [ 21.0558, 56.031076 ], [ 22.201157, 56.337802 ], [ 23.878264, 56.273671 ], [ 24.860684, 56.372528 ], [ 25.000934, 56.164531 ], [ 25.533047, 56.100297 ], [ 26.494331, 55.615107 ], [ 26.588279, 55.167176 ], [ 25.768433, 54.846963 ], [ 25.536354, 54.282423 ], [ 24.450684, 53.905702 ], [ 23.484128, 53.912498 ], [ 23.243987, 54.220567 ], [ 22.731099, 54.327537 ] ] ] } },
{ "type": "Feature", "properties": { "name": "Luxembourg", "iso3": "LUX", "name_with_flag": "🇱🇺 Luxembourg", "1960": 2261.1774183659418, "1961": 2241.360032214227, "1962": 2331.5568580192471, "1963": 2461.9011238448702, "1964": 2779.1843974632629, "1965": 2803.8530461176529, "1966": 2925.2220472347708, "1967": 2934.5283211100682, "1968": 3202.5059485282541, "1969": 3690.1718262006179, "1970": 4298.0338974210244, "1971": 4435.3980082368089, "1972": 5486.7206278908889, "1973": 7447.2130178666412, "1974": 8966.7289587904743, "1975": 8701.3047313924872, "1976": 9490.6903118849004, "1977": 10486.335789109509, "1978": 13034.38820796141, "1979": 15204.33081919942, "1980": 16531.114898839689, "1981": 13837.12998146172, "1982": 12590.97679562039, "1983": 12374.03042344085, "1984": 12126.939198790929, "1985": 12481.96584485594, "1986": 18149.869250023919, "1987": 22443.431463301171, "1988": 25219.354278173148, "1989": 26618.06957749679, "1990": 33465.47820791899, "1991": 35747.337799206653, "1992": 39570.861566598593, "1993": 40066.724251877291, "1994": 43933.235442736011, "1995": 51032.349635317958, "1996": 50444.359123617498, "1997": 46641.640875487603, "1998": 47445.381081205123, "1999": 50872.449268462427, "2000": 48659.59887532334, "2001": 48440.142015135512, "2002": 53005.733920917868, "2003": 65689.32145369114, "2004": 76544.917086847316, "2005": 80988.137623085844, "2006": 90788.800487614484, "2007": 107475.3202979777, "2008": 120422.1379341569, "2009": 109419.7469531064, "2010": 110885.9913787211, "2011": 119025.05720346649, "2012": 112584.6762709582, "2013": 120000.14072985919, "2014": 123678.7021432748, "2015": 105462.0125844226, "2016": 106899.2935495517, "2017": 110193.2137972278, "2018": 116926.7595939048, "2019": 112696.649059674, "2020": 116860.0281723598, "2021": 134965.81544215151, "2022": 123719.6589159963, "2023": 131407.68136451321, "2024": 137516.58732436661 }, "geometry": { "type": "Polygon", "coordinates": [ [ [ 6.043073, 50.128052 ], [ 6.242751, 49.902226 ], [ 6.18632, 49.463803 ], [ 5.897759, 49.442667 ], [ 5.674052, 49.529484 ], [ 5.782417, 50.090328 ], [ 6.043073, 50.128052 ] ] ] } },
{ "type": "Feature", "properties": { "name": "Latvia", "iso3": "LVA", "name_with_flag": "🇱🇻 Latvia", "1960": null, "1961": null, "1962": null, "1963": null, "1964": null, "1965": null, "1966": null, "1967": null, "1968": null, "1969": null, "1970": null, "1971": null, "1972": null, "1973": null, "1974": null, "1975": null, "1976": null, "1977": null, "1978": null, "1979": null, "1980": null, "1981": null, "1982": null, "1983": null, "1984": null, "1985": null, "1986": null, "1987": null, "1988": null, "1989": null, "1990": null, "1991": null, "1992": null, "1993": null, "1994": null, "1995": 2256.773603870537, "1996": 2360.1714816213012, "1997": 2609.8930869719461, "1998": 2893.7999871656261, "1999": 3063.8979459970719, "2000": 3278.1789644080341, "2001": 3504.618294623966, "2002": 4003.6093578353848, "2003": 4914.5799282930202, "2004": 6109.7326518681748, "2005": 7283.7873812762173, "2006": 9211.7374468147991, "2007": 13370.978945250779, "2008": 15677.608086450569, "2009": 11996.0322729773, "2010": 11188.419170097701, "2011": 12902.574053337021, "2012": 13329.3499931271, "2013": 14484.471528213249, "2014": 15185.814581235951, "2015": 13321.975314061559, "2016": 13838.52668232723, "2017": 15132.49583339817, "2018": 17252.17104286257, "2019": 17294.975160096921, "2020": 17564.232154935431, "2021": 20261.888778891629, "2022": 20227.230743158059, "2023": 22675.57862954068, "2024": 23367.598678896069 }, "geometry": { "type": "Polygon", "coordinates": [ [ [ 21.0558, 56.031076 ], [ 21.090424, 56.783873 ], [ 21.581866, 57.411871 ], [ 22.524341, 57.753374 ], [ 23.318453, 57.006236 ], [ 24.12073, 57.025693 ], [ 24.312863, 57.793424 ], [ 25.164594, 57.970157 ], [ 25.60281, 57.847529 ], [ 26.463532, 57.476389 ], [ 27.288185, 57.474528 ], [ 27.770016, 57.244258 ], [ 27.855282, 56.759326 ], [ 28.176709, 56.16913 ], [ 27.10246, 55.783314 ], [ 26.494331, 55.615107 ], [ 25.533047, 56.100297 ], [ 25.000934, 56.164531 ], [ 24.860684, 56.372528 ], [ 23.878264, 56.273671 ], [ 22.201157, 56.337802 ], [ 21.0558, 56.031076 ] ] ] } },
{ "type": "Feature", "properties": { "name": "Morocco", "iso3": "MAR", "name_with_flag": "🇲🇦 Morocco", "1960": 174.78413391113301, "1961": 169.318435668945, "1962": 193.64781188964801, "1963": 210.63565063476599, "1964": 216.26304626464801, "1965": 221.967697143555, "1966": 210.82443237304699, "1967": 217.30430603027301, "1968": 227.12086486816401, "1969": 246.79965209960901, "1970": 260.26513671875, "1971": 279.167236328125, "1972": 317.07406616210898, "1973": 380.52780151367199, "1974": 456.592529296875, "1975": 521.83892822265602, "1976": 543.36846923828102, "1977": 610.75036621093795, "1978": 712.879638671875, "1979": 834.81213378906295, "1980": 1109.88220214844, "1981": 884.44323730468795, "1982": 856.56976318359398, "1983": 766.52960205078102, "1984": 681.90972900390602, "1985": 673.2900390625, "1986": 855.16931152343795, "1987": 937.45715332031295, "1988": 1086.03527832031, "1989": 1091.27624511719, "1990": 1229.07104492188, "1991": 1292.23376464844, "1992": 1327.02954101563, "1993": 1226.43054199219, "1994": 1358.79443359375, "1995": 1466.78820800781, "1996": 1596.83239746094, "1997": 1426.30114746094, "1998": 1668.49755859375, "1999": 1635.65673828125, "2000": 1499.107421875, "2001": 1506.24523925781, "2002": 1596.02062988281, "2003": 1941.87255859375, "2004": 2183.55541992188, "2005": 2242.98828125, "2006": 2438.12646484375, "2007": 2755.5859375, "2008": 3183.20043945313, "2009": 3119.58862304688, "2010": 3067.9853515625, "2011": 3301.98876953125, "2012": 3164.17724609375, "2013": 3379.7431640625, "2014": 3435.40698242188, "2015": 3146.24780273438, "2016": 3140.85546875, "2017": 3296.52661132813, "2018": 3501.69799804688, "2019": 3508.09765625, "2020": 3268.0302734375, "2021": 3785.93627929688, "2022": 3455.39624023438, "2023": 3771.4462890625, "2024": 3993.38745117188 }, "geometry": { "type": "Polygon", "coordinates": [ [ [ -5.193863, 35.755182 ], [ -4.591006, 35.330712 ], [ -3.640057, 35.399855 ], [ -2.604306, 35.179093 ], [ -2.169914, 35.168396 ], [ -1.792986, 34.527919 ], [ -1.733455, 33.919713 ], [ -1.388049, 32.864015 ], [ -1.124551, 32.651522 ], [ -1.307899, 32.262889 ], [ -2.616605, 32.094346 ], [ -3.06898, 31.724498 ], [ -3.647498, 31.637294 ], [ -3.690441, 30.896952 ], [ -4.859646, 30.501188 ], [ -5.242129, 30.000443 ], [ -6.060632, 29.7317 ], [ -7.059228, 29.579228 ], [ -8.674116, 28.841289 ], [ -8.66559, 27.656426 ], [ -8.817809, 27.656426 ], [ -8.817828, 27.656426 ], [ -8.794884, 27.120696 ], [ -9.413037, 27.088476 ], [ -9.735343, 26.860945 ], [ -10.189424, 26.860945 ], [ -10.551263, 26.990808 ], [ -11.392555, 26.883424 ], [ -11.71822, 26.104092 ], [ -12.030759, 26.030866 ], [ -12.500963, 24.770116 ], [ -13.89111, 23.691009 ], [ -14.221168, 22.310163 ], [ -14.630833, 21.86094 ], [ -14.750955, 21.5006 ], [ -17.002962, 21.420734 ], [ -17.020428, 21.42231 ], [ -16.973248, 21.885745 ], [ -16.589137, 22.158234 ], [ -16.261922, 22.67934 ], [ -16.326414, 23.017768 ], [ -15.982611, 23.723358 ], [ -15.426004, 24.359134 ], [ -15.089332, 24.520261 ], [ -14.824645, 25.103533 ], [ -14.800926, 25.636265 ], [ -14.43994, 26.254418 ], [ -13.773805, 26.618892 ], [ -13.139942, 27.640148 ], [ -13.121613, 27.654148 ], [ -12.618837, 28.038186 ], [ -11.688919, 28.148644 ], [ -10.900957, 28.832142 ], [ -10.399592, 29.098586 ], [ -9.564811, 29.933574 ], [ -9.814718, 31.177736 ], [ -9.434793, 32.038096 ], [ -9.300693, 32.564679 ], [ -8.657476, 33.240245 ], [ -7.654178, 33.697065 ], [ -6.912544, 34.110476 ], [ -6.244342, 35.145865 ], [ -5.929994, 35.759988 ], [ -5.193863, 35.755182 ] ] ] } },
{ "type": "Feature", "properties": { "name": "Moldova", "iso3": "MDA", "name_with_flag": "🇲🇩 Moldova", "1960": null, "1961": null, "1962": null, "1963": null, "1964": null, "1965": null, "1966": null, "1967": null, "1968": null, "1969": null, "1970": null, "1971": null, "1972": null, "1973": null, "1974": null, "1975": null, "1976": null, "1977": null, "1978": null, "1979": null, "1980": null, "1981": null, "1982": null, "1983": null, "1984": null, "1985": null, "1986": null, "1987": null, "1988": null, "1989": null, "1990": 1206.502087049774, "1991": 1037.8995033624501, "1992": 778.01766742010159, "1993": 796.98938884833638, "1994": 573.79864720130422, "1995": 593.59317704916066, "1996": 575.14545513901862, "1997": 657.2921345979496, "1998": 578.73462756219317, "1999": 399.4998185963363, "2000": 440.53868398037241, "2001": 507.4040762528191, "2002": 570.79986618829309, "2003": 682.31909596529897, "2004": 897.17849474946843, "2005": 1034.3919774699291, "2006": 1183.0248144289401, "2007": 1531.216185907477, "2008": 2110.5530535385692, "2009": 1898.4397571098809, "2010": 2436.799351024209, "2011": 2941.362240660208, "2012": 3044.808432481499, "2013": 3321.043977957193, "2014": 3289.9575856877732, "2015": 2749.55137054338, "2016": 2847.0879477047888, "2017": 3453.2672772029409, "2018": 4156.4498195664619, "2019": 4405.334181621547, "2020": 4375.778893052403, "2021": 5274.6058219535234, "2022": 5744.2961843443491, "2023": 6799.5859464457562, "2024": 7617.5161308981524 }, "geometry": { "type": "Polygon", "coordinates": [ [ [ 26.619337, 48.220726 ], [ 26.857824, 48.368211 ], [ 27.522537, 48.467119 ], [ 28.259547, 48.155562 ], [ 28.670891, 48.118149 ], [ 29.122698, 47.849095 ], [ 29.050868, 47.510227 ], [ 29.415135, 47.346645 ], [ 29.559674, 46.928583 ], [ 29.908852, 46.674361 ], [ 29.83821, 46.525326 ], [ 30.024659, 46.423937 ], [ 29.759972, 46.349988 ], [ 29.170654, 46.379262 ], [ 29.072107, 46.517678 ], [ 28.862972, 46.437889 ], [ 28.933717, 46.25883 ], [ 28.659987, 45.939987 ], [ 28.485269, 45.596907 ], [ 28.233554, 45.488283 ], [ 28.054443, 45.944586 ], [ 28.160018, 46.371563 ], [ 28.12803, 46.810476 ], [ 27.551166, 47.405117 ], [ 27.233873, 47.826771 ], [ 26.924176, 48.123264 ], [ 26.619337, 48.220726 ] ] ] } },
{ "type": "Feature", "properties": { "name": "Madagascar", "iso3": "MDG", "name_with_flag": "🇲🇬 Madagascar", "1960": 131.69201832960991, "1961": 133.2712328828253, "1962": 137.30800731643399, "1963": 137.43356353364939, "1964": 141.5346691320016, "1965": 143.24572203030499, "1966": 150.6900806927211, "1967": 155.86068836485421, "1968": 163.5884852953194, "1969": 162.9047525899627, "1970": 166.64554420651831, "1971": 174.62959414506551, "1972": 189.6402620284654, "1973": 226.81825572538239, "1974": 255.33663812060439, "1975": 294.99290576780669, "1976": 273.52267818553457, "1977": 286.89632096228053, "1978": 314.98324124942877, "1979": 396.39871193299717, "1980": 577.59270095851537, "1981": 512.91392998321294, "1982": 500.64260696544522, "1983": 476.11867134058377, "1984": 385.40818101062132, "1985": 364.46910191310548, "1986": 404.95927142296551, "1987": 290.83153107934783, "1988": 280.52839835765349, "1989": 271.3061832769821, "1990": 326.09925322197842, "1991": 262.0244023804787, "1992": 290.2120463948005, "1993": 307.88760309644141, "1994": 258.72380643450549, "1995": 273.14965394597561, "1996": 339.87728366360773, "1997": 284.37184396724422, "1998": 284.19292313985147, "1999": 267.36053099141401, "2000": 280.28290555964878, "2001": 319.28327823565752, "2002": 304.94177739844491, "2003": 352.62009584992478, "2004": 272.20074858856009, "2005": 305.81207492438801, "2006": 324.14687488260381, "2007": 419.54800143186498, "2008": 512.57980005844399, "2009": 446.31523837059223, "2010": 450.00939164572549, "2011": 506.16369155930931, "2012": 493.51116290421072, "2013": 515.30158936183193, "2014": 505.6849225034353, "2015": 445.32006948056761, "2016": 453.97071452246342, "2017": 491.86684871892879, "2018": 500.45718552915952, "2019": 499.81883762253409, "2020": 450.77161520150952, "2021": 483.46946335137062, "2022": 503.51453347287941, "2023": 508.71842770573551, "2024": 544.99730269312727 }, "geometry": { "type": "Polygon", "coordinates": [ [ [ 49.543519, -12.469833 ], [ 49.808981, -12.895285 ], [ 50.056511, -13.555761 ], [ 50.217431, -14.758789 ], [ 50.476537, -15.226512 ], [ 50.377111, -15.706069 ], [ 50.200275, -16.000263 ], [ 49.860606, -15.414253 ], [ 49.672607, -15.710204 ], [ 49.863344, -16.451037 ], [ 49.774564, -16.875042 ], [ 49.498612, -17.106036 ], [ 49.435619, -17.953064 ], [ 49.041792, -19.118781 ], [ 48.548541, -20.496888 ], [ 47.930749, -22.391501 ], [ 47.547723, -23.781959 ], [ 47.095761, -24.94163 ], [ 46.282478, -25.178463 ], [ 45.409508, -25.601434 ], [ 44.833574, -25.346101 ], [ 44.03972, -24.988345 ], [ 43.763768, -24.460677 ], [ 43.697778, -23.574116 ], [ 43.345654, -22.776904 ], [ 43.254187, -22.057413 ], [ 43.433298, -21.336475 ], [ 43.893683, -21.163307 ], [ 43.89637, -20.830459 ], [ 44.374325, -20.072366 ], [ 44.464397, -19.435454 ], [ 44.232422, -18.961995 ], [ 44.042976, -18.331387 ], [ 43.963084, -17.409945 ], [ 44.312469, -16.850496 ], [ 44.446517, -16.216219 ], [ 44.944937, -16.179374 ], [ 45.502732, -15.974373 ], [ 45.872994, -15.793454 ], [ 46.312243, -15.780018 ], [ 46.882183, -15.210182 ], [ 47.70513, -14.594303 ], [ 48.005215, -14.091233 ], [ 47.869047, -13.663869 ], [ 48.293828, -13.784068 ], [ 48.84506, -13.089175 ], [ 48.863509, -12.487868 ], [ 49.194651, -12.040557 ], [ 49.543519, -12.469833 ] ] ] } },
{ "type": "Feature", "properties": { "name": "Mexico", "iso3": "MEX", "name_with_flag": "🇲🇽 Mexico", "1960": 355.07519956301792, "1961": 373.71221699547101, "1962": 388.45670241149833, "1963": 419.55206632484891, "1964": 480.70421443774518, "1965": 505.85441949881641, "1966": 544.93585419344947, "1967": 575.7690375344182, "1968": 615.92291212884163, "1969": 659.71750685117036, "1970": 699.00684548502875, "1971": 747.9123610032542, "1972": 836.56967344613849, "1973": 993.04287954842562, "1974": 1256.1028060132919, "1975": 1491.9704861111111, "1976": 1465.4987786247391, "1977": 1314.620444816446, "1978": 1604.409204524824, "1979": 2049.2646887181631, "1980": 3054.6216229178408, "1981": 3829.1443754412849, "1982": 2620.9579339294728, "1983": 2169.852852792229, "1984": 2506.307427547546, "1985": 2601.708252266837, "1986": 1756.9356336749081, "1987": 1888.2631431041, "1988": 2278.8122272099222, "1989": 2725.0557227544159, "1990": 3154.4692034903801, "1991": 3708.8420548156969, "1992": 4220.5664367705722, "1993": 6048.3484038809929, "1994": 6202.3658837286248, "1995": 4183.8784772747931, "1996": 4674.3679273368134, "1997": 5567.3559951666748, "1998": 5832.6934200446758, "1999": 6499.9718295042539, "2000": 7524.0271380090981, "2001": 7952.7647951070603, "2002": 7983.0339838175923, "2003": 7434.0746503156206, "2004": 7849.6675964956539, "2005": 8671.7589188516267, "2006": 9512.6357534669914, "2007": 10134.33271297061, "2008": 10523.76854276652, "2009": 8423.5693321471117, "2010": 9728.8007823778153, "2011": 10664.494404628191, "2012": 10744.13352296861, "2013": 11216.80085186601, "2014": 11391.377351024399, "2015": 10021.238612403889, "2016": 9097.9239767476884, "2017": 9649.2781677240237, "2018": 10084.793755367849, "2019": 10369.555358527139, "2020": 8841.2707511328044, "2021": 10314.050672597919, "2022": 11402.14103747819, "2023": 13826.130657012191, "2024": 14157.94458358486 }, "geometry": { "type": "Polygon", "coordinates": [ [ [ -97.140008, 25.869997 ], [ -97.528072, 24.992144 ], [ -97.702946, 24.272343 ], [ -97.776042, 22.93258 ], [ -97.872367, 22.444212 ], [ -97.699044, 21.898689 ], [ -97.38896, 21.411019 ], [ -97.189333, 20.635433 ], [ -96.525576, 19.890931 ], [ -96.292127, 19.320371 ], [ -95.900885, 18.828024 ], [ -94.839063, 18.562717 ], [ -94.42573, 18.144371 ], [ -93.548651, 18.423837 ], [ -92.786114, 18.524839 ], [ -92.037348, 18.704569 ], [ -91.407903, 18.876083 ], [ -90.77187, 19.28412 ], [ -90.53359, 19.867418 ], [ -90.451476, 20.707522 ], [ -90.278618, 20.999855 ], [ -89.601321, 21.261726 ], [ -88.543866, 21.493675 ], [ -87.658417, 21.458846 ], [ -87.05189, 21.543543 ], [ -86.811982, 21.331515 ], [ -86.845908, 20.849865 ], [ -87.383291, 20.255405 ], [ -87.621054, 19.646553 ], [ -87.43675, 19.472403 ], [ -87.58656, 19.04013 ], [ -87.837191, 18.259816 ], [ -88.090664, 18.516648 ], [ -88.300031, 18.499982 ], [ -88.490123, 18.486831 ], [ -88.848344, 17.883198 ], [ -89.029857, 18.001511 ], [ -89.150909, 17.955468 ], [ -89.14308, 17.808319 ], [ -90.067934, 17.819326 ], [ -91.00152, 17.817595 ], [ -91.002269, 17.254658 ], [ -91.453921, 17.252177 ], [ -91.08167, 16.918477 ], [ -90.711822, 16.687483 ], [ -90.600847, 16.470778 ], [ -90.438867, 16.41011 ], [ -90.464473, 16.069562 ], [ -91.74796, 16.066565 ], [ -92.229249, 15.251447 ], [ -92.087216, 15.064585 ], [ -92.20323, 14.830103 ], [ -92.22775, 14.538829 ], [ -93.359464, 15.61543 ], [ -93.875169, 15.940164 ], [ -94.691656, 16.200975 ], [ -95.250227, 16.128318 ], [ -96.053382, 15.752088 ], [ -96.557434, 15.653515 ], [ -97.263592, 15.917065 ], [ -98.01303, 16.107312 ], [ -98.947676, 16.566043 ], [ -99.697397, 16.706164 ], [ -100.829499, 17.171071 ], [ -101.666089, 17.649026 ], [ -101.918528, 17.91609 ], [ -102.478132, 17.975751 ], [ -103.50099, 18.292295 ], [ -103.917527, 18.748572 ], [ -104.99201, 19.316134 ], [ -105.493038, 19.946767 ], [ -105.731396, 20.434102 ], [ -105.397773, 20.531719 ], [ -105.500661, 20.816895 ], [ -105.270752, 21.076285 ], [ -105.265817, 21.422104 ], [ -105.603161, 21.871146 ], [ -105.693414, 22.26908 ], [ -106.028716, 22.773752 ], [ -106.90998, 23.767774 ], [ -107.915449, 24.548915 ], [ -108.401905, 25.172314 ], [ -109.260199, 25.580609 ], [ -109.444089, 25.824884 ], [ -109.291644, 26.442934 ], [ -109.801458, 26.676176 ], [ -110.391732, 27.162115 ], [ -110.641019, 27.859876 ], [ -111.178919, 27.941241 ], [ -111.759607, 28.467953 ], [ -112.228235, 28.954409 ], [ -112.271824, 29.266844 ], [ -112.809594, 30.021114 ], [ -113.163811, 30.786881 ], [ -113.148669, 31.170966 ], [ -113.871881, 31.567608 ], [ -114.205737, 31.524045 ], [ -114.776451, 31.799532 ], [ -114.9367, 31.393485 ], [ -114.771232, 30.913617 ], [ -114.673899, 30.162681 ], [ -114.330974, 29.750432 ], [ -113.588875, 29.061611 ], [ -113.424053, 28.826174 ], [ -113.271969, 28.754783 ], [ -113.140039, 28.411289 ], [ -112.962298, 28.42519 ], [ -112.761587, 27.780217 ], [ -112.457911, 27.525814 ], [ -112.244952, 27.171727 ], [ -111.616489, 26.662817 ], [ -111.284675, 25.73259 ], [ -110.987819, 25.294606 ], [ -110.710007, 24.826004 ], [ -110.655049, 24.298595 ], [ -110.172856, 24.265548 ], [ -109.771847, 23.811183 ], [ -109.409104, 23.364672 ], [ -109.433392, 23.185588 ], [ -109.854219, 22.818272 ], [ -110.031392, 22.823078 ], [ -110.295071, 23.430973 ], [ -110.949501, 24.000964 ], [ -111.670568, 24.484423 ], [ -112.182036, 24.738413 ], [ -112.148989, 25.470125 ], [ -112.300711, 26.012004 ], [ -112.777297, 26.32196 ], [ -113.464671, 26.768186 ], [ -113.59673, 26.63946 ], [ -113.848937, 26.900064 ], [ -114.465747, 27.14209 ], [ -115.055142, 27.722727 ], [ -114.982253, 27.7982 ], [ -114.570366, 27.741485 ], [ -114.199329, 28.115003 ], [ -114.162018, 28.566112 ], [ -114.931842, 29.279479 ], [ -115.518654, 29.556362 ], [ -115.887365, 30.180794 ], [ -116.25835, 30.836464 ], [ -116.721526, 31.635744 ], [ -117.12776, 32.53534 ], [ -115.99135, 32.61239 ], [ -114.72139, 32.72083 ], [ -114.815, 32.52528 ], [ -113.30498, 32.03914 ], [ -111.02361, 31.33472 ], [ -109.035, 31.34194 ], [ -108.24194, 31.34222 ], [ -108.24, 31.754854 ], [ -106.50759, 31.75452 ], [ -106.1429, 31.39995 ], [ -105.63159, 31.08383 ], [ -105.03737, 30.64402 ], [ -104.70575, 30.12173 ], [ -104.45697, 29.57196 ], [ -103.94, 29.27 ], [ -103.11, 28.97 ], [ -102.48, 29.76 ], [ -101.6624, 29.7793 ], [ -100.9576, 29.38071 ], [ -100.45584, 28.69612 ], [ -100.11, 28.11 ], [ -99.52, 27.54 ], [ -99.3, 26.84 ], [ -99.02, 26.37 ], [ -98.24, 26.06 ], [ -97.53, 25.84 ], [ -97.140008, 25.869997 ] ] ] } },
{ "type": "Feature", "properties": { "name": "Macedonia", "iso3": "MKD", "name_with_flag": "🇲🇰 Macedonia", "1960": null, "1961": null, "1962": null, "1963": null, "1964": null, "1965": null, "1966": null, "1967": null, "1968": null, "1969": null, "1970": null, "1971": null, "1972": null, "1973": null, "1974": null, "1975": null, "1976": null, "1977": null, "1978": null, "1979": null, "1980": null, "1981": null, "1982": null, "1983": null, "1984": null, "1985": null, "1986": null, "1987": null, "1988": null, "1989": null, "1990": 2277.303723143139, "1991": 2402.1351765637851, "1992": 1198.928298462569, "1993": 1336.6477564146289, "1994": 1786.3548833491379, "1995": 2355.2470537113818, "1996": 2306.533669576349, "1997": 1959.560737821876, "1998": 1875.816627359884, "1999": 1915.3928106099579, "2000": 1861.8989978064401, "2001": 1823.0226768263631, "2002": 1989.1353726515899, "2003": 2445.362864000133, "2004": 2818.5814561241959, "2005": 3120.9840139423309, "2006": 3440.441105796795, "2007": 4204.1132876045194, "2008": 5026.4202989872974, "2009": 4799.7872276888802, "2010": 4833.3658675996794, "2011": 5416.8667293165936, "2012": 5049.8265386156972, "2013": 5626.261156648935, "2014": 5925.3859221801476, "2015": 5262.6867192867439, "2016": 5598.4862261796734, "2017": 5955.2973863450961, "2018": 6713.9892539898856, "2019": 6718.8582663545758, "2020": 6659.5965107077564, "2021": 7620.8029697750817, "2022": 7606.2375253797018, "2023": 8624.2840023211666, "2024": 9310.0279001525632 }, "geometry": { "type": "Polygon", "coordinates": [ [ [ 20.59023, 41.85541 ], [ 20.71731, 41.84711 ], [ 20.76216, 42.05186 ], [ 21.3527, 42.2068 ], [ 21.576636, 42.245224 ], [ 21.91708, 42.30364 ], [ 22.380526, 42.32026 ], [ 22.881374, 41.999297 ], [ 22.952377, 41.337994 ], [ 22.76177, 41.3048 ], [ 22.597308, 41.130487 ], [ 22.055378, 41.149866 ], [ 21.674161, 40.931275 ], [ 21.02004, 40.842727 ], [ 20.60518, 41.08622 ], [ 20.46315, 41.51509 ], [ 20.59023, 41.85541 ] ] ] } },
{ "type": "Feature", "properties": { "name": "Mali", "iso3": "MLI", "name_with_flag": "🇲🇱 Mali", "1960": null, "1961": null, "1962": null, "1963": null, "1964": null, "1965": null, "1966": null, "1967": 45.98544487029136, "1968": 56.513753046633092, "1969": 55.022685951412463, "1970": 57.320787076274371, "1971": 61.966462690906972, "1972": 75.052104338701099, "1973": 85.444087650661444, "1974": 80.225221408711619, "1975": 121.4975726654217, "1976": 134.92757516547459, "1977": 148.0526945728071, "1978": 169.1233190712787, "1979": 216.32073414631091, "1980": 233.67474686657329, "1981": 200.05449592075809, "1982": 169.68464455196471, "1983": 161.52610349282159, "1984": 150.2000650869611, "1985": 166.2390532009407, "1986": 217.10272133389361, "1987": 240.82369449263101, "1988": 245.53334676560161, "1989": 242.42632663457431, "1990": 292.18453209160867, "1991": 290.94991398617162, "1992": 296.29575823517371, "1993": 288.91265119362521, "1994": 208.87328410501399, "1995": 265.71705161218722, "1996": 267.161312421177, "1997": 253.33274692432559, "1998": 267.4425740371409, "1999": 306.45742671777822, "2000": 256.19955497824151, "2001": 291.15949791134688, "2002": 318.04243203922232, "2003": 371.62701638975881, "2004": 542.88734764086269, "2005": 591.63039347370545, "2006": 633.22194673743161, "2007": 711.67546321507825, "2008": 820.71570560184136, "2009": 815.78868795173037, "2010": 827.61766008271547, "2011": 941.57494470663914, "2012": 878.21717534485754, "2013": 903.19045251237799, "2014": 940.24326003795204, "2015": 838.11986940102952, "2016": 872.46858717165321, "2017": 924.05753169228365, "2018": 996.3792921369012, "2019": 971.94931863809165, "2020": 953.24294329097438, "2021": 1027.273453653569, "2022": 969.72220560562039, "2023": 1035.8624262841149, "2024": 1086.1762176779041 }, "geometry": { "type": "Polygon", "coordinates": [ [ [ -12.17075, 14.616834 ], [ -11.834208, 14.799097 ], [ -11.666078, 15.388208 ], [ -11.349095, 15.411256 ], [ -10.650791, 15.132746 ], [ -10.086846, 15.330486 ], [ -9.700255, 15.264107 ], [ -9.550238, 15.486497 ], [ -5.537744, 15.50169 ], [ -5.315277, 16.201854 ], [ -5.488523, 16.325102 ], [ -5.971129, 20.640833 ], [ -6.453787, 24.956591 ], [ -4.923337, 24.974574 ], [ -1.550055, 22.792666 ], [ 1.823228, 20.610809 ], [ 2.060991, 20.142233 ], [ 2.683588, 19.85623 ], [ 3.146661, 19.693579 ], [ 3.158133, 19.057364 ], [ 4.267419, 19.155265 ], [ 4.27021, 16.852227 ], [ 3.723422, 16.184284 ], [ 3.638259, 15.56812 ], [ 2.749993, 15.409525 ], [ 1.385528, 15.323561 ], [ 1.015783, 14.968182 ], [ 0.374892, 14.928908 ], [ -0.266257, 14.924309 ], [ -0.515854, 15.116158 ], [ -1.066363, 14.973815 ], [ -2.001035, 14.559008 ], [ -2.191825, 14.246418 ], [ -2.967694, 13.79815 ], [ -3.103707, 13.541267 ], [ -3.522803, 13.337662 ], [ -4.006391, 13.472485 ], [ -4.280405, 13.228444 ], [ -4.427166, 12.542646 ], [ -5.220942, 11.713859 ], [ -5.197843, 11.375146 ], [ -5.470565, 10.95127 ], [ -5.404342, 10.370737 ], [ -5.816926, 10.222555 ], [ -6.050452, 10.096361 ], [ -6.205223, 10.524061 ], [ -6.493965, 10.411303 ], [ -6.666461, 10.430811 ], [ -6.850507, 10.138994 ], [ -7.622759, 10.147236 ], [ -7.89959, 10.297382 ], [ -8.029944, 10.206535 ], [ -8.335377, 10.494812 ], [ -8.282357, 10.792597 ], [ -8.407311, 10.909257 ], [ -8.620321, 10.810891 ], [ -8.581305, 11.136246 ], [ -8.376305, 11.393646 ], [ -8.786099, 11.812561 ], [ -8.905265, 12.088358 ], [ -9.127474, 12.30806 ], [ -9.327616, 12.334286 ], [ -9.567912, 12.194243 ], [ -9.890993, 12.060479 ], [ -10.165214, 11.844084 ], [ -10.593224, 11.923975 ], [ -10.87083, 12.177887 ], [ -11.036556, 12.211245 ], [ -11.297574, 12.077971 ], [ -11.456169, 12.076834 ], [ -11.513943, 12.442988 ], [ -11.467899, 12.754519 ], [ -11.553398, 13.141214 ], [ -11.927716, 13.422075 ], [ -12.124887, 13.994727 ], [ -12.17075, 14.616834 ] ] ] } },
{ "type": "Feature", "properties": { "name": "Malta", "iso3": "MLT", "name_with_flag": "🇲🇹 Malta", "1960": null, "1961": null, "1962": null, "1963": null, "1964": null, "1965": null, "1966": null, "1967": null, "1968": null, "1969": null, "1970": 828.44472588263045, "1971": 874.06172702410061, "1972": 975.72037804378601, "1973": 1143.6667964346741, "1974": 1245.3182302860589, "1975": 1560.105191151071, "1976": 1726.5594484530261, "1977": 2037.8641908694981, "1978": 2558.7345546842789, "1979": 3195.5143161151632, "1980": 3948.265726895037, "1981": 3898.3685399786391, "1982": 3787.91647703123, "1983": 3526.9139513935411, "1984": 3332.8201838792161, "1985": 3322.308796328577, "1986": 4194.5348023629558, "1987": 5083.8017930801279, "1988": 5814.4477594009304, "1989": 6040.840542299864, "1990": 7192.389946939621, "1991": 7558.7592158316411, "1992": 8220.3340392466562, "1993": 7296.351111274892, "1994": 8000.3453286604044, "1995": 9828.2283008566192, "1996": 10061.69896567933, "1997": 9893.3117652318924, "1998": 10408.0648734109, "1999": 10609.198264016941, "2000": 10348.48601630005, "2001": 10357.70264072695, "2002": 11251.20248773984, "2003": 13593.978718290169, "2004": 15212.131296488329, "2005": 15831.34398027558, "2006": 16653.603831238848, "2007": 19444.174363556449, "2008": 22315.310481261091, "2009": 21176.321666501772, "2010": 21946.607018824168, "2011": 23516.969128276171, "2012": 22878.313125765639, "2013": 25415.556680694172, "2014": 27424.576536927801, "2015": 25529.681313156449, "2016": 26459.077205481099, "2017": 30317.24433579385, "2018": 33382.267750263753, "2019": 32421.917975318789, "2020": 31833.596382463969, "2021": 38065.354346575041, "2022": 36224.281995581667, "2023": 40182.431385463373, "2024": 42347.307386017339 }, "geometry": { "type": "MultiPolygon", "coordinates": [ [ [ [ 14.566171, 35.852721 ], [ 14.532684, 35.820191 ], [ 14.436463, 35.821664 ], [ 14.352334, 35.872281 ], [ 14.3513, 35.978399 ], [ 14.448348, 35.957444 ], [ 14.537025, 35.886285 ], [ 14.566171, 35.852721 ] ] ], [ [ [ 14.313473, 36.027569 ], [ 14.253632, 36.012143 ], [ 14.194204, 36.042245 ], [ 14.180354, 36.060383 ], [ 14.263243, 36.075809 ], [ 14.303758, 36.062295 ], [ 14.320914, 36.03625 ], [ 14.313473, 36.027569 ] ] ] ] } },
{ "type": "Feature", "properties": { "name": "Myanmar", "iso3": "MMR", "name_with_flag": "🇲🇲 Myanmar", "1960": 25.084775722362249, "1961": 27.265454122387261, "1962": 27.947003969543079, "1963": 25.803984435399709, "1964": 17.332200623643459, "1965": 15.117863232648389, "1966": 11.8013216738981, "1967": 16.5453805372426, "1968": 21.545341000726449, "1969": 21.510318052793679, "1970": 20.72427827680259, "1971": 21.125751751326622, "1972": 23.294130274494371, "1973": 24.796562884743508, "1974": 41.4076276435663, "1975": 35.163291569876037, "1976": 39.166008371582279, "1977": 27.860086719379051, "1978": 29.256231104415129, "1979": 29.213675785884782, "1980": 31.246239288109329, "1981": 32.812779044358138, "1982": 42.953541490186161, "1983": 39.290868616126481, "1984": 36.325576844363638, "1985": 40.382141260366289, "1986": 42.41937358928741, "1987": 41.147813722460207, "1988": 39.923608887800391, "1989": 51.34432850346149, "1990": 53.12254010945059, "1991": 51.2408970610106, "1992": 58.889673955888327, "1993": 76.21288948259803, "1994": 105.391561114159, "1995": 124.14348039050969, "1996": 141.8972675803673, "1997": 108.0397702920324, "1998": 145.95083038375691, "1999": 189.49015584906661, "2000": 196.61958062528419, "2001": 141.525660705722, "2002": 146.59839036444859, "2003": 224.29268891240929, "2004": 224.50881141332741, "2005": 252.68519306072841, "2006": 303.49508711925381, "2007": 419.37578072504238, "2008": 658.44248722970519, "2009": 758.4429357892551, "2010": 1010.534173434015, "2011": 1213.62898703376, "2012": 1202.6658960055011, "2013": 1199.095615970549, "2014": 1293.0004229868821, "2015": 1166.7330554633679, "2016": 1229.197135158932, "2017": 1272.8224183060329, "2018": 1298.213103207846, "2019": 1425.989542119029, "2020": 1490.2168354836731, "2021": 1242.7213441959871, "2022": 1158.050050343317, "2023": 1233.196662092691, "2024": 1359.259613941352 }, "geometry": { "type": "Polygon", "coordinates": [ [ [ 99.543309, 20.186598 ], [ 98.959676, 19.752981 ], [ 98.253724, 19.708203 ], [ 97.797783, 18.62708 ], [ 97.375896, 18.445438 ], [ 97.859123, 17.567946 ], [ 98.493761, 16.837836 ], [ 98.903348, 16.177824 ], [ 98.537376, 15.308497 ], [ 98.192074, 15.123703 ], [ 98.430819, 14.622028 ], [ 99.097755, 13.827503 ], [ 99.212012, 13.269294 ], [ 99.196354, 12.804748 ], [ 99.587286, 11.892763 ], [ 99.038121, 10.960546 ], [ 98.553551, 9.93296 ], [ 98.457174, 10.675266 ], [ 98.764546, 11.441292 ], [ 98.428339, 12.032987 ], [ 98.509574, 13.122378 ], [ 98.103604, 13.64046 ], [ 97.777732, 14.837286 ], [ 97.597072, 16.100568 ], [ 97.16454, 16.928734 ], [ 96.505769, 16.427241 ], [ 95.369352, 15.71439 ], [ 94.808405, 15.803454 ], [ 94.188804, 16.037936 ], [ 94.533486, 17.27724 ], [ 94.324817, 18.213514 ], [ 93.540988, 19.366493 ], [ 93.663255, 19.726962 ], [ 93.078278, 19.855145 ], [ 92.368554, 20.670883 ], [ 92.303234, 21.475485 ], [ 92.652257, 21.324048 ], [ 92.672721, 22.041239 ], [ 93.166128, 22.27846 ], [ 93.060294, 22.703111 ], [ 93.286327, 23.043658 ], [ 93.325188, 24.078556 ], [ 94.106742, 23.850741 ], [ 94.552658, 24.675238 ], [ 94.603249, 25.162495 ], [ 95.155153, 26.001307 ], [ 95.124768, 26.573572 ], [ 96.419366, 27.264589 ], [ 97.133999, 27.083774 ], [ 97.051989, 27.699059 ], [ 97.402561, 27.882536 ], [ 97.327114, 28.261583 ], [ 97.911988, 28.335945 ], [ 98.246231, 27.747221 ], [ 98.68269, 27.508812 ], [ 98.712094, 26.743536 ], [ 98.671838, 25.918703 ], [ 97.724609, 25.083637 ], [ 97.60472, 23.897405 ], [ 98.660262, 24.063286 ], [ 98.898749, 23.142722 ], [ 99.531992, 22.949039 ], [ 99.240899, 22.118314 ], [ 99.983489, 21.742937 ], [ 100.416538, 21.558839 ], [ 101.150033, 21.849984 ], [ 101.180005, 21.436573 ], [ 100.329101, 20.786122 ], [ 100.115988, 20.41785 ], [ 99.543309, 20.186598 ] ] ] } },
{ "type": "Feature", "properties": { "name": "Montenegro", "iso3": "MNE", "name_with_flag": "🇲🇪 Montenegro", "1960": null, "1961": null, "1962": null, "1963": null, "1964": null, "1965": null, "1966": null, "1967": null, "1968": null, "1969": null, "1970": null, "1971": null, "1972": null, "1973": null, "1974": null, "1975": null, "1976": null, "1977": null, "1978": null, "1979": null, "1980": null, "1981": null, "1982": null, "1983": null, "1984": null, "1985": null, "1986": null, "1987": null, "1988": null, "1989": null, "1990": null, "1991": null, "1992": null, "1993": null, "1994": null, "1995": null, "1996": null, "1997": 1375.326168134422, "1998": 1405.8163266985359, "1999": 1367.90257335097, "2000": 1627.065119119869, "2001": 1909.5987018617891, "2002": 2106.635068452299, "2003": 2789.1590648350862, "2004": 3380.165121358591, "2005": 3674.6179242796979, "2006": 4425.6788730780308, "2007": 5976.3941445459586, "2008": 7367.7519091088161, "2009": 6727.1077667696864, "2010": 6688.402596413458, "2011": 7325.6468924471492, "2012": 6577.7403322927294, "2013": 7172.9290852114318, "2014": 7364.9659010154874, "2015": 6491.1928061864592, "2016": 6999.1358134109041, "2017": 7758.369219560338, "2018": 8790.8815211667861, "2019": 8842.4852870686882, "2020": 7612.6284588129074, "2021": 9377.4887971498938, "2022": 9990.2044461699625, "2023": 12077.37470946875, "2024": 12935.452271212631 }, "geometry": { "type": "Polygon", "coordinates": [ [ [ 19.801613, 42.500093 ], [ 19.738051, 42.688247 ], [ 19.30449, 42.19574 ], [ 19.37177, 41.87755 ], [ 19.16246, 41.95502 ], [ 18.88214, 42.28151 ], [ 18.45, 42.48 ], [ 18.56, 42.65 ], [ 18.70648, 43.20011 ], [ 19.03165, 43.43253 ], [ 19.21852, 43.52384 ], [ 19.48389, 43.35229 ], [ 19.63, 43.21378 ], [ 19.95857, 43.10604 ], [ 20.3398, 42.89852 ], [ 20.25758, 42.81275 ], [ 20.0707, 42.58863 ], [ 19.801613, 42.500093 ] ] ] } },
{ "type": "Feature", "properties": { "name": "Mongolia", "iso3": "MNG", "name_with_flag": "🇲🇳 Mongolia", "1960": null, "1961": null, "1962": null, "1963": null, "1964": null, "1965": null, "1966": null, "1967": null, "1968": null, "1969": null, "1970": null, "1971": null, "1972": null, "1973": null, "1974": null, "1975": null, "1976": null, "1977": null, "1978": null, "1979": null, "1980": 1235.144224976269, "1981": 1325.4668053661319, "1982": 1429.625518008279, "1983": 1490.2129763474629, "1984": 1119.713884660754, "1985": 1137.9076473031159, "1986": 1469.421763789142, "1987": 1493.2823808582159, "1988": 1543.335555210929, "1989": 1683.9243286248609, "1990": 1220.171276641365, "1991": 1098.680174455485, "1992": 607.81342466279727, "1993": 354.89861308770048, "1994": 422.86434938304137, "1995": 652.67456284915045, "1996": 595.58101495539995, "1997": 515.29800494731558, "1998": 483.8780660748705, "1999": 448.66036833753333, "2000": 476.02755082717039, "2001": 524.45348355248495, "2002": 570.24921324839886, "2003": 643.16806892165766, "2004": 794.1545520018152, "2005": 994.90010913240963, "2006": 1329.8917957905271, "2007": 1627.6878774335901, "2008": 2127.426785947373, "2009": 1703.3275679001899, "2010": 2625.2188140243311, "2011": 3736.0420145507728, "2012": 4328.8900190565537, "2013": 4340.1431054444938, "2014": 4126.2397580052384, "2015": 3838.9212698998431, "2016": 3619.900263837922, "2017": 3645.9670866955139, "2018": 4107.6428852846784, "2019": 4347.5461031487303, "2020": 4001.2519307770281, "2021": 4517.6157801878499, "2022": 4993.5148746349541, "2023": 5838.6310808390244, "2024": 6691.4820983422806 }, "geometry": { "type": "Polygon", "coordinates": [ [ [ 87.751264, 49.297198 ], [ 88.805567, 49.470521 ], [ 90.713667, 50.331812 ], [ 92.234712, 50.802171 ], [ 93.104219, 50.49529 ], [ 94.147566, 50.480537 ], [ 94.815949, 50.013433 ], [ 95.814028, 49.977467 ], [ 97.259728, 49.726061 ], [ 98.231762, 50.422401 ], [ 97.82574, 51.010995 ], [ 98.861491, 52.047366 ], [ 99.981732, 51.634006 ], [ 100.88948, 51.516856 ], [ 102.065223, 51.259921 ], [ 102.255909, 50.510561 ], [ 103.676545, 50.089966 ], [ 104.621552, 50.275329 ], [ 105.886591, 50.406019 ], [ 106.888804, 50.274296 ], [ 107.868176, 49.793705 ], [ 108.475167, 49.282548 ], [ 109.402449, 49.292961 ], [ 110.662011, 49.130128 ], [ 111.581231, 49.377968 ], [ 112.89774, 49.543565 ], [ 114.362456, 50.248303 ], [ 114.96211, 50.140247 ], [ 115.485695, 49.805177 ], [ 116.678801, 49.888531 ], [ 116.191802, 49.134598 ], [ 115.485282, 48.135383 ], [ 115.742837, 47.726545 ], [ 116.308953, 47.85341 ], [ 117.295507, 47.697709 ], [ 118.064143, 48.06673 ], [ 118.866574, 47.74706 ], [ 119.772824, 47.048059 ], [ 119.66327, 46.69268 ], [ 118.874326, 46.805412 ], [ 117.421701, 46.672733 ], [ 116.717868, 46.388202 ], [ 115.985096, 45.727235 ], [ 114.460332, 45.339817 ], [ 113.463907, 44.808893 ], [ 112.436062, 45.011646 ], [ 111.873306, 45.102079 ], [ 111.348377, 44.457442 ], [ 111.667737, 44.073176 ], [ 111.829588, 43.743118 ], [ 111.129682, 43.406834 ], [ 110.412103, 42.871234 ], [ 109.243596, 42.519446 ], [ 107.744773, 42.481516 ], [ 106.129316, 42.134328 ], [ 104.964994, 41.59741 ], [ 104.522282, 41.908347 ], [ 103.312278, 41.907468 ], [ 101.83304, 42.514873 ], [ 100.845866, 42.663804 ], [ 99.515817, 42.524691 ], [ 97.451757, 42.74889 ], [ 96.349396, 42.725635 ], [ 95.762455, 43.319449 ], [ 95.306875, 44.241331 ], [ 94.688929, 44.352332 ], [ 93.480734, 44.975472 ], [ 92.133891, 45.115076 ], [ 90.94554, 45.286073 ], [ 90.585768, 45.719716 ], [ 90.970809, 46.888146 ], [ 90.280826, 47.693549 ], [ 88.854298, 48.069082 ], [ 88.013832, 48.599463 ], [ 87.751264, 49.297198 ] ] ] } },
{ "type": "Feature", "properties": { "name": "Mozambique", "iso3": "MOZ", "name_with_flag": "🇲🇿 Mozambique", "1960": null, "1961": null, "1962": null, "1963": null, "1964": null, "1965": null, "1966": null, "1967": null, "1968": null, "1969": null, "1970": null, "1971": null, "1972": null, "1973": null, "1974": null, "1975": null, "1976": null, "1977": null, "1978": null, "1979": null, "1980": null, "1981": null, "1982": null, "1983": null, "1984": null, "1985": null, "1986": null, "1987": null, "1988": null, "1989": null, "1990": null, "1991": 288.70809248444442, "1992": 205.58521606209391, "1993": 205.18984420869859, "1994": 196.76314317564581, "1995": 191.82609686140611, "1996": 244.36265101249791, "1997": 287.53209147538882, "1998": 320.12512172329178, "1999": 354.40624572371092, "2000": 327.12623979156967, "2001": 304.7921386219133, "2002": 313.88666172119798, "2003": 339.4887378006477, "2004": 400.05697316154482, "2005": 436.77385616738422, "2006": 457.48764783318262, "2007": 507.87492391430419, "2008": 592.15911118412157, "2009": 547.69714419365107, "2010": 496.18583939265932, "2011": 618.17649286789026, "2012": 685.68574819951277, "2013": 686.50567251735094, "2014": 697.14268044412256, "2015": 610.56377470658924, "2016": 441.48973481907149, "2017": 470.93856305196022, "2018": 517.5072602581007, "2019": 519.09255091361956, "2020": 462.43387647992148, "2021": 509.90782947555152, "2022": 578.25166375135097, "2023": 622.98561932059567, "2024": 647.28579950206984 }, "geometry": { "type": "Polygon", "coordinates": [ [ [ 34.559989, -11.52002 ], [ 35.312398, -11.439146 ], [ 36.514082, -11.720938 ], [ 36.775151, -11.594537 ], [ 37.471284, -11.568751 ], [ 37.827645, -11.268769 ], [ 38.427557, -11.285202 ], [ 39.52103, -10.896854 ], [ 40.316589, -10.317096 ], [ 40.478387, -10.765441 ], [ 40.437253, -11.761711 ], [ 40.560811, -12.639177 ], [ 40.59962, -14.201975 ], [ 40.775475, -14.691764 ], [ 40.477251, -15.406294 ], [ 40.089264, -16.100774 ], [ 39.452559, -16.720891 ], [ 38.538351, -17.101023 ], [ 37.411133, -17.586368 ], [ 36.281279, -18.659688 ], [ 35.896497, -18.84226 ], [ 35.1984, -19.552811 ], [ 34.786383, -19.784012 ], [ 34.701893, -20.497043 ], [ 35.176127, -21.254361 ], [ 35.373428, -21.840837 ], [ 35.385848, -22.14 ], [ 35.562546, -22.09 ], [ 35.533935, -23.070788 ], [ 35.371774, -23.535359 ], [ 35.60747, -23.706563 ], [ 35.458746, -24.12261 ], [ 35.040735, -24.478351 ], [ 34.215824, -24.816314 ], [ 33.01321, -25.357573 ], [ 32.574632, -25.727318 ], [ 32.660363, -26.148584 ], [ 32.915955, -26.215867 ], [ 32.83012, -26.742192 ], [ 32.071665, -26.73382 ], [ 31.985779, -26.29178 ], [ 31.837778, -25.843332 ], [ 31.752408, -25.484284 ], [ 31.930589, -24.369417 ], [ 31.670398, -23.658969 ], [ 31.191409, -22.25151 ], [ 32.244988, -21.116489 ], [ 32.508693, -20.395292 ], [ 32.659743, -20.30429 ], [ 32.772708, -19.715592 ], [ 32.611994, -19.419383 ], [ 32.654886, -18.67209 ], [ 32.849861, -17.979057 ], [ 32.847639, -16.713398 ], [ 32.328239, -16.392074 ], [ 31.852041, -16.319417 ], [ 31.636498, -16.07199 ], [ 31.173064, -15.860944 ], [ 30.338955, -15.880839 ], [ 30.274256, -15.507787 ], [ 30.179481, -14.796099 ], [ 33.214025, -13.97186 ], [ 33.7897, -14.451831 ], [ 34.064825, -14.35995 ], [ 34.459633, -14.61301 ], [ 34.517666, -15.013709 ], [ 34.307291, -15.478641 ], [ 34.381292, -16.18356 ], [ 35.03381, -16.8013 ], [ 35.339063, -16.10744 ], [ 35.771905, -15.896859 ], [ 35.686845, -14.611046 ], [ 35.267956, -13.887834 ], [ 34.907151, -13.565425 ], [ 34.559989, -13.579998 ], [ 34.280006, -12.280025 ], [ 34.559989, -11.52002 ] ] ] } },
{ "type": "Feature", "properties": { "name": "Mauritania", "iso3": "MRT", "name_with_flag": "🇲🇷 Mauritania", "1960": null, "1961": 188.1584015977393, "1962": 188.9951466127693, "1963": 188.24934804798701, "1964": 244.29459969752429, "1965": 269.96216582314048, "1966": 273.60436273191158, "1967": 281.53337744675571, "1968": 300.94152952866028, "1969": 276.59826771185828, "1970": 281.32717587162603, "1971": 295.99392702133122, "1972": 335.23154288785997, "1973": 409.72113878531081, "1974": 494.28840829033658, "1975": 550.66258324178034, "1976": 589.23766765890298, "1977": 590.22669841321738, "1978": 577.74277747683186, "1979": 664.38361904277781, "1980": 710.91895253053383, "1981": 728.79652182209475, "1982": 710.21886884238961, "1983": 725.17452251066823, "1984": 649.68118650967335, "1985": 593.21965442130227, "1986": 677.36332387890127, "1987": 745.78717896250703, "1988": 762.42391801684551, "1989": 762.27558063747483, "1990": 772.0330921402192, "1991": 1061.6770428526361, "1992": 1036.474378085765, "1993": 849.6203016966615, "1994": 864.59947836545257, "1995": 904.71917007104241, "1996": 904.12087979814237, "1997": 859.28395817575961, "1998": 821.26637855193735, "1999": 781.33703356319734, "2000": 680.91106187977812, "2001": 651.81784019977681, "2002": 648.87964393486243, "2003": 732.0178208126755, "2004": 823.55445714189295, "2005": 998.96583416747001, "2006": 1300.603679886593, "2007": 1405.1501620336851, "2008": 1635.5630623124009, "2009": 1435.430108118934, "2010": 1659.963697054548, "2011": 1931.1997552546511, "2012": 1859.117332476409, "2013": 1934.2410306471411, "2014": 1713.008652642339, "2015": 1554.948978717825, "2016": 1565.765757226957, "2017": 1615.004013273232, "2018": 1722.935288540727, "2019": 1767.0727106209979, "2020": 1795.764595667144, "2021": 1947.7891838331329, "2022": 1960.3524007742351, "2023": 2120.8231842174741, "2024": 2082.783744237136 }, "geometry": { "type": "Polygon", "coordinates": [ [ [ -12.17075, 14.616834 ], [ -12.830658, 15.303692 ], [ -13.435738, 16.039383 ], [ -14.099521, 16.304302 ], [ -14.577348, 16.598264 ], [ -15.135737, 16.587282 ], [ -15.623666, 16.369337 ], [ -16.12069, 16.455663 ], [ -16.463098, 16.135036 ], [ -16.549708, 16.673892 ], [ -16.270552, 17.166963 ], [ -16.146347, 18.108482 ], [ -16.256883, 19.096716 ], [ -16.377651, 19.593817 ], [ -16.277838, 20.092521 ], [ -16.536324, 20.567866 ], [ -17.063423, 20.999752 ], [ -16.845194, 21.333323 ], [ -12.929102, 21.327071 ], [ -13.118754, 22.77122 ], [ -12.874222, 23.284832 ], [ -11.937224, 23.374594 ], [ -11.969419, 25.933353 ], [ -8.687294, 25.881056 ], [ -8.6844, 27.395744 ], [ -4.923337, 24.974574 ], [ -6.453787, 24.956591 ], [ -5.971129, 20.640833 ], [ -5.488523, 16.325102 ], [ -5.315277, 16.201854 ], [ -5.537744, 15.50169 ], [ -9.550238, 15.486497 ], [ -9.700255, 15.264107 ], [ -10.086846, 15.330486 ], [ -10.650791, 15.132746 ], [ -11.349095, 15.411256 ], [ -11.666078, 15.388208 ], [ -11.834208, 14.799097 ], [ -12.17075, 14.616834 ] ] ] } },
{ "type": "Feature", "properties": { "name": "Malawi", "iso3": "MWI", "name_with_flag": "🇲🇼 Malawi", "1960": null, "1961": null, "1962": null, "1963": null, "1964": null, "1965": null, "1966": null, "1967": null, "1968": null, "1969": null, "1970": null, "1971": null, "1972": null, "1973": null, "1974": null, "1975": null, "1976": null, "1977": null, "1978": null, "1979": null, "1980": 287.47082242672951, "1981": 276.40706272471652, "1982": 253.34269790513261, "1983": 252.4420746001224, "1984": 239.74828969102961, "1985": 216.05413614039139, "1986": 217.87018994660039, "1987": 207.60589473717951, "1988": 229.42184392272841, "1989": 252.19590741942969, "1990": 286.73059896826942, "1991": 325.75273105930972, "1992": 258.39343087755708, "1993": 293.01688307992168, "1994": 169.19652691963941, "1995": 200.36237000724719, "1996": 320.66273555913739, "1997": 366.95446127410429, "1998": 236.0454794505039, "1999": 233.93598619787289, "2000": 224.22415918428041, "2001": 215.47452489835689, "2002": 428.21043983839792, "2003": 383.34859685264161, "2004": 404.6742484454283, "2005": 414.36112198447472, "2006": 440.82214902387301, "2007": 475.18026165933128, "2008": 554.04882039611937, "2009": 625.86972986962542, "2010": 683.12469471679947, "2011": 763.06100039457181, "2012": 558.46208832772004, "2013": 496.94736826731292, "2014": 529.51334402059967, "2015": 539.60536324068596, "2016": 450.50610551071873, "2017": 495.76968336716533, "2018": 533.2031736867051, "2019": 580.88981606677635, "2020": 602.50747817610556, "2021": 617.44752080245382, "2022": 604.26975118451469, "2023": 602.343619809252, "2024": 508.37127353170808 }, "geometry": { "type": "Polygon", "coordinates": [ [ [ 34.559989, -11.52002 ], [ 34.280006, -12.280025 ], [ 34.559989, -13.579998 ], [ 34.907151, -13.565425 ], [ 35.267956, -13.887834 ], [ 35.686845, -14.611046 ], [ 35.771905, -15.896859 ], [ 35.339063, -16.10744 ], [ 35.03381, -16.8013 ], [ 34.381292, -16.18356 ], [ 34.307291, -15.478641 ], [ 34.517666, -15.013709 ], [ 34.459633, -14.61301 ], [ 34.064825, -14.35995 ], [ 33.7897, -14.451831 ], [ 33.214025, -13.97186 ], [ 32.688165, -13.712858 ], [ 32.991764, -12.783871 ], [ 33.306422, -12.435778 ], [ 33.114289, -11.607198 ], [ 33.31531, -10.79655 ], [ 33.485688, -10.525559 ], [ 33.231388, -9.676722 ], [ 32.759375, -9.230599 ], [ 33.739729, -9.417151 ], [ 33.940838, -9.693674 ], [ 34.280006, -10.16 ], [ 34.559989, -11.52002 ] ] ] } },
{ "type": "Feature", "properties": { "name": "Malaysia", "iso3": "MYS", "name_with_flag": "🇲🇾 Malaysia", "1960": 240.84741455453741, "1961": 232.94376881831539, "1962": 238.83633918071729, "1963": 291.80000699380662, "1964": 302.93395234523871, "1965": 326.4360074430445, "1966": 338.57012145441161, "1967": 335.42563058294922, "1968": 342.44476341728421, "1969": 368.38565548473599, "1970": 379.62676427084892, "1971": 407.19672797331009, "1972": 472.36350944995883, "1973": 700.72862601060319, "1974": 847.80680257023903, "1975": 810.57099970127229, "1976": 940.43773414167276, "1977": 1091.7083709585499, "1978": 1326.8876979835329, "1979": 1679.8777941993719, "1980": 1886.123393238754, "1981": 1866.1024683174419, "1982": 1937.749227258993, "1983": 2124.292291062206, "1984": 2299.808708162353, "1985": 2045.574717721126, "1986": 1759.7318573670241, "1987": 1977.129086620195, "1988": 2099.9546765670111, "1989": 2243.6021959991399, "1990": 2468.690803201162, "1991": 2679.2010110674469, "1992": 3141.433219876511, "1993": 3461.9950421418889, "1994": 3757.6529285860079, "1995": 4363.1445833303442, "1996": 4837.1689725076794, "1997": 4678.5639005818184, "1998": 3294.3097844409522, "1999": 3527.815813792487, "2000": 4083.5287448360468, "2001": 3943.799439102389, "2002": 4184.0316377353856, "2003": 4465.3219456720844, "2004": 4939.2485185442747, "2005": 5555.5817995120606, "2006": 6158.4078553323616, "2007": 7168.9303194250833, "2008": 8371.8215608600494, "2009": 7191.4328723462604, "2010": 8899.3450554467508, "2011": 10217.10685850309, "2012": 10600.57442400258, "2013": 10713.640763889871, "2014": 11013.310733440319, "2015": 9648.6797937523024, "2016": 9476.5340980992278, "2017": 9862.5480661223464, "2018": 10901.80199544212, "2019": 10920.19176397203, "2020": 9957.5262669761341, "2021": 10903.111642593811, "2022": 11748.09193079444, "2023": 11379.08519235572, "2024": 11867.258643544261 }, "geometry": { "type": "MultiPolygon", "coordinates": [ [ [ [ 101.075516, 6.204867 ], [ 101.154219, 5.691384 ], [ 101.814282, 5.810808 ], [ 102.141187, 6.221636 ], [ 102.371147, 6.128205 ], [ 102.961705, 5.524495 ], [ 103.381215, 4.855001 ], [ 103.438575, 4.181606 ], [ 103.332122, 3.726698 ], [ 103.429429, 3.382869 ], [ 103.502448, 2.791019 ], [ 103.854674, 2.515454 ], [ 104.247932, 1.631141 ], [ 104.228811, 1.293048 ], [ 103.519707, 1.226334 ], [ 102.573615, 1.967115 ], [ 101.390638, 2.760814 ], [ 101.27354, 3.270292 ], [ 100.695435, 3.93914 ], [ 100.557408, 4.76728 ], [ 100.196706, 5.312493 ], [ 100.30626, 6.040562 ], [ 100.085757, 6.464489 ], [ 100.259596, 6.642825 ], [ 101.075516, 6.204867 ] ] ], [ [ [ 118.618321, 4.478202 ], [ 117.882035, 4.137551 ], [ 117.015214, 4.306094 ], [ 115.865517, 4.306559 ], [ 115.519078, 3.169238 ], [ 115.134037, 2.821482 ], [ 114.621355, 1.430688 ], [ 113.80585, 1.217549 ], [ 112.859809, 1.49779 ], [ 112.380252, 1.410121 ], [ 111.797548, 0.904441 ], [ 111.159138, 0.976478 ], [ 110.514061, 0.773131 ], [ 109.830227, 1.338136 ], [ 109.66326, 2.006467 ], [ 110.396135, 1.663775 ], [ 111.168853, 1.850637 ], [ 111.370081, 2.697303 ], [ 111.796928, 2.885897 ], [ 112.995615, 3.102395 ], [ 113.712935, 3.893509 ], [ 114.204017, 4.525874 ], [ 114.659596, 4.007637 ], [ 114.869557, 4.348314 ], [ 115.347461, 4.316636 ], [ 115.4057, 4.955228 ], [ 115.45071, 5.44773 ], [ 116.220741, 6.143191 ], [ 116.725103, 6.924771 ], [ 117.129626, 6.928053 ], [ 117.643393, 6.422166 ], [ 117.689075, 5.98749 ], [ 118.347691, 5.708696 ], [ 119.181904, 5.407836 ], [ 119.110694, 5.016128 ], [ 118.439727, 4.966519 ], [ 118.618321, 4.478202 ] ] ] ] } },
{ "type": "Feature", "properties": { "name": "Namibia", "iso3": "NAM", "name_with_flag": "🇳🇦 Namibia", "1960": null, "1961": null, "1962": null, "1963": null, "1964": null, "1965": null, "1966": null, "1967": null, "1968": null, "1969": null, "1970": null, "1971": null, "1972": null, "1973": null, "1974": null, "1975": null, "1976": null, "1977": null, "1978": null, "1979": null, "1980": 2467.8076550443861, "1981": 2266.9104060767272, "1982": 2097.0934094646059, "1983": 2214.338631157153, "1984": 1830.469205540973, "1985": 1466.1792435373191, "1986": 1599.39785666132, "1987": 1969.4236498237231, "1988": 2062.5799758288372, "1989": 1966.8270281925179, "1990": 2037.475893597782, "1991": 2116.9055251621412, "1992": 2346.8624296374092, "1993": 2154.9647365543469, "1994": 2355.904456731535, "1995": 2483.2035341516071, "1996": 2423.3982907313011, "1997": 2459.6451176393548, "1998": 2235.2451546862549, "1999": 2177.7873337009191, "2000": 2156.675905127136, "2001": 1915.589265948749, "2002": 1772.0756553749341, "2003": 2569.2473931788259, "2004": 3403.1549619295461, "2005": 3685.7729999158719, "2006": 4017.183471692802, "2007": 4379.0431368273221, "2008": 4204.785554227491, "2009": 4302.9137414837614, "2010": 5418.2163336581389, "2011": 5834.7917675794033, "2012": 5942.6468097867291, "2013": 5346.6213114996744, "2014": 5378.323262412051, "2015": 4774.1065086577528, "2016": 4395.6877616237643, "2017": 5143.9607232307562, "2018": 5308.6081340870514, "2019": 4731.9210318831019, "2020": 3878.5898299396622, "2021": 4412.8355693052044, "2022": 4349.7990849331418, "2023": 4187.6050035078642, "2024": 4413.1274418645953 }, "geometry": { "type": "Polygon", "coordinates": [ [ [ 16.344977, -28.576705 ], [ 15.601818, -27.821247 ], [ 15.210472, -27.090956 ], [ 14.989711, -26.117372 ], [ 14.743214, -25.39292 ], [ 14.408144, -23.853014 ], [ 14.385717, -22.656653 ], [ 14.257714, -22.111208 ], [ 13.868642, -21.699037 ], [ 13.352498, -20.872834 ], [ 12.826845, -19.673166 ], [ 12.608564, -19.045349 ], [ 11.794919, -18.069129 ], [ 11.734199, -17.301889 ], [ 12.215461, -17.111668 ], [ 12.814081, -16.941343 ], [ 13.462362, -16.971212 ], [ 14.058501, -17.423381 ], [ 14.209707, -17.353101 ], [ 18.263309, -17.309951 ], [ 18.956187, -17.789095 ], [ 21.377176, -17.930636 ], [ 23.215048, -17.523116 ], [ 24.033862, -17.295843 ], [ 24.682349, -17.353411 ], [ 25.07695, -17.578823 ], [ 25.084443, -17.661816 ], [ 24.520705, -17.887125 ], [ 24.217365, -17.889347 ], [ 23.579006, -18.281261 ], [ 23.196858, -17.869038 ], [ 21.65504, -18.219146 ], [ 20.910641, -18.252219 ], [ 20.881134, -21.814327 ], [ 19.895458, -21.849157 ], [ 19.895768, -24.76779 ], [ 19.894734, -28.461105 ], [ 19.002127, -28.972443 ], [ 18.464899, -29.045462 ], [ 17.836152, -28.856378 ], [ 17.387497, -28.783514 ], [ 17.218929, -28.355943 ], [ 16.824017, -28.082162 ], [ 16.344977, -28.576705 ] ] ] } },
{ "type": "Feature", "properties": { "name": "New Caledonia", "iso3": "NCL", "name_with_flag": "🇳🇨 New Caledonia", "1960": null, "1961": null, "1962": null, "1963": null, "1964": null, "1965": 1713.140893135984, "1966": 1713.6979382713671, "1967": 1826.1714794938571, "1968": 2124.4581832684021, "1969": 2509.40725556196, "1970": 3281.7106959327211, "1971": 3615.1542919612962, "1972": 4225.8381627324115, "1973": 4318.1383116026473, "1974": 4848.944698387897, "1975": 5940.9303254735187, "1976": 5618.3257327332667, "1977": 5792.710368387945, "1978": 5779.0363391311876, "1979": 7069.544214442948, "1980": 7892.7221291184633, "1981": 6422.0663810667565, "1982": 5912.3788061897158, "1983": 5315.1093408716124, "1984": 5051.7263584179336, "1985": 5334.8283983245528, "1986": 7374.685470458021, "1987": 8983.3570872487453, "1988": 12301.19231907018, "1989": 12701.828987733341, "1990": 14334.680737217641, "1991": 14642.517971372161, "1992": 15713.71985621583, "1993": 14787.216507518329, "1994": 15534.30932789239, "1995": 18107.888077802221, "1996": 17592.050274584541, "1997": 15704.95934835367, "1998": 16614.597881217851, "1999": 16692.68351191892, "2000": 15329.72972000578, "2001": 14482.360626360251, "2002": 16104.55204068187, "2003": 20768.10614888481, "2004": 24475.648854703712, "2005": 25528.291835344429, "2006": 28193.253757338691, "2007": 35177.653526144772, "2008": 35723.903319494661, "2009": 33836.494080471974, "2010": 35798.908475782919, "2011": 38835.940185138483, "2012": 35559.567200615696, "2013": 36671.156675262057, "2014": 37816.955859929461, "2015": 30858.72370605329, "2016": 30782.854443351429, "2017": 32354.710283290078, "2018": 34902.896878003077, "2019": 33411.335883567182, "2020": 33270.330597636959, "2021": 35311.554355145199, "2022": 33516.363085906021, "2023": null, "2024": null }, "geometry": { "type": "Polygon", "coordinates": [ [ [ 165.77999, -21.080005 ], [ 166.599991, -21.700019 ], [ 167.120011, -22.159991 ], [ 166.740035, -22.399976 ], [ 166.189732, -22.129708 ], [ 165.474375, -21.679607 ], [ 164.829815, -21.14982 ], [ 164.167995, -20.444747 ], [ 164.029606, -20.105646 ], [ 164.459967, -20.120012 ], [ 165.020036, -20.459991 ], [ 165.460009, -20.800022 ], [ 165.77999, -21.080005 ] ] ] } },
{ "type": "Feature", "properties": { "name": "Niger", "iso3": "NER", "name_with_flag": "🇳🇪 Niger", "1960": 128.251201351162, "1961": 134.63509426100811, "1962": 143.15082413083371, "1963": 153.32488258491941, "1964": 148.08026913985489, "1965": 166.28005585923529, "1966": 168.5964854994146, "1967": 155.38062052494439, "1968": 145.6101459338027, "1969": 138.29120975618221, "1970": 139.75875001865009, "1971": 145.2137836115914, "1972": 151.43794774731771, "1973": 187.85439967004521, "1974": 198.28916531089041, "1975": 197.2328730084044, "1976": 194.78957059358311, "1977": 229.80841762500631, "1978": 306.8280224820474, "1979": 354.16973086964907, "1980": 408.82277975547061, "1981": 343.38680070673792, "1982": 309.79506234547148, "1983": 268.77258074813079, "1984": 211.4688073406995, "1985": 202.37274066536199, "1986": 259.56189415186577, "1987": 295.3262539332984, "1988": 292.58787848448918, "1989": 271.26655793113338, "1990": 423.88746059930202, "1991": 384.44311679922009, "1992": 384.02965730431572, "1993": 335.42958190238352, "1994": 206.2146171358558, "1995": 237.0199895686205, "1996": 239.49451321397271, "1997": 220.56295720899999, "1998": 246.09085592302591, "1999": 228.27165611606429, "2000": 194.77195989893471, "2001": 205.4179361209311, "2002": 225.2943911474382, "2003": 265.2253634524692, "2004": 283.46828179829561, "2005": 318.64312191827332, "2006": 333.34507841944668, "2007": 387.1680658833007, "2008": 475.0449553981623, "2009": 461.13153396148709, "2010": 474.42569234083072, "2011": 510.7595617626796, "2012": 528.51010446965518, "2013": 552.10333436311714, "2014": 565.30989731174964, "2015": 485.66257417527879, "2016": 502.70647540644558, "2017": 521.80413002343448, "2018": 578.56803568089151, "2019": 561.69130434969793, "2020": 579.51249575823613, "2021": 608.72243959380796, "2022": 609.74514766168306, "2023": 638.33608072329878, "2024": 722.74865032625723 }, "geometry": { "type": "Polygon", "coordinates": [ [ [ 2.154474, 11.94015 ], [ 2.177108, 12.625018 ], [ 1.024103, 12.851826 ], [ 0.993046, 13.33575 ], [ 0.429928, 13.988733 ], [ 0.295646, 14.444235 ], [ 0.374892, 14.928908 ], [ 1.015783, 14.968182 ], [ 1.385528, 15.323561 ], [ 2.749993, 15.409525 ], [ 3.638259, 15.56812 ], [ 3.723422, 16.184284 ], [ 4.27021, 16.852227 ], [ 4.267419, 19.155265 ], [ 5.677566, 19.601207 ], [ 8.572893, 21.565661 ], [ 11.999506, 23.471668 ], [ 13.581425, 23.040506 ], [ 14.143871, 22.491289 ], [ 14.8513, 22.86295 ], [ 15.096888, 21.308519 ], [ 15.471077, 21.048457 ], [ 15.487148, 20.730415 ], [ 15.903247, 20.387619 ], [ 15.685741, 19.95718 ], [ 15.300441, 17.92795 ], [ 15.247731, 16.627306 ], [ 13.972202, 15.684366 ], [ 13.540394, 14.367134 ], [ 13.956699, 13.996691 ], [ 13.954477, 13.353449 ], [ 14.595781, 13.330427 ], [ 14.495787, 12.859396 ], [ 14.213531, 12.802035 ], [ 14.181336, 12.483657 ], [ 13.995353, 12.461565 ], [ 13.318702, 13.556356 ], [ 13.083987, 13.596147 ], [ 12.302071, 13.037189 ], [ 11.527803, 13.32898 ], [ 10.989593, 13.387323 ], [ 10.701032, 13.246918 ], [ 10.114814, 13.277252 ], [ 9.524928, 12.851102 ], [ 9.014933, 12.826659 ], [ 7.804671, 13.343527 ], [ 7.330747, 13.098038 ], [ 6.820442, 13.115091 ], [ 6.445426, 13.492768 ], [ 5.443058, 13.865924 ], [ 4.368344, 13.747482 ], [ 4.107946, 13.531216 ], [ 3.967283, 12.956109 ], [ 3.680634, 12.552903 ], [ 3.61118, 11.660167 ], [ 2.848643, 12.235636 ], [ 2.490164, 12.233052 ], [ 2.154474, 11.94015 ] ] ] } },
{ "type": "Feature", "properties": { "name": "Nigeria", "iso3": "NGA", "name_with_flag": "🇳🇬 Nigeria", "1960": 93.137009042441761, "1961": 97.137528114356201, "1962": 104.53249553394301, "1963": 107.6757413589439, "1964": 113.29734567187511, "1965": 117.2872268247344, "1966": 124.3824401762526, "1967": 99.501490660469656, "1968": 97.337208125596433, "1969": 121.4366633076971, "1970": 224.4629359959502, "1971": 160.4792558411128, "1972": 209.4547762943445, "1973": 252.3690324528678, "1974": 402.83699978268521, "1975": 438.07881391679541, "1976": 556.38968771987766, "1977": 535.96530781732861, "1978": 526.89585292847585, "1979": 660.9940408642932, "1980": 870.35993468205675, "1981": 2162.2099543607469, "1982": 1821.5326548238691, "1983": 1207.073745653486, "1984": 890.43410633230235, "1985": 868.64054054889345, "1986": 628.24845371853576, "1987": 587.95661343408949, "1988": 539.53946839716559, "1989": 465.48808953218793, "1990": 556.37644913090162, "1991": 596.93879571072239, "1992": 508.51590568278522, "1993": 539.57320229754225, "1994": 744.88424715137728, "1995": 1271.6161735319879, "1996": 1632.7246937027589, "1997": 1720.2754094939571, "1998": 1822.469984524733, "1999": 480.66936394180459, "2000": 547.3182989033786, "2001": 566.42823181293306, "2002": 712.16485207768551, "2003": 763.38874536722255, "2004": 962.48104194733003, "2005": 1211.377035043862, "2006": 1599.538915563649, "2007": 1815.526975458268, "2008": 2154.1054354536432, "2009": 1820.4863385478191, "2010": 2202.2567295734402, "2011": 2418.4131697587459, "2012": 2633.197346713614, "2013": 2872.7908337939821, "2014": 3088.7213131616932, "2015": 2585.733606717974, "2016": 2070.4127339594961, "2017": 1876.34027111773, "2018": 2057.8794455401062, "2019": 2265.1552086305569, "2020": 2019.6570632622399, "2021": 2017.274864815266, "2022": 2139.374784769735, "2023": 1596.63696129001, "2024": 806.9456950552443 }, "geometry": { "type": "Polygon", "coordinates": [ [ [ 8.500288, 4.771983 ], [ 7.462108, 4.412108 ], [ 7.082596, 4.464689 ], [ 6.698072, 4.240594 ], [ 5.898173, 4.262453 ], [ 5.362805, 4.887971 ], [ 5.033574, 5.611802 ], [ 4.325607, 6.270651 ], [ 3.57418, 6.2583 ], [ 2.691702, 6.258817 ], [ 2.749063, 7.870734 ], [ 2.723793, 8.506845 ], [ 2.912308, 9.137608 ], [ 3.220352, 9.444153 ], [ 3.705438, 10.06321 ], [ 3.60007, 10.332186 ], [ 3.797112, 10.734746 ], [ 3.572216, 11.327939 ], [ 3.61118, 11.660167 ], [ 3.680634, 12.552903 ], [ 3.967283, 12.956109 ], [ 4.107946, 13.531216 ], [ 4.368344, 13.747482 ], [ 5.443058, 13.865924 ], [ 6.445426, 13.492768 ], [ 6.820442, 13.115091 ], [ 7.330747, 13.098038 ], [ 7.804671, 13.343527 ], [ 9.014933, 12.826659 ], [ 9.524928, 12.851102 ], [ 10.114814, 13.277252 ], [ 10.701032, 13.246918 ], [ 10.989593, 13.387323 ], [ 11.527803, 13.32898 ], [ 12.302071, 13.037189 ], [ 13.083987, 13.596147 ], [ 13.318702, 13.556356 ], [ 13.995353, 12.461565 ], [ 14.181336, 12.483657 ], [ 14.577178, 12.085361 ], [ 14.468192, 11.904752 ], [ 14.415379, 11.572369 ], [ 13.57295, 10.798566 ], [ 13.308676, 10.160362 ], [ 13.1676, 9.640626 ], [ 12.955468, 9.417772 ], [ 12.753672, 8.717763 ], [ 12.218872, 8.305824 ], [ 12.063946, 7.799808 ], [ 11.839309, 7.397042 ], [ 11.745774, 6.981383 ], [ 11.058788, 6.644427 ], [ 10.497375, 7.055358 ], [ 10.118277, 7.03877 ], [ 9.522706, 6.453482 ], [ 9.233163, 6.444491 ], [ 8.757533, 5.479666 ], [ 8.500288, 4.771983 ] ] ] } },
{ "type": "Feature", "properties": { "name": "Nicaragua", "iso3": "NIC", "name_with_flag": "🇳🇮 Nicaragua", "1960": 127.483812082529, "1961": 132.94350715227901, "1962": 142.30352355142071, "1963": 152.4614983165541, "1964": 172.68135633823979, "1965": 272.25126316316312, "1966": 283.99959326588862, "1967": 297.94606590847337, "1968": 304.44196533149051, "1969": 319.36665032711801, "1970": 321.31615900697062, "1971": 331.45118297256812, "1972": 341.38077239197639, "1973": 412.52749420471429, "1974": 556.86612246539073, "1975": 561.45969535020765, "1976": 632.57377838800585, "1977": 744.18532044032213, "1978": 690.74126169629869, "1979": 495.36659741922051, "1980": 659.29714312164776, "1981": 739.67165571021462, "1982": 713.77780906635746, "1983": 779.85273068497702, "1984": 861.42864976735802, "1985": 724.0564253472877, "1986": 760.59055909276037, "1987": 992.02406641593518, "1988": 662.30819662116653, "1989": 249.15547406901149, "1990": 242.5083906008222, "1991": 349.51431864061198, "1992": 411.47333066178629, "1993": 394.37807402107109, "1994": 849.17933136489512, "1995": 891.7793523099956, "1996": 910.86164591729482, "1997": 912.75742978853282, "1998": 949.1553734947704, "1999": 980.21974467524558, "2000": 1017.3124434882041, "2001": 1051.874235890996, "2002": 1014.333904259097, "2003": 1021.3521666879381, "2004": 1098.6211866233521, "2005": 1183.3021401017511, "2006": 1248.1737157778789, "2007": 1350.381457533766, "2008": 1523.684370864089, "2009": 1467.0828805284491, "2010": 1526.5670695140841, "2011": 1679.71192084633, "2012": 1784.698360175548, "2013": 1835.439963637147, "2014": 1958.3704757954711, "2015": 2074.4562063473059, "2016": 2131.6870482832228, "2017": 2182.6138099567402, "2018": 2035.165493905072, "2019": 1958.6205152809539, "2020": 1938.447047543815, "2021": 2138.385884694495, "2022": 2322.8905396458308, "2023": 2609.4449207293078, "2024": 2847.5396633949799 }, "geometry": { "type": "Polygon", "coordinates": [ [ [ -85.71254, 11.088445 ], [ -86.058488, 11.403439 ], [ -86.52585, 11.806877 ], [ -86.745992, 12.143962 ], [ -87.167516, 12.458258 ], [ -87.668493, 12.90991 ], [ -87.557467, 13.064552 ], [ -87.392386, 12.914018 ], [ -87.316654, 12.984686 ], [ -87.005769, 13.025794 ], [ -86.880557, 13.254204 ], [ -86.733822, 13.263093 ], [ -86.755087, 13.754845 ], [ -86.520708, 13.778487 ], [ -86.312142, 13.771356 ], [ -86.096264, 14.038187 ], [ -85.801295, 13.836055 ], [ -85.698665, 13.960078 ], [ -85.514413, 14.079012 ], [ -85.165365, 14.35437 ], [ -85.148751, 14.560197 ], [ -85.052787, 14.551541 ], [ -84.924501, 14.790493 ], [ -84.820037, 14.819587 ], [ -84.649582, 14.666805 ], [ -84.449336, 14.621614 ], [ -84.228342, 14.748764 ], [ -83.975721, 14.749436 ], [ -83.628585, 14.880074 ], [ -83.489989, 15.016267 ], [ -83.147219, 14.995829 ], [ -83.233234, 14.899866 ], [ -83.284162, 14.676624 ], [ -83.182126, 14.310703 ], [ -83.4125, 13.970078 ], [ -83.519832, 13.567699 ], [ -83.552207, 13.127054 ], [ -83.498515, 12.869292 ], [ -83.473323, 12.419087 ], [ -83.626104, 12.32085 ], [ -83.719613, 11.893124 ], [ -83.650858, 11.629032 ], [ -83.85547, 11.373311 ], [ -83.808936, 11.103044 ], [ -83.655612, 10.938764 ], [ -83.895054, 10.726839 ], [ -84.190179, 10.79345 ], [ -84.355931, 10.999226 ], [ -84.673069, 11.082657 ], [ -84.903003, 10.952303 ], [ -85.561852, 11.217119 ], [ -85.71254, 11.088445 ] ] ] } },
{ "type": "Feature", "properties": { "name": "Netherlands", "iso3": "NLD", "name_with_flag": "🇳🇱 Netherlands", "1960": 1156.3859772776691, "1961": 1254.4202826213091, "1962": 1342.3682718701509, "1963": 1436.8872608393431, "1964": 1668.330861146974, "1965": 1848.098015324274, "1966": 1986.2702443165999, "1967": 2154.5796974304581, "1968": 2364.3594192662958, "1969": 2646.845817668247, "1970": 2931.380780265255, "1971": 3383.5871557999599, "1972": 4110.4916455194771, "1973": 5353.4426515498071, "1974": 6450.4577023649272, "1975": 7346.3047476861966, "1976": 7937.3524671399819, "1977": 9180.2991846177156, "1978": 11195.842487295909, "1979": 12817.379015340081, "1980": 13812.160009819119, "1981": 11537.402686509209, "1982": 11088.95431508848, "1983": 10696.07749586819, "1984": 9991.8437765565086, "1985": 9940.7384359379503, "1986": 13804.136060326529, "1987": 16734.151405231569, "1988": 17770.616237638758, "1989": 17423.29615855233, "1990": 21322.194480270351, "1991": 21764.214498725829, "1992": 23939.217348210841, "1993": 23156.44044445681, "1994": 24682.586674286311, "1995": 29301.194049237631, "1996": 29063.62365325361, "1997": 26744.960131809719, "1998": 27924.281808994008, "1999": 28318.746653835689, "2000": 26225.16977341492, "2001": 26955.71280322782, "2002": 29446.53308728684, "2003": 35896.750463070552, "2004": 40611.341435309063, "2005": 42165.396168387968, "2006": 45123.543240642568, "2007": 52100.79962859473, "2008": 58246.702690587437, "2009": 53172.026158141831, "2010": 51305.733853397338, "2011": 54701.772803061118, "2012": 50473.944200268867, "2013": 52602.286052076568, "2014": 53457.223486432231, "2015": 45793.813543469711, "2016": 46808.529149250287, "2017": 49513.681734638398, "2018": 53955.077002426588, "2019": 53554.900749147513, "2020": 53467.927741373729, "2021": 60141.988091149229, "2022": 59123.318556486993, "2023": 64572.005955885368, "2024": 68218.726101940643 }, "geometry": { "type": "Polygon", "coordinates": [ [ [ 6.074183, 53.510403 ], [ 6.90514, 53.482162 ], [ 7.092053, 53.144043 ], [ 6.84287, 52.22844 ], [ 6.589397, 51.852029 ], [ 5.988658, 51.851616 ], [ 6.156658, 50.803721 ], [ 5.606976, 51.037298 ], [ 4.973991, 51.475024 ], [ 4.047071, 51.267259 ], [ 3.314971, 51.345755 ], [ 3.830289, 51.620545 ], [ 4.705997, 53.091798 ], [ 6.074183, 53.510403 ] ] ] } },
{ "type": "Feature", "properties": { "name": "Norway", "iso3": "NOR", "name_with_flag": "🇳🇴 Norway", "1960": 1451.2850779893961, "1961": 1570.638043747188, "1962": 1678.267256539915, "1963": 1787.3185339490899, "1964": 1950.6932422293071, "1965": 2178.775081118079, "1966": 2332.5105986609792, "1967": 2530.6605779945799, "1968": 2679.713004381892, "1969": 2894.2399823668061, "1970": 3306.2194760776929, "1971": 3736.348737499914, "1972": 4413.5756916852824, "1973": 5689.5888066967027, "1974": 6811.527336532321, "1975": 8204.4515115297854, "1976": 8927.201627344768, "1977": 10266.120671869799, "1978": 11462.594591605341, "1979": 13046.53722106533, "1980": 15772.240907381391, "1981": 15512.50670435746, "1982": 15224.893910098161, "1983": 14927.517476633941, "1984": 14989.485766590569, "1985": 15753.55276521288, "1986": 18883.233352387269, "1987": 22505.862262368391, "1988": 24207.28146896301, "1989": 24281.13040513956, "1990": 28242.981402821981, "1991": 28596.933003644372, "1992": 30523.98505589745, "1993": 27963.697909574392, "1994": 29315.80923377322, "1995": 34875.704334753587, "1996": 37321.974199347263, "1997": 36629.03090366214, "1998": 34803.463405873823, "1999": 36393.292747108782, "2000": 38178.236877707554, "2001": 38601.897639231, "2002": 43170.55717449903, "2003": 50250.329821434498, "2004": 57768.698095846157, "2005": 67047.170455826432, "2006": 74434.499683567075, "2007": 85502.267708773084, "2008": 97503.54078037836, "2009": 80347.570066518354, "2010": 88163.208593142306, "2011": 101221.81347664401, "2012": 102175.9192983737, "2013": 103553.84013441679, "2014": 97666.695183874923, "2015": 74809.965804989755, "2016": 70867.360997074924, "2017": 76131.838403276415, "2018": 82792.84271133045, "2019": 76430.588947333847, "2020": 68340.018103370167, "2021": 93072.892511957078, "2022": 109269.5205802976, "2023": 87497.328929734169, "2024": 86809.724689743147 }, "geometry": { "type": "MultiPolygon", "coordinates": [ [ [ [ 28.165547, 71.185474 ], [ 31.293418, 70.453788 ], [ 30.005435, 70.186259 ], [ 31.101079, 69.55808 ], [ 29.399581, 69.156916 ], [ 28.59193, 69.064777 ], [ 29.015573, 69.766491 ], [ 27.732292, 70.164193 ], [ 26.179622, 69.825299 ], [ 25.689213, 69.092114 ], [ 24.735679, 68.649557 ], [ 23.66205, 68.891247 ], [ 22.356238, 68.841741 ], [ 21.244936, 69.370443 ], [ 20.645593, 69.106247 ], [ 20.025269, 69.065139 ], [ 19.87856, 68.407194 ], [ 17.993868, 68.567391 ], [ 17.729182, 68.010552 ], [ 16.768879, 68.013937 ], [ 16.108712, 67.302456 ], [ 15.108411, 66.193867 ], [ 13.55569, 64.787028 ], [ 13.919905, 64.445421 ], [ 13.571916, 64.049114 ], [ 12.579935, 64.066219 ], [ 11.930569, 63.128318 ], [ 11.992064, 61.800362 ], [ 12.631147, 61.293572 ], [ 12.300366, 60.117933 ], [ 11.468272, 59.432393 ], [ 11.027369, 58.856149 ], [ 10.356557, 59.469807 ], [ 8.382, 58.313288 ], [ 7.048748, 58.078884 ], [ 5.665835, 58.588155 ], [ 5.308234, 59.663232 ], [ 4.992078, 61.970998 ], [ 5.9129, 62.614473 ], [ 8.553411, 63.454008 ], [ 10.527709, 64.486038 ], [ 12.358347, 65.879726 ], [ 14.761146, 67.810642 ], [ 16.435927, 68.563205 ], [ 19.184028, 69.817444 ], [ 21.378416, 70.255169 ], [ 23.023742, 70.202072 ], [ 24.546543, 71.030497 ], [ 26.37005, 70.986262 ], [ 28.165547, 71.185474 ] ] ], [ [ [ 24.72412, 77.85385 ], [ 22.49032, 77.44493 ], [ 20.72601, 77.67704 ], [ 21.41611, 77.93504 ], [ 20.8119, 78.25463 ], [ 22.88426, 78.45494 ], [ 23.28134, 78.07954 ], [ 24.72412, 77.85385 ] ] ], [ [ [ 18.25183, 79.70175 ], [ 21.54383, 78.95611 ], [ 19.02737, 78.5626 ], [ 18.47172, 77.82669 ], [ 17.59441, 77.63796 ], [ 17.1182, 76.80941 ], [ 15.91315, 76.77045 ], [ 13.76259, 77.38035 ], [ 14.66956, 77.73565 ], [ 13.1706, 78.02493 ], [ 11.22231, 78.8693 ], [ 10.44453, 79.65239 ], [ 13.17077, 80.01046 ], [ 13.71852, 79.66039 ], [ 15.14282, 79.67431 ], [ 15.52255, 80.01608 ], [ 16.99085, 80.05086 ], [ 18.25183, 79.70175 ] ] ], [ [ [ 25.447625, 80.40734 ], [ 27.407506, 80.056406 ], [ 25.924651, 79.517834 ], [ 23.024466, 79.400012 ], [ 20.075188, 79.566823 ], [ 19.897266, 79.842362 ], [ 18.462264, 79.85988 ], [ 17.368015, 80.318896 ], [ 20.455992, 80.598156 ], [ 21.907945, 80.357679 ], [ 22.919253, 80.657144 ], [ 25.447625, 80.40734 ] ] ] ] } },
{ "type": "Feature", "properties": { "name": "Nepal", "iso3": "NPL", "name_with_flag": "🇳🇵 Nepal", "1960": 50.212523374958657, "1961": 51.554482074758532, "1962": 54.565608932967038, "1963": 46.314662974062827, "1964": 45.320757315163021, "1965": 65.805069042413663, "1966": 79.484178651630984, "1967": 72.255603368575976, "1968": 64.859241924783859, "1969": 64.817919946328644, "1970": 69.633489729730357, "1971": 69.454070409649347, "1972": 78.84291284223697, "1973": 73.22668352678005, "1974": 89.763745559162615, "1975": 113.60564517274589, "1976": 102.4703732517745, "1977": 95.343355742654325, "1978": 108.09942505283649, "1979": 121.8682097491495, "1980": 125.1143474780973, "1981": 142.9168988078427, "1982": 146.97666293374871, "1983": 146.63295308625419, "1984": 151.0781871159387, "1985": 149.90045341888191, "1986": 159.5456828060438, "1987": 162.0369068989132, "1988": 187.08477762197521, "1989": 184.9754164572507, "1990": 185.79460044990341, "1991": 195.71662141046181, "1992": 165.02959412726051, "1993": 172.80520257976659, "1994": 187.2581762461509, "1995": 197.8430013303259, "1996": 198.821907435345, "1997": 211.8348695891527, "1998": 205.07524630606869, "1999": 208.64666791374279, "2000": 223.83028918307789, "2001": 240.7951145446641, "2002": 238.89140296106001, "2003": 246.42970658763289, "2004": 279.58775004442828, "2005": 309.02416833937212, "2006": 340.43179643796771, "2007": 385.44976766064212, "2008": 464.81739189152938, "2009": 473.07875119862138, "2010": 585.27849198457432, "2011": 785.51865622213199, "2012": 788.20293714837658, "2013": 803.26959542047712, "2014": 821.45522491173097, "2015": 875.54363547486241, "2016": 877.2564546967368, "2017": 1034.283749068464, "2018": 1179.198431903892, "2019": 1203.142947064013, "2020": 1154.2151757831821, "2021": 1252.7507673198579, "2022": 1385.910662748508, "2023": 1382.3305576930361, "2024": 1447.3100445842811 }, "geometry": { "type": "Polygon", "coordinates": [ [ [ 88.120441, 27.876542 ], [ 88.043133, 27.445819 ], [ 88.174804, 26.810405 ], [ 88.060238, 26.414615 ], [ 87.227472, 26.397898 ], [ 86.024393, 26.630985 ], [ 85.251779, 26.726198 ], [ 84.675018, 27.234901 ], [ 83.304249, 27.364506 ], [ 81.999987, 27.925479 ], [ 81.057203, 28.416095 ], [ 80.088425, 28.79447 ], [ 80.476721, 29.729865 ], [ 81.111256, 30.183481 ], [ 81.525804, 30.422717 ], [ 82.327513, 30.115268 ], [ 83.337115, 29.463732 ], [ 83.898993, 29.320226 ], [ 84.23458, 28.839894 ], [ 85.011638, 28.642774 ], [ 85.82332, 28.203576 ], [ 86.954517, 27.974262 ], [ 88.120441, 27.876542 ] ] ] } },
{ "type": "Feature", "properties": { "name": "New Zealand", "iso3": "NZL", "name_with_flag": "🇳🇿 New Zealand", "1960": 2334.1337214331988, "1961": 2364.753839000974, "1962": 2471.0550089511139, "1963": 2646.2365293776238, "1964": 2839.3155469245312, "1965": 2170.9980977765072, "1966": 2211.3822240646491, "1967": 2208.442137620219, "1968": 1902.4218242688321, "1969": 2096.9264672930071, "1970": 2311.027619790128, "1971": 2772.9185969395958, "1972": 3294.6489426830358, "1973": 4323.1965345865519, "1974": 4610.5704263401321, "1975": 4171.7697396747544, "1976": 4373.840997912308, "1977": 4950.5882053892747, "1978": 5936.9852603642285, "1979": 6668.1386662247023, "1980": 7467.1680377380499, "1981": 7813.8875433606736, "1982": 7656.4757323896274, "1983": 7598.3120387500639, "1984": 6713.760131041543, "1985": 7600.5652417293704, "1986": 9427.5539403534804, "1987": 12330.916830548311, "1988": 13759.15562959216, "1989": 13312.385585811269, "1990": 13663.02161842979, "1991": 12230.073454883401, "1992": 11793.139241621369, "1993": 13094.345450263891, "1994": 15280.31278429224, "1995": 17400.420184817209, "1996": 18794.436039393051, "1997": 17474.187029723951, "1998": 14738.445570391819, "1999": 15322.22383402669, "2000": 13641.10271838223, "2001": 13882.8568268586, "2002": 16874.187491819561, "2003": 21913.708171996081, "2004": 25420.234882944009, "2005": 27751.06547088586, "2006": 26654.593201898519, "2007": 32479.981738146671, "2008": 31324.739797710241, "2009": 28276.725541622531, "2010": 33761.900963994682, "2011": 38431.776678849892, "2012": 40053.699153636859, "2013": 43000.464684918901, "2014": 44618.266973846978, "2015": 38665.372301815783, "2016": 40113.719538242753, "2017": 42950.384171113787, "2018": 43257.076923887857, "2019": 42779.229816410138, "2020": 41850.920328019958, "2021": 49689.498134518959, "2022": 48760.038193593558, "2023": 48654.904227477957, "2024": 48747.013685304162 }, "geometry": { "type": "MultiPolygon", "coordinates": [ [ [ [ 173.020375, -40.919052 ], [ 173.247234, -41.331999 ], [ 173.958405, -40.926701 ], [ 174.247587, -41.349155 ], [ 174.248517, -41.770008 ], [ 173.876447, -42.233184 ], [ 173.22274, -42.970038 ], [ 172.711246, -43.372288 ], [ 173.080113, -43.853344 ], [ 172.308584, -43.865694 ], [ 171.452925, -44.242519 ], [ 171.185138, -44.897104 ], [ 170.616697, -45.908929 ], [ 169.831422, -46.355775 ], [ 169.332331, -46.641235 ], [ 168.411354, -46.619945 ], [ 167.763745, -46.290197 ], [ 166.676886, -46.219917 ], [ 166.509144, -45.852705 ], [ 167.046424, -45.110941 ], [ 168.303763, -44.123973 ], [ 168.949409, -43.935819 ], [ 169.667815, -43.555326 ], [ 170.52492, -43.031688 ], [ 171.12509, -42.512754 ], [ 171.569714, -41.767424 ], [ 171.948709, -41.514417 ], [ 172.097227, -40.956104 ], [ 172.79858, -40.493962 ], [ 173.020375, -40.919052 ] ] ], [ [ [ 174.612009, -36.156397 ], [ 175.336616, -37.209098 ], [ 175.357596, -36.526194 ], [ 175.808887, -36.798942 ], [ 175.95849, -37.555382 ], [ 176.763195, -37.881253 ], [ 177.438813, -37.961248 ], [ 178.010354, -37.579825 ], [ 178.517094, -37.695373 ], [ 178.274731, -38.582813 ], [ 177.97046, -39.166343 ], [ 177.206993, -39.145776 ], [ 176.939981, -39.449736 ], [ 177.032946, -39.879943 ], [ 176.885824, -40.065978 ], [ 176.508017, -40.604808 ], [ 176.01244, -41.289624 ], [ 175.239567, -41.688308 ], [ 175.067898, -41.425895 ], [ 174.650973, -41.281821 ], [ 175.22763, -40.459236 ], [ 174.900157, -39.908933 ], [ 173.824047, -39.508854 ], [ 173.852262, -39.146602 ], [ 174.574802, -38.797683 ], [ 174.743474, -38.027808 ], [ 174.697017, -37.381129 ], [ 174.292028, -36.711092 ], [ 174.319004, -36.534824 ], [ 173.840997, -36.121981 ], [ 173.054171, -35.237125 ], [ 172.636005, -34.529107 ], [ 173.007042, -34.450662 ], [ 173.551298, -35.006183 ], [ 174.32939, -35.265496 ], [ 174.612009, -36.156397 ] ] ] ] } },
{ "type": "Feature", "properties": { "name": "Oman", "iso3": "OMN", "name_with_flag": "🇴🇲 Oman", "1960": 83.385310524332297, "1961": 84.531164636971553, "1962": 102.3258898630482, "1963": 106.8293119594552, "1964": 108.0597470713694, "1965": 108.127276326149, "1966": 113.1588514706162, "1967": 174.7084424224476, "1968": 300.3823944989025, "1969": 371.94567729061163, "1970": 386.79271283902341, "1971": 441.93538442325581, "1972": 523.67572663099816, "1973": 669.82952999521228, "1974": 2203.4059134698609, "1975": 2691.9965351405199, "1976": 3142.527178366453, "1977": 3204.8697295806078, "1978": 3043.751210361288, "1979": 3933.5051085710488, "1980": 5974.3043461146717, "1981": 6865.5848281977896, "1982": 6759.2987029390688, "1983": 6714.1912591069886, "1984": 7070.0729580488487, "1985": 7548.69588410284, "1986": 5181.8798029056134, "1987": 5203.9999406583884, "1988": 5279.1041143718294, "1989": 5591.2272384755825, "1990": 7545.7030523044123, "1991": 6977.328592234504, "1992": 7317.7881583816634, "1993": 7038.9301587736018, "1994": 7068.3899697907282, "1995": 7414.3027920410859, "1996": 8068.0007678461179, "1997": 8234.6406375900497, "1998": 7219.0293243202523, "1999": 7915.4416938053346, "2000": 9753.8475518540381, "2001": 9611.9636019105365, "2002": 9869.1305021943754, "2003": 10463.542583214121, "2004": 11800.85074111713, "2005": 14434.857792464711, "2006": 16930.856507185279, "2007": 18792.653772481979, "2008": 26576.779241508979, "2009": 20655.918024921852, "2010": 23570.179814732481, "2011": 25188.007415188509, "2012": 24642.29787685956, "2013": 23458.02338400529, "2014": 23160.650225254671, "2015": 18808.307792183889, "2016": 17110.189746054479, "2017": 17820.066180933449, "2018": 19901.761564201621, "2019": 19180.18641528015, "2020": 16784.86306300576, "2021": 19403.460016021101, "2022": 23223.58294059346, "2023": 20972.483088663681, "2024": 20248.416812460771 }, "geometry": { "type": "MultiPolygon", "coordinates": [ [ [ [ 58.861141, 21.114035 ], [ 58.487986, 20.428986 ], [ 58.034318, 20.481437 ], [ 57.826373, 20.243002 ], [ 57.665762, 19.736005 ], [ 57.7887, 19.06757 ], [ 57.694391, 18.94471 ], [ 57.234264, 18.947991 ], [ 56.609651, 18.574267 ], [ 56.512189, 18.087113 ], [ 56.283521, 17.876067 ], [ 55.661492, 17.884128 ], [ 55.269939, 17.632309 ], [ 55.2749, 17.228354 ], [ 54.791002, 16.950697 ], [ 54.239253, 17.044981 ], [ 53.570508, 16.707663 ], [ 53.108573, 16.651051 ], [ 52.782184, 17.349742 ], [ 52.00001, 19.000003 ], [ 54.999982, 19.999994 ], [ 55.666659, 22.000001 ], [ 55.208341, 22.70833 ], [ 55.234489, 23.110993 ], [ 55.525841, 23.524869 ], [ 55.528632, 23.933604 ], [ 55.981214, 24.130543 ], [ 55.804119, 24.269604 ], [ 55.886233, 24.920831 ], [ 56.396847, 24.924732 ], [ 56.84514, 24.241673 ], [ 57.403453, 23.878594 ], [ 58.136948, 23.747931 ], [ 58.729211, 23.565668 ], [ 59.180502, 22.992395 ], [ 59.450098, 22.660271 ], [ 59.80806, 22.533612 ], [ 59.806148, 22.310525 ], [ 59.442191, 21.714541 ], [ 59.282408, 21.433886 ], [ 58.861141, 21.114035 ] ] ], [ [ [ 56.391421, 25.895991 ], [ 56.261042, 25.714606 ], [ 56.070821, 26.055464 ], [ 56.362017, 26.395934 ], [ 56.485679, 26.309118 ], [ 56.391421, 25.895991 ] ] ] ] } },
{ "type": "Feature", "properties": { "name": "Pakistan", "iso3": "PAK", "name_with_flag": "🇵🇰 Pakistan", "1960": 82.024100007191237, "1961": 87.777824696618111, "1962": 89.503952575341316, "1963": 93.650872861346315, "1964": 102.45976384530999, "1965": 113.5672064145957, "1966": 122.2293537547131, "1967": 135.19047494296831, "1968": 141.5583064593456, "1969": 148.52851299007099, "1970": 166.66206195838939, "1971": 172.45366220227399, "1972": 148.07397627061701, "1973": 97.513642592824283, "1974": 132.00515660729289, "1975": 161.6817748995185, "1976": 183.85973342234729, "1977": 204.67776264936731, "1978": 233.41799161408949, "1979": 249.22938995705701, "1980": 287.44870727002188, "1981": 327.50506996174488, "1982": 344.88979246699472, "1983": 311.09836135670253, "1984": 327.34562515229112, "1985": 317.06349938643223, "1986": 313.94632404390569, "1987": 317.23867416110988, "1988": 353.85454278548991, "1989": 357.59579610500691, "1990": 344.45547384188973, "1991": 380.01984334622898, "1992": 395.67720859593038, "1993": 407.88814068846563, "1994": 399.95592756135181, "1995": 450.5502793462062, "1996": 456.99696183294287, "1997": 438.0309426801528, "1998": 424.45369779849699, "1999": 418.24925705536731, "2000": 642.33834649989774, "2001": 609.93950690507347, "2002": 599.93734572392736, "2003": 672.44178669893995, "2004": 771.90224734895378, "2005": 827.61986118992581, "2006": 900.87356498480835, "2007": 998.09011419752403, "2008": 1067.043245652837, "2009": 963.78806639522475, "2010": 987.30457112448539, "2011": 1131.7351383432381, "2012": 1204.364754915847, "2013": 1225.434011919803, "2014": 1266.6134084995931, "2015": 1380.4702083831719, "2016": 1424.6916119589739, "2017": 1519.2345951424779, "2018": 1569.3381462635491, "2019": 1390.416909817447, "2020": 1278.3973520689549, "2021": 1455.31922370186, "2022": 1538.3228133171001, "2023": 1365.1692741097579, "2024": 1484.749858647752 }, "geometry": { "type": "Polygon", "coordinates": [ [ [ 75.158028, 37.133031 ], [ 75.896897, 36.666806 ], [ 76.192848, 35.898403 ], [ 77.837451, 35.49401 ], [ 76.871722, 34.653544 ], [ 75.757061, 34.504923 ], [ 74.240203, 34.748887 ], [ 73.749948, 34.317699 ], [ 74.104294, 33.441473 ], [ 74.451559, 32.7649 ], [ 75.258642, 32.271105 ], [ 74.405929, 31.692639 ], [ 74.42138, 30.979815 ], [ 73.450638, 29.976413 ], [ 72.823752, 28.961592 ], [ 71.777666, 27.91318 ], [ 70.616496, 27.989196 ], [ 69.514393, 26.940966 ], [ 70.168927, 26.491872 ], [ 70.282873, 25.722229 ], [ 70.844699, 25.215102 ], [ 71.04324, 24.356524 ], [ 68.842599, 24.359134 ], [ 68.176645, 23.691965 ], [ 67.443667, 23.944844 ], [ 67.145442, 24.663611 ], [ 66.372828, 25.425141 ], [ 64.530408, 25.237039 ], [ 62.905701, 25.218409 ], [ 61.497363, 25.078237 ], [ 61.874187, 26.239975 ], [ 63.316632, 26.756532 ], [ 63.233898, 27.217047 ], [ 62.755426, 27.378923 ], [ 62.72783, 28.259645 ], [ 61.771868, 28.699334 ], [ 61.369309, 29.303276 ], [ 60.874248, 29.829239 ], [ 62.549857, 29.318572 ], [ 63.550261, 29.468331 ], [ 64.148002, 29.340819 ], [ 64.350419, 29.560031 ], [ 65.046862, 29.472181 ], [ 66.346473, 29.887943 ], [ 66.381458, 30.738899 ], [ 66.938891, 31.304911 ], [ 67.683394, 31.303154 ], [ 67.792689, 31.58293 ], [ 68.556932, 31.71331 ], [ 68.926677, 31.620189 ], [ 69.317764, 31.901412 ], [ 69.262522, 32.501944 ], [ 69.687147, 33.105499 ], [ 70.323594, 33.358533 ], [ 69.930543, 34.02012 ], [ 70.881803, 33.988856 ], [ 71.156773, 34.348911 ], [ 71.115019, 34.733126 ], [ 71.613076, 35.153203 ], [ 71.498768, 35.650563 ], [ 71.262348, 36.074388 ], [ 71.846292, 36.509942 ], [ 72.920025, 36.720007 ], [ 74.067552, 36.836176 ], [ 74.575893, 37.020841 ], [ 75.158028, 37.133031 ] ] ] } },
{ "type": "Feature", "properties": { "name": "Panama", "iso3": "PAN", "name_with_flag": "🇵🇦 Panama", "1960": 477.03793500028871, "1961": 516.45986188107292, "1962": 545.5704462725289, "1963": 586.61668793076024, "1964": 611.10061296075401, "1965": 651.33137484862493, "1966": 688.84697876278938, "1967": 744.89092831197422, "1968": 778.47664166632273, "1969": 830.3197528564416, "1970": 892.89087748749228, "1971": 979.33025337369963, "1972": 1046.063412228242, "1973": 1164.3274583406851, "1974": 1296.447593081687, "1975": 1405.7489974826669, "1976": 1456.500097077271, "1977": 1503.2650340947209, "1978": 1738.487636840805, "1979": 1937.9810750636129, "1980": 2357.0913199975071, "1981": 2605.4552992439699, "1982": 2811.4064370641108, "1983": 2819.3512845139649, "1984": 2874.948321122271, "1985": 2972.1807066606389, "1986": 3019.481505335747, "1987": 2966.009678666534, "1988": 2508.7822927787938, "1989": 2462.1102245592429, "1990": 2620.1382726627439, "1991": 2820.5454766541811, "1992": 3139.8995289958052, "1993": 3358.4141174005272, "1994": 3508.195700692178, "1995": 3513.8973785463099, "1996": 3308.184295742758, "1997": 3545.976708810781, "1998": 3807.838691820144, "1999": 3950.3414501280899, "2000": 3975.0930865950322, "2001": 3991.7767076923978, "2002": 4090.5861739712859, "2003": 4264.6642884663552, "2004": 4644.5658235304072, "2005": 5017.7410922824029, "2006": 5528.7670546935369, "2007": 6317.817302741244, "2008": 7347.5905032439696, "2009": 7796.9261703504762, "2010": 8331.4642135186787, "2011": 9662.2959221660713, "2012": 11064.80636062029, "2013": 12273.322503763729, "2014": 13213.19896374734, "2015": 14082.654850272789, "2016": 14832.3611608191, "2017": 15694.629745429471, "2018": 16151.32734784758, "2019": 16477.90662856873, "2020": 13290.56083475941, "2021": 15509.806910978379, "2022": 17332.43607429877, "2023": 18686.40509612652, "2024": 19102.85219363993 }, "geometry": { "type": "Polygon", "coordinates": [ [ [ -77.881571, 7.223771 ], [ -78.214936, 7.512255 ], [ -78.429161, 8.052041 ], [ -78.182096, 8.319182 ], [ -78.435465, 8.387705 ], [ -78.622121, 8.718124 ], [ -79.120307, 8.996092 ], [ -79.557877, 8.932375 ], [ -79.760578, 8.584515 ], [ -80.164481, 8.333316 ], [ -80.382659, 8.298409 ], [ -80.480689, 8.090308 ], [ -80.00369, 7.547524 ], [ -80.276671, 7.419754 ], [ -80.421158, 7.271572 ], [ -80.886401, 7.220541 ], [ -81.059543, 7.817921 ], [ -81.189716, 7.647906 ], [ -81.519515, 7.70661 ], [ -81.721311, 8.108963 ], [ -82.131441, 8.175393 ], [ -82.390934, 8.292362 ], [ -82.820081, 8.290864 ], [ -82.850958, 8.073823 ], [ -82.965783, 8.225028 ], [ -82.913176, 8.423517 ], [ -82.829771, 8.626295 ], [ -82.868657, 8.807266 ], [ -82.719183, 8.925709 ], [ -82.927155, 9.07433 ], [ -82.932891, 9.476812 ], [ -82.546196, 9.566135 ], [ -82.187123, 9.207449 ], [ -82.207586, 8.995575 ], [ -81.808567, 8.950617 ], [ -81.714154, 9.031955 ], [ -81.439287, 8.786234 ], [ -80.947302, 8.858504 ], [ -80.521901, 9.111072 ], [ -79.9146, 9.312765 ], [ -79.573303, 9.61161 ], [ -79.021192, 9.552931 ], [ -79.05845, 9.454565 ], [ -78.500888, 9.420459 ], [ -78.055928, 9.24773 ], [ -77.729514, 8.946844 ], [ -77.353361, 8.670505 ], [ -77.474723, 8.524286 ], [ -77.242566, 7.935278 ], [ -77.431108, 7.638061 ], [ -77.753414, 7.70984 ], [ -77.881571, 7.223771 ] ] ] } },
{ "type": "Feature", "properties": { "name": "Peru", "iso3": "PER", "name_with_flag": "🇵🇪 Peru", "1960": 252.79678267503371, "1961": 276.6414001320025, "1962": 304.53781751984332, "1963": 324.10740467283688, "1964": 380.96545746586611, "1965": 438.99079696930289, "1966": 504.82594854241933, "1967": 497.58475625698958, "1968": 447.99179719094951, "1969": 487.66031857554691, "1970": 550.48460944254464, "1971": 599.04196761561661, "1972": 646.67968665499234, "1973": 753.92458116199884, "1974": 926.57995047716963, "1975": 1104.1613300128729, "1976": 1026.414385429282, "1977": 902.86090102550918, "1978": 756.34730676191066, "1979": 942.176901705359, "1980": 1044.6916546857519, "1981": 1216.2735022313459, "1982": 1194.4500061856211, "1983": 927.25865693385219, "1984": 917.89627468314518, "1985": 767.4358875440704, "1986": 1086.6091375538231, "1987": 1792.3007023836151, "1988": 733.29978487465655, "1989": 1044.907257848472, "1990": 1199.6666675661511, "1991": 1527.388794728656, "1992": 1567.4091076512841, "1993": 1487.6740431417529, "1994": 1879.3665775791851, "1995": 2189.5343151531142, "1996": 2226.9168242926512, "1997": 2300.6720077446139, "1998": 2156.393776516134, "1999": 1916.533973679075, "2000": 1945.4133845169829, "2001": 1929.572730388463, "2002": 2007.370196267527, "2003": 2129.4411419763419, "2004": 2397.251472777139, "2005": 2706.6694729760839, "2006": 3129.5599649698211, "2007": 3581.0893081916961, "2008": 4197.5844463414151, "2009": 4181.1875546225256, "2010": 5072.1149401961538, "2011": 5861.3579364524476, "2012": 6519.3785298152716, "2013": 6746.8002569660148, "2014": 6667.1341036086051, "2015": 6231.7115033889386, "2016": 6217.0359999544698, "2017": 6736.1669372548704, "2018": 6978.4912154862677, "2019": 7037.0080369260386, "2020": 6133.3255241018314, "2021": 6826.2025561447699, "2022": 7350.6303430041726, "2023": 7887.5418592010801, "2024": 8452.3716704759845 }, "geometry": { "type": "Polygon", "coordinates": [ [ [ -69.590424, -17.580012 ], [ -69.858444, -18.092694 ], [ -70.372572, -18.347975 ], [ -71.37525, -17.773799 ], [ -71.462041, -17.363488 ], [ -73.44453, -16.359363 ], [ -75.237883, -15.265683 ], [ -76.009205, -14.649286 ], [ -76.423469, -13.823187 ], [ -76.259242, -13.535039 ], [ -77.106192, -12.222716 ], [ -78.092153, -10.377712 ], [ -79.036953, -8.386568 ], [ -79.44592, -7.930833 ], [ -79.760578, -7.194341 ], [ -80.537482, -6.541668 ], [ -81.249996, -6.136834 ], [ -80.926347, -5.690557 ], [ -81.410943, -4.736765 ], [ -81.09967, -4.036394 ], [ -80.302561, -3.404856 ], [ -80.184015, -3.821162 ], [ -80.469295, -4.059287 ], [ -80.442242, -4.425724 ], [ -80.028908, -4.346091 ], [ -79.624979, -4.454198 ], [ -79.205289, -4.959129 ], [ -78.639897, -4.547784 ], [ -78.450684, -3.873097 ], [ -77.837905, -3.003021 ], [ -76.635394, -2.608678 ], [ -75.544996, -1.56161 ], [ -75.233723, -0.911417 ], [ -75.373223, -0.152032 ], [ -75.106625, -0.057205 ], [ -74.441601, -0.53082 ], [ -74.122395, -1.002833 ], [ -73.659504, -1.260491 ], [ -73.070392, -2.308954 ], [ -72.325787, -2.434218 ], [ -71.774761, -2.16979 ], [ -71.413646, -2.342802 ], [ -70.813476, -2.256865 ], [ -70.047709, -2.725156 ], [ -70.692682, -3.742872 ], [ -70.394044, -3.766591 ], [ -69.893635, -4.298187 ], [ -70.794769, -4.251265 ], [ -70.928843, -4.401591 ], [ -71.748406, -4.593983 ], [ -72.891928, -5.274561 ], [ -72.964507, -5.741251 ], [ -73.219711, -6.089189 ], [ -73.120027, -6.629931 ], [ -73.724487, -6.918595 ], [ -73.723401, -7.340999 ], [ -73.987235, -7.52383 ], [ -73.571059, -8.424447 ], [ -73.015383, -9.032833 ], [ -73.226713, -9.462213 ], [ -72.563033, -9.520194 ], [ -72.184891, -10.053598 ], [ -71.302412, -10.079436 ], [ -70.481894, -9.490118 ], [ -70.548686, -11.009147 ], [ -70.093752, -11.123972 ], [ -69.529678, -10.951734 ], [ -68.66508, -12.5613 ], [ -68.88008, -12.899729 ], [ -68.929224, -13.602684 ], [ -68.948887, -14.453639 ], [ -69.339535, -14.953195 ], [ -69.160347, -15.323974 ], [ -69.389764, -15.660129 ], [ -68.959635, -16.500698 ], [ -69.590424, -17.580012 ] ] ] } },
{ "type": "Feature", "properties": { "name": "Philippines", "iso3": "PHL", "name_with_flag": "🇵🇭 Philippines", "1960": 269.46514647479432, "1961": 283.79474119236932, "1962": 166.68922135737679, "1963": 179.46443404529569, "1964": 188.15378358211319, "1965": 199.76357537606251, "1966": 213.84958602084311, "1967": 223.12476633265879, "1968": 242.23206762781439, "1969": 261.09089036941339, "1970": 200.92165564503659, "1971": 217.42905509334309, "1972": 230.0976113140444, "1973": 283.22859273312622, "1974": 379.06818120760221, "1975": 400.63888309095188, "1976": 448.62008450448388, "1977": 502.2342428834595, "1978": 565.26748705359762, "1979": 666.95638677167221, "1980": 766.96945114620939, "1981": 821.29325685809204, "1982": 832.53620025805446, "1983": 723.43049713801622, "1984": 665.04234934404258, "1985": 633.21106531019598, "1986": 600.0028439354619, "1987": 649.81285759060722, "1988": 722.34371845424653, "1989": 791.86432442583327, "1990": 803.57258825581255, "1991": 804.32333053054674, "1992": 916.51569453202865, "1993": 918.64295379696125, "1994": 1059.9838951587001, "1995": 1199.8417141499281, "1996": 1311.0924940386551, "1997": 1273.2760487563601, "1998": 982.86594372856405, "1999": 1101.435159753185, "2000": 1050.792731079523, "2001": 969.53061174445281, "2002": 1014.9087932010621, "2003": 1027.2301192842961, "2004": 1099.6301302375839, "2005": 1220.460185598673, "2006": 1426.146491795462, "2007": 1712.6554328279281, "2008": 1959.2923353497781, "2009": 1864.4504340647129, "2010": 2162.9137588561398, "2011": 2383.9189252208698, "2012": 2614.6164440130819, "2013": 2781.2795767739722, "2014": 2866.8380376140722, "2015": 2909.8581801030059, "2016": 2985.1956402404639, "2017": 3038.1212495928921, "2018": 3168.5103660972691, "2019": 3400.789497670743, "2020": 3227.5791023519928, "2021": 3484.385938828189, "2022": 3548.0693057211561, "2023": 3804.0827413109691, "2024": 3984.8315387656021 }, "geometry": { "type": "MultiPolygon", "coordinates": [ [ [ [ 126.376814, 8.414706 ], [ 126.478513, 7.750354 ], [ 126.537424, 7.189381 ], [ 126.196773, 6.274294 ], [ 125.831421, 7.293715 ], [ 125.363852, 6.786485 ], [ 125.683161, 6.049657 ], [ 125.396512, 5.581003 ], [ 124.219788, 6.161355 ], [ 123.93872, 6.885136 ], [ 124.243662, 7.36061 ], [ 123.610212, 7.833527 ], [ 123.296071, 7.418876 ], [ 122.825506, 7.457375 ], [ 122.085499, 6.899424 ], [ 121.919928, 7.192119 ], [ 122.312359, 8.034962 ], [ 122.942398, 8.316237 ], [ 123.487688, 8.69301 ], [ 123.841154, 8.240324 ], [ 124.60147, 8.514158 ], [ 124.764612, 8.960409 ], [ 125.471391, 8.986997 ], [ 125.412118, 9.760335 ], [ 126.222714, 9.286074 ], [ 126.306637, 8.782487 ], [ 126.376814, 8.414706 ] ] ], [ [ [ 123.982438, 10.278779 ], [ 123.623183, 9.950091 ], [ 123.309921, 9.318269 ], [ 122.995883, 9.022189 ], [ 122.380055, 9.713361 ], [ 122.586089, 9.981045 ], [ 122.837081, 10.261157 ], [ 122.947411, 10.881868 ], [ 123.49885, 10.940624 ], [ 123.337774, 10.267384 ], [ 124.077936, 11.232726 ], [ 123.982438, 10.278779 ] ] ], [ [ [ 118.504581, 9.316383 ], [ 117.174275, 8.3675 ], [ 117.664477, 9.066889 ], [ 118.386914, 9.6845 ], [ 118.987342, 10.376292 ], [ 119.511496, 11.369668 ], [ 119.689677, 10.554291 ], [ 119.029458, 10.003653 ], [ 118.504581, 9.316383 ] ] ], [ [ [ 121.883548, 11.891755 ], [ 122.483821, 11.582187 ], [ 123.120217, 11.58366 ], [ 123.100838, 11.165934 ], [ 122.637714, 10.741308 ], [ 122.00261, 10.441017 ], [ 121.967367, 10.905691 ], [ 122.03837, 11.415841 ], [ 121.883548, 11.891755 ] ] ], [ [ [ 125.502552, 12.162695 ], [ 125.783465, 11.046122 ], [ 125.011884, 11.311455 ], [ 125.032761, 10.975816 ], [ 125.277449, 10.358722 ], [ 124.801819, 10.134679 ], [ 124.760168, 10.837995 ], [ 124.459101, 10.88993 ], [ 124.302522, 11.495371 ], [ 124.891013, 11.415583 ], [ 124.87799, 11.79419 ], [ 124.266762, 12.557761 ], [ 125.227116, 12.535721 ], [ 125.502552, 12.162695 ] ] ], [ [ [ 121.527394, 13.06959 ], [ 121.26219, 12.20556 ], [ 120.833896, 12.704496 ], [ 120.323436, 13.466413 ], [ 121.180128, 13.429697 ], [ 121.527394, 13.06959 ] ] ], [ [ [ 121.321308, 18.504065 ], [ 121.937601, 18.218552 ], [ 122.246006, 18.47895 ], [ 122.336957, 18.224883 ], [ 122.174279, 17.810283 ], [ 122.515654, 17.093505 ], [ 122.252311, 16.262444 ], [ 121.662786, 15.931018 ], [ 121.50507, 15.124814 ], [ 121.728829, 14.328376 ], [ 122.258925, 14.218202 ], [ 122.701276, 14.336541 ], [ 123.950295, 13.782131 ], [ 123.855107, 13.237771 ], [ 124.181289, 12.997527 ], [ 124.077419, 12.536677 ], [ 123.298035, 13.027526 ], [ 122.928652, 13.55292 ], [ 122.671355, 13.185836 ], [ 122.03465, 13.784482 ], [ 121.126385, 13.636687 ], [ 120.628637, 13.857656 ], [ 120.679384, 14.271016 ], [ 120.991819, 14.525393 ], [ 120.693336, 14.756671 ], [ 120.564145, 14.396279 ], [ 120.070429, 14.970869 ], [ 119.920929, 15.406347 ], [ 119.883773, 16.363704 ], [ 120.286488, 16.034629 ], [ 120.390047, 17.599081 ], [ 120.715867, 18.505227 ], [ 121.321308, 18.504065 ] ] ] ] } },
{ "type": "Feature", "properties": { "name": "Papua New Guinea", "iso3": "PNG", "name_with_flag": "🇵🇬 Papua New Guinea", "1960": 115.53049048892839, "1961": 119.6563259138491, "1962": 124.73454884809141, "1963": 128.8741650951944, "1964": 139.51860388650121, "1965": 153.93728254876009, "1966": 171.0545585691018, "1967": 188.97203660805889, "1968": 202.9377533947675, "1969": 225.28823467239451, "1970": 257.64727058083417, "1971": 279.669733884528, "1972": 326.720237042343, "1973": 482.81625242141462, "1974": 533.08865177495647, "1975": 481.95039402055738, "1976": 525.43323560064925, "1977": 558.01501624978221, "1978": 648.49011278165358, "1979": 747.80094908290391, "1980": 812.96461757898135, "1981": 781.41257446285988, "1982": 725.64599278939397, "1983": 768.63636490426904, "1984": 749.63705992677762, "1985": 696.57480663632475, "1986": 744.90852274294889, "1987": 865.46856956331362, "1988": 984.99355601642685, "1989": 934.24649485433076, "1990": 826.31715208283208, "1991": 941.70772161656316, "1992": 1050.707168925805, "1993": 1151.283881166006, "1994": 1228.2434363877171, "1995": 998.22996737613141, "1996": 1071.0418515025119, "1997": 989.72155096534323, "1998": 733.4798601376624, "1999": 649.99471971876301, "2000": 635.95791904772523, "2001": 537.84745963413127, "2002": 506.33178953448248, "2003": 577.46792238725857, "2004": 620.59614768056122, "2005": 744.4864899774326, "2006": 1238.18282926706, "2007": 1370.753415829, "2008": 1624.7931993518789, "2009": 1568.8319336860679, "2010": 1866.868898512078, "2011": 2288.3759114123368, "2012": 2635.087363154696, "2013": 2560.7745897632681, "2014": 2723.175298251957, "2015": 2484.5963398602998, "2016": 2316.3947975849228, "2017": 2477.765309863235, "2018": 2566.3683373504059, "2019": 2575.7727414039268, "2020": 2429.6113458526861, "2021": 2607.5786187444401, "2022": 3102.2896859406078, "2023": 2966.0683043205458, "2024": 3076.4878618658399 }, "geometry": { "type": "MultiPolygon", "coordinates": [ [ [ [ 155.880026, -6.819997 ], [ 155.599991, -6.919991 ], [ 155.166994, -6.535931 ], [ 154.729192, -5.900828 ], [ 154.514114, -5.139118 ], [ 154.652504, -5.042431 ], [ 154.759991, -5.339984 ], [ 155.062918, -5.566792 ], [ 155.547746, -6.200655 ], [ 156.019965, -6.540014 ], [ 155.880026, -6.819997 ] ] ], [ [ [ 151.982796, -5.478063 ], [ 151.459107, -5.56028 ], [ 151.30139, -5.840728 ], [ 150.754447, -6.083763 ], [ 150.241197, -6.317754 ], [ 149.709963, -6.316513 ], [ 148.890065, -6.02604 ], [ 148.318937, -5.747142 ], [ 148.401826, -5.437756 ], [ 149.298412, -5.583742 ], [ 149.845562, -5.505503 ], [ 149.99625, -5.026101 ], [ 150.139756, -5.001348 ], [ 150.236908, -5.53222 ], [ 150.807467, -5.455842 ], [ 151.089672, -5.113693 ], [ 151.647881, -4.757074 ], [ 151.537862, -4.167807 ], [ 152.136792, -4.14879 ], [ 152.338743, -4.312966 ], [ 152.318693, -4.867661 ], [ 151.982796, -5.478063 ] ] ], [ [ [ 147.191874, -7.388024 ], [ 148.084636, -8.044108 ], [ 148.734105, -9.104664 ], [ 149.306835, -9.071436 ], [ 149.266631, -9.514406 ], [ 150.038728, -9.684318 ], [ 149.738798, -9.872937 ], [ 150.801628, -10.293687 ], [ 150.690575, -10.582713 ], [ 150.028393, -10.652476 ], [ 149.78231, -10.393267 ], [ 148.923138, -10.280923 ], [ 147.913018, -10.130441 ], [ 147.135443, -9.492444 ], [ 146.567881, -8.942555 ], [ 146.048481, -8.067414 ], [ 144.744168, -7.630128 ], [ 143.897088, -7.91533 ], [ 143.286376, -8.245491 ], [ 143.413913, -8.983069 ], [ 142.628431, -9.326821 ], [ 142.068259, -9.159596 ], [ 141.033852, -9.117893 ], [ 141.017057, -5.859022 ], [ 141.00021, -2.600151 ], [ 142.735247, -3.289153 ], [ 144.583971, -3.861418 ], [ 145.27318, -4.373738 ], [ 145.829786, -4.876498 ], [ 145.981922, -5.465609 ], [ 147.648073, -6.083659 ], [ 147.891108, -6.614015 ], [ 146.970905, -6.721657 ], [ 147.191874, -7.388024 ] ] ], [ [ [ 153.140038, -4.499983 ], [ 152.827292, -4.766427 ], [ 152.638673, -4.176127 ], [ 152.406026, -3.789743 ], [ 151.953237, -3.462062 ], [ 151.384279, -3.035422 ], [ 150.66205, -2.741486 ], [ 150.939965, -2.500002 ], [ 151.479984, -2.779985 ], [ 151.820015, -2.999972 ], [ 152.239989, -3.240009 ], [ 152.640017, -3.659983 ], [ 153.019994, -3.980015 ], [ 153.140038, -4.499983 ] ] ] ] } },
{ "type": "Feature", "properties": { "name": "Poland", "iso3": "POL", "name_with_flag": "🇵🇱 Poland", "1960": null, "1961": null, "1962": null, "1963": null, "1964": null, "1965": null, "1966": null, "1967": null, "1968": null, "1969": null, "1970": null, "1971": null, "1972": null, "1973": null, "1974": null, "1975": null, "1976": null, "1977": null, "1978": null, "1979": null, "1980": null, "1981": null, "1982": null, "1983": null, "1984": null, "1985": null, "1986": null, "1987": null, "1988": null, "1989": null, "1990": 1731.2095094382039, "1991": 2235.5410886252148, "1992": 2459.0206846825331, "1993": 2497.130559361271, "1994": 2874.83163555069, "1995": 3700.959567751443, "1996": 4163.5119543195906, "1997": 4137.008318231452, "1998": 4533.5356551780978, "1999": 4415.5006754782644, "2000": 4520.6410044911054, "2001": 5015.237900366129, "2002": 5223.4517896708176, "2003": 5720.8136617810396, "2004": 6711.7271526296699, "2005": 8043.9233225375719, "2006": 9068.8552830762728, "2007": 11272.52936833831, "2008": 14048.56046726539, "2009": 11556.302686602619, "2010": 12567.73176763815, "2011": 13867.66694081915, "2012": 13087.420943320951, "2013": 13621.902379403091, "2014": 14262.284191411591, "2015": 12637.522032440609, "2016": 12464.01210448273, "2017": 13913.34151901244, "2018": 15658.21058669296, "2019": 15874.52205312538, "2020": 16150.929100972569, "2021": 18635.508881250891, "2022": 18891.213529395969, "2023": 22145.264308890859, "2024": 25022.671644595339 }, "geometry": { "type": "Polygon", "coordinates": [ [ [ 15.016996, 51.106674 ], [ 14.607098, 51.745188 ], [ 14.685026, 52.089947 ], [ 14.4376, 52.62485 ], [ 14.074521, 52.981263 ], [ 14.353315, 53.248171 ], [ 14.119686, 53.757029 ], [ 14.8029, 54.050706 ], [ 16.363477, 54.513159 ], [ 17.622832, 54.851536 ], [ 18.620859, 54.682606 ], [ 18.696255, 54.438719 ], [ 19.66064, 54.426084 ], [ 20.892245, 54.312525 ], [ 22.731099, 54.327537 ], [ 23.243987, 54.220567 ], [ 23.484128, 53.912498 ], [ 23.527536, 53.470122 ], [ 23.804935, 53.089731 ], [ 23.799199, 52.691099 ], [ 23.199494, 52.486977 ], [ 23.508002, 52.023647 ], [ 23.527071, 51.578454 ], [ 24.029986, 50.705407 ], [ 23.922757, 50.424881 ], [ 23.426508, 50.308506 ], [ 22.51845, 49.476774 ], [ 22.776419, 49.027395 ], [ 22.558138, 49.085738 ], [ 21.607808, 49.470107 ], [ 20.887955, 49.328772 ], [ 20.415839, 49.431453 ], [ 19.825023, 49.217125 ], [ 19.320713, 49.571574 ], [ 18.909575, 49.435846 ], [ 18.853144, 49.49623 ], [ 18.392914, 49.988629 ], [ 17.649445, 50.049038 ], [ 17.554567, 50.362146 ], [ 16.868769, 50.473974 ], [ 16.719476, 50.215747 ], [ 16.176253, 50.422607 ], [ 16.238627, 50.697733 ], [ 15.490972, 50.78473 ], [ 15.016996, 51.106674 ] ] ] } },
{ "type": "Feature", "properties": { "name": "Puerto Rico", "iso3": "PRI", "name_with_flag": "🇵🇷 Puerto Rico", "1960": 717.51484308736212, "1961": 777.21502740734138, "1962": 854.7448049684898, "1963": 931.75166598124201, "1964": 1006.434446094972, "1965": 1110.832690824981, "1966": 1207.8118244034749, "1967": 1335.2741116252421, "1968": 1480.6931764225051, "1969": 1661.8668852336871, "1970": 1852.3546725533481, "1971": 2044.3199055821649, "1972": 2246.4767135113029, "1973": 2432.4142190492798, "1974": 2614.5009405303781, "1975": 2738.2431529726109, "1976": 2946.4619525115199, "1977": 3208.771356141277, "1978": 3567.7526290006999, "1979": 4024.5094201928732, "1980": 4502.8384279475986, "1981": 4920.7229367485861, "1982": 5115.008514233461, "1983": 5217.7227285603922, "1984": 5730.1170089020061, "1985": 6008.0544862303823, "1986": 6455.1844610761409, "1987": 6980.4901433821924, "1988": 7595.4446561182858, "1989": 8033.0894413304241, "1990": 8652.5074922250496, "1991": 9064.0185171148569, "1992": 9659.3388999591643, "1993": 10212.276763056359, "1994": 10876.418823989779, "1995": 11579.184996998451, "1996": 12173.16368898596, "1997": 12817.64496213522, "1998": 14304.404986801461, "1999": 15220.99134202666, "2000": 16192.126971963769, "2001": 18123.198701991791, "2002": 18731.459389737851, "2003": 19557.120249235839, "2004": 20988.992332653401, "2005": 21959.322696986052, "2006": 22935.941158631289, "2007": 23664.882348509582, "2008": 24898.334585704459, "2009": 25768.725888338449, "2010": 26414.881063454752, "2011": 27170.07665432775, "2012": 27742.024476618011, "2013": 28212.049973743109, "2014": 28576.098802320881, "2015": 29242.04146508496, "2016": 29978.088926891829, "2017": 30328.487113280411, "2018": 30679.91819344879, "2019": 31830.52849933584, "2020": 31427.113076283142, "2021": 32619.070460117371, "2022": 35353.682157001393, "2023": 36948.403641684607, "2024": 39285.017458585608 }, "geometry": { "type": "Polygon", "coordinates": [ [ [ -66.282434, 18.514762 ], [ -65.771303, 18.426679 ], [ -65.591004, 18.228035 ], [ -65.847164, 17.975906 ], [ -66.599934, 17.981823 ], [ -67.184162, 17.946553 ], [ -67.242428, 18.37446 ], [ -67.100679, 18.520601 ], [ -66.282434, 18.514762 ] ] ] } },
{ "type": "Feature", "properties": { "name": "North Korea", "iso3": "PRK", "name_with_flag": "🇰🇵 North Korea", "1960": null, "1961": null, "1962": null, "1963": null, "1964": null, "1965": null, "1966": null, "1967": null, "1968": null, "1969": null, "1970": null, "1971": null, "1972": null, "1973": null, "1974": null, "1975": null, "1976": null, "1977": null, "1978": null, "1979": null, "1980": null, "1981": null, "1982": null, "1983": null, "1984": null, "1985": null, "1986": null, "1987": null, "1988": null, "1989": null, "1990": null, "1991": null, "1992": null, "1993": null, "1994": null, "1995": null, "1996": null, "1997": null, "1998": null, "1999": null, "2000": null, "2001": null, "2002": null, "2003": null, "2004": null, "2005": null, "2006": null, "2007": null, "2008": null, "2009": null, "2010": null, "2011": null, "2012": null, "2013": null, "2014": null, "2015": null, "2016": null, "2017": null, "2018": null, "2019": null, "2020": null, "2021": null, "2022": null, "2023": null, "2024": null }, "geometry": { "type": "Polygon", "coordinates": [ [ [ 130.640016, 42.395009 ], [ 130.780007, 42.220007 ], [ 130.400031, 42.280004 ], [ 129.965949, 41.941368 ], [ 129.667362, 41.601104 ], [ 129.705189, 40.882828 ], [ 129.188115, 40.661808 ], [ 129.0104, 40.485436 ], [ 128.633368, 40.189847 ], [ 127.967414, 40.025413 ], [ 127.533436, 39.75685 ], [ 127.50212, 39.323931 ], [ 127.385434, 39.213472 ], [ 127.783343, 39.050898 ], [ 128.349716, 38.612243 ], [ 128.205746, 38.370397 ], [ 127.780035, 38.304536 ], [ 127.073309, 38.256115 ], [ 126.68372, 37.804773 ], [ 126.237339, 37.840378 ], [ 126.174759, 37.749686 ], [ 125.689104, 37.94001 ], [ 125.568439, 37.752089 ], [ 125.27533, 37.669071 ], [ 125.240087, 37.857224 ], [ 124.981033, 37.948821 ], [ 124.712161, 38.108346 ], [ 124.985994, 38.548474 ], [ 125.221949, 38.665857 ], [ 125.132859, 38.848559 ], [ 125.38659, 39.387958 ], [ 125.321116, 39.551385 ], [ 124.737482, 39.660344 ], [ 124.265625, 39.928493 ], [ 125.079942, 40.569824 ], [ 126.182045, 41.107336 ], [ 126.869083, 41.816569 ], [ 127.343783, 41.503152 ], [ 128.208433, 41.466772 ], [ 128.052215, 41.994285 ], [ 129.596669, 42.424982 ], [ 129.994267, 42.985387 ], [ 130.640016, 42.395009 ] ] ] } },
{ "type": "Feature", "properties": { "name": "Portugal", "iso3": "PRT", "name_with_flag": "🇵🇹 Portugal", "1960": 376.97643025087439, "1961": 400.22316205782653, "1962": 426.4943362982296, "1963": 452.28029161821343, "1964": 490.20738585628868, "1965": 544.71961987576049, "1966": 601.28922226187558, "1967": 676.38666988711827, "1968": 751.94708562446499, "1969": 832.13068210724452, "1970": 934.08215609611682, "1971": 1064.5377125734101, "1972": 1302.2662677392959, "1973": 1747.9890406026591, "1974": 2000.418245746823, "1975": 2127.6375072593032, "1976": 2173.2839342597531, "1977": 2267.371003194784, "1978": 2457.3132164459912, "1979": 2755.6246177008029, "1980": 3368.3666694027938, "1981": 3245.9752136774759, "1982": 3079.9495663427101, "1983": 2735.491065800466, "1984": 2522.7474762065799, "1985": 2705.1930019731708, "1986": 3861.9484333688051, "1987": 4803.8660954694096, "1988": 5623.6969998212326, "1989": 6056.3810277188886, "1990": 7884.6179875633179, "1991": 8958.985333024697, "1992": 10810.56650796256, "1993": 9534.6563637307954, "1994": 9977.3199090577073, "1995": 11781.361850222051, "1996": 12185.09140106294, "1997": 11575.507112435829, "1998": 12199.20638502403, "1999": 12475.2917701476, "2000": 11526.372066796819, "2001": 11734.764974395401, "2002": 12936.692820448199, "2003": 15797.78213402759, "2004": 18064.15809329872, "2005": 18780.127512409999, "2006": 19839.454049903208, "2007": 22811.056484436522, "2008": 24949.04135667393, "2009": 23151.215413071171, "2010": 22551.935098808972, "2011": 23246.542541648108, "2012": 20593.427422410899, "2013": 21676.485964271389, "2014": 22120.68501271075, "2015": 19215.781301434679, "2016": 19980.28088665157, "2017": 21442.384276887911, "2018": 23541.14010752886, "2019": 23343.36289700343, "2020": 22299.404406217309, "2021": 24711.451006211089, "2022": 24620.519556875039, "2023": 27386.292059502379, "2024": 28844.49792467989 }, "geometry": { "type": "Polygon", "coordinates": [ [ [ -9.034818, 41.880571 ], [ -8.671946, 42.134689 ], [ -8.263857, 42.280469 ], [ -8.013175, 41.790886 ], [ -7.422513, 41.792075 ], [ -7.251309, 41.918346 ], [ -6.668606, 41.883387 ], [ -6.389088, 41.381815 ], [ -6.851127, 41.111083 ], [ -6.86402, 40.330872 ], [ -7.026413, 40.184524 ], [ -7.066592, 39.711892 ], [ -7.498632, 39.629571 ], [ -7.098037, 39.030073 ], [ -7.374092, 38.373059 ], [ -7.029281, 38.075764 ], [ -7.166508, 37.803894 ], [ -7.537105, 37.428904 ], [ -7.453726, 37.097788 ], [ -7.855613, 36.838269 ], [ -8.382816, 36.97888 ], [ -8.898857, 36.868809 ], [ -8.746101, 37.651346 ], [ -8.839998, 38.266243 ], [ -9.287464, 38.358486 ], [ -9.526571, 38.737429 ], [ -9.446989, 39.392066 ], [ -9.048305, 39.755093 ], [ -8.977353, 40.159306 ], [ -8.768684, 40.760639 ], [ -8.790853, 41.184334 ], [ -8.990789, 41.543459 ], [ -9.034818, 41.880571 ] ] ] } },
{ "type": "Feature", "properties": { "name": "Paraguay", "iso3": "PRY", "name_with_flag": "🇵🇾 Paraguay", "1960": 153.37521675810939, "1961": 167.09282749595059, "1962": 182.80519413237479, "1963": 189.87242348926779, "1964": 196.97335577417709, "1965": 208.72957950669601, "1966": 213.94760839944129, "1967": 220.93090975787521, "1968": 226.8019781232899, "1969": 238.2422084502434, "1970": 248.99670820907929, "1971": 272.08244074559713, "1972": 307.63051622844552, "1973": 388.7122598130594, "1974": 507.87047971713997, "1975": 561.52239628682321, "1976": 615.82504993421765, "1977": 739.83449409652985, "1978": 882.93191934144193, "1979": 1148.8952731763679, "1980": 1456.844069188026, "1981": 1792.614961293991, "1982": 1679.818437390333, "1983": 1709.804840095014, "1984": 1319.2344676665271, "1985": 934.99198180669441, "1986": 1031.1562378106221, "1987": 1068.953802873355, "1988": 1113.894068631377, "1989": 1211.296343339641, "1990": 1440.1582961002939, "1991": 1685.2689008262089, "1992": 1682.6744477761081, "1993": 1661.709553062175, "1994": 1760.288070832916, "1995": 1978.7151409957489, "1996": 2088.171091022356, "1997": 2078.5084131382391, "1998": 1889.88455618586, "1999": 1766.306572882587, "2000": 1736.11729210765, "2001": 1637.6861512293181, "2002": 1367.765069359971, "2003": 1443.998852362052, "2004": 1786.215339385431, "2005": 1970.87169852378, "2006": 2439.43124694576, "2007": 3211.936216595464, "2008": 4384.9546943792984, "2009": 3941.8481547927099, "2010": 4750.9627366932209, "2011": 5805.4015454304372, "2012": 5642.169916729802, "2013": 6435.6834273318227, "2014": 6652.254789422911, "2015": 5879.3379230867122, "2016": 5775.1596339946009, "2017": 6152.2671153770343, "2018": 6258.4499164095369, "2019": 5821.1819954863713, "2020": 5365.472207211913, "2021": 5976.9317978996014, "2022": 6205.625953793703, "2023": 6299.9902653364334, "2024": 6416.0970900291686 }, "geometry": { "type": "Polygon", "coordinates": [ [ [ -62.685057, -22.249029 ], [ -62.291179, -21.051635 ], [ -62.265961, -20.513735 ], [ -61.786326, -19.633737 ], [ -60.043565, -19.342747 ], [ -59.115042, -19.356906 ], [ -58.183471, -19.868399 ], [ -58.166392, -20.176701 ], [ -57.870674, -20.732688 ], [ -57.937156, -22.090176 ], [ -56.88151, -22.282154 ], [ -56.473317, -22.0863 ], [ -55.797958, -22.35693 ], [ -55.610683, -22.655619 ], [ -55.517639, -23.571998 ], [ -55.400747, -23.956935 ], [ -55.027902, -24.001274 ], [ -54.652834, -23.839578 ], [ -54.29296, -24.021014 ], [ -54.293476, -24.5708 ], [ -54.428946, -25.162185 ], [ -54.625291, -25.739255 ], [ -54.788795, -26.621786 ], [ -55.695846, -27.387837 ], [ -56.486702, -27.548499 ], [ -57.60976, -27.395899 ], [ -58.618174, -27.123719 ], [ -57.63366, -25.603657 ], [ -57.777217, -25.16234 ], [ -58.807128, -24.771459 ], [ -60.028966, -24.032796 ], [ -60.846565, -23.880713 ], [ -62.685057, -22.249029 ] ] ] } },
{ "type": "Feature", "properties": { "name": "Qatar", "iso3": "QAT", "name_with_flag": "🇶🇦 Qatar", "1960": null, "1961": null, "1962": null, "1963": null, "1964": null, "1965": null, "1966": null, "1967": null, "1968": null, "1969": null, "1970": 2593.8229633975229, "1971": 2951.7694145330038, "1972": 3482.877835560997, "1973": 4905.3426509432929, "1974": 13539.5587974924, "1975": 13013.68380994958, "1976": 15710.3208135683, "1977": 16057.725271938431, "1978": 16757.098246132751, "1979": 21776.63817538333, "1980": 28375.485250111291, "1981": 29504.940381247208, "1982": 24384.593850122819, "1983": 19616.032039441769, "1984": 19272.261609460282, "1985": 16815.041963283478, "1986": 13213.20936177691, "1987": 13718.791152047659, "1988": 14682.02184720042, "1989": 15242.506890496061, "1990": 16721.6207714589, "1991": 15133.49693970686, "1992": 16280.29388152733, "1993": 14769.71933225222, "1994": 14764.877135522171, "1995": 15822.509071155349, "1996": 17124.792086135629, "1997": 20522.80129951792, "1998": 17665.44084382218, "1999": 20233.68468266428, "2000": 27535.18294093405, "2001": 25870.799186431439, "2002": 27226.65935101168, "2003": 31602.470865136002, "2004": 41035.500838017739, "2005": 53949.676409114647, "2006": 62582.445313875527, "2007": 65954.341952505099, "2008": 80781.403918779193, "2009": 60785.735155165748, "2010": 77387.326788530801, "2011": 103261.5065393456, "2012": 108470.37882503599, "2013": 103697.0083723728, "2014": 95840.631009449804, "2015": 68985.294696150726, "2016": 61253.637548279738, "2017": 63279.855694933147, "2018": 71039.849057935193, "2019": 66841.301348491936, "2020": 51683.505437667707, "2021": 71751.883125716908, "2022": 88701.463352273015, "2023": 80195.874650854865, "2024": 76275.907678283329 }, "geometry": { "type": "Polygon", "coordinates": [ [ [ 50.810108, 24.754743 ], [ 50.743911, 25.482424 ], [ 51.013352, 26.006992 ], [ 51.286462, 26.114582 ], [ 51.589079, 25.801113 ], [ 51.6067, 25.21567 ], [ 51.389608, 24.627386 ], [ 51.112415, 24.556331 ], [ 50.810108, 24.754743 ] ] ] } },
{ "type": "Feature", "properties": { "name": "Romania", "iso3": "ROU", "name_with_flag": "🇷🇴 Romania", "1960": null, "1961": null, "1962": null, "1963": null, "1964": null, "1965": null, "1966": null, "1967": null, "1968": null, "1969": null, "1970": null, "1971": null, "1972": null, "1973": null, "1974": null, "1975": null, "1976": null, "1977": null, "1978": null, "1979": null, "1980": null, "1981": null, "1982": null, "1983": null, "1984": null, "1985": null, "1986": null, "1987": 1658.758738999948, "1988": 1753.192856321981, "1989": 1789.644555281129, "1990": 1648.485229745424, "1991": 1254.312442129798, "1992": 1102.1037847324651, "1993": 1158.056327997125, "1994": 1323.032377669268, "1995": 1650.0492236520081, "1996": 1633.0106435411719, "1997": 1577.336560239743, "1998": 1852.554969333904, "1999": 1599.906228083388, "2000": 1659.929049105278, "2001": 1825.192993731835, "2002": 2119.8550968455429, "2003": 2679.4062601615442, "2004": 3494.990564489553, "2005": 4618.0035080291318, "2006": 5757.5312730117848, "2007": 8360.3377591659573, "2008": 10435.156123078719, "2009": 8548.454340924196, "2010": 8399.5374234284045, "2011": 9560.6755277458033, "2012": 8929.9536623147415, "2013": 9497.6741161523714, "2014": 10031.77107554039, "2015": 8977.0174815819646, "2016": 9404.5400587071472, "2017": 10727.98220074259, "2018": 12502.2624061935, "2019": 12992.03261046737, "2020": 13082.300655955391, "2021": 14986.785490427401, "2022": 15557.88262475836, "2023": 18404.27308717039, "2024": 20072.4079244042 }, "geometry": { "type": "Polygon", "coordinates": [ [ [ 22.710531, 47.882194 ], [ 23.142236, 48.096341 ], [ 23.760958, 47.985598 ], [ 24.402056, 47.981878 ], [ 24.866317, 47.737526 ], [ 25.207743, 47.891056 ], [ 25.945941, 47.987149 ], [ 26.19745, 48.220881 ], [ 26.619337, 48.220726 ], [ 26.924176, 48.123264 ], [ 27.233873, 47.826771 ], [ 27.551166, 47.405117 ], [ 28.12803, 46.810476 ], [ 28.160018, 46.371563 ], [ 28.054443, 45.944586 ], [ 28.233554, 45.488283 ], [ 28.679779, 45.304031 ], [ 29.149725, 45.464925 ], [ 29.603289, 45.293308 ], [ 29.626543, 45.035391 ], [ 29.141612, 44.82021 ], [ 28.837858, 44.913874 ], [ 28.558081, 43.707462 ], [ 27.970107, 43.812468 ], [ 27.2424, 44.175986 ], [ 26.065159, 43.943494 ], [ 25.569272, 43.688445 ], [ 24.100679, 43.741051 ], [ 23.332302, 43.897011 ], [ 22.944832, 43.823785 ], [ 22.65715, 44.234923 ], [ 22.474008, 44.409228 ], [ 22.705726, 44.578003 ], [ 22.459022, 44.702517 ], [ 22.145088, 44.478422 ], [ 21.562023, 44.768947 ], [ 21.483526, 45.18117 ], [ 20.874313, 45.416375 ], [ 20.762175, 45.734573 ], [ 20.220192, 46.127469 ], [ 21.021952, 46.316088 ], [ 21.626515, 46.994238 ], [ 22.099768, 47.672439 ], [ 22.710531, 47.882194 ] ] ] } },
{ "type": "Feature", "properties": { "name": "Russia", "iso3": "RUS", "name_with_flag": "🇷🇺 Russia", "1960": null, "1961": null, "1962": null, "1963": null, "1964": null, "1965": null, "1966": null, "1967": null, "1968": null, "1969": null, "1970": null, "1971": null, "1972": null, "1973": null, "1974": null, "1975": null, "1976": null, "1977": null, "1978": null, "1979": null, "1980": null, "1981": null, "1982": null, "1983": null, "1984": null, "1985": null, "1986": null, "1987": null, "1988": 3778.01977539063, "1989": 3429.64990234375, "1990": 3494.06323242188, "1991": 3490.45239257813, "1992": 3098.802734375, "1993": 2930.67016601563, "1994": 2662.10400390625, "1995": 2665.77978515625, "1996": 2643.92919921875, "1997": 2737.57202148438, "1998": 1834.86181640625, "1999": 1330.75720214844, "2000": 1771.59411621094, "2001": 2100.3525390625, "2002": 2377.52954101563, "2003": 2975.123046875, "2004": 4102.36474609375, "2005": 5323.455078125, "2006": 6920.19970703125, "2007": 9101.2392578125, "2008": 11635.2841796875, "2009": 8562.82421875, "2010": 10674.990234375, "2011": 14305.33203125, "2012": 15401.8515625, "2013": 15941.4482421875, "2014": 14055.47265625, "2015": 9277.7138671875, "2016": 8663.158203125, "2017": 10658.9130859375, "2018": 11211.8876953125, "2019": 11447.701171875, "2020": 10108.3271484375, "2021": 12425.029296875, "2022": 15619.6142578125, "2023": 14159.3876953125, "2024": 14889.0185546875 }, "geometry": { "type": "MultiPolygon", "coordinates": [ [ [ [ 143.648007, 50.7476 ], [ 144.654148, 48.976391 ], [ 143.173928, 49.306551 ], [ 142.558668, 47.861575 ], [ 143.533492, 46.836728 ], [ 143.505277, 46.137908 ], [ 142.747701, 46.740765 ], [ 142.09203, 45.966755 ], [ 141.906925, 46.805929 ], [ 142.018443, 47.780133 ], [ 141.904445, 48.859189 ], [ 142.1358, 49.615163 ], [ 142.179983, 50.952342 ], [ 141.594076, 51.935435 ], [ 141.682546, 53.301966 ], [ 142.606934, 53.762145 ], [ 142.209749, 54.225476 ], [ 142.654786, 54.365881 ], [ 142.914616, 53.704578 ], [ 143.260848, 52.74076 ], [ 143.235268, 51.75666 ], [ 143.648007, 50.7476 ] ] ], [ [ [ 22.731099, 54.327537 ], [ 20.892245, 54.312525 ], [ 19.66064, 54.426084 ], [ 19.888481, 54.86616 ], [ 21.268449, 55.190482 ], [ 22.315724, 55.015299 ], [ 22.757764, 54.856574 ], [ 22.651052, 54.582741 ], [ 22.731099, 54.327537 ] ] ], [ [ [ -175.01425, 66.58435 ], [ -174.33983, 66.33556 ], [ -174.57182, 67.06219 ], [ -171.85731, 66.91308 ], [ -169.89958, 65.97724 ], [ -170.89107, 65.54139 ], [ -172.53025, 65.43791 ], [ -172.555, 64.46079 ], [ -172.95533, 64.25269 ], [ -173.89184, 64.2826 ], [ -174.65392, 64.63125 ], [ -175.98353, 64.92288 ], [ -176.20716, 65.35667 ], [ -177.22266, 65.52024 ], [ -178.35993, 65.39052 ], [ -178.90332, 65.74044 ], [ -178.68611, 66.11211 ], [ -179.88377, 65.87456 ], [ -179.43268, 65.40411 ], [ -180.0, 64.979709 ], [ -180.0, 68.963636 ], [ -177.55, 68.2 ], [ -174.92825, 67.20589 ], [ -175.01425, 66.58435 ] ] ], [ [ [ 180.0, 70.832199 ], [ 178.903425, 70.78114 ], [ 178.7253, 71.0988 ], [ 180.0, 71.515714 ], [ 180.0, 70.832199 ] ] ], [ [ [ -178.69378, 70.89302 ], [ -180.0, 70.832199 ], [ -180.0, 71.515714 ], [ -179.871875, 71.55762 ], [ -179.02433, 71.55553 ], [ -177.577945, 71.26948 ], [ -177.663575, 71.13277 ], [ -178.69378, 70.89302 ] ] ], [ [ [ 143.60385, 73.21244 ], [ 142.08763, 73.20544 ], [ 140.038155, 73.31692 ], [ 139.86312, 73.36983 ], [ 140.81171, 73.76506 ], [ 142.06207, 73.85758 ], [ 143.48283, 73.47525 ], [ 143.60385, 73.21244 ] ] ], [ [ [ 150.73167, 75.08406 ], [ 149.575925, 74.68892 ], [ 147.977465, 74.778355 ], [ 146.11919, 75.17298 ], [ 146.358485, 75.49682 ], [ 148.22223, 75.345845 ], [ 150.73167, 75.08406 ] ] ], [ [ [ 145.086285, 75.562625 ], [ 144.3, 74.82 ], [ 140.61381, 74.84768 ], [ 138.95544, 74.61148 ], [ 136.97439, 75.26167 ], [ 137.51176, 75.94917 ], [ 138.831075, 76.13676 ], [ 141.471615, 76.09289 ], [ 145.086285, 75.562625 ] ] ], [ [ [ 57.535693, 70.720464 ], [ 56.944979, 70.632743 ], [ 53.677375, 70.762658 ], [ 53.412017, 71.206662 ], [ 51.601895, 71.474759 ], [ 51.455754, 72.014881 ], [ 52.478275, 72.229442 ], [ 52.444169, 72.774731 ], [ 54.427614, 73.627548 ], [ 53.50829, 73.749814 ], [ 55.902459, 74.627486 ], [ 55.631933, 75.081412 ], [ 57.868644, 75.60939 ], [ 61.170044, 76.251883 ], [ 64.498368, 76.439055 ], [ 66.210977, 76.809782 ], [ 68.15706, 76.939697 ], [ 68.852211, 76.544811 ], [ 68.180573, 76.233642 ], [ 64.637326, 75.737755 ], [ 61.583508, 75.260885 ], [ 58.477082, 74.309056 ], [ 56.986786, 73.333044 ], [ 55.419336, 72.371268 ], [ 55.622838, 71.540595 ], [ 57.535693, 70.720464 ] ] ], [ [ [ 106.97013, 76.97419 ], [ 107.24, 76.48 ], [ 108.1538, 76.72335 ], [ 111.07726, 76.71 ], [ 113.33151, 76.22224 ], [ 114.13417, 75.84764 ], [ 113.88539, 75.32779 ], [ 112.77918, 75.03186 ], [ 110.15125, 74.47673 ], [ 109.4, 74.18 ], [ 110.64, 74.04 ], [ 112.11919, 73.78774 ], [ 113.01954, 73.97693 ], [ 113.52958, 73.33505 ], [ 113.96881, 73.59488 ], [ 115.56782, 73.75285 ], [ 118.77633, 73.58772 ], [ 119.02, 73.12 ], [ 123.20066, 72.97122 ], [ 123.25777, 73.73503 ], [ 125.38, 73.56 ], [ 126.97644, 73.56549 ], [ 128.59126, 73.03871 ], [ 129.05157, 72.39872 ], [ 128.46, 71.98 ], [ 129.71599, 71.19304 ], [ 131.28858, 70.78699 ], [ 132.2535, 71.8363 ], [ 133.85766, 71.38642 ], [ 135.56193, 71.65525 ], [ 137.49755, 71.34763 ], [ 138.23409, 71.62803 ], [ 139.86983, 71.48783 ], [ 139.14791, 72.41619 ], [ 140.46817, 72.84941 ], [ 149.5, 72.2 ], [ 150.35118, 71.60643 ], [ 152.9689, 70.84222 ], [ 157.00688, 71.03141 ], [ 158.99779, 70.86672 ], [ 159.83031, 70.45324 ], [ 159.70866, 69.72198 ], [ 160.94053, 69.43728 ], [ 162.27907, 69.64204 ], [ 164.05248, 69.66823 ], [ 165.94037, 69.47199 ], [ 167.83567, 69.58269 ], [ 169.57763, 68.6938 ], [ 170.81688, 69.01363 ], [ 170.0082, 69.65276 ], [ 170.45345, 70.09703 ], [ 173.64391, 69.81743 ], [ 175.72403, 69.87725 ], [ 178.6, 69.4 ], [ 180.0, 68.963636 ], [ 180.0, 64.979709 ], [ 179.99281, 64.97433 ], [ 178.7072, 64.53493 ], [ 177.41128, 64.60821 ], [ 178.313, 64.07593 ], [ 178.90825, 63.25197 ], [ 179.37034, 62.98262 ], [ 179.48636, 62.56894 ], [ 179.22825, 62.3041 ], [ 177.3643, 62.5219 ], [ 174.56929, 61.76915 ], [ 173.68013, 61.65261 ], [ 172.15, 60.95 ], [ 170.6985, 60.33618 ], [ 170.33085, 59.88177 ], [ 168.90046, 60.57355 ], [ 166.29498, 59.78855 ], [ 165.84, 60.16 ], [ 164.87674, 59.7316 ], [ 163.53929, 59.86871 ], [ 163.21711, 59.21101 ], [ 162.01733, 58.24328 ], [ 162.05297, 57.83912 ], [ 163.19191, 57.61503 ], [ 163.05794, 56.15924 ], [ 162.12958, 56.12219 ], [ 161.70146, 55.28568 ], [ 162.11749, 54.85514 ], [ 160.36877, 54.34433 ], [ 160.02173, 53.20257 ], [ 158.53094, 52.95868 ], [ 158.23118, 51.94269 ], [ 156.78979, 51.01105 ], [ 156.42, 51.7 ], [ 155.99182, 53.15895 ], [ 155.43366, 55.38103 ], [ 155.91442, 56.76792 ], [ 156.75815, 57.3647 ], [ 156.81035, 57.83204 ], [ 158.36433, 58.05575 ], [ 160.15064, 59.31477 ], [ 161.87204, 60.343 ], [ 163.66969, 61.1409 ], [ 164.47355, 62.55061 ], [ 163.25842, 62.46627 ], [ 162.65791, 61.6425 ], [ 160.12148, 60.54423 ], [ 159.30232, 61.77396 ], [ 156.72068, 61.43442 ], [ 154.21806, 59.75818 ], [ 155.04375, 59.14495 ], [ 152.81185, 58.88385 ], [ 151.26573, 58.78089 ], [ 151.33815, 59.50396 ], [ 149.78371, 59.65573 ], [ 148.54481, 59.16448 ], [ 145.48722, 59.33637 ], [ 142.19782, 59.03998 ], [ 138.95848, 57.08805 ], [ 135.12619, 54.72959 ], [ 136.70171, 54.60355 ], [ 137.19342, 53.97732 ], [ 138.1647, 53.75501 ], [ 138.80463, 54.25455 ], [ 139.90151, 54.18968 ], [ 141.34531, 53.08957 ], [ 141.37923, 52.23877 ], [ 140.59742, 51.23967 ], [ 140.51308, 50.04553 ], [ 140.06193, 48.44671 ], [ 138.55472, 46.99965 ], [ 138.21971, 46.30795 ], [ 136.86232, 45.1435 ], [ 135.51535, 43.989 ], [ 134.86939, 43.39821 ], [ 133.53687, 42.81147 ], [ 132.90627, 42.79849 ], [ 132.27807, 43.28456 ], [ 130.93587, 42.55274 ], [ 130.78, 42.22 ], [ 130.64, 42.395 ], [ 130.633866, 42.903015 ], [ 131.144688, 42.92999 ], [ 131.288555, 44.11152 ], [ 131.02519, 44.96796 ], [ 131.883454, 45.321162 ], [ 133.09712, 45.14409 ], [ 133.769644, 46.116927 ], [ 134.11235, 47.21248 ], [ 134.50081, 47.57845 ], [ 135.026311, 48.47823 ], [ 133.373596, 48.183442 ], [ 132.50669, 47.78896 ], [ 130.98726, 47.79013 ], [ 130.582293, 48.729687 ], [ 129.397818, 49.4406 ], [ 127.6574, 49.76027 ], [ 127.287456, 50.739797 ], [ 126.939157, 51.353894 ], [ 126.564399, 51.784255 ], [ 125.946349, 52.792799 ], [ 125.068211, 53.161045 ], [ 123.57147, 53.4588 ], [ 122.245748, 53.431726 ], [ 121.003085, 53.251401 ], [ 120.177089, 52.753886 ], [ 120.725789, 52.516226 ], [ 120.7382, 51.96411 ], [ 120.18208, 51.64355 ], [ 119.27939, 50.58292 ], [ 119.288461, 50.142883 ], [ 117.879244, 49.510983 ], [ 116.678801, 49.888531 ], [ 115.485695, 49.805177 ], [ 114.96211, 50.140247 ], [ 114.362456, 50.248303 ], [ 112.89774, 49.543565 ], [ 111.581231, 49.377968 ], [ 110.662011, 49.130128 ], [ 109.402449, 49.292961 ], [ 108.475167, 49.282548 ], [ 107.868176, 49.793705 ], [ 106.888804, 50.274296 ], [ 105.886591, 50.406019 ], [ 104.62158, 50.27532 ], [ 103.676545, 50.089966 ], [ 102.25589, 50.51056 ], [ 102.06521, 51.25991 ], [ 100.88948, 51.516856 ], [ 99.981732, 51.634006 ], [ 98.861491, 52.047366 ], [ 97.82574, 51.010995 ], [ 98.231762, 50.422401 ], [ 97.25976, 49.72605 ], [ 95.81402, 49.97746 ], [ 94.815949, 50.013433 ], [ 94.147566, 50.480537 ], [ 93.10421, 50.49529 ], [ 92.234712, 50.802171 ], [ 90.713667, 50.331812 ], [ 88.805567, 49.470521 ], [ 87.751264, 49.297198 ], [ 87.35997, 49.214981 ], [ 86.829357, 49.826675 ], [ 85.54127, 49.692859 ], [ 85.11556, 50.117303 ], [ 84.416377, 50.3114 ], [ 83.935115, 50.889246 ], [ 83.383004, 51.069183 ], [ 81.945986, 50.812196 ], [ 80.568447, 51.388336 ], [ 80.03556, 50.864751 ], [ 77.800916, 53.404415 ], [ 76.525179, 54.177003 ], [ 76.8911, 54.490524 ], [ 74.38482, 53.54685 ], [ 73.425679, 53.48981 ], [ 73.508516, 54.035617 ], [ 72.22415, 54.376655 ], [ 71.180131, 54.133285 ], [ 70.865267, 55.169734 ], [ 69.068167, 55.38525 ], [ 68.1691, 54.970392 ], [ 65.66687, 54.60125 ], [ 65.178534, 54.354228 ], [ 61.4366, 54.00625 ], [ 60.978066, 53.664993 ], [ 61.699986, 52.979996 ], [ 60.739993, 52.719986 ], [ 60.927269, 52.447548 ], [ 59.967534, 51.96042 ], [ 61.588003, 51.272659 ], [ 61.337424, 50.79907 ], [ 59.932807, 50.842194 ], [ 59.642282, 50.545442 ], [ 58.36332, 51.06364 ], [ 56.77798, 51.04355 ], [ 55.71694, 50.62171 ], [ 54.532878, 51.02624 ], [ 52.328724, 51.718652 ], [ 50.766648, 51.692762 ], [ 48.702382, 50.605128 ], [ 48.577841, 49.87476 ], [ 47.54948, 50.454698 ], [ 46.751596, 49.356006 ], [ 47.043672, 49.152039 ], [ 46.466446, 48.394152 ], [ 47.31524, 47.71585 ], [ 48.05725, 47.74377 ], [ 48.694734, 47.075628 ], [ 48.59325, 46.56104 ], [ 49.10116, 46.39933 ], [ 48.64541, 45.80629 ], [ 47.67591, 45.64149 ], [ 46.68201, 44.6092 ], [ 47.59094, 43.66016 ], [ 47.49252, 42.98658 ], [ 48.58437, 41.80888 ], [ 47.987283, 41.405819 ], [ 47.815666, 41.151416 ], [ 47.373315, 41.219732 ], [ 46.686071, 41.827137 ], [ 46.404951, 41.860675 ], [ 45.7764, 42.09244 ], [ 45.470279, 42.502781 ], [ 44.537623, 42.711993 ], [ 43.93121, 42.55496 ], [ 43.75599, 42.74083 ], [ 42.3944, 43.2203 ], [ 40.92219, 43.38215 ], [ 40.076965, 43.553104 ], [ 39.955009, 43.434998 ], [ 38.68, 44.28 ], [ 37.53912, 44.65721 ], [ 36.67546, 45.24469 ], [ 37.40317, 45.40451 ], [ 38.23295, 46.24087 ], [ 37.67372, 46.63657 ], [ 39.14767, 47.04475 ], [ 39.1212, 47.26336 ], [ 38.223538, 47.10219 ], [ 38.255112, 47.5464 ], [ 38.77057, 47.82562 ], [ 39.738278, 47.898937 ], [ 39.89562, 48.23241 ], [ 39.67465, 48.78382 ], [ 40.080789, 49.30743 ], [ 40.06904, 49.60105 ], [ 38.594988, 49.926462 ], [ 38.010631, 49.915662 ], [ 37.39346, 50.383953 ], [ 36.626168, 50.225591 ], [ 35.356116, 50.577197 ], [ 35.37791, 50.77394 ], [ 35.022183, 51.207572 ], [ 34.224816, 51.255993 ], [ 34.141978, 51.566413 ], [ 34.391731, 51.768882 ], [ 33.7527, 52.335075 ], [ 32.715761, 52.238465 ], [ 32.412058, 52.288695 ], [ 32.15944, 52.06125 ], [ 31.78597, 52.10168 ], [ 31.540018, 52.742052 ], [ 31.305201, 53.073996 ], [ 31.49764, 53.16743 ], [ 32.304519, 53.132726 ], [ 32.693643, 53.351421 ], [ 32.405599, 53.618045 ], [ 31.731273, 53.794029 ], [ 31.791424, 53.974639 ], [ 31.384472, 54.157056 ], [ 30.757534, 54.811771 ], [ 30.971836, 55.081548 ], [ 30.873909, 55.550976 ], [ 29.896294, 55.789463 ], [ 29.371572, 55.670091 ], [ 29.229513, 55.918344 ], [ 28.176709, 56.16913 ], [ 27.855282, 56.759326 ], [ 27.770016, 57.244258 ], [ 27.288185, 57.474528 ], [ 27.716686, 57.791899 ], [ 27.42015, 58.72457 ], [ 28.131699, 59.300825 ], [ 27.98112, 59.47537 ], [ 29.1177, 60.02805 ], [ 28.07, 60.50352 ], [ 30.211107, 61.780028 ], [ 31.139991, 62.357693 ], [ 31.516092, 62.867687 ], [ 30.035872, 63.552814 ], [ 30.444685, 64.204453 ], [ 29.54443, 64.948672 ], [ 30.21765, 65.80598 ], [ 29.054589, 66.944286 ], [ 29.977426, 67.698297 ], [ 28.445944, 68.364613 ], [ 28.59193, 69.064777 ], [ 29.39955, 69.15692 ], [ 31.10108, 69.55811 ], [ 32.13272, 69.90595 ], [ 33.77547, 69.30142 ], [ 36.51396, 69.06342 ], [ 40.29234, 67.9324 ], [ 41.05987, 67.45713 ], [ 41.12595, 66.79158 ], [ 40.01583, 66.26618 ], [ 38.38295, 65.99953 ], [ 33.91871, 66.75961 ], [ 33.18444, 66.63253 ], [ 34.81477, 65.90015 ], [ 34.878574, 65.436213 ], [ 34.94391, 64.41437 ], [ 36.23129, 64.10945 ], [ 37.01273, 63.84983 ], [ 37.14197, 64.33471 ], [ 36.539579, 64.76446 ], [ 37.17604, 65.14322 ], [ 39.59345, 64.52079 ], [ 40.4356, 64.76446 ], [ 39.7626, 65.49682 ], [ 42.09309, 66.47623 ], [ 43.01604, 66.41858 ], [ 43.94975, 66.06908 ], [ 44.53226, 66.75634 ], [ 43.69839, 67.35245 ], [ 44.18795, 67.95051 ], [ 43.45282, 68.57079 ], [ 46.25, 68.25 ], [ 46.82134, 67.68997 ], [ 45.55517, 67.56652 ], [ 45.56202, 67.01005 ], [ 46.34915, 66.66767 ], [ 47.89416, 66.88455 ], [ 48.13876, 67.52238 ], [ 50.22766, 67.99867 ], [ 53.71743, 68.85738 ], [ 54.47171, 68.80815 ], [ 53.48582, 68.20131 ], [ 54.72628, 68.09702 ], [ 55.44268, 68.43866 ], [ 57.31702, 68.46628 ], [ 58.802, 68.88082 ], [ 59.94142, 68.27844 ], [ 61.07784, 68.94069 ], [ 60.03, 69.52 ], [ 60.55, 69.85 ], [ 63.504, 69.54739 ], [ 64.888115, 69.234835 ], [ 68.51216, 68.09233 ], [ 69.18068, 68.61563 ], [ 68.16444, 69.14436 ], [ 68.13522, 69.35649 ], [ 66.93008, 69.45461 ], [ 67.25976, 69.92873 ], [ 66.72492, 70.70889 ], [ 66.69466, 71.02897 ], [ 68.54006, 71.9345 ], [ 69.19636, 72.84336 ], [ 69.94, 73.04 ], [ 72.58754, 72.77629 ], [ 72.79603, 72.22006 ], [ 71.84811, 71.40898 ], [ 72.47011, 71.09019 ], [ 72.79188, 70.39114 ], [ 72.5647, 69.02085 ], [ 73.66787, 68.4079 ], [ 73.2387, 67.7404 ], [ 71.28, 66.32 ], [ 72.42301, 66.17267 ], [ 72.82077, 66.53267 ], [ 73.92099, 66.78946 ], [ 74.18651, 67.28429 ], [ 75.052, 67.76047 ], [ 74.46926, 68.32899 ], [ 74.93584, 68.98918 ], [ 73.84236, 69.07146 ], [ 73.60187, 69.62763 ], [ 74.3998, 70.63175 ], [ 73.1011, 71.44717 ], [ 74.89082, 72.12119 ], [ 74.65926, 72.83227 ], [ 75.15801, 72.85497 ], [ 75.68351, 72.30056 ], [ 75.28898, 71.33556 ], [ 76.35911, 71.15287 ], [ 75.90313, 71.87401 ], [ 77.57665, 72.26717 ], [ 79.65202, 72.32011 ], [ 81.5, 71.75 ], [ 80.61071, 72.58285 ], [ 80.51109, 73.6482 ], [ 82.25, 73.85 ], [ 84.65526, 73.80591 ], [ 86.8223, 73.93688 ], [ 86.00956, 74.45967 ], [ 87.16682, 75.11643 ], [ 88.31571, 75.14393 ], [ 90.26, 75.64 ], [ 92.90058, 75.77333 ], [ 93.23421, 76.0472 ], [ 95.86, 76.14 ], [ 96.67821, 75.91548 ], [ 98.92254, 76.44689 ], [ 100.75967, 76.43028 ], [ 101.03532, 76.86189 ], [ 101.99084, 77.28754 ], [ 104.3516, 77.69792 ], [ 106.06664, 77.37389 ], [ 104.705, 77.1274 ], [ 106.97013, 76.97419 ] ] ], [ [ [ 105.07547, 78.30689 ], [ 99.43814, 77.921 ], [ 101.2649, 79.23399 ], [ 102.08635, 79.34641 ], [ 102.837815, 79.28129 ], [ 105.37243, 78.71334 ], [ 105.07547, 78.30689 ] ] ], [ [ [ 51.136187, 80.54728 ], [ 49.793685, 80.415428 ], [ 48.894411, 80.339567 ], [ 48.754937, 80.175468 ], [ 47.586119, 80.010181 ], [ 46.502826, 80.247247 ], [ 47.072455, 80.559424 ], [ 44.846958, 80.58981 ], [ 46.799139, 80.771918 ], [ 48.318477, 80.78401 ], [ 48.522806, 80.514569 ], [ 49.09719, 80.753986 ], [ 50.039768, 80.918885 ], [ 51.522933, 80.699726 ], [ 51.136187, 80.54728 ] ] ], [ [ [ 99.93976, 78.88094 ], [ 97.75794, 78.7562 ], [ 94.97259, 79.044745 ], [ 93.31288, 79.4265 ], [ 92.5454, 80.14379 ], [ 91.18107, 80.34146 ], [ 93.77766, 81.0246 ], [ 95.940895, 81.2504 ], [ 97.88385, 80.746975 ], [ 100.186655, 79.780135 ], [ 99.93976, 78.88094 ] ] ] ] } },
{ "type": "Feature", "properties": { "name": "Rwanda", "iso3": "RWA", "name_with_flag": "🇷🇼 Rwanda", "1960": 39.374072806947296, "1961": 39.268971497489837, "1962": 39.233844053326642, "1963": 39.277177198371227, "1964": 38.982448301774539, "1965": 43.467967200376258, "1966": 35.360286088625777, "1967": 43.961050557682057, "1968": 45.993471705470867, "1969": 48.869928321529358, "1970": 55.241972140863759, "1971": 54.378076041640071, "1972": 58.39769552338403, "1973": 66.914387150684732, "1974": 68.941149888618625, "1975": 124.1096480192968, "1976": 134.3784312122537, "1977": 152.744262359212, "1978": 179.8765278126661, "1979": 213.7657513357448, "1980": 234.39285144267421, "1981": 254.56920137486691, "1982": 246.38554956886441, "1983": 250.56895173563629, "1984": 259.90668453076711, "1985": 271.57897903870548, "1986": 297.72598182230809, "1987": 319.64366325233368, "1988": 343.78132581910472, "1989": 334.74196342225468, "1990": 345.77349513465521, "1991": 253.96690202594419, "1992": 264.08391451746451, "1993": 247.0233184760138, "1994": 110.95366825137231, "1995": 227.97114784931779, "1996": 206.04911417484979, "1997": 238.7493713682135, "1998": 246.1546732883844, "1999": 264.74368682977001, "2000": 251.8692638609096, "2001": 237.308846200901, "2002": 234.04301675573291, "2003": 249.01227498225191, "2004": 269.54044633340209, "2005": 324.0168638471888, "2006": 356.99502290115367, "2007": 426.23418348762851, "2008": 528.32639175550241, "2009": 564.039095842449, "2010": 593.62492774434565, "2011": 651.13367796466173, "2012": 706.81726868910016, "2013": 704.92421796615952, "2014": 724.95752610926206, "2015": 733.99863039231445, "2016": 729.51913404461129, "2017": 758.30096673762432, "2018": 771.77351105790058, "2019": 810.05141213735385, "2020": 778.70149878741074, "2021": 829.54484563977655, "2022": 975.4693239795414, "2023": 1027.0344680443211, "2024": 999.65456140269839 }, "geometry": { "type": "Polygon", "coordinates": [ [ [ 30.419105, -1.134659 ], [ 30.816135, -1.698914 ], [ 30.758309, -2.28725 ], [ 30.469696, -2.413858 ], [ 29.938359, -2.348487 ], [ 29.632176, -2.917858 ], [ 29.024926, -2.839258 ], [ 29.117479, -2.292211 ], [ 29.254835, -2.21511 ], [ 29.291887, -1.620056 ], [ 29.579466, -1.341313 ], [ 29.821519, -1.443322 ], [ 30.419105, -1.134659 ] ] ] } },
{ "type": "Feature", "properties": { "name": "Western Sahara", "iso3": "ESH", "name_with_flag": "🇪🇭 Western Sahara", "1960": null, "1961": null, "1962": null, "1963": null, "1964": null, "1965": null, "1966": null, "1967": null, "1968": null, "1969": null, "1970": null, "1971": null, "1972": null, "1973": null, "1974": null, "1975": null, "1976": null, "1977": null, "1978": null, "1979": null, "1980": null, "1981": null, "1982": null, "1983": null, "1984": null, "1985": null, "1986": null, "1987": null, "1988": null, "1989": null, "1990": null, "1991": null, "1992": null, "1993": null, "1994": null, "1995": null, "1996": null, "1997": null, "1998": null, "1999": null, "2000": null, "2001": null, "2002": null, "2003": null, "2004": null, "2005": null, "2006": null, "2007": null, "2008": null, "2009": null, "2010": null, "2011": null, "2012": null, "2013": null, "2014": null, "2015": null, "2016": null, "2017": null, "2018": null, "2019": null, "2020": null, "2021": null, "2022": null, "2023": null, "2024": null }, "geometry": { "type": "Polygon", "coordinates": [ [ [ -8.794884, 27.120696 ], [ -8.817828, 27.656426 ], [ -8.66559, 27.656426 ], [ -8.665124, 27.589479 ], [ -8.6844, 27.395744 ], [ -8.687294, 25.881056 ], [ -11.969419, 25.933353 ], [ -11.937224, 23.374594 ], [ -12.874222, 23.284832 ], [ -13.118754, 22.77122 ], [ -12.929102, 21.327071 ], [ -16.845194, 21.333323 ], [ -17.063423, 20.999752 ], [ -17.020428, 21.42231 ], [ -17.002962, 21.420734 ], [ -14.750955, 21.5006 ], [ -14.630833, 21.86094 ], [ -14.221168, 22.310163 ], [ -13.89111, 23.691009 ], [ -12.500963, 24.770116 ], [ -12.030759, 26.030866 ], [ -11.71822, 26.104092 ], [ -11.392555, 26.883424 ], [ -10.551263, 26.990808 ], [ -10.189424, 26.860945 ], [ -9.735343, 26.860945 ], [ -9.413037, 27.088476 ], [ -8.794884, 27.120696 ] ] ] } },
{ "type": "Feature", "properties": { "name": "Saudi Arabia", "iso3": "SAU", "name_with_flag": "🇸🇦 Saudi Arabia", "1960": 717.79662895855654, "1961": 760.31174032000445, "1962": 812.92624766885456, "1963": 811.73827466123419, "1964": 840.48037146023228, "1965": 904.11833412566398, "1966": 960.74477673384285, "1967": 1031.6036029758459, "1968": 1275.7070942617579, "1969": 1312.7386573712331, "1970": 1509.4396116552091, "1971": 1929.3091033048299, "1972": 2474.3868320897468, "1973": 3640.0836119241262, "1974": 10503.42807770848, "1975": 10265.641440647059, "1976": 13312.511992654559, "1977": 14595.373993332931, "1978": 14914.15426861384, "1979": 19611.565126033041, "1980": 27205.645228514149, "1981": 28703.35585508003, "1982": 22454.484316961411, "1983": 17809.552747105379, "1984": 15541.131218460891, "1985": 12745.41992535003, "1986": 10078.289608051209, "1987": 9385.9846951989857, "1988": 9165.4961532339657, "1989": 9413.5811935276924, "1990": 11054.74950496664, "1991": 11847.169953421821, "1992": 11730.26876652435, "1993": 10884.860788077711, "1994": 10601.91966978054, "1995": 10786.4008952769, "1996": 11471.504596019089, "1997": 11545.34559985508, "1998": 9836.0572976857384, "1999": 10452.1899400479, "2000": 11714.562367515849, "2001": 10805.311325121989, "2002": 10586.05434713628, "2003": 11487.22041069298, "2004": 13154.49789894463, "2005": 15975.7473782258, "2006": 17563.614537063939, "2007": 18596.150262789841, "2008": 22320.488896433111, "2009": 17718.39116483647, "2010": 22028.390142658569, "2011": 27126.749874770179, "2012": 28733.437551345221, "2013": 27865.465604962021, "2014": 27805.48503194224, "2015": 23256.154955353071, "2016": 22267.721705038741, "2017": 23929.290713598151, "2018": 29360.065896856631, "2019": 29566.793382743592, "2020": 24338.830730106729, "2021": 31920.765365564312, "2022": 38510.227621103739, "2023": 36156.848337700983, "2024": 35057.225230696953 }, "geometry": { "type": "Polygon", "coordinates": [ [ [ 42.779332, 16.347891 ], [ 42.649573, 16.774635 ], [ 42.347989, 17.075806 ], [ 42.270888, 17.474722 ], [ 41.754382, 17.833046 ], [ 41.221391, 18.6716 ], [ 40.939341, 19.486485 ], [ 40.247652, 20.174635 ], [ 39.801685, 20.338862 ], [ 39.139399, 21.291905 ], [ 39.023696, 21.986875 ], [ 39.066329, 22.579656 ], [ 38.492772, 23.688451 ], [ 38.02386, 24.078686 ], [ 37.483635, 24.285495 ], [ 37.154818, 24.858483 ], [ 37.209491, 25.084542 ], [ 36.931627, 25.602959 ], [ 36.639604, 25.826228 ], [ 36.249137, 26.570136 ], [ 35.640182, 27.37652 ], [ 35.130187, 28.063352 ], [ 34.632336, 28.058546 ], [ 34.787779, 28.607427 ], [ 34.83222, 28.957483 ], [ 34.956037, 29.356555 ], [ 36.068941, 29.197495 ], [ 36.501214, 29.505254 ], [ 36.740528, 29.865283 ], [ 37.503582, 30.003776 ], [ 37.66812, 30.338665 ], [ 37.998849, 30.5085 ], [ 37.002166, 31.508413 ], [ 39.004886, 32.010217 ], [ 39.195468, 32.161009 ], [ 40.399994, 31.889992 ], [ 41.889981, 31.190009 ], [ 44.709499, 29.178891 ], [ 46.568713, 29.099025 ], [ 47.459822, 29.002519 ], [ 47.708851, 28.526063 ], [ 48.416094, 28.552004 ], [ 48.807595, 27.689628 ], [ 49.299554, 27.461218 ], [ 49.470914, 27.109999 ], [ 50.152422, 26.689663 ], [ 50.212935, 26.277027 ], [ 50.113303, 25.943972 ], [ 50.239859, 25.60805 ], [ 50.527387, 25.327808 ], [ 50.660557, 24.999896 ], [ 50.810108, 24.754743 ], [ 51.112415, 24.556331 ], [ 51.389608, 24.627386 ], [ 51.579519, 24.245497 ], [ 51.617708, 24.014219 ], [ 52.000733, 23.001154 ], [ 55.006803, 22.496948 ], [ 55.208341, 22.70833 ], [ 55.666659, 22.000001 ], [ 54.999982, 19.999994 ], [ 52.00001, 19.000003 ], [ 49.116672, 18.616668 ], [ 48.183344, 18.166669 ], [ 47.466695, 17.116682 ], [ 47.000005, 16.949999 ], [ 46.749994, 17.283338 ], [ 46.366659, 17.233315 ], [ 45.399999, 17.333335 ], [ 45.216651, 17.433329 ], [ 44.062613, 17.410359 ], [ 43.791519, 17.319977 ], [ 43.380794, 17.579987 ], [ 43.115798, 17.08844 ], [ 43.218375, 16.66689 ], [ 42.779332, 16.347891 ] ] ] } },
{ "type": "Feature", "properties": { "name": "Sudan", "iso3": "SDN", "name_with_flag": "🇸🇩 Sudan", "1960": 99.713119506835895, "1961": 105.313102722168, "1962": 111.213455200195, "1963": 109.939208984375, "1964": 109.65007781982401, "1965": 110.889373779297, "1966": 110.502571105957, "1967": 116.24103546142599, "1968": 117.82493591308599, "1969": 125.98488616943401, "1970": 139.03848266601599, "1971": 146.93161010742199, "1972": 154.51158142089801, "1973": 184.52420043945301, "1974": 228.78732299804699, "1975": 269.65289306640602, "1976": 325.18560791015602, "1977": 392.39938354492199, "1978": 410.07208251953102, "1979": 408.89962768554699, "1980": 418.34878540039102, "1981": 483.80258178710898, "1982": 378.94537353515602, "1983": 346.22164916992199, "1984": 429.99337768554699, "1985": 326.40277099609398, "1986": 400.33355712890602, "1987": 471.1572265625, "1988": 553.07861328125, "1989": 814.26751708984398, "1990": 1257.1875, "1991": 1617.55676269531, "1992": 252.61009216308599, "1993": 312.69390869140602, "1994": 439.42080688476602, "1995": 462.58523559570301, "1996": 294.82696533203102, "1997": 373.09375, "1998": 350.702880859375, "1999": 324.65960693359398, "2000": 362.11688232421898, "2001": 451.29330444335898, "2002": 506.26263427734398, "2003": 580.32025146484398, "2004": 705.11334228515602, "2005": 905.54364013671898, "2006": 1132.474609375, "2007": 1444.37219238281, "2008": 1527.58239746094, "2009": 1178.22180175781, "2010": 1305.63598632813, "2011": 1332.6572265625, "2012": 1019.22210693359, "2013": 1138.62780761719, "2014": 1275.43835449219, "2015": 1292.37963867188, "2016": 1033.21594238281, "2017": 966.50567626953102, "2018": 731.02746582031295, "2019": 709.97528076171898, "2020": 577.79522705078102, "2021": 712.12200927734398, "2022": 1046.24084472656, "2023": 797.283447265625, "2024": 989.31286621093795 }, "geometry": { "type": "Polygon", "coordinates": [ [ [ 33.963393, 9.464285 ], [ 33.824963, 9.484061 ], [ 33.842131, 9.981915 ], [ 33.721959, 10.325262 ], [ 33.206938, 10.720112 ], [ 33.086766, 11.441141 ], [ 33.206938, 12.179338 ], [ 32.743419, 12.248008 ], [ 32.67475, 12.024832 ], [ 32.073892, 11.97333 ], [ 32.314235, 11.681484 ], [ 32.400072, 11.080626 ], [ 31.850716, 10.531271 ], [ 31.352862, 9.810241 ], [ 30.837841, 9.707237 ], [ 29.996639, 10.290927 ], [ 29.618957, 10.084919 ], [ 29.515953, 9.793074 ], [ 29.000932, 9.604232 ], [ 28.966597, 9.398224 ], [ 27.97089, 9.398224 ], [ 27.833551, 9.604232 ], [ 27.112521, 9.638567 ], [ 26.752006, 9.466893 ], [ 26.477328, 9.55273 ], [ 25.962307, 10.136421 ], [ 25.790633, 10.411099 ], [ 25.069604, 10.27376 ], [ 24.794926, 9.810241 ], [ 24.537415, 8.917538 ], [ 24.194068, 8.728696 ], [ 23.88698, 8.61973 ], [ 23.805813, 8.666319 ], [ 23.459013, 8.954286 ], [ 23.394779, 9.265068 ], [ 23.55725, 9.681218 ], [ 23.554304, 10.089255 ], [ 22.977544, 10.714463 ], [ 22.864165, 11.142395 ], [ 22.87622, 11.38461 ], [ 22.50869, 11.67936 ], [ 22.49762, 12.26024 ], [ 22.28801, 12.64605 ], [ 21.93681, 12.58818 ], [ 22.03759, 12.95546 ], [ 22.29658, 13.37232 ], [ 22.18329, 13.78648 ], [ 22.51202, 14.09318 ], [ 22.30351, 14.32682 ], [ 22.56795, 14.94429 ], [ 23.02459, 15.68072 ], [ 23.88689, 15.61084 ], [ 23.83766, 19.58047 ], [ 23.85, 20.0 ], [ 25.0, 20.00304 ], [ 25.0, 22.0 ], [ 29.02, 22.0 ], [ 32.9, 22.0 ], [ 36.86623, 22.0 ], [ 37.18872, 21.01885 ], [ 36.96941, 20.83744 ], [ 37.1147, 19.80796 ], [ 37.48179, 18.61409 ], [ 37.86276, 18.36786 ], [ 38.41009, 17.998307 ], [ 37.904, 17.42754 ], [ 37.16747, 17.26314 ], [ 36.85253, 16.95655 ], [ 36.75389, 16.29186 ], [ 36.32322, 14.82249 ], [ 36.42951, 14.42211 ], [ 36.27022, 13.56333 ], [ 35.86363, 12.57828 ], [ 35.26049, 12.08286 ], [ 34.83163, 11.31896 ], [ 34.73115, 10.91017 ], [ 34.25745, 10.63009 ], [ 33.96162, 9.58358 ], [ 33.963393, 9.464285 ] ] ] } },
{ "type": "Feature", "properties": { "name": "South Sudan", "iso3": "SSD", "name_with_flag": "🇸🇸 South Sudan", "1960": null, "1961": null, "1962": null, "1963": null, "1964": null, "1965": null, "1966": null, "1967": null, "1968": null, "1969": null, "1970": null, "1971": null, "1972": null, "1973": null, "1974": null, "1975": null, "1976": null, "1977": null, "1978": null, "1979": null, "1980": null, "1981": null, "1982": null, "1983": null, "1984": null, "1985": null, "1986": null, "1987": null, "1988": null, "1989": null, "1990": null, "1991": null, "1992": null, "1993": null, "1994": null, "1995": null, "1996": null, "1997": null, "1998": null, "1999": null, "2000": null, "2001": null, "2002": null, "2003": null, "2004": null, "2005": null, "2006": null, "2007": null, "2008": 1654.2115354655459, "2009": 1323.2206874786179, "2010": 1498.270349851942, "2011": 1448.984350064082, "2012": 1109.2605008340761, "2013": 1650.189433535279, "2014": 1242.734501810324, "2015": 1080.147186247654, "2016": null, "2017": null, "2018": null, "2019": null, "2020": null, "2021": null, "2022": null, "2023": null, "2024": null }, "geometry": { "type": "Polygon", "coordinates": [ [ [ 33.963393, 9.464285 ], [ 33.97498, 8.68456 ], [ 33.8255, 8.37916 ], [ 33.2948, 8.35458 ], [ 32.95418, 7.78497 ], [ 33.56829, 7.71334 ], [ 34.0751, 7.22595 ], [ 34.25032, 6.82607 ], [ 34.70702, 6.59422 ], [ 35.298007, 5.506 ], [ 34.620196, 4.847123 ], [ 34.005, 4.249885 ], [ 33.39, 3.79 ], [ 32.68642, 3.79232 ], [ 31.88145, 3.55827 ], [ 31.24556, 3.7819 ], [ 30.83385, 3.50917 ], [ 29.95349, 4.1737 ], [ 29.715995, 4.600805 ], [ 29.159078, 4.389267 ], [ 28.696678, 4.455077 ], [ 28.428994, 4.287155 ], [ 27.979977, 4.408413 ], [ 27.374226, 5.233944 ], [ 27.213409, 5.550953 ], [ 26.465909, 5.946717 ], [ 26.213418, 6.546603 ], [ 25.796648, 6.979316 ], [ 25.124131, 7.500085 ], [ 25.114932, 7.825104 ], [ 24.567369, 8.229188 ], [ 23.88698, 8.61973 ], [ 24.194068, 8.728696 ], [ 24.537415, 8.917538 ], [ 24.794926, 9.810241 ], [ 25.069604, 10.27376 ], [ 25.790633, 10.411099 ], [ 25.962307, 10.136421 ], [ 26.477328, 9.55273 ], [ 26.752006, 9.466893 ], [ 27.112521, 9.638567 ], [ 27.833551, 9.604232 ], [ 27.97089, 9.398224 ], [ 28.966597, 9.398224 ], [ 29.000932, 9.604232 ], [ 29.515953, 9.793074 ], [ 29.618957, 10.084919 ], [ 29.996639, 10.290927 ], [ 30.837841, 9.707237 ], [ 31.352862, 9.810241 ], [ 31.850716, 10.531271 ], [ 32.400072, 11.080626 ], [ 32.314235, 11.681484 ], [ 32.073892, 11.97333 ], [ 32.67475, 12.024832 ], [ 32.743419, 12.248008 ], [ 33.206938, 12.179338 ], [ 33.086766, 11.441141 ], [ 33.206938, 10.720112 ], [ 33.721959, 10.325262 ], [ 33.842131, 9.981915 ], [ 33.824963, 9.484061 ], [ 33.963393, 9.464285 ] ] ] } },
{ "type": "Feature", "properties": { "name": "Senegal", "iso3": "SEN", "name_with_flag": "🇸🇳 Senegal", "1960": 300.42511523627883, "1961": 308.16638375330137, "1962": 307.09256510793898, "1963": 308.62984922424408, "1964": 317.85042656845411, "1965": 314.31814639432628, "1966": 314.53434414594523, "1967": 305.22048105836961, "1968": 311.19614684668272, "1969": 287.25314879220338, "1970": 290.48642529798877, "1971": 291.08835742165007, "1972": 341.83535233655323, "1973": 381.43900716382848, "1974": 417.40760028538119, "1975": 547.37814866485098, "1976": 540.59400705193798, "1977": 540.12684924978089, "1978": 589.13404525561361, "1979": 716.28143651895891, "1980": 771.53396955057929, "1981": 682.97207021038196, "1982": 651.93712330982976, "1983": 564.36933630393548, "1984": 536.23176540251359, "1985": 571.41716606920079, "1986": 783.94052470627935, "1987": 916.09484148408956, "1988": 880.48775513819635, "1989": 848.55554805896782, "1990": 957.31433743817718, "1991": 913.39957579673739, "1992": 951.20496008780685, "1993": 877.52900343802992, "1994": 583.78277603218078, "1995": 714.99439635729698, "1996": 723.46995008114914, "1997": 650.77632140744754, "1998": 684.58810578578573, "1999": 677.51633872726757, "2000": 603.23316245515775, "2001": 637.21353056372357, "2002": 669.43044731920872, "2003": 817.88803422144235, "2004": 918.10207952215524, "2005": 979.84610152017103, "2006": 1017.201967479874, "2007": 1188.938778081751, "2008": 1398.792180100209, "2009": 1308.6940433620509, "2010": 1275.8835749235709, "2011": 1374.675918738445, "2012": 1326.837988483788, "2013": 1379.831965539237, "2014": 1398.8913760138189, "2015": 1218.0061355543769, "2016": 1266.4395715158721, "2017": 1356.80518449031, "2018": 1452.556125624453, "2019": 1431.1812893215911, "2020": 1461.0872035055261, "2021": 1598.106769522743, "2022": 1574.0281059306001, "2023": 1698.0338730084261, "2024": 1743.988883843595 }, "geometry": { "type": "Polygon", "coordinates": [ [ [ -16.713729, 13.594959 ], [ -17.126107, 14.373516 ], [ -17.625043, 14.729541 ], [ -17.185173, 14.919477 ], [ -16.700706, 15.621527 ], [ -16.463098, 16.135036 ], [ -16.12069, 16.455663 ], [ -15.623666, 16.369337 ], [ -15.135737, 16.587282 ], [ -14.577348, 16.598264 ], [ -14.099521, 16.304302 ], [ -13.435738, 16.039383 ], [ -12.830658, 15.303692 ], [ -12.17075, 14.616834 ], [ -12.124887, 13.994727 ], [ -11.927716, 13.422075 ], [ -11.553398, 13.141214 ], [ -11.467899, 12.754519 ], [ -11.513943, 12.442988 ], [ -11.658301, 12.386583 ], [ -12.203565, 12.465648 ], [ -12.278599, 12.35444 ], [ -12.499051, 12.33209 ], [ -13.217818, 12.575874 ], [ -13.700476, 12.586183 ], [ -15.548477, 12.62817 ], [ -15.816574, 12.515567 ], [ -16.147717, 12.547762 ], [ -16.677452, 12.384852 ], [ -16.841525, 13.151394 ], [ -15.931296, 13.130284 ], [ -15.691001, 13.270353 ], [ -15.511813, 13.27857 ], [ -15.141163, 13.509512 ], [ -14.712197, 13.298207 ], [ -14.277702, 13.280585 ], [ -13.844963, 13.505042 ], [ -14.046992, 13.794068 ], [ -14.376714, 13.62568 ], [ -14.687031, 13.630357 ], [ -15.081735, 13.876492 ], [ -15.39877, 13.860369 ], [ -15.624596, 13.623587 ], [ -16.713729, 13.594959 ] ] ] } },
{ "type": "Feature", "properties": { "name": "Solomon Islands", "iso3": "SLB", "name_with_flag": "🇸🇧 Solomon Islands", "1960": null, "1961": null, "1962": null, "1963": null, "1964": null, "1965": null, "1966": null, "1967": 153.45078408818441, "1968": 166.8880376883732, "1969": 165.85734477864139, "1970": null, "1971": 277.11312090760993, "1972": 219.50285982593471, "1973": 291.25227293273798, "1974": 433.44390298738199, "1975": 371.71880618864787, "1976": 401.0774168553869, "1977": 434.40981333523342, "1978": 500.05822306256567, "1979": 657.85832966968371, "1980": 767.85061634538351, "1981": 785.8309127838794, "1982": 755.88565334372242, "1983": 686.26414018297828, "1984": 664.69644048280736, "1985": 586.02235220521027, "1986": 505.82180652566512, "1987": 514.6693332730996, "1988": 567.02293558017107, "1989": 538.10176287050274, "1990": 648.32521262409784, "1991": 665.83310413265883, "1992": 763.85796854952241, "1993": 828.86999779169116, "1994": 1078.0410925873971, "1995": 1220.179193111258, "1996": 1289.330369234352, "1997": 1292.2395194646949, "1998": 1091.890968893257, "1999": 1133.6225653179069, "2000": 953.17190137705984, "2001": 911.7919353854104, "2002": 756.89029649079191, "2003": 895.98927266171563, "2004": 986.08190402661796, "2005": 1144.457585132523, "2006": 1255.625890999753, "2007": 1390.1569662695979, "2008": 1525.850924340293, "2009": 1554.707237180726, "2010": 1685.154990353629, "2011": 1924.0527732397759, "2012": 2066.2535228983329, "2013": 2161.39573596215, "2014": 2164.944239216803, "2015": 2045.4788948525129, "2016": 2082.6298904787091, "2017": 2143.5746524395859, "2018": 2278.2063391338338, "2019": 2223.665025595652, "2020": 2063.3310152210829, "2021": 1996.869767793484, "2022": 2005.413993319798, "2023": 2076.1076877256319, "2024": 2149.3795726730432 }, "geometry": { "type": "MultiPolygon", "coordinates": [ [ [ [ 162.119025, -10.482719 ], [ 162.398646, -10.826367 ], [ 161.700032, -10.820011 ], [ 161.319797, -10.204751 ], [ 161.917383, -10.446701 ], [ 162.119025, -10.482719 ] ] ], [ [ [ 160.852229, -9.872937 ], [ 160.462588, -9.89521 ], [ 159.849447, -9.794027 ], [ 159.640003, -9.63998 ], [ 159.702945, -9.24295 ], [ 160.362956, -9.400304 ], [ 160.688518, -9.610162 ], [ 160.852229, -9.872937 ] ] ], [ [ [ 161.679982, -9.599982 ], [ 161.529397, -9.784312 ], [ 160.788253, -8.917543 ], [ 160.579997, -8.320009 ], [ 160.920028, -8.320009 ], [ 161.280006, -9.120011 ], [ 161.679982, -9.599982 ] ] ], [ [ [ 159.875027, -8.33732 ], [ 159.917402, -8.53829 ], [ 159.133677, -8.114181 ], [ 158.586114, -7.754824 ], [ 158.21115, -7.421872 ], [ 158.359978, -7.320018 ], [ 158.820001, -7.560003 ], [ 159.640003, -8.020027 ], [ 159.875027, -8.33732 ] ] ], [ [ [ 157.538426, -7.34782 ], [ 157.33942, -7.404767 ], [ 156.90203, -7.176874 ], [ 156.491358, -6.765943 ], [ 156.542828, -6.599338 ], [ 157.14, -7.021638 ], [ 157.538426, -7.34782 ] ] ] ] } },
{ "type": "Feature", "properties": { "name": "Sierra Leone", "iso3": "SLE", "name_with_flag": "🇸🇱 Sierra Leone", "1960": 142.0200183676256, "1961": 142.33786782723001, "1962": 146.386474591271, "1963": 146.3741460379845, "1964": 153.44537714992089, "1965": 145.63485280058521, "1966": 149.3774659019868, "1967": 136.16032086693849, "1968": 126.3593923561555, "1969": 153.6255047378194, "1970": 160.22817426095239, "1971": 151.81400126626801, "1972": 165.31291408574091, "1973": 200.72579225188059, "1974": 222.20491740414539, "1975": 228.38023883297959, "1976": 196.3835494622065, "1977": 224.31118329752849, "1978": 305.43946924462432, "1979": 345.85932054449069, "1980": 336.32220592905338, "1981": 333.91635097203948, "1982": 379.96667564138721, "1983": 285.86436260000568, "1984": 305.57014531563738, "1985": 235.51052934362431, "1986": 131.47304100558679, "1987": 172.36421483366101, "1988": 268.1609796259574, "1989": 231.27562297433781, "1990": 154.79407246761821, "1991": 183.68651502756671, "1992": 163.1975716843807, "1993": 184.95160915487219, "1994": 218.5072751262222, "1995": 208.3519972509547, "1996": 224.25871116304381, "1997": 199.8800013957771, "1998": 156.51811883386989, "1999": 155.02083326900691, "2000": 143.74374323964409, "2001": 358.31571605154579, "2002": 388.99511121683582, "2003": 413.81760734692688, "2004": 417.74998332922712, "2005": 462.63332442794513, "2006": 580.26796974773004, "2007": 631.88992626499828, "2008": 705.35901408000507, "2009": 652.8458067679428, "2010": 685.03967349094842, "2011": 761.14636557728102, "2012": 937.504428180231, "2013": 1117.4718307511471, "2014": 1117.758646572104, "2015": 964.5759808889884, "2016": 844.41641117547636, "2017": 779.18600784172827, "2018": 845.91454046093224, "2019": 844.0495551791156, "2020": 845.98291428456548, "2021": 886.19293910446891, "2022": 860.77459093259495, "2023": 757.84868056044434, "2024": 873.38857518231805 }, "geometry": { "type": "Polygon", "coordinates": [ [ [ -11.438779, 6.785917 ], [ -11.708195, 6.860098 ], [ -12.428099, 7.262942 ], [ -12.949049, 7.798646 ], [ -13.124025, 8.163946 ], [ -13.24655, 8.903049 ], [ -12.711958, 9.342712 ], [ -12.596719, 9.620188 ], [ -12.425929, 9.835834 ], [ -12.150338, 9.858572 ], [ -11.917277, 10.046984 ], [ -11.117481, 10.045873 ], [ -10.839152, 9.688246 ], [ -10.622395, 9.26791 ], [ -10.65477, 8.977178 ], [ -10.494315, 8.715541 ], [ -10.505477, 8.348896 ], [ -10.230094, 8.406206 ], [ -10.695595, 7.939464 ], [ -11.146704, 7.396706 ], [ -11.199802, 7.105846 ], [ -11.438779, 6.785917 ] ] ] } },
{ "type": "Feature", "properties": { "name": "El Salvador", "iso3": "SLV", "name_with_flag": "🇸🇻 El Salvador", "1960": null, "1961": null, "1962": null, "1963": null, "1964": null, "1965": 274.3332793659942, "1966": 282.44637356687002, "1967": 288.37428039362112, "1968": 290.09651017173479, "1969": 293.41658080489651, "1970": 308.79885390193402, "1971": 315.66539978597598, "1972": 328.50944803903468, "1973": 366.2506589525625, "1974": 413.40347636320678, "1975": 457.26087132737229, "1976": 552.99493386472727, "1977": 683.90258566335046, "1978": 711.85226418795685, "1979": 773.06695312995214, "1980": 787.14960547372448, "1981": 752.02401260753788, "1982": 735.36095474352817, "1983": 744.86391224648514, "1984": 763.16821811074317, "1985": 776.42428370570167, "1986": 755.42513583143943, "1987": 777.23940247908615, "1988": 806.39235325692721, "1989": 825.10523253630561, "1990": 892.18271519703035, "1991": 955.82689742109164, "1992": 1040.7816408201861, "1993": 1180.268542676208, "1994": 1343.929057254395, "1995": 1548.3763038362019, "1996": 1651.3101680089489, "1997": 1748.921119711295, "1998": 1859.7308588774181, "1999": 1908.0804545223959, "2000": 1982.8709354261539, "2001": 2058.0445907045168, "2002": 2115.411873556262, "2003": 2207.8308951806912, "2004": 2285.6890743889221, "2005": 2447.391408453941, "2006": 2665.6180719485251, "2007": 2830.656937707327, "2008": 2983.248295779757, "2009": 2910.1865175201078, "2010": 3040.073009528779, "2011": 3330.6004948665268, "2012": 3497.9125691550912, "2013": 3582.2669400516938, "2014": 3666.0124891387331, "2015": 3790.3408910816161, "2016": 3901.3401496581091, "2017": 4020.1267137391878, "2018": 4183.5462097135814, "2019": 4320.1167153462748, "2020": 3997.192795837087, "2021": 4642.6074310134209, "2022": 5074.6021022180557, "2023": 5365.444913991706, "2024": 5579.6596916502858 }, "geometry": { "type": "Polygon", "coordinates": [ [ [ -87.793111, 13.38448 ], [ -87.904112, 13.149017 ], [ -88.483302, 13.163951 ], [ -88.843228, 13.259734 ], [ -89.256743, 13.458533 ], [ -89.812394, 13.520622 ], [ -90.095555, 13.735338 ], [ -90.064678, 13.88197 ], [ -89.721934, 14.134228 ], [ -89.534219, 14.244816 ], [ -89.587343, 14.362586 ], [ -89.353326, 14.424133 ], [ -89.058512, 14.340029 ], [ -88.843073, 14.140507 ], [ -88.541231, 13.980155 ], [ -88.503998, 13.845486 ], [ -88.065343, 13.964626 ], [ -87.859515, 13.893312 ], [ -87.723503, 13.78505 ], [ -87.793111, 13.38448 ] ] ] } },
{ "type": "Feature", "properties": { "name": "Somaliland", "iso3": "SOM", "name_with_flag": "🇸🇴 Somaliland", "1960": 62.739627941299283, "1961": 64.924257610475365, "1962": 67.170235991997927, "1963": 69.492234483915411, "1964": 71.889939936041927, "1965": 74.35487087961306, "1966": 76.483741388723331, "1967": 78.673896619791691, "1968": 80.843820490117508, "1969": 84.14062687778781, "1970": 93.082849964935804, "1971": 90.429230937448864, "1972": 113.6924019555502, "1973": 119.5621334535374, "1974": 137.8915758117744, "1975": 177.80614341225439, "1976": 199.58354714201411, "1977": 111.18313235527729, "1978": 117.25534512600071, "1979": 108.1949477564637, "1980": 101.4993122570782, "1981": 116.8845265942856, "1982": 129.01391975201199, "1983": 118.64434086834051, "1984": 122.4932936897343, "1985": 130.83287561481529, "1986": 131.41485968119821, "1987": 140.96985218157781, "1988": 145.34134682015801, "1989": 166.04233727100629, "1990": 145.60350137351321, "1991": 105.3713265162198, "1992": 109.20491048107441, "1993": 188.60315867791451, "1994": 210.79377958138431, "1995": 210.67325461049231, "1996": 237.24144095167131, "1997": 280.11272423325858, "1998": 363.20001348999159, "1999": 358.65878082807097, "2000": 386.11927440127522, "2001": 244.91484253845539, "2002": 229.59891831003921, "2003": 286.27302519897472, "2004": 375.41032622538728, "2005": 439.97990780547758, "2006": 457.99666220665932, "2007": 479.63562806528938, "2008": 507.03744334738002, "2009": 246.5132516751049, "2010": 219.20245385239679, "2011": 235.32594561043359, "2012": 350.26194672051213, "2013": 393.39870395297919, "2014": 429.43165672510167, "2015": 445.58308007339599, "2016": 460.92849058517498, "2017": 510.93995231772573, "2018": 509.52580189850852, "2019": 539.89393156540689, "2020": 518.18477849433407, "2021": 549.11474272170142, "2022": 573.12809247234941, "2023": 597.45885460304271, "2024": 636.98347758927252 }, "geometry": { "type": "Polygon", "coordinates": [ [ [ 48.93813, 9.451749 ], [ 48.486736, 8.837626 ], [ 47.78942, 8.003 ], [ 46.948328, 7.996877 ], [ 43.67875, 9.18358 ], [ 43.296975, 9.540477 ], [ 42.92812, 10.02194 ], [ 42.55876, 10.57258 ], [ 42.776852, 10.926879 ], [ 43.145305, 11.46204 ], [ 43.47066, 11.27771 ], [ 43.666668, 10.864169 ], [ 44.117804, 10.445538 ], [ 44.614259, 10.442205 ], [ 45.556941, 10.698029 ], [ 46.645401, 10.816549 ], [ 47.525658, 11.127228 ], [ 48.021596, 11.193064 ], [ 48.378784, 11.375482 ], [ 48.948206, 11.410622 ], [ 48.942005, 11.394266 ], [ 48.938491, 10.982327 ], [ 48.938233, 9.9735 ], [ 48.93813, 9.451749 ] ] ] } },
{ "type": "Feature", "properties": { "name": "Somalia", "iso3": "SOM", "name_with_flag": "🇸🇴 Somalia", "1960": 62.739627941299283, "1961": 64.924257610475365, "1962": 67.170235991997927, "1963": 69.492234483915411, "1964": 71.889939936041927, "1965": 74.35487087961306, "1966": 76.483741388723331, "1967": 78.673896619791691, "1968": 80.843820490117508, "1969": 84.14062687778781, "1970": 93.082849964935804, "1971": 90.429230937448864, "1972": 113.6924019555502, "1973": 119.5621334535374, "1974": 137.8915758117744, "1975": 177.80614341225439, "1976": 199.58354714201411, "1977": 111.18313235527729, "1978": 117.25534512600071, "1979": 108.1949477564637, "1980": 101.4993122570782, "1981": 116.8845265942856, "1982": 129.01391975201199, "1983": 118.64434086834051, "1984": 122.4932936897343, "1985": 130.83287561481529, "1986": 131.41485968119821, "1987": 140.96985218157781, "1988": 145.34134682015801, "1989": 166.04233727100629, "1990": 145.60350137351321, "1991": 105.3713265162198, "1992": 109.20491048107441, "1993": 188.60315867791451, "1994": 210.79377958138431, "1995": 210.67325461049231, "1996": 237.24144095167131, "1997": 280.11272423325858, "1998": 363.20001348999159, "1999": 358.65878082807097, "2000": 386.11927440127522, "2001": 244.91484253845539, "2002": 229.59891831003921, "2003": 286.27302519897472, "2004": 375.41032622538728, "2005": 439.97990780547758, "2006": 457.99666220665932, "2007": 479.63562806528938, "2008": 507.03744334738002, "2009": 246.5132516751049, "2010": 219.20245385239679, "2011": 235.32594561043359, "2012": 350.26194672051213, "2013": 393.39870395297919, "2014": 429.43165672510167, "2015": 445.58308007339599, "2016": 460.92849058517498, "2017": 510.93995231772573, "2018": 509.52580189850852, "2019": 539.89393156540689, "2020": 518.18477849433407, "2021": 549.11474272170142, "2022": 573.12809247234941, "2023": 597.45885460304271, "2024": 636.98347758927252 }, "geometry": { "type": "Polygon", "coordinates": [ [ [ 49.72862, 11.5789 ], [ 50.25878, 11.67957 ], [ 50.73202, 12.0219 ], [ 51.1112, 12.02464 ], [ 51.13387, 11.74815 ], [ 51.04153, 11.16651 ], [ 51.04531, 10.6409 ], [ 50.83418, 10.27972 ], [ 50.55239, 9.19874 ], [ 50.07092, 8.08173 ], [ 49.4527, 6.80466 ], [ 48.59455, 5.33911 ], [ 47.74079, 4.2194 ], [ 46.56476, 2.85529 ], [ 45.56399, 2.04576 ], [ 44.06815, 1.05283 ], [ 43.13597, 0.2922 ], [ 42.04157, -0.91916 ], [ 41.81095, -1.44647 ], [ 41.58513, -1.68325 ], [ 40.993, -0.85829 ], [ 40.98105, 2.78452 ], [ 41.855083, 3.918912 ], [ 42.12861, 4.23413 ], [ 42.76967, 4.25259 ], [ 43.66087, 4.95755 ], [ 44.9636, 5.00162 ], [ 47.78942, 8.003 ], [ 48.486736, 8.837626 ], [ 48.93813, 9.451749 ], [ 48.938233, 9.9735 ], [ 48.938491, 10.982327 ], [ 48.942005, 11.394266 ], [ 48.948205, 11.410617 ], [ 49.26776, 11.43033 ], [ 49.72862, 11.5789 ] ] ] } },
{ "type": "Feature", "properties": { "name": "Republic of Serbia", "iso3": "SRB", "name_with_flag": "🇷🇸 Republic of Serbia", "1960": null, "1961": null, "1962": null, "1963": null, "1964": null, "1965": null, "1966": null, "1967": null, "1968": null, "1969": null, "1970": null, "1971": null, "1972": null, "1973": null, "1974": null, "1975": null, "1976": null, "1977": null, "1978": null, "1979": null, "1980": null, "1981": null, "1982": null, "1983": null, "1984": null, "1985": null, "1986": null, "1987": null, "1988": null, "1989": null, "1990": null, "1991": null, "1992": null, "1993": null, "1994": null, "1995": 2349.406451502889, "1996": 3053.9051686094949, "1997": 3573.5044024004919, "1998": 2775.4737298204741, "1999": 2768.9104134616559, "2000": 974.72546927861515, "2001": 1812.4208828139299, "2002": 2390.7345944710701, "2003": 3153.9011312754042, "2004": 3597.0879805700852, "2005": 3807.974173217865, "2006": 4492.7136699045996, "2007": 6081.0876570020246, "2008": 7376.7351791071633, "2009": 6414.0448463847024, "2010": 5970.9266094007226, "2011": 7082.2861666075032, "2012": 6263.0408607281488, "2013": 7040.4181206878084, "2014": 6886.6780906870399, "2015": 5820.321557688796, "2016": 5982.3703012647084, "2017": 6548.0365382418686, "2018": 7559.8616574739444, "2019": 7755.6329864369991, "2020": 8098.7095566884846, "2021": 9680.5279807446768, "2022": 10022.96885434025, "2023": 12281.505848830269, "2024": 13523.72468268537 }, "geometry": { "type": "Polygon", "coordinates": [ [ [ 20.874313, 45.416375 ], [ 21.483526, 45.18117 ], [ 21.562023, 44.768947 ], [ 22.145088, 44.478422 ], [ 22.459022, 44.702517 ], [ 22.705726, 44.578003 ], [ 22.474008, 44.409228 ], [ 22.65715, 44.234923 ], [ 22.410446, 44.008063 ], [ 22.500157, 43.642814 ], [ 22.986019, 43.211161 ], [ 22.604801, 42.898519 ], [ 22.436595, 42.580321 ], [ 22.545012, 42.461362 ], [ 22.380526, 42.32026 ], [ 21.91708, 42.30364 ], [ 21.576636, 42.245224 ], [ 21.54332, 42.32025 ], [ 21.66292, 42.43922 ], [ 21.77505, 42.6827 ], [ 21.63302, 42.67717 ], [ 21.43866, 42.86255 ], [ 21.27421, 42.90959 ], [ 21.143395, 43.068685 ], [ 20.95651, 43.13094 ], [ 20.81448, 43.27205 ], [ 20.63508, 43.21671 ], [ 20.49679, 42.88469 ], [ 20.25758, 42.81275 ], [ 20.3398, 42.89852 ], [ 19.95857, 43.10604 ], [ 19.63, 43.21378 ], [ 19.48389, 43.35229 ], [ 19.21852, 43.52384 ], [ 19.454, 43.5681 ], [ 19.59976, 44.03847 ], [ 19.11761, 44.42307 ], [ 19.36803, 44.863 ], [ 19.00548, 44.86023 ], [ 19.390476, 45.236516 ], [ 19.072769, 45.521511 ], [ 18.82982, 45.90888 ], [ 19.596045, 46.17173 ], [ 20.220192, 46.127469 ], [ 20.762175, 45.734573 ], [ 20.874313, 45.416375 ] ] ] } },
{ "type": "Feature", "properties": { "name": "Suriname", "iso3": "SUR", "name_with_flag": "🇸🇷 Suriname", "1960": 377.57939966201621, "1961": 394.80774658988008, "1962": 409.10563836681791, "1963": 424.02553243063079, "1964": 434.8937519617138, "1965": 481.71875, "1966": 574.84107690216979, "1967": 644.04296732510602, "1968": 680.59534820763872, "1969": 707.67444522575261, "1970": 724.48490151327474, "1971": 767.99036567567839, "1972": 784.95167495778946, "1973": 857.69079166792983, "1974": 1041.084546683059, "1975": 1190.0196845361349, "1976": 1301.8653631702159, "1977": 1665.943848732818, "1978": 1927.90601359888, "1979": 2072.2877527131741, "1980": 2117.8708338550309, "1981": 2367.7685180006338, "1982": 2429.9239154970719, "1983": 2332.697903080164, "1984": 2260.6379499362888, "1985": 2255.9771766432709, "1986": 2271.0473326026558, "1987": 2469.0673727863432, "1988": 2886.429802076937, "1989": 1328.5701343506139, "1990": 941.59173610218841, "1991": 1079.7252134270491, "1992": 968.89525346692562, "1993": 1022.445835198957, "1994": 1433.5425565278081, "1995": 1609.825043732063, "1996": 1962.8849582029491, "1997": 2067.598149383909, "1998": 2428.5864199420212, "1999": 1898.180181605296, "2000": 1988.221729254326, "2001": 1714.6484663724209, "2002": 2202.3406821960011, "2003": 2516.1040402095618, "2004": 2887.7721728843949, "2005": 3453.4286593776451, "2006": 5002.657986957588, "2007": 5530.1761563830914, "2008": 6576.085463072488, "2009": 7129.5768626290983, "2010": 7943.6048281691483, "2011": 7949.8886721838289, "2012": 8851.2405066890842, "2013": 9043.1928152922155, "2014": 9108.1890540676395, "2015": 8813.6170539206705, "2016": 5644.2061057531964, "2017": 6049.5212855367508, "2018": 6665.741804722391, "2019": 6629.6677524860334, "2020": 4755.3922171069316, "2021": 5029.848385439529, "2022": 6084.4387673644524, "2023": 5494.0740942551656, "2024": 7430.7021917644333 }, "geometry": { "type": "Polygon", "coordinates": [ [ [ -57.147436, 5.97315 ], [ -55.949318, 5.772878 ], [ -55.84178, 5.953125 ], [ -55.03325, 6.025291 ], [ -53.958045, 5.756548 ], [ -54.478633, 4.896756 ], [ -54.399542, 4.212611 ], [ -54.006931, 3.620038 ], [ -54.181726, 3.18978 ], [ -54.269705, 2.732392 ], [ -54.524754, 2.311849 ], [ -55.097587, 2.523748 ], [ -55.569755, 2.421506 ], [ -55.973322, 2.510364 ], [ -56.073342, 2.220795 ], [ -55.9056, 2.021996 ], [ -55.995698, 1.817667 ], [ -56.539386, 1.899523 ], [ -57.150098, 2.768927 ], [ -57.281433, 3.333492 ], [ -57.601569, 3.334655 ], [ -58.044694, 4.060864 ], [ -57.86021, 4.576801 ], [ -57.914289, 4.812626 ], [ -57.307246, 5.073567 ], [ -57.147436, 5.97315 ] ] ] } },
{ "type": "Feature", "properties": { "name": "Slovakia", "iso3": "SVK", "name_with_flag": "🇸🇰 Slovakia", "1960": null, "1961": null, "1962": null, "1963": null, "1964": null, "1965": null, "1966": null, "1967": null, "1968": null, "1969": null, "1970": null, "1971": null, "1972": null, "1973": null, "1974": null, "1975": null, "1976": null, "1977": null, "1978": null, "1979": null, "1980": null, "1981": null, "1982": null, "1983": null, "1984": null, "1985": null, "1986": null, "1987": null, "1988": null, "1989": null, "1990": 2437.175170108454, "1991": 2726.5930549858172, "1992": 2959.3364486011078, "1993": 3143.1014306875609, "1994": 3820.9642754265769, "1995": 4882.5115823822834, "1996": 5247.7008104470769, "1997": 5172.4175749124752, "1998": 5560.9161775029997, "1999": 5651.6232751423568, "2000": 5421.6448441886996, "2001": 5712.4780276165402, "2002": 6554.6280836946135, "2003": 8675.3963369646481, "2004": 10650.12900971256, "2005": 11641.54103217625, "2006": 13167.89547303789, "2007": 16110.481726523731, "2008": 18744.319227834589, "2009": 16586.752780522769, "2010": 16899.448680528949, "2011": 18469.43543168364, "2012": 17516.969105407788, "2013": 18312.780514982351, "2014": 18770.928989654501, "2015": 16442.076086001751, "2016": 16636.07691330733, "2017": 17645.529871676121, "2018": 19573.371703131412, "2019": 19406.0589683582, "2020": 19735.485828080051, "2021": 22132.448302894809, "2022": 21334.601100657201, "2023": 24673.548297914389, "2024": 26147.90284301326 }, "geometry": { "type": "Polygon", "coordinates": [ [ [ 18.853144, 49.49623 ], [ 18.909575, 49.435846 ], [ 19.320713, 49.571574 ], [ 19.825023, 49.217125 ], [ 20.415839, 49.431453 ], [ 20.887955, 49.328772 ], [ 21.607808, 49.470107 ], [ 22.558138, 49.085738 ], [ 22.280842, 48.825392 ], [ 22.085608, 48.422264 ], [ 21.872236, 48.319971 ], [ 20.801294, 48.623854 ], [ 20.473562, 48.56285 ], [ 20.239054, 48.327567 ], [ 19.769471, 48.202691 ], [ 19.661364, 48.266615 ], [ 19.174365, 48.111379 ], [ 18.777025, 48.081768 ], [ 18.696513, 47.880954 ], [ 17.857133, 47.758429 ], [ 17.488473, 47.867466 ], [ 16.979667, 48.123497 ], [ 16.879983, 48.470013 ], [ 16.960288, 48.596982 ], [ 17.101985, 48.816969 ], [ 17.545007, 48.800019 ], [ 17.886485, 48.903475 ], [ 17.913512, 48.996493 ], [ 18.104973, 49.043983 ], [ 18.170498, 49.271515 ], [ 18.399994, 49.315001 ], [ 18.554971, 49.495015 ], [ 18.853144, 49.49623 ] ] ] } },
{ "type": "Feature", "properties": { "name": "Slovenia", "iso3": "SVN", "name_with_flag": "🇸🇮 Slovenia", "1960": null, "1961": null, "1962": null, "1963": null, "1964": null, "1965": null, "1966": null, "1967": null, "1968": null, "1969": null, "1970": null, "1971": null, "1972": null, "1973": null, "1974": null, "1975": null, "1976": null, "1977": null, "1978": null, "1979": null, "1980": null, "1981": null, "1982": null, "1983": null, "1984": null, "1985": null, "1986": null, "1987": null, "1988": null, "1989": null, "1990": 9925.1407104468381, "1991": 7229.3114978861686, "1992": 7151.1524382922389, "1993": 7254.5888741776789, "1994": 8243.8989554510554, "1995": 10738.088761146781, "1996": 10796.739944628271, "1997": 10436.72606618706, "1998": 11131.566662823139, "1999": 11401.49067909093, "2000": 10135.72191092116, "2001": 10375.62558698606, "2002": 11639.1297780477, "2003": 14711.674874253051, "2004": 17103.82977839046, "2005": 17969.709590716069, "2006": 19563.005059144019, "2007": 23725.159600151539, "2008": 27461.97641653151, "2009": 24501.789729042532, "2010": 23329.841769115581, "2011": 24940.628484160479, "2012": 22442.141785995511, "2013": 23236.965532169499, "2014": 24013.068206095941, "2015": 20697.274853061888, "2016": 21447.837779603611, "2017": 23303.077705959029, "2018": 25888.048106565529, "2019": 25814.168716757209, "2020": 25392.065109361229, "2021": 29187.369382785011, "2022": 28373.838226599932, "2023": 32610.110922728989, "2024": 34089.352765277799 }, "geometry": { "type": "Polygon", "coordinates": [ [ [ 13.806475, 46.509306 ], [ 14.632472, 46.431817 ], [ 15.137092, 46.658703 ], [ 16.011664, 46.683611 ], [ 16.202298, 46.852386 ], [ 16.370505, 46.841327 ], [ 16.564808, 46.503751 ], [ 15.768733, 46.238108 ], [ 15.67153, 45.834154 ], [ 15.323954, 45.731783 ], [ 15.327675, 45.452316 ], [ 14.935244, 45.471695 ], [ 14.595109, 45.634941 ], [ 14.411968, 45.466166 ], [ 13.71506, 45.500324 ], [ 13.93763, 45.591016 ], [ 13.69811, 46.016778 ], [ 13.806475, 46.509306 ] ] ] } },
{ "type": "Feature", "properties": { "name": "Sweden", "iso3": "SWE", "name_with_flag": "🇸🇪 Sweden", "1960": 2128.3888440656492, "1961": 2304.497886035394, "1962": 2485.4941471087318, "1963": 2675.1036241759311, "1964": 2961.0628323953561, "1965": 3227.91678230659, "1966": 3477.937313168768, "1967": 3746.2478747264008, "1968": 3953.1283404375122, "1969": 4262.9749648808729, "1970": 4729.4050097520376, "1971": 5125.3291749969594, "1972": 6018.459632320174, "1973": 7290.7140191002291, "1974": 8078.2787679637058, "1975": 10102.754863601131, "1976": 10852.643827229251, "1977": 11432.152724760021, "1978": 12602.36640219252, "1979": 14855.76630481233, "1980": 17073.240658532261, "1981": 15564.0119622243, "1982": 13719.211397826821, "1983": 12590.094613428349, "1984": 13080.18039128646, "1985": 13647.20055872907, "1986": 17955.15714599023, "1987": 21761.21445450835, "1988": 24499.40531829579, "1989": 25625.310368616581, "1990": 30549.6692751763, "1991": 31777.032799413151, "1992": 32753.804702556881, "1993": 24390.153800427051, "1994": 26045.81489277013, "1995": 30254.297293263109, "1996": 33022.564947883853, "1997": 30324.45109310628, "1998": 30605.622718810289, "1999": 30969.103350948299, "2000": 29632.77361015994, "2001": 27259.48067354349, "2002": 29957.938765261559, "2003": 37292.421434300413, "2004": 42758.201550341742, "2005": 43378.615211714867, "2006": 46531.600112057211, "2007": 53568.564552321273, "2008": 55817.43927107261, "2009": 46707.867321541802, "2010": 52542.827414103653, "2011": 60379.774816032143, "2012": 57749.825132866426, "2013": 60844.276711397542, "2014": 59583.714000167318, "2015": 51197.952934117508, "2016": 51820.397248267567, "2017": 53300.858728178522, "2018": 54181.906978090447, "2019": 51773.046455899334, "2020": 52653.75659342474, "2021": 61174.968021562228, "2022": 55296.937147253528, "2023": 55567.089008049603, "2024": 57723.234503153217 }, "geometry": { "type": "MultiPolygon", "coordinates": [ [ [ [ 22.183173, 65.723741 ], [ 21.213517, 65.026005 ], [ 21.369631, 64.413588 ], [ 19.778876, 63.609554 ], [ 17.847779, 62.7494 ], [ 17.119555, 61.341166 ], [ 17.831346, 60.636583 ], [ 18.787722, 60.081914 ], [ 17.869225, 58.953766 ], [ 16.829185, 58.719827 ], [ 16.44771, 57.041118 ], [ 15.879786, 56.104302 ], [ 14.666681, 56.200885 ], [ 14.100721, 55.407781 ], [ 12.942911, 55.361737 ], [ 12.625101, 56.30708 ], [ 11.787942, 57.441817 ], [ 11.027369, 58.856149 ], [ 11.468272, 59.432393 ], [ 12.300366, 60.117933 ], [ 12.631147, 61.293572 ], [ 11.992064, 61.800362 ], [ 11.930569, 63.128318 ], [ 12.579935, 64.066219 ], [ 13.571916, 64.049114 ], [ 13.919905, 64.445421 ], [ 13.55569, 64.787028 ], [ 15.108411, 66.193867 ], [ 16.108712, 67.302456 ], [ 16.768879, 68.013937 ], [ 17.729182, 68.010552 ], [ 17.993868, 68.567391 ], [ 19.87856, 68.407194 ], [ 20.025269, 69.065139 ], [ 20.645593, 69.106247 ], [ 21.978535, 68.616846 ], [ 23.539473, 67.936009 ], [ 23.56588, 66.396051 ], [ 23.903379, 66.006927 ], [ 22.183173, 65.723741 ] ] ], [ [ [ 17.061767, 57.385783 ], [ 17.210083, 57.326521 ], [ 16.430053, 56.179196 ], [ 16.364135, 56.556455 ], [ 17.061767, 57.385783 ] ] ], [ [ [ 19.35791, 57.958588 ], [ 18.8031, 57.651279 ], [ 18.825073, 57.444949 ], [ 18.995361, 57.441993 ], [ 18.951416, 57.370976 ], [ 18.693237, 57.305756 ], [ 18.709716, 57.204734 ], [ 18.462524, 57.127295 ], [ 18.319702, 56.926992 ], [ 18.105468, 56.891003 ], [ 18.187866, 57.109402 ], [ 18.072509, 57.267163 ], [ 18.154907, 57.394664 ], [ 18.094482, 57.545312 ], [ 18.660278, 57.929434 ], [ 19.039306, 57.941098 ], [ 19.105224, 57.993543 ], [ 19.374389, 57.996454 ], [ 19.35791, 57.958588 ] ] ], [ [ [ 20.846557, 63.82371 ], [ 21.066284, 63.829768 ], [ 20.9729, 63.71567 ], [ 20.824584, 63.579121 ], [ 20.695495, 63.59134 ], [ 20.819091, 63.714454 ], [ 20.799865, 63.780059 ], [ 20.846557, 63.82371 ] ] ] ] } },
{ "type": "Feature", "properties": { "name": "Swaziland", "iso3": "SWZ", "name_with_flag": "🇸🇿 Swaziland", "1960": 101.5727998136939, "1961": 121.7957187530654, "1962": 127.0957664101818, "1963": 146.39113138077681, "1964": 171.60840976447861, "1965": 180.97722561908051, "1966": 192.7445400460729, "1967": 182.77335971115139, "1968": 190.38659009849229, "1969": 245.2339815807313, "1970": 254.1611254895968, "1971": 301.11915217281393, "1972": 315.02846624450842, "1973": 463.25161584417748, "1974": 536.16100383579783, "1975": 567.88481662021627, "1976": 520.79962573809462, "1977": 562.71157849204394, "1978": 609.9606500136473, "1979": 713.95330511831855, "1980": 908.375601827987, "1981": 925.36871251764717, "1982": 843.04300686484373, "1983": 842.75020337880073, "1984": 726.34511860382565, "1985": 509.88595147233627, "1986": 611.29815821964735, "1987": 764.75213404732187, "1988": 865.25154443731026, "1989": 831.84715012922493, "1990": 1277.691730056654, "1991": 1273.012245189029, "1992": 1361.816979514804, "1993": 1397.2659331797749, "1994": 1461.364001287363, "1995": 1750.754007737841, "1996": 1619.191197076623, "1997": 1705.3987494222929, "1998": 1546.5151932537281, "1999": 1501.6642665318921, "2000": 1668.974913306401, "2001": 1467.538902382802, "2002": 1351.865501829194, "2003": 2060.184181357894, "2004": 2581.2417279304541, "2005": 2945.363948723108, "2006": 3035.061561192053, "2007": 3180.8612149852529, "2008": 2999.828169205085, "2009": 3239.7578007876982, "2010": 3992.951995626177, "2011": 4312.3424341415503, "2012": 4347.9956933663088, "2013": 3951.1200813900568, "2014": 3771.9079645840652, "2015": 3420.753570672789, "2016": 3239.8070750141419, "2017": 3853.991479181022, "2018": 3973.4634493366711, "2019": 3913.1264396930101, "2020": 3454.7842174460029, "2021": 3966.2986325383231, "2022": 3889.6527695916111, "2023": 3741.690107454157, "2024": 3936.1096924237081 }, "geometry": { "type": "Polygon", "coordinates": [ [ [ 32.071665, -26.73382 ], [ 31.86806, -27.177927 ], [ 31.282773, -27.285879 ], [ 30.685962, -26.743845 ], [ 30.676609, -26.398078 ], [ 30.949667, -26.022649 ], [ 31.04408, -25.731452 ], [ 31.333158, -25.660191 ], [ 31.837778, -25.843332 ], [ 31.985779, -26.29178 ], [ 32.071665, -26.73382 ] ] ] } },
{ "type": "Feature", "properties": { "name": "Syria", "iso3": "SYR", "name_with_flag": "🇸🇾 Syria", "1960": 183.5250697352779, "1961": 196.2935616339185, "1962": 223.93420914049199, "1963": 234.89974759194479, "1964": 254.2175270622229, "1965": 270.83058479616449, "1966": 239.30759595907989, "1967": 272.91463943494398, "1968": 293.330341001656, "1969": 363.55484444576149, "1970": 335.45136680094248, "1971": 392.51506952544833, "1972": 448.23775855647921, "1973": 458.8300611864185, "1974": 706.5795802213255, "1975": 903.71346206640521, "1976": 976.48924016596982, "1977": 951.24039858735523, "1978": 1107.783044775342, "1979": 1146.3617926097379, "1980": 1458.2397643409449, "1981": 1675.797474038065, "1982": 1702.680624913161, "1983": 1775.8320370570921, "1984": 1706.219448105245, "1985": 1543.764939551899, "1986": 1208.160842622171, "1987": 997.12813435513476, "1988": 897.70876335774005, "1989": 809.04402816245874, "1990": 978.48961697960704, "1991": 1000.077986849471, "1992": 990.13825119170815, "1993": 992.7713674750978, "1994": 712.38771663578279, "1995": 779.6991001537441, "1996": 918.19585736278782, "1997": 940.82658980497797, "1998": 960.8375049277256, "1999": 978.17453169496036, "2000": 1138.188485427796, "2001": 1186.8291347402719, "2002": 1183.247345103304, "2003": 1220.179077255998, "2004": 1368.114823002802, "2005": 1533.9016653656761, "2006": 1718.783472173377, "2007": 1937.6113857802741, "2008": 2429.1247708718861, "2009": 2462.2019364320222, "2010": 2730.6147711894869, "2011": 2952.1434937225722, "2012": 1897.6611501869629, "2013": 985.89266922705417, "2014": 1060.5910588685419, "2015": 847.7316319425646, "2016": 656.34905863130041, "2017": 851.50200525415278, "2018": 1098.0668642356991, "2019": 1109.5392603604889, "2020": 572.35528983190147, "2021": 663.61424570681481, "2022": 1051.671495874627, "2023": 847.37272341853145, "2024": null }, "geometry": { "type": "Polygon", "coordinates": [ [ [ 38.792341, 33.378686 ], [ 36.834062, 32.312938 ], [ 35.719918, 32.709192 ], [ 35.700798, 32.716014 ], [ 35.836397, 32.868123 ], [ 35.821101, 33.277426 ], [ 36.06646, 33.824912 ], [ 36.61175, 34.201789 ], [ 36.448194, 34.593935 ], [ 35.998403, 34.644914 ], [ 35.905023, 35.410009 ], [ 36.149763, 35.821535 ], [ 36.41755, 36.040617 ], [ 36.685389, 36.259699 ], [ 36.739494, 36.81752 ], [ 37.066761, 36.623036 ], [ 38.167727, 36.90121 ], [ 38.699891, 36.712927 ], [ 39.52258, 36.716054 ], [ 40.673259, 37.091276 ], [ 41.212089, 37.074352 ], [ 42.349591, 37.229873 ], [ 41.837064, 36.605854 ], [ 41.289707, 36.358815 ], [ 41.383965, 35.628317 ], [ 41.006159, 34.419372 ], [ 38.792341, 33.378686 ] ] ] } },
{ "type": "Feature", "properties": { "name": "Chad", "iso3": "TCD", "name_with_flag": "🇹🇩 Chad", "1960": 102.8194704596028, "1961": 107.32038049193071, "1962": 112.619958010844, "1963": 114.7108607610795, "1964": 118.5941067890323, "1965": 123.5622761162201, "1966": 125.7794601244177, "1967": 128.20999974161489, "1968": 126.8727749015395, "1969": 129.17584899771629, "1970": 125.88207842493721, "1971": 131.8164108650258, "1972": 150.36980570440139, "1973": 162.37186623742201, "1974": 159.99897877595899, "1975": 207.47625515621459, "1976": 203.71311673032361, "1977": 215.93545041697359, "1978": 252.51138168250529, "1979": 222.9147385329436, "1980": 228.77049187601719, "1981": 193.97157954180881, "1982": 176.08375078332401, "1983": 167.18097458995121, "1984": 182.1758809463347, "1985": 202.7109851014348, "1986": 203.35444951534151, "1987": 213.93172991906579, "1988": 263.54464784181471, "1989": 246.35537854911709, "1990": 290.59904526219083, "1991": 302.48726839060282, "1992": 290.64828613256623, "1993": 220.72996490329271, "1994": 173.9288950640348, "1995": 203.96485270504101, "1996": 216.91254105648451, "1997": 201.38407696935499, "1998": 219.77953091560141, "1999": 186.63853114622259, "2000": 163.12166368336869, "2001": 194.3229533115605, "2002": 219.06139195134929, "2003": 289.08762112216772, "2004": 445.85076715708692, "2005": 838.09210771255653, "2006": 906.89726057274675, "2007": 980.48353148510319, "2008": 1166.368834538406, "2009": 1035.6371969425379, "2010": 1141.8006926841231, "2011": 1308.1421872538001, "2012": 1354.343447019374, "2013": 1304.887429714747, "2014": 1278.789814224938, "2015": 993.99073061086915, "2016": 861.83176763074607, "2017": 854.46120040098026, "2018": 948.65662987123119, "2019": 893.33644164332486, "2020": 866.9478148904094, "2021": 946.35850020837358, "2022": 966.03646827856755, "2023": 989.05852896858835, "2024": 1016.088806627124 }, "geometry": { "type": "Polygon", "coordinates": [ [ [ 14.495787, 12.859396 ], [ 14.595781, 13.330427 ], [ 13.954477, 13.353449 ], [ 13.956699, 13.996691 ], [ 13.540394, 14.367134 ], [ 13.97217, 15.68437 ], [ 15.247731, 16.627306 ], [ 15.300441, 17.92795 ], [ 15.685741, 19.95718 ], [ 15.903247, 20.387619 ], [ 15.487148, 20.730415 ], [ 15.47106, 21.04845 ], [ 15.096888, 21.308519 ], [ 14.8513, 22.86295 ], [ 15.86085, 23.40972 ], [ 19.84926, 21.49509 ], [ 23.83766, 19.58047 ], [ 23.88689, 15.61084 ], [ 23.02459, 15.68072 ], [ 22.56795, 14.94429 ], [ 22.30351, 14.32682 ], [ 22.51202, 14.09318 ], [ 22.18329, 13.78648 ], [ 22.29658, 13.37232 ], [ 22.03759, 12.95546 ], [ 21.93681, 12.58818 ], [ 22.28801, 12.64605 ], [ 22.49762, 12.26024 ], [ 22.50869, 11.67936 ], [ 22.87622, 11.38461 ], [ 22.864165, 11.142395 ], [ 22.231129, 10.971889 ], [ 21.723822, 10.567056 ], [ 21.000868, 9.475985 ], [ 20.059685, 9.012706 ], [ 19.094008, 9.074847 ], [ 18.81201, 8.982915 ], [ 18.911022, 8.630895 ], [ 18.389555, 8.281304 ], [ 17.96493, 7.890914 ], [ 16.705988, 7.508328 ], [ 16.456185, 7.734774 ], [ 16.290562, 7.754307 ], [ 16.106232, 7.497088 ], [ 15.27946, 7.421925 ], [ 15.436092, 7.692812 ], [ 15.120866, 8.38215 ], [ 14.979996, 8.796104 ], [ 14.544467, 8.965861 ], [ 13.954218, 9.549495 ], [ 14.171466, 10.021378 ], [ 14.627201, 9.920919 ], [ 14.909354, 9.992129 ], [ 15.467873, 9.982337 ], [ 14.923565, 10.891325 ], [ 14.960152, 11.555574 ], [ 14.89336, 12.21905 ], [ 14.495787, 12.859396 ] ] ] } },
{ "type": "Feature", "properties": { "name": "Togo", "iso3": "TGO", "name_with_flag": "🇹🇬 Togo", "1960": 102.23898556447099, "1961": 104.8307488938412, "1962": 107.76120950306149, "1963": 114.6162112570526, "1964": 130.06930447137171, "1965": 142.68510297249921, "1966": 159.09592211334359, "1967": 163.94482844061349, "1968": 164.25694490194499, "1969": 174.6532540914074, "1970": 159.77818421252309, "1971": 174.5696969107706, "1972": 198.76105425990031, "1973": 234.41805753878921, "1974": 315.0979028103576, "1975": 338.60570091738549, "1976": 331.59562450180709, "1977": 406.34230135902641, "1978": 420.50700947515747, "1979": 443.46142848724332, "1980": 549.43346659160545, "1981": 451.04789724250901, "1982": 372.49482972643199, "1983": 335.53247079969282, "1984": 304.29633048867578, "1985": 312.86720415829359, "1986": 422.27729655581152, "1987": 482.28959877512102, "1988": 516.53623887935726, "1989": 491.99932105575192, "1990": 575.0945119286539, "1991": 549.8080115729997, "1992": 564.71733648074041, "1993": 414.01399521490669, "1994": 328.60095607973562, "1995": 419.2203348927564, "1996": 452.06843688242787, "1997": 448.00109691543582, "1998": 461.15824585491129, "1999": 445.29148410095348, "2000": 409.88980279276808, "2001": 396.69265452013531, "2002": 445.23869148892499, "2003": 538.16537776928965, "2004": 560.26630853338236, "2005": 551.25985001707659, "2006": 552.50227125255981, "2007": 607.58822447180944, "2008": 718.94878636677061, "2009": 720.69416879412904, "2010": 704.98716418137792, "2011": 783.98938049090577, "2012": 762.39204758708763, "2013": 826.54325945712594, "2014": 855.58528485665624, "2015": 751.05240508433587, "2016": 772.58178709397589, "2017": 792.7654872190692, "2018": 851.13080689180742, "2019": 826.2606540998936, "2020": 853.57822026372185, "2021": 939.61337378640678, "2022": 898.75815441071245, "2023": 985.69751262997363, "2024": 1043.1409288976481 }, "geometry": { "type": "Polygon", "coordinates": [ [ [ 1.865241, 6.142158 ], [ 1.060122, 5.928837 ], [ 0.836931, 6.279979 ], [ 0.570384, 6.914359 ], [ 0.490957, 7.411744 ], [ 0.712029, 8.312465 ], [ 0.461192, 8.677223 ], [ 0.365901, 9.465004 ], [ 0.36758, 10.191213 ], [ -0.049785, 10.706918 ], [ 0.023803, 11.018682 ], [ 0.899563, 10.997339 ], [ 0.772336, 10.470808 ], [ 1.077795, 10.175607 ], [ 1.425061, 9.825395 ], [ 1.463043, 9.334624 ], [ 1.664478, 9.12859 ], [ 1.618951, 6.832038 ], [ 1.865241, 6.142158 ] ] ] } },
{ "type": "Feature", "properties": { "name": "Thailand", "iso3": "THA", "name_with_flag": "🇹🇭 Thailand", "1960": 102.8145714549585, "1961": 109.72879426946361, "1962": 116.17949333784389, "1963": 120.65859874869651, "1964": 128.64222690373441, "1965": 140.89987369678079, "1966": 164.53341443106859, "1967": 170.6669715187065, "1968": 178.83975288580081, "1969": 191.43873451569209, "1970": 197.09790347542369, "1971": 199.66220198625479, "1972": 215.58202291785389, "1973": 278.28506296767489, "1974": 342.97889763344631, "1975": 363.52635017947841, "1976": 405.40873406075212, "1977": 461.65914164067829, "1978": 548.233113208345, "1979": 612.08876018576984, "1980": 708.72945009158389, "1981": 748.15672613230754, "1982": 770.39895320589073, "1983": 826.93230213769755, "1984": 846.9341684308838, "1985": 773.8239236746125, "1986": 842.0984362264511, "1987": 970.45252251338457, "1988": 1164.200962294947, "1989": 1341.729783953029, "1990": 1559.112093447548, "1991": 1765.6226735952851, "1992": 1971.608799106936, "1993": 2245.1368870898318, "1994": 2517.7073264168262, "1995": 2864.3651571986602, "1996": 3054.6569080647319, "1997": 2473.1409698208631, "1998": 1847.7037926977071, "1999": 2033.2449052056929, "2000": 2005.9769451423419, "2001": 1889.934324671445, "2002": 2089.751831115545, "2003": 2347.5400128606602, "2004": 2641.5626871785721, "2005": 2867.7038343606159, "2006": 3331.320435117726, "2007": 3918.5281743458049, "2008": 4309.1350929298624, "2009": 4135.4398695281852, "2010": 4973.862888237778, "2011": 5373.6232832897967, "2012": 5725.5280283546344, "2013": 6018.0824472925487, "2014": 5801.1978916204998, "2015": 5688.8533539788423, "2016": 5833.5771561709844, "2017": 6413.0918253034333, "2018": 7099.7765008145752, "2019": 7605.696577977591, "2020": 6985.6439389257421, "2021": 7057.2075480227904, "2022": 6909.3528181582678, "2023": 7195.1013091944869, "2024": 7345.1356900037672 }, "geometry": { "type": "Polygon", "coordinates": [ [ [ 102.584932, 12.186595 ], [ 101.687158, 12.64574 ], [ 100.83181, 12.627085 ], [ 100.978467, 13.412722 ], [ 100.097797, 13.406856 ], [ 100.018733, 12.307001 ], [ 99.478921, 10.846367 ], [ 99.153772, 9.963061 ], [ 99.222399, 9.239255 ], [ 99.873832, 9.207862 ], [ 100.279647, 8.295153 ], [ 100.459274, 7.429573 ], [ 101.017328, 6.856869 ], [ 101.623079, 6.740622 ], [ 102.141187, 6.221636 ], [ 101.814282, 5.810808 ], [ 101.154219, 5.691384 ], [ 101.075516, 6.204867 ], [ 100.259596, 6.642825 ], [ 100.085757, 6.464489 ], [ 99.690691, 6.848213 ], [ 99.519642, 7.343454 ], [ 98.988253, 7.907993 ], [ 98.503786, 8.382305 ], [ 98.339662, 7.794512 ], [ 98.150009, 8.350007 ], [ 98.25915, 8.973923 ], [ 98.553551, 9.93296 ], [ 99.038121, 10.960546 ], [ 99.587286, 11.892763 ], [ 99.196354, 12.804748 ], [ 99.212012, 13.269294 ], [ 99.097755, 13.827503 ], [ 98.430819, 14.622028 ], [ 98.192074, 15.123703 ], [ 98.537376, 15.308497 ], [ 98.903348, 16.177824 ], [ 98.493761, 16.837836 ], [ 97.859123, 17.567946 ], [ 97.375896, 18.445438 ], [ 97.797783, 18.62708 ], [ 98.253724, 19.708203 ], [ 98.959676, 19.752981 ], [ 99.543309, 20.186598 ], [ 100.115988, 20.41785 ], [ 100.548881, 20.109238 ], [ 100.606294, 19.508344 ], [ 101.282015, 19.462585 ], [ 101.035931, 18.408928 ], [ 101.059548, 17.512497 ], [ 102.113592, 18.109102 ], [ 102.413005, 17.932782 ], [ 102.998706, 17.961695 ], [ 103.200192, 18.309632 ], [ 103.956477, 18.240954 ], [ 104.716947, 17.428859 ], [ 104.779321, 16.441865 ], [ 105.589039, 15.570316 ], [ 105.544338, 14.723934 ], [ 105.218777, 14.273212 ], [ 104.281418, 14.416743 ], [ 102.988422, 14.225721 ], [ 102.348099, 13.394247 ], [ 102.584932, 12.186595 ] ] ] } },
{ "type": "Feature", "properties": { "name": "Tajikistan", "iso3": "TJK", "name_with_flag": "🇹🇯 Tajikistan", "1960": null, "1961": null, "1962": null, "1963": null, "1964": null, "1965": null, "1966": null, "1967": null, "1968": null, "1969": null, "1970": null, "1971": null, "1972": null, "1973": null, "1974": null, "1975": null, "1976": null, "1977": null, "1978": null, "1979": null, "1980": null, "1981": null, "1982": null, "1983": null, "1984": null, "1985": null, "1986": null, "1987": null, "1988": null, "1989": null, "1990": 487.03612866308981, "1991": 457.76782592480492, "1992": 337.83314551481328, "1993": 287.62012375491668, "1994": 261.27125454486469, "1995": 207.03445734303551, "1996": 172.03508868836821, "1997": 150.08855017123869, "1998": 213.7491455815767, "1999": 175.02376473562461, "2000": 136.92571640072279, "2001": 168.67628536518609, "2002": 186.95163828522161, "2003": 233.58124845289021, "2004": 305.74515858750237, "2005": 333.92715094168369, "2006": 401.01840331642723, "2007": 516.99721061891364, "2008": 703.3273758986428, "2009": 664.79565573465663, "2010": 737.33888321935558, "2011": 833.60197820285191, "2012": 952.45281969546875, "2013": 1028.1970427939609, "2014": 1081.5440293203881, "2015": 956.91631093065598, "2016": 788.71048173448503, "2017": 829.45714764956961, "2018": 834.28840457880085, "2019": 871.02237293484575, "2020": 834.3117154606249, "2021": 896.7480533721822, "2022": 1052.1794948489421, "2023": 1178.479900602488, "2024": 1341.202290276723 }, "geometry": { "type": "Polygon", "coordinates": [ [ [ 71.014198, 40.244366 ], [ 70.648019, 39.935754 ], [ 69.55961, 40.103211 ], [ 69.464887, 39.526683 ], [ 70.549162, 39.604198 ], [ 71.784694, 39.279463 ], [ 73.675379, 39.431237 ], [ 73.928852, 38.505815 ], [ 74.257514, 38.606507 ], [ 74.864816, 38.378846 ], [ 74.829986, 37.990007 ], [ 74.980002, 37.41999 ], [ 73.948696, 37.421566 ], [ 73.260056, 37.495257 ], [ 72.63689, 37.047558 ], [ 72.193041, 36.948288 ], [ 71.844638, 36.738171 ], [ 71.448693, 37.065645 ], [ 71.541918, 37.905774 ], [ 71.239404, 37.953265 ], [ 71.348131, 38.258905 ], [ 70.806821, 38.486282 ], [ 70.376304, 38.138396 ], [ 70.270574, 37.735165 ], [ 70.116578, 37.588223 ], [ 69.518785, 37.608997 ], [ 69.196273, 37.151144 ], [ 68.859446, 37.344336 ], [ 68.135562, 37.023115 ], [ 67.83, 37.144994 ], [ 68.392033, 38.157025 ], [ 68.176025, 38.901553 ], [ 67.44222, 39.140144 ], [ 67.701429, 39.580478 ], [ 68.536416, 39.533453 ], [ 69.011633, 40.086158 ], [ 69.329495, 40.727824 ], [ 70.666622, 40.960213 ], [ 70.45816, 40.496495 ], [ 70.601407, 40.218527 ], [ 71.014198, 40.244366 ] ] ] } },
{ "type": "Feature", "properties": { "name": "Turkmenistan", "iso3": "TKM", "name_with_flag": "🇹🇲 Turkmenistan", "1960": null, "1961": null, "1962": null, "1963": null, "1964": null, "1965": null, "1966": null, "1967": null, "1968": null, "1969": null, "1970": null, "1971": null, "1972": null, "1973": null, "1974": null, "1975": null, "1976": null, "1977": null, "1978": null, "1979": null, "1980": null, "1981": null, "1982": null, "1983": null, "1984": null, "1985": null, "1986": null, "1987": 675.22167807441224, "1988": 845.93294200233368, "1989": 821.02986451191589, "1990": 848.15504738842355, "1991": 831.99873207474025, "1992": 811.35415645190187, "1993": 788.41891420710704, "1994": 622.13478015808994, "1995": 592.24724732113179, "1996": 557.89422005133383, "1997": 565.02263804850065, "1998": 590.79129326638065, "1999": 545.51900310605379, "2000": 633.83548763801082, "2001": 756.03497627639842, "2002": 935.54080147846639, "2003": 1228.9487028940389, "2004": 1379.2300968269219, "2005": 1604.0161845231221, "2006": 1996.5931071730761, "2007": 2414.9607198696381, "2008": 3605.5039512054932, "2009": 3707.9785069961731, "2010": 4058.539370007391, "2011": 5143.6192933464727, "2012": 6053.8748468748954, "2013": 6599.6452905548149, "2014": 7164.1453618400637, "2015": 5759.4979038340043, "2016": 5686.9804096276384, "2017": 5828.4816623489023, "2018": 6125.0516971208544, "2019": 6648.0348960628044, "2020": 6592.6014602774831, "2021": 7051.2021107921337, "2022": 8156.3521195077356, "2023": 8232.6522598000192, "2024": 8571.607029494322 }, "geometry": { "type": "Polygon", "coordinates": [ [ [ 61.210817, 35.650072 ], [ 61.123071, 36.491597 ], [ 60.377638, 36.527383 ], [ 59.234762, 37.412988 ], [ 58.436154, 37.522309 ], [ 57.330434, 38.029229 ], [ 56.619366, 38.121394 ], [ 56.180375, 37.935127 ], [ 55.511578, 37.964117 ], [ 54.800304, 37.392421 ], [ 53.921598, 37.198918 ], [ 53.735511, 37.906136 ], [ 53.880929, 38.952093 ], [ 53.101028, 39.290574 ], [ 53.357808, 39.975286 ], [ 52.693973, 40.033629 ], [ 52.915251, 40.876523 ], [ 53.858139, 40.631034 ], [ 54.736845, 40.951015 ], [ 54.008311, 41.551211 ], [ 53.721713, 42.123191 ], [ 52.91675, 41.868117 ], [ 52.814689, 41.135371 ], [ 52.50246, 41.783316 ], [ 52.944293, 42.116034 ], [ 54.079418, 42.324109 ], [ 54.755345, 42.043971 ], [ 55.455251, 41.259859 ], [ 55.968191, 41.308642 ], [ 57.096391, 41.32231 ], [ 56.932215, 41.826026 ], [ 57.78653, 42.170553 ], [ 58.629011, 42.751551 ], [ 59.976422, 42.223082 ], [ 60.083341, 41.425146 ], [ 60.465953, 41.220327 ], [ 61.547179, 41.26637 ], [ 61.882714, 41.084857 ], [ 62.37426, 40.053886 ], [ 63.518015, 39.363257 ], [ 64.170223, 38.892407 ], [ 65.215999, 38.402695 ], [ 66.54615, 37.974685 ], [ 66.518607, 37.362784 ], [ 66.217385, 37.39379 ], [ 65.745631, 37.661164 ], [ 65.588948, 37.305217 ], [ 64.746105, 37.111818 ], [ 64.546479, 36.312073 ], [ 63.982896, 36.007957 ], [ 63.193538, 35.857166 ], [ 62.984662, 35.404041 ], [ 62.230651, 35.270664 ], [ 61.210817, 35.650072 ] ] ] } },
{ "type": "Feature", "properties": { "name": "East Timor", "iso3": "TLS", "name_with_flag": "🇹🇱 East Timor", "1960": null, "1961": null, "1962": null, "1963": null, "1964": null, "1965": null, "1966": null, "1967": null, "1968": null, "1969": null, "1970": null, "1971": null, "1972": null, "1973": null, "1974": null, "1975": null, "1976": null, "1977": null, "1978": null, "1979": null, "1980": null, "1981": null, "1982": null, "1983": null, "1984": null, "1985": null, "1986": null, "1987": null, "1988": null, "1989": null, "1990": 168.6210101993174, "1991": 189.79464921274919, "1992": 235.0647677144766, "1993": 264.06699479083608, "1994": 283.05800048076179, "1995": 302.73698202836852, "1996": 344.013327625123, "1997": 348.86424098108989, "1998": 345.59090957317011, "1999": 269.98731276139728, "2000": 492.45766942965128, "2001": 587.80435556091788, "2002": 533.98247643486559, "2003": 534.90115369765658, "2004": 474.42076734468952, "2005": 487.46455540429253, "2006": 464.66700184415879, "2007": 540.15458423766211, "2008": 628.15321925284934, "2009": 686.57929583238104, "2010": 813.06017725059667, "2011": 939.04524111269336, "2012": 1022.619031884288, "2013": 1204.5684153293139, "2014": 1224.7495775880079, "2015": 1319.592973709912, "2016": 1335.543900898143, "2017": 1266.177679529409, "2018": 1219.4659972898351, "2019": 1562.3645806803211, "2020": 1630.8693852125591, "2021": 2684.8270237898691, "2022": 2343.2452335038911, "2023": 1502.519645141864, "2024": 1343.14886031844 }, "geometry": { "type": "Polygon", "coordinates": [ [ [ 124.968682, -8.89279 ], [ 125.086246, -8.656887 ], [ 125.947072, -8.432095 ], [ 126.644704, -8.398247 ], [ 126.957243, -8.273345 ], [ 127.335928, -8.397317 ], [ 126.967992, -8.668256 ], [ 125.925885, -9.106007 ], [ 125.08852, -9.393173 ], [ 125.07002, -9.089987 ], [ 124.968682, -8.89279 ] ] ] } },
{ "type": "Feature", "properties": { "name": "Trinidad and Tobago", "iso3": "TTO", "name_with_flag": "🇹🇹 Trinidad and Tobago", "1960": 633.97560839433595, "1961": 677.71382402215727, "1962": 703.6208040799055, "1963": 756.28490662583624, "1964": 779.7660148945788, "1965": 793.35773871567812, "1966": 767.53787084081262, "1967": 796.70386005147338, "1968": 783.17363359979197, "1969": 794.52965516678796, "1970": 828.91985746431317, "1971": 894.45305348288025, "1972": 1067.464125675657, "1973": 1273.3221357335949, "1974": 1962.026892348865, "1975": 2318.691698155631, "1976": 2344.9302832194899, "1977": 2907.3734770717051, "1978": 3258.0927567116041, "1979": 4155.1594201720955, "1980": 5559.0520950710088, "1981": 6159.7094728483862, "1982": 7091.4062189204251, "1983": 6689.8083123803353, "1984": 6613.1194742070938, "1985": 6212.0006529974225, "1986": 3984.9960971973342, "1987": 3941.120139726308, "1988": 3655.8197703589731, "1989": 3481.8450576106729, "1990": 4047.250935946744, "1991": 4205.377783480164, "1992": 4277.4743693560386, "1993": 3646.71231742803, "1994": 3839.962902331145, "1995": 4114.6890847546383, "1996": 4427.2783244828879, "1997": 4393.9449694306768, "1998": 4612.7090031268626, "1999": 5179.0835080927427, "2000": 6178.5897555968722, "2001": 6657.414669372205, "2002": 6762.9308080809633, "2003": 8445.0465351829826, "2004": 9871.0341982008595, "2005": 12346.4373094075, "2006": 14152.660742211259, "2007": 16606.675360681049, "2008": 21298.99452580628, "2009": 14634.0565003912, "2010": 16815.424737361001, "2011": 19151.087022972159, "2012": 20332.138953192509, "2013": 21304.977645456511, "2014": 21908.301780298771, "2015": 19887.233735933769, "2016": 17449.16235281861, "2017": 17578.641776586541, "2018": 17575.804283804198, "2019": 17293.473012342711, "2020": 15358.861297306579, "2021": 17679.181256134121, "2022": 20874.376829149958, "2023": 18639.259241293959, "2024": 19314.71634326638 }, "geometry": { "type": "Polygon", "coordinates": [ [ [ -61.68, 10.76 ], [ -61.105, 10.89 ], [ -60.895, 10.855 ], [ -60.935, 10.11 ], [ -61.77, 10.0 ], [ -61.95, 10.09 ], [ -61.66, 10.365 ], [ -61.68, 10.76 ] ] ] } },
{ "type": "Feature", "properties": { "name": "Tunisia", "iso3": "TUN", "name_with_flag": "🇹🇳 Tunisia", "1960": null, "1961": 200.6718354497622, "1962": 201.41916693216541, "1963": 231.9194078512698, "1964": 228.48479368927309, "1965": 217.2690134789365, "1966": 223.75068024659291, "1967": 228.04476518740631, "1968": 248.91225549271951, "1969": 257.7388325216815, "1970": 280.4769102283463, "1971": 320.2721029011235, "1972": 414.62661258110421, "1973": 493.17212166747203, "1974": 623.75935280482031, "1975": 741.35491566103019, "1976": 751.74194640861845, "1977": 829.98396332317714, "1978": 945.96467806100122, "1979": 1113.444450187751, "1980": 1323.6264376333911, "1981": 1247.128012685512, "1982": 1177.3051855491301, "1983": 1183.8417233031009, "1984": 1143.2812867657949, "1985": 1134.9981305573631, "1986": 1186.5065152573441, "1987": 1244.7666357734699, "1988": 1266.075832589529, "1989": 1239.238602267844, "1990": 1476.4316047731079, "1991": 1537.879165113058, "1992": 1784.8185018826771, "1993": 1649.1853730907501, "1994": 1733.4661467350629, "1995": 1968.166009443725, "1996": 2107.408156492565, "1997": 2202.060906209565, "1998": 2285.019335418639, "1999": 2376.0656679159611, "2000": 2199.0446593631432, "2001": 2235.7198162475111, "2002": 2320.7723805784981, "2003": 2725.8643148859019, "2004": 3067.4193637697481, "2005": 3146.826074392703, "2006": 3322.56933570096, "2007": 3726.9167293566688, "2008": 4255.0500801952321, "2009": 4080.090324487805, "2010": 4291.8612089157541, "2011": 4420.6477220653696, "2012": 4297.267824542726, "2013": 4369.7934582635799, "2014": 4458.978954645474, "2015": 4014.947736864322, "2016": 3847.803544488087, "2017": 3619.032473199532, "2018": 3628.1036646423581, "2019": 3528.87213306798, "2020": 3548.6536366380269, "2021": 3906.9392631939081, "2022": 3708.8481241035979, "2023": 3950.3753419815962, "2024": 4350.3717971874976 }, "geometry": { "type": "Polygon", "coordinates": [ [ [ 9.48214, 30.307556 ], [ 9.055603, 32.102692 ], [ 8.439103, 32.506285 ], [ 8.430473, 32.748337 ], [ 7.612642, 33.344115 ], [ 7.524482, 34.097376 ], [ 8.140981, 34.655146 ], [ 8.376368, 35.479876 ], [ 8.217824, 36.433177 ], [ 8.420964, 36.946427 ], [ 9.509994, 37.349994 ], [ 10.210002, 37.230002 ], [ 10.18065, 36.724038 ], [ 11.028867, 37.092103 ], [ 11.100026, 36.899996 ], [ 10.600005, 36.41 ], [ 10.593287, 35.947444 ], [ 10.939519, 35.698984 ], [ 10.807847, 34.833507 ], [ 10.149593, 34.330773 ], [ 10.339659, 33.785742 ], [ 10.856836, 33.76874 ], [ 11.108501, 33.293343 ], [ 11.488787, 33.136996 ], [ 11.432253, 32.368903 ], [ 10.94479, 32.081815 ], [ 10.636901, 31.761421 ], [ 9.950225, 31.37607 ], [ 10.056575, 30.961831 ], [ 9.970017, 30.539325 ], [ 9.48214, 30.307556 ] ] ] } },
{ "type": "Feature", "properties": { "name": "Turkey", "iso3": "TUR", "name_with_flag": "🇹🇷 Turkey", "1960": 267.09120755276513, "1961": 274.3508909432619, "1962": 298.24102088488269, "1963": 337.01985685920511, "1964": 354.36554111716748, "1965": 369.96708220462449, "1966": 424.9846101317778, "1967": 459.44936905315927, "1968": 501.12130904111041, "1969": 543.94740132947823, "1970": 487.56508668243509, "1971": 430.89725967378342, "1972": 537.33752923252769, "1973": 661.0808218851721, "1974": 880.72816771684825, "1975": 1121.5432691497631, "1976": 1227.924096581994, "1977": 1371.9618565146261, "1978": 1510.185310649443, "1979": 2013.373742865027, "1980": 1515.645898500683, "1981": 1536.6656206410109, "1982": 1360.238252197752, "1983": 1275.6833761713069, "1984": 1209.0514938331271, "1985": 1326.427014453074, "1986": 1461.4965865475449, "1987": 1649.962647944021, "1988": 1685.6947924053511, "1989": 1948.5917945479389, "1990": 2689.5262192123291, "1991": 2649.272599744394, "1992": 2743.6532029793598, "1993": 3057.9373748042208, "1994": 2176.280181380901, "1995": 2774.6162720284742, "1996": 2929.153949306191, "1997": 3020.9934706127201, "1998": 4329.5624398557329, "1999": 3969.4735940658552, "2000": 4192.4431673849367, "2001": 3045.5541395692562, "2002": 3583.1974589715778, "2003": 4637.8821850152917, "2004": 5960.7789890904878, "2005": 7303.0138886024533, "2006": 7953.0784802496946, "2007": 9711.2237612083154, "2008": 10843.503694048901, "2009": 9012.999457930342, "2010": 10622.70204397232, "2011": 11300.78522156805, "2012": 11713.284983113899, "2013": 12578.187863200041, "2014": 12165.22013503798, "2015": 11049.995110094251, "2016": 10970.045894886171, "2017": 10695.55019623101, "2018": 9568.8350633022819, "2019": 9215.4404988811439, "2020": 8638.7390384810224, "2021": 9743.2127780485516, "2022": 10674.504157864991, "2023": 13105.65850047775, "2024": 15473.28726368557 }, "geometry": { "type": "MultiPolygon", "coordinates": [ [ [ [ 36.913127, 41.335358 ], [ 38.347665, 40.948586 ], [ 39.512607, 41.102763 ], [ 40.373433, 41.013673 ], [ 41.554084, 41.535656 ], [ 42.619549, 41.583173 ], [ 43.582746, 41.092143 ], [ 43.752658, 40.740201 ], [ 43.656436, 40.253564 ], [ 44.400009, 40.005 ], [ 44.79399, 39.713003 ], [ 44.109225, 39.428136 ], [ 44.421403, 38.281281 ], [ 44.225756, 37.971584 ], [ 44.772699, 37.170445 ], [ 44.293452, 37.001514 ], [ 43.942259, 37.256228 ], [ 42.779126, 37.385264 ], [ 42.349591, 37.229873 ], [ 41.212089, 37.074352 ], [ 40.673259, 37.091276 ], [ 39.52258, 36.716054 ], [ 38.699891, 36.712927 ], [ 38.167727, 36.90121 ], [ 37.066761, 36.623036 ], [ 36.739494, 36.81752 ], [ 36.685389, 36.259699 ], [ 36.41755, 36.040617 ], [ 36.149763, 35.821535 ], [ 35.782085, 36.274995 ], [ 36.160822, 36.650606 ], [ 35.550936, 36.565443 ], [ 34.714553, 36.795532 ], [ 34.026895, 36.21996 ], [ 32.509158, 36.107564 ], [ 31.699595, 36.644275 ], [ 30.621625, 36.677865 ], [ 30.391096, 36.262981 ], [ 29.699976, 36.144357 ], [ 28.732903, 36.676831 ], [ 27.641187, 36.658822 ], [ 27.048768, 37.653361 ], [ 26.318218, 38.208133 ], [ 26.8047, 38.98576 ], [ 26.170785, 39.463612 ], [ 27.28002, 40.420014 ], [ 28.819978, 40.460011 ], [ 29.240004, 41.219991 ], [ 31.145934, 41.087622 ], [ 32.347979, 41.736264 ], [ 33.513283, 42.01896 ], [ 35.167704, 42.040225 ], [ 36.913127, 41.335358 ] ] ], [ [ [ 27.192377, 40.690566 ], [ 26.358009, 40.151994 ], [ 26.043351, 40.617754 ], [ 26.056942, 40.824123 ], [ 26.294602, 40.936261 ], [ 26.604196, 41.562115 ], [ 26.117042, 41.826905 ], [ 27.135739, 42.141485 ], [ 27.99672, 42.007359 ], [ 28.115525, 41.622886 ], [ 28.988443, 41.299934 ], [ 28.806438, 41.054962 ], [ 27.619017, 40.999823 ], [ 27.192377, 40.690566 ] ] ] ] } },
{ "type": "Feature", "properties": { "name": "Taiwan", "iso3": "TWN", "name_with_flag": "🇹🇼 Taiwan", "1960": null, "1961": null, "1962": null, "1963": null, "1964": null, "1965": null, "1966": null, "1967": null, "1968": null, "1969": null, "1970": null, "1971": null, "1972": null, "1973": null, "1974": null, "1975": null, "1976": null, "1977": null, "1978": null, "1979": null, "1980": null, "1981": null, "1982": null, "1983": null, "1984": null, "1985": null, "1986": null, "1987": null, "1988": null, "1989": null, "1990": null, "1991": null, "1992": null, "1993": null, "1994": null, "1995": null, "1996": null, "1997": null, "1998": null, "1999": null, "2000": null, "2001": null, "2002": null, "2003": null, "2004": null, "2005": null, "2006": null, "2007": null, "2008": null, "2009": null, "2010": null, "2011": null, "2012": null, "2013": null, "2014": null, "2015": null, "2016": null, "2017": null, "2018": null, "2019": null, "2020": null, "2021": null, "2022": null, "2023": null, "2024": null }, "geometry": { "type": "Polygon", "coordinates": [ [ [ 121.777818, 24.394274 ], [ 121.175632, 22.790857 ], [ 120.74708, 21.970571 ], [ 120.220083, 22.814861 ], [ 120.106189, 23.556263 ], [ 120.69468, 24.538451 ], [ 121.495044, 25.295459 ], [ 121.951244, 24.997596 ], [ 121.777818, 24.394274 ] ] ] } },
{ "type": "Feature", "properties": { "name": "United Republic of Tanzania", "iso3": "TZA", "name_with_flag": "🇹🇿 United Republic of Tanzania", "1960": 275.29602050781301, "1961": 285.15679931640602, "1962": 303.99743652343801, "1963": 329.01058959960898, "1964": 346.30181884765602, "1965": 342.07794189453102, "1966": 380.49792480468801, "1967": 384.64294433593801, "1968": 399.30163574218801, "1969": 405.45080566406301, "1970": 217.23564147949199, "1971": 224.451416015625, "1972": 246.54629516601599, "1973": 283.80184936523398, "1974": 328.78359985351602, "1975": 364.96994018554699, "1976": 397.54275512695301, "1977": 458.058349609375, "1978": 529.60363769531295, "1979": 542.11474609375, "1980": 611.21179199218795, "1981": 683.91326904296898, "1982": 701.95983886718795, "1983": 685.27648925781295, "1984": 609.33142089843795, "1985": 700.45007324218795, "1986": 479.28176879882801, "1987": 334.82278442382801, "1988": 307.50634765625, "1989": 259.50222778320301, "1990": 243.61155700683599, "1991": 276.45245361328102, "1992": 250.32992553710901, "1993": 224.49154663085901, "1994": 228.89002990722699, "1995": 258.41833496093801, "1996": 313.65838623046898, "1997": 363.59768676757801, "1998": 386.37844848632801, "1999": 392.62176513671898, "2000": 401.69815063476602, "2001": 396.63873291015602, "2002": 402.64904785156301, "2003": 422.18359375, "2004": 450.38528442382801, "2005": 483.33486938476602, "2006": 475.74673461914102, "2007": 543.19830322265602, "2008": 675.97723388671898, "2009": 693.82354736328102, "2010": 736.53015136718795, "2011": 775.39276123046898, "2012": 861.96990966796898, "2013": 963.05712890625, "2014": 1022.74841308594, "2015": 939.12731933593795, "2016": 953.0107421875, "2017": 986.67401123046898, "2018": 1023.10626220703, "2019": 1063.32250976563, "2020": 1117.41528320313, "2021": 1159.85656738281, "2022": 1207.85302734375, "2023": 1224.48962402344, "2024": 1185.74548339844 }, "geometry": { "type": "Polygon", "coordinates": [ [ [ 33.903711, -0.95 ], [ 34.07262, -1.05982 ], [ 37.69869, -3.09699 ], [ 37.7669, -3.67712 ], [ 39.20222, -4.67677 ], [ 38.74054, -5.90895 ], [ 38.79977, -6.47566 ], [ 39.44, -6.84 ], [ 39.47, -7.1 ], [ 39.19469, -7.7039 ], [ 39.25203, -8.00781 ], [ 39.18652, -8.48551 ], [ 39.53574, -9.11237 ], [ 39.9496, -10.0984 ], [ 40.31659, -10.3171 ], [ 39.521, -10.89688 ], [ 38.427557, -11.285202 ], [ 37.82764, -11.26879 ], [ 37.47129, -11.56876 ], [ 36.775151, -11.594537 ], [ 36.514082, -11.720938 ], [ 35.312398, -11.439146 ], [ 34.559989, -11.52002 ], [ 34.28, -10.16 ], [ 33.940838, -9.693674 ], [ 33.73972, -9.41715 ], [ 32.759375, -9.230599 ], [ 32.191865, -8.930359 ], [ 31.556348, -8.762049 ], [ 31.157751, -8.594579 ], [ 30.74, -8.34 ], [ 30.2, -7.08 ], [ 29.62, -6.52 ], [ 29.419993, -5.939999 ], [ 29.519987, -5.419979 ], [ 29.339998, -4.499983 ], [ 29.753512, -4.452389 ], [ 30.11632, -4.09012 ], [ 30.50554, -3.56858 ], [ 30.75224, -3.35931 ], [ 30.74301, -3.03431 ], [ 30.52766, -2.80762 ], [ 30.46967, -2.41383 ], [ 30.758309, -2.28725 ], [ 30.816135, -1.698914 ], [ 30.419105, -1.134659 ], [ 30.76986, -1.01455 ], [ 31.86617, -1.02736 ], [ 33.903711, -0.95 ] ] ] } },
{ "type": "Feature", "properties": { "name": "Uganda", "iso3": "UGA", "name_with_flag": "🇺🇬 Uganda", "1960": 55.378497613218087, "1961": 56.175927809159553, "1962": 55.504870460488668, "1963": 61.955376819183478, "1964": 68.625993019436791, "1965": 99.952765232507502, "1966": 101.43541462090769, "1967": 102.8003473284401, "1968": 106.8512281045313, "1969": 116.6822963308539, "1970": 122.03092958562949, "1971": 133.46808831613151, "1972": 136.964736487473, "1973": 152.70941758782439, "1974": 183.71757196626021, "1975": 201.23729284479941, "1976": 203.30981365080891, "1977": 237.58488906420499, "1978": 190.69014509760649, "1979": 164.5130121811271, "1980": 93.750699113518394, "1981": 98.646755065410915, "1982": 156.95242290933069, "1983": 157.52721692252479, "1984": 247.51693763863599, "1985": 234.27650277752559, "1986": 253.64305881081691, "1987": 392.97074320478953, "1988": 395.18766096092429, "1989": 310.18602524944458, "1990": 244.98716812680641, "1991": 182.95589734834829, "1992": 152.11354241553681, "1993": 165.61647621171591, "1994": 198.4419879987951, "1995": 278.52083566876678, "1996": 284.69825928573277, "1997": 286.8466379129639, "1998": 292.45303705883492, "1999": 257.92194960135657, "2000": 258.05033873108601, "2001": 236.02118885399341, "2002": 241.98468840833459, "2003": 250.71543664680959, "2004": 292.38185796262007, "2005": 330.40540270702508, "2006": 346.51825531064719, "2007": 401.38913086558091, "2008": 472.84268149585188, "2009": 798.94708993824656, "2010": 823.48814428200001, "2011": 835.62006055583799, "2012": 795.222867553127, "2013": 818.28542741671276, "2014": 896.05479554639351, "2015": 862.93461035581072, "2016": 752.69657172565564, "2017": 765.21833229736058, "2018": 792.16570022814039, "2019": 822.17115014165108, "2020": 845.76646385001038, "2021": 882.79171744200096, "2022": 963.0673142334972, "2023": 1002.3091390885151, "2024": 1072.713698376954 }, "geometry": { "type": "Polygon", "coordinates": [ [ [ 31.86617, -1.02736 ], [ 30.76986, -1.01455 ], [ 30.419105, -1.134659 ], [ 29.821519, -1.443322 ], [ 29.579466, -1.341313 ], [ 29.587838, -0.587406 ], [ 29.8195, -0.2053 ], [ 29.875779, 0.59738 ], [ 30.086154, 1.062313 ], [ 30.468508, 1.583805 ], [ 30.85267, 1.849396 ], [ 31.174149, 2.204465 ], [ 30.77332, 2.33989 ], [ 30.83385, 3.50917 ], [ 31.24556, 3.7819 ], [ 31.88145, 3.55827 ], [ 32.68642, 3.79232 ], [ 33.39, 3.79 ], [ 34.005, 4.249885 ], [ 34.47913, 3.5556 ], [ 34.59607, 3.05374 ], [ 35.03599, 1.90584 ], [ 34.6721, 1.17694 ], [ 34.18, 0.515 ], [ 33.893569, 0.109814 ], [ 33.903711, -0.95 ], [ 31.86617, -1.02736 ] ] ] } },
{ "type": "Feature", "properties": { "name": "Ukraine", "iso3": "UKR", "name_with_flag": "🇺🇦 Ukraine", "1960": null, "1961": null, "1962": null, "1963": null, "1964": null, "1965": null, "1966": null, "1967": null, "1968": null, "1969": null, "1970": null, "1971": null, "1972": null, "1973": null, "1974": null, "1975": null, "1976": null, "1977": null, "1978": null, "1979": null, "1980": null, "1981": null, "1982": null, "1983": null, "1984": null, "1985": null, "1986": null, "1987": 1244.04125976563, "1988": 1444.248046875, "1989": 1593.07861328125, "1990": 1563.63415527344, "1991": 1482.6396484375, "1992": 1413.24011230469, "1993": 1254.02868652344, "1994": 1009.09405517578, "1995": 933.19177246093795, "1996": 869.84606933593795, "1997": 987.48980712890602, "1998": 831.33679199218795, "1999": 631.91046142578102, "2000": 653.29431152343795, "2001": 800.49072265625, "2002": 903.01190185546898, "2003": 1076.48156738281, "2004": 1401.01806640625, "2005": 1875.33508300781, "2006": 2366.494140625, "2007": 3160.32763671875, "2008": 4017.806640625, "2009": 2607.08764648438, "2010": 3039.63232421875, "2011": 3656.69799804688, "2012": 3951.34228515625, "2013": 4129.89697265625, "2014": 3054.908203125, "2015": 2094.47387695313, "2016": 2158.46118164063, "2017": 2604.28759765625, "2018": 3059.0517578125, "2019": 3619.86157226563, "2020": 3709.76928710938, "2021": 4775.94580078125, "2022": 4199.6708984375, "2023": 5139.59814453125, "2024": 5389.47314453125 }, "geometry": { "type": "Polygon", "coordinates": [ [ [ 31.785998, 52.101678 ], [ 32.159412, 52.061267 ], [ 32.412058, 52.288695 ], [ 32.715761, 52.238465 ], [ 33.7527, 52.335075 ], [ 34.391731, 51.768882 ], [ 34.141978, 51.566413 ], [ 34.224816, 51.255993 ], [ 35.022183, 51.207572 ], [ 35.377924, 50.773955 ], [ 35.356116, 50.577197 ], [ 36.626168, 50.225591 ], [ 37.39346, 50.383953 ], [ 38.010631, 49.915662 ], [ 38.594988, 49.926462 ], [ 40.069058, 49.601055 ], [ 40.080789, 49.30743 ], [ 39.674664, 48.783818 ], [ 39.895632, 48.232405 ], [ 39.738278, 47.898937 ], [ 38.770585, 47.825608 ], [ 38.255112, 47.5464 ], [ 38.223538, 47.10219 ], [ 37.425137, 47.022221 ], [ 36.759855, 46.6987 ], [ 35.823685, 46.645964 ], [ 34.962342, 46.273197 ], [ 35.020788, 45.651219 ], [ 35.510009, 45.409993 ], [ 36.529998, 45.46999 ], [ 36.334713, 45.113216 ], [ 35.239999, 44.939996 ], [ 33.882511, 44.361479 ], [ 33.326421, 44.564877 ], [ 33.546924, 45.034771 ], [ 32.454174, 45.327466 ], [ 32.630804, 45.519186 ], [ 33.588162, 45.851569 ], [ 33.298567, 46.080598 ], [ 31.74414, 46.333348 ], [ 31.675307, 46.706245 ], [ 30.748749, 46.5831 ], [ 30.377609, 46.03241 ], [ 29.603289, 45.293308 ], [ 29.149725, 45.464925 ], [ 28.679779, 45.304031 ], [ 28.233554, 45.488283 ], [ 28.485269, 45.596907 ], [ 28.659987, 45.939987 ], [ 28.933717, 46.25883 ], [ 28.862972, 46.437889 ], [ 29.072107, 46.517678 ], [ 29.170654, 46.379262 ], [ 29.759972, 46.349988 ], [ 30.024659, 46.423937 ], [ 29.83821, 46.525326 ], [ 29.908852, 46.674361 ], [ 29.559674, 46.928583 ], [ 29.415135, 47.346645 ], [ 29.050868, 47.510227 ], [ 29.122698, 47.849095 ], [ 28.670891, 48.118149 ], [ 28.259547, 48.155562 ], [ 27.522537, 48.467119 ], [ 26.857824, 48.368211 ], [ 26.619337, 48.220726 ], [ 26.19745, 48.220881 ], [ 25.945941, 47.987149 ], [ 25.207743, 47.891056 ], [ 24.866317, 47.737526 ], [ 24.402056, 47.981878 ], [ 23.760958, 47.985598 ], [ 23.142236, 48.096341 ], [ 22.710531, 47.882194 ], [ 22.64082, 48.15024 ], [ 22.085608, 48.422264 ], [ 22.280842, 48.825392 ], [ 22.558138, 49.085738 ], [ 22.776419, 49.027395 ], [ 22.51845, 49.476774 ], [ 23.426508, 50.308506 ], [ 23.922757, 50.424881 ], [ 24.029986, 50.705407 ], [ 23.527071, 51.578454 ], [ 24.005078, 51.617444 ], [ 24.553106, 51.888461 ], [ 25.327788, 51.910656 ], [ 26.337959, 51.832289 ], [ 27.454066, 51.592303 ], [ 28.241615, 51.572227 ], [ 28.617613, 51.427714 ], [ 28.992835, 51.602044 ], [ 29.254938, 51.368234 ], [ 30.157364, 51.416138 ], [ 30.555117, 51.319503 ], [ 30.619454, 51.822806 ], [ 30.927549, 52.042353 ], [ 31.785998, 52.101678 ] ] ] } },
{ "type": "Feature", "properties": { "name": "Uruguay", "iso3": "URY", "name_with_flag": "🇺🇾 Uruguay", "1960": 491.03176030459599, "1961": 603.96651323370509, "1962": 659.39371689171605, "1963": 586.82119166943062, "1964": 744.65427014606905, "1965": 705.20252752669444, "1966": 668.17637665776022, "1967": 584.75530449369001, "1968": 578.54886853613607, "1969": 722.58625490756856, "1970": 765.76301198669353, "1971": 1000.283654122567, "1972": 775.9372510508349, "1973": 1397.2896030438269, "1974": 1433.177974750633, "1975": 1231.8537095317929, "1976": 1268.3030324092081, "1977": 1414.237899854028, "1978": 1678.3092562256779, "1979": 2442.6595789426628, "1980": 3442.812306203507, "1981": 3728.4455696995969, "1982": 3084.7940700217418, "1983": 1707.144628491355, "1984": 1615.406472771356, "1985": 1568.4321648636339, "1986": 1938.8108486946981, "1987": 2415.6541994875029, "1988": 2677.1977769099258, "1989": 2734.366238715349, "1990": 2995.3610566346551, "1991": 3589.01541942634, "1992": 4101.7105415529131, "1993": 4753.0092468264684, "1994": 5507.5648130005611, "1995": 6050.4863225364443, "1996": 6398.4357518409461, "1997": 7436.2934262068247, "1998": 7836.8918332230724, "1999": 7370.5699545393099, "2000": 6987.7009876625734, "2001": 6382.7610474085877, "2002": 4149.7614031268686, "2003": 3671.1232925688269, "2004": 4168.6606543838652, "2005": 5284.2567798712898, "2006": 6001.332947831721, "2007": 7222.0540364587714, "2008": 9423.9656259589265, "2009": 9881.3957312708062, "2010": 12641.05768490079, "2011": 15132.26757255872, "2012": 16259.59408142561, "2013": 18335.259477232241, "2014": 18322.427676715721, "2015": 17125.90168002979, "2016": 17009.75842072758, "2017": 19184.650261708241, "2018": 19249.940467750072, "2019": 18315.731698002819, "2020": 15757.53559957787, "2021": 17881.818721098989, "2022": 20818.614609114349, "2023": 23019.422156004592, "2024": 23906.513302940792 }, "geometry": { "type": "Polygon", "coordinates": [ [ [ -57.625133, -30.216295 ], [ -56.976026, -30.109686 ], [ -55.973245, -30.883076 ], [ -55.60151, -30.853879 ], [ -54.572452, -31.494511 ], [ -53.787952, -32.047243 ], [ -53.209589, -32.727666 ], [ -53.650544, -33.202004 ], [ -53.373662, -33.768378 ], [ -53.806426, -34.396815 ], [ -54.935866, -34.952647 ], [ -55.67409, -34.752659 ], [ -56.215297, -34.859836 ], [ -57.139685, -34.430456 ], [ -57.817861, -34.462547 ], [ -58.427074, -33.909454 ], [ -58.349611, -33.263189 ], [ -58.132648, -33.040567 ], [ -58.14244, -32.044504 ], [ -57.874937, -31.016556 ], [ -57.625133, -30.216295 ] ] ] } },
{ "type": "Feature", "properties": { "name": "United States of America", "iso3": "USA", "name_with_flag": "🇺🇸 United States of America", "1960": 3002.0892954559722, "1961": 3062.974116001431, "1962": 3241.8576585279989, "1963": 3373.3573050342052, "1964": 3573.0635455211141, "1965": 3826.5172479946582, "1966": 4141.6465385166312, "1967": 4331.5811527428541, "1968": 4691.6340358725902, "1969": 5025.0947749214774, "1970": 5234.2966662114977, "1971": 5609.3825995251873, "1972": 6094.0179898616461, "1973": 6726.3589559669481, "1974": 7225.6913595256574, "1975": 7801.4566635644269, "1976": 8592.2535372761249, "1977": 9452.5765191451101, "1978": 10564.94822202754, "1979": 11674.181866654821, "1980": 12574.791506216299, "1981": 13976.105392520019, "1982": 14433.78772705297, "1983": 15543.89371749247, "1984": 17121.225484999472, "1985": 18236.827726500898, "1986": 19071.227194929481, "1987": 20038.94109926575, "1988": 21417.01193051914, "1989": 22857.154433005559, "1990": 23888.60000881329, "1991": 24342.25890481894, "1992": 25418.990776331899, "1993": 26387.29373381707, "1994": 27694.853416234051, "1995": 28690.875701334691, "1996": 29967.712718174869, "1997": 31459.12996915539, "1998": 32853.672594923402, "1999": 34515.381307339449, "2000": 36329.970259575079, "2001": 37133.620397351697, "2002": 37997.742430024198, "2003": 39490.302390317607, "2004": 41724.641198261379, "2005": 44123.399647002567, "2006": 46301.987648551891, "2007": 48050.227412195047, "2008": 48570.05942696015, "2009": 47194.95008938721, "2010": 48642.631208821302, "2011": 50024.8812320773, "2012": 51708.394061408188, "2013": 53297.386290159528, "2014": 55153.394018296698, "2015": 56849.46979231594, "2016": 57976.628204291039, "2017": 60047.719072830689, "2018": 62875.666138272842, "2019": 65227.95659110383, "2020": 64401.507435421183, "2021": 71307.401727721808, "2022": 77860.911290884818, "2023": 82304.620427286573, "2024": 85809.900384635621 }, "geometry": { "type": "MultiPolygon", "coordinates": [ [ [ [ -155.54211, 19.08348 ], [ -155.68817, 18.91619 ], [ -155.93665, 19.05939 ], [ -155.90806, 19.33888 ], [ -156.07347, 19.70294 ], [ -156.02368, 19.81422 ], [ -155.85008, 19.97729 ], [ -155.91907, 20.17395 ], [ -155.86108, 20.26721 ], [ -155.78505, 20.2487 ], [ -155.40214, 20.07975 ], [ -155.22452, 19.99302 ], [ -155.06226, 19.8591 ], [ -154.80741, 19.50871 ], [ -154.83147, 19.45328 ], [ -155.22217, 19.23972 ], [ -155.54211, 19.08348 ] ] ], [ [ [ -156.07926, 20.64397 ], [ -156.41445, 20.57241 ], [ -156.58673, 20.783 ], [ -156.70167, 20.8643 ], [ -156.71055, 20.92676 ], [ -156.61258, 21.01249 ], [ -156.25711, 20.91745 ], [ -155.99566, 20.76404 ], [ -156.07926, 20.64397 ] ] ], [ [ [ -156.75824, 21.17684 ], [ -156.78933, 21.06873 ], [ -157.32521, 21.09777 ], [ -157.25027, 21.21958 ], [ -156.75824, 21.17684 ] ] ], [ [ [ -157.65283, 21.32217 ], [ -157.70703, 21.26442 ], [ -157.7786, 21.27729 ], [ -158.12667, 21.31244 ], [ -158.2538, 21.53919 ], [ -158.29265, 21.57912 ], [ -158.0252, 21.71696 ], [ -157.94161, 21.65272 ], [ -157.65283, 21.32217 ] ] ], [ [ [ -159.34512, 21.982 ], [ -159.46372, 21.88299 ], [ -159.80051, 22.06533 ], [ -159.74877, 22.1382 ], [ -159.5962, 22.23618 ], [ -159.36569, 22.21494 ], [ -159.34512, 21.982 ] ] ], [ [ [ -94.81758, 49.38905 ], [ -94.64, 48.84 ], [ -94.32914, 48.67074 ], [ -93.63087, 48.60926 ], [ -92.61, 48.45 ], [ -91.64, 48.14 ], [ -90.83, 48.27 ], [ -89.6, 48.01 ], [ -89.272917, 48.019808 ], [ -88.378114, 48.302918 ], [ -87.439793, 47.94 ], [ -86.461991, 47.553338 ], [ -85.652363, 47.220219 ], [ -84.87608, 46.900083 ], [ -84.779238, 46.637102 ], [ -84.543749, 46.538684 ], [ -84.6049, 46.4396 ], [ -84.3367, 46.40877 ], [ -84.14212, 46.512226 ], [ -84.091851, 46.275419 ], [ -83.890765, 46.116927 ], [ -83.616131, 46.116927 ], [ -83.469551, 45.994686 ], [ -83.592851, 45.816894 ], [ -82.550925, 45.347517 ], [ -82.337763, 44.44 ], [ -82.137642, 43.571088 ], [ -82.43, 42.98 ], [ -82.9, 42.43 ], [ -83.12, 42.08 ], [ -83.142, 41.975681 ], [ -83.02981, 41.832796 ], [ -82.690089, 41.675105 ], [ -82.439278, 41.675105 ], [ -81.277747, 42.209026 ], [ -80.247448, 42.3662 ], [ -78.939362, 42.863611 ], [ -78.92, 42.965 ], [ -79.01, 43.27 ], [ -79.171674, 43.466339 ], [ -78.72028, 43.625089 ], [ -77.737885, 43.629056 ], [ -76.820034, 43.628784 ], [ -76.5, 44.018459 ], [ -76.375, 44.09631 ], [ -75.31821, 44.81645 ], [ -74.867, 45.00048 ], [ -73.34783, 45.00738 ], [ -71.50506, 45.0082 ], [ -71.405, 45.255 ], [ -71.08482, 45.30524 ], [ -70.66, 45.46 ], [ -70.305, 45.915 ], [ -69.99997, 46.69307 ], [ -69.237216, 47.447781 ], [ -68.905, 47.185 ], [ -68.23444, 47.35486 ], [ -67.79046, 47.06636 ], [ -67.79134, 45.70281 ], [ -67.13741, 45.13753 ], [ -66.96466, 44.8097 ], [ -68.03252, 44.3252 ], [ -69.06, 43.98 ], [ -70.11617, 43.68405 ], [ -70.645476, 43.090238 ], [ -70.81489, 42.8653 ], [ -70.825, 42.335 ], [ -70.495, 41.805 ], [ -70.08, 41.78 ], [ -70.185, 42.145 ], [ -69.88497, 41.92283 ], [ -69.96503, 41.63717 ], [ -70.64, 41.475 ], [ -71.12039, 41.49445 ], [ -71.86, 41.32 ], [ -72.295, 41.27 ], [ -72.87643, 41.22065 ], [ -73.71, 40.931102 ], [ -72.24126, 41.11948 ], [ -71.945, 40.93 ], [ -73.345, 40.63 ], [ -73.982, 40.628 ], [ -73.952325, 40.75075 ], [ -74.25671, 40.47351 ], [ -73.96244, 40.42763 ], [ -74.17838, 39.70926 ], [ -74.90604, 38.93954 ], [ -74.98041, 39.1964 ], [ -75.20002, 39.24845 ], [ -75.52805, 39.4985 ], [ -75.32, 38.96 ], [ -75.071835, 38.782032 ], [ -75.05673, 38.40412 ], [ -75.37747, 38.01551 ], [ -75.94023, 37.21689 ], [ -76.03127, 37.2566 ], [ -75.72205, 37.93705 ], [ -76.23287, 38.319215 ], [ -76.35, 39.15 ], [ -76.542725, 38.717615 ], [ -76.32933, 38.08326 ], [ -76.989998, 38.239992 ], [ -76.30162, 37.917945 ], [ -76.25874, 36.9664 ], [ -75.9718, 36.89726 ], [ -75.86804, 36.55125 ], [ -75.72749, 35.55074 ], [ -76.36318, 34.80854 ], [ -77.397635, 34.51201 ], [ -78.05496, 33.92547 ], [ -78.55435, 33.86133 ], [ -79.06067, 33.49395 ], [ -79.20357, 33.15839 ], [ -80.301325, 32.509355 ], [ -80.86498, 32.0333 ], [ -81.33629, 31.44049 ], [ -81.49042, 30.72999 ], [ -81.31371, 30.03552 ], [ -80.98, 29.18 ], [ -80.535585, 28.47213 ], [ -80.53, 28.04 ], [ -80.056539, 26.88 ], [ -80.088015, 26.205765 ], [ -80.13156, 25.816775 ], [ -80.38103, 25.20616 ], [ -80.68, 25.08 ], [ -81.17213, 25.20126 ], [ -81.33, 25.64 ], [ -81.71, 25.87 ], [ -82.24, 26.73 ], [ -82.70515, 27.49504 ], [ -82.85526, 27.88624 ], [ -82.65, 28.55 ], [ -82.93, 29.1 ], [ -83.70959, 29.93656 ], [ -84.1, 30.09 ], [ -85.10882, 29.63615 ], [ -85.28784, 29.68612 ], [ -85.7731, 30.15261 ], [ -86.4, 30.4 ], [ -87.53036, 30.27433 ], [ -88.41782, 30.3849 ], [ -89.18049, 30.31598 ], [ -89.593831, 30.159994 ], [ -89.413735, 29.89419 ], [ -89.43, 29.48864 ], [ -89.21767, 29.29108 ], [ -89.40823, 29.15961 ], [ -89.77928, 29.30714 ], [ -90.15463, 29.11743 ], [ -90.880225, 29.148535 ], [ -91.626785, 29.677 ], [ -92.49906, 29.5523 ], [ -93.22637, 29.78375 ], [ -93.84842, 29.71363 ], [ -94.69, 29.48 ], [ -95.60026, 28.73863 ], [ -96.59404, 28.30748 ], [ -97.14, 27.83 ], [ -97.37, 27.38 ], [ -97.38, 26.69 ], [ -97.33, 26.21 ], [ -97.14, 25.87 ], [ -97.53, 25.84 ], [ -98.24, 26.06 ], [ -99.02, 26.37 ], [ -99.3, 26.84 ], [ -99.52, 27.54 ], [ -100.11, 28.11 ], [ -100.45584, 28.69612 ], [ -100.9576, 29.38071 ], [ -101.6624, 29.7793 ], [ -102.48, 29.76 ], [ -103.11, 28.97 ], [ -103.94, 29.27 ], [ -104.45697, 29.57196 ], [ -104.70575, 30.12173 ], [ -105.03737, 30.64402 ], [ -105.63159, 31.08383 ], [ -106.1429, 31.39995 ], [ -106.50759, 31.75452 ], [ -108.24, 31.754854 ], [ -108.24194, 31.34222 ], [ -109.035, 31.34194 ], [ -111.02361, 31.33472 ], [ -113.30498, 32.03914 ], [ -114.815, 32.52528 ], [ -114.72139, 32.72083 ], [ -115.99135, 32.61239 ], [ -117.12776, 32.53534 ], [ -117.295938, 33.046225 ], [ -117.944, 33.621236 ], [ -118.410602, 33.740909 ], [ -118.519895, 34.027782 ], [ -119.081, 34.078 ], [ -119.438841, 34.348477 ], [ -120.36778, 34.44711 ], [ -120.62286, 34.60855 ], [ -120.74433, 35.15686 ], [ -121.71457, 36.16153 ], [ -122.54747, 37.55176 ], [ -122.51201, 37.78339 ], [ -122.95319, 38.11371 ], [ -123.7272, 38.95166 ], [ -123.86517, 39.76699 ], [ -124.39807, 40.3132 ], [ -124.17886, 41.14202 ], [ -124.2137, 41.99964 ], [ -124.53284, 42.76599 ], [ -124.14214, 43.70838 ], [ -124.020535, 44.615895 ], [ -123.89893, 45.52341 ], [ -124.079635, 46.86475 ], [ -124.39567, 47.72017 ], [ -124.68721, 48.184433 ], [ -124.566101, 48.379715 ], [ -123.12, 48.04 ], [ -122.58736, 47.096 ], [ -122.34, 47.36 ], [ -122.5, 48.18 ], [ -122.84, 49.0 ], [ -120.0, 49.0 ], [ -117.03121, 49.0 ], [ -116.04818, 49.0 ], [ -113.0, 49.0 ], [ -110.05, 49.0 ], [ -107.05, 49.0 ], [ -104.04826, 48.99986 ], [ -100.65, 49.0 ], [ -97.22872, 49.0007 ], [ -95.15907, 49.0 ], [ -95.15609, 49.38425 ], [ -94.81758, 49.38905 ] ] ], [ [ [ -153.006314, 57.115842 ], [ -154.00509, 56.734677 ], [ -154.516403, 56.992749 ], [ -154.670993, 57.461196 ], [ -153.76278, 57.816575 ], [ -153.228729, 57.968968 ], [ -152.564791, 57.901427 ], [ -152.141147, 57.591059 ], [ -153.006314, 57.115842 ] ] ], [ [ [ -165.579164, 59.909987 ], [ -166.19277, 59.754441 ], [ -166.848337, 59.941406 ], [ -167.455277, 60.213069 ], [ -166.467792, 60.38417 ], [ -165.67443, 60.293607 ], [ -165.579164, 59.909987 ] ] ], [ [ [ -171.731657, 63.782515 ], [ -171.114434, 63.592191 ], [ -170.491112, 63.694975 ], [ -169.682505, 63.431116 ], [ -168.689439, 63.297506 ], [ -168.771941, 63.188598 ], [ -169.52944, 62.976931 ], [ -170.290556, 63.194438 ], [ -170.671386, 63.375822 ], [ -171.553063, 63.317789 ], [ -171.791111, 63.405846 ], [ -171.731657, 63.782515 ] ] ], [ [ [ -155.06779, 71.147776 ], [ -154.344165, 70.696409 ], [ -153.900006, 70.889989 ], [ -152.210006, 70.829992 ], [ -152.270002, 70.600006 ], [ -150.739992, 70.430017 ], [ -149.720003, 70.53001 ], [ -147.613362, 70.214035 ], [ -145.68999, 70.12001 ], [ -144.920011, 69.989992 ], [ -143.589446, 70.152514 ], [ -142.07251, 69.851938 ], [ -140.985988, 69.711998 ], [ -140.992499, 66.000029 ], [ -140.99777, 60.306397 ], [ -140.012998, 60.276838 ], [ -139.039, 60.000007 ], [ -138.34089, 59.56211 ], [ -137.4525, 58.905 ], [ -136.47972, 59.46389 ], [ -135.47583, 59.78778 ], [ -134.945, 59.27056 ], [ -134.27111, 58.86111 ], [ -133.355549, 58.410285 ], [ -132.73042, 57.69289 ], [ -131.70781, 56.55212 ], [ -130.00778, 55.91583 ], [ -129.979994, 55.284998 ], [ -130.53611, 54.802753 ], [ -131.085818, 55.178906 ], [ -131.967211, 55.497776 ], [ -132.250011, 56.369996 ], [ -133.539181, 57.178887 ], [ -134.078063, 58.123068 ], [ -135.038211, 58.187715 ], [ -136.628062, 58.212209 ], [ -137.800006, 58.499995 ], [ -139.867787, 59.537762 ], [ -140.825274, 59.727517 ], [ -142.574444, 60.084447 ], [ -143.958881, 59.99918 ], [ -145.925557, 60.45861 ], [ -147.114374, 60.884656 ], [ -148.224306, 60.672989 ], [ -148.018066, 59.978329 ], [ -148.570823, 59.914173 ], [ -149.727858, 59.705658 ], [ -150.608243, 59.368211 ], [ -151.716393, 59.155821 ], [ -151.859433, 59.744984 ], [ -151.409719, 60.725803 ], [ -150.346941, 61.033588 ], [ -150.621111, 61.284425 ], [ -151.895839, 60.727198 ], [ -152.57833, 60.061657 ], [ -154.019172, 59.350279 ], [ -153.287511, 58.864728 ], [ -154.232492, 58.146374 ], [ -155.307491, 57.727795 ], [ -156.308335, 57.422774 ], [ -156.556097, 56.979985 ], [ -158.117217, 56.463608 ], [ -158.433321, 55.994154 ], [ -159.603327, 55.566686 ], [ -160.28972, 55.643581 ], [ -161.223048, 55.364735 ], [ -162.237766, 55.024187 ], [ -163.069447, 54.689737 ], [ -164.785569, 54.404173 ], [ -164.942226, 54.572225 ], [ -163.84834, 55.039431 ], [ -162.870001, 55.348043 ], [ -161.804175, 55.894986 ], [ -160.563605, 56.008055 ], [ -160.07056, 56.418055 ], [ -158.684443, 57.016675 ], [ -158.461097, 57.216921 ], [ -157.72277, 57.570001 ], [ -157.550274, 58.328326 ], [ -157.041675, 58.918885 ], [ -158.194731, 58.615802 ], [ -158.517218, 58.787781 ], [ -159.058606, 58.424186 ], [ -159.711667, 58.93139 ], [ -159.981289, 58.572549 ], [ -160.355271, 59.071123 ], [ -161.355003, 58.670838 ], [ -161.968894, 58.671665 ], [ -162.054987, 59.266925 ], [ -161.874171, 59.633621 ], [ -162.518059, 59.989724 ], [ -163.818341, 59.798056 ], [ -164.662218, 60.267484 ], [ -165.346388, 60.507496 ], [ -165.350832, 61.073895 ], [ -166.121379, 61.500019 ], [ -165.734452, 62.074997 ], [ -164.919179, 62.633076 ], [ -164.562508, 63.146378 ], [ -163.753332, 63.219449 ], [ -163.067224, 63.059459 ], [ -162.260555, 63.541936 ], [ -161.53445, 63.455817 ], [ -160.772507, 63.766108 ], [ -160.958335, 64.222799 ], [ -161.518068, 64.402788 ], [ -160.777778, 64.788604 ], [ -161.391926, 64.777235 ], [ -162.45305, 64.559445 ], [ -162.757786, 64.338605 ], [ -163.546394, 64.55916 ], [ -164.96083, 64.446945 ], [ -166.425288, 64.686672 ], [ -166.845004, 65.088896 ], [ -168.11056, 65.669997 ], [ -166.705271, 66.088318 ], [ -164.47471, 66.57666 ], [ -163.652512, 66.57666 ], [ -163.788602, 66.077207 ], [ -161.677774, 66.11612 ], [ -162.489715, 66.735565 ], [ -163.719717, 67.116395 ], [ -164.430991, 67.616338 ], [ -165.390287, 68.042772 ], [ -166.764441, 68.358877 ], [ -166.204707, 68.883031 ], [ -164.430811, 68.915535 ], [ -163.168614, 69.371115 ], [ -162.930566, 69.858062 ], [ -161.908897, 70.33333 ], [ -160.934797, 70.44769 ], [ -159.039176, 70.891642 ], [ -158.119723, 70.824721 ], [ -156.580825, 71.357764 ], [ -155.06779, 71.147776 ] ] ] ] } },
{ "type": "Feature", "properties": { "name": "Uzbekistan", "iso3": "UZB", "name_with_flag": "🇺🇿 Uzbekistan", "1960": null, "1961": null, "1962": null, "1963": null, "1964": null, "1965": null, "1966": null, "1967": null, "1968": null, "1969": null, "1970": null, "1971": null, "1972": null, "1973": null, "1974": null, "1975": null, "1976": null, "1977": null, "1978": null, "1979": null, "1980": null, "1981": null, "1982": null, "1983": null, "1984": null, "1985": null, "1986": null, "1987": 450.24453647615218, "1988": 550.99961508502361, "1989": 598.12313168043625, "1990": 652.93765292560022, "1991": 658.31355052806816, "1992": 602.92052582704775, "1993": 595.77709959661229, "1994": 574.22907989661917, "1995": 582.5421367403402, "1996": 597.33228695110972, "1997": 620.5912958136596, "1998": 621.04890430124203, "1999": 697.76353979081239, "2000": 555.14923109918595, "2001": 454.41581225677828, "2002": 381.40929688928259, "2003": 394.16402889723491, "2004": 462.17149286788532, "2005": 542.83580869220862, "2006": 649.11816700392501, "2007": 824.02819233476816, "2008": 1074.7292879670069, "2009": 1205.799354703797, "2010": 1753.207302432779, "2011": 2087.8638613569428, "2012": 2307.3464911718461, "2013": 2461.9794740359512, "2014": 2674.9628382103019, "2015": 2803.1901802175089, "2016": 2753.3795142758881, "2017": 2190.6041156288779, "2018": 1813.085308136637, "2019": 2041.384807294311, "2020": 1978.2805186076259, "2021": 2258.5196411927818, "2022": 2578.6668939421879, "2023": 2878.9687929245069, "2024": 3161.7001063287498 }, "geometry": { "type": "Polygon", "coordinates": [ [ [ 66.518607, 37.362784 ], [ 66.54615, 37.974685 ], [ 65.215999, 38.402695 ], [ 64.170223, 38.892407 ], [ 63.518015, 39.363257 ], [ 62.37426, 40.053886 ], [ 61.882714, 41.084857 ], [ 61.547179, 41.26637 ], [ 60.465953, 41.220327 ], [ 60.083341, 41.425146 ], [ 59.976422, 42.223082 ], [ 58.629011, 42.751551 ], [ 57.78653, 42.170553 ], [ 56.932215, 41.826026 ], [ 57.096391, 41.32231 ], [ 55.968191, 41.308642 ], [ 55.928917, 44.995858 ], [ 58.503127, 45.586804 ], [ 58.689989, 45.500014 ], [ 60.239972, 44.784037 ], [ 61.05832, 44.405817 ], [ 62.0133, 43.504477 ], [ 63.185787, 43.650075 ], [ 64.900824, 43.728081 ], [ 66.098012, 42.99766 ], [ 66.023392, 41.994646 ], [ 66.510649, 41.987644 ], [ 66.714047, 41.168444 ], [ 67.985856, 41.135991 ], [ 68.259896, 40.662325 ], [ 68.632483, 40.668681 ], [ 69.070027, 41.384244 ], [ 70.388965, 42.081308 ], [ 70.962315, 42.266154 ], [ 71.259248, 42.167711 ], [ 70.420022, 41.519998 ], [ 71.157859, 41.143587 ], [ 71.870115, 41.3929 ], [ 73.055417, 40.866033 ], [ 71.774875, 40.145844 ], [ 71.014198, 40.244366 ], [ 70.601407, 40.218527 ], [ 70.45816, 40.496495 ], [ 70.666622, 40.960213 ], [ 69.329495, 40.727824 ], [ 69.011633, 40.086158 ], [ 68.536416, 39.533453 ], [ 67.701429, 39.580478 ], [ 67.44222, 39.140144 ], [ 68.176025, 38.901553 ], [ 68.392033, 38.157025 ], [ 67.83, 37.144994 ], [ 67.075782, 37.356144 ], [ 66.518607, 37.362784 ] ] ] } },
{ "type": "Feature", "properties": { "name": "Venezuela", "iso3": "VEN", "name_with_flag": "🇻🇪 Venezuela", "1960": 939.1977665775396, "1961": 954.03833063821321, "1962": 1006.559408123182, "1963": 1060.0943321038831, "1964": 873.60475488087593, "1965": 869.04106789049661, "1966": 875.95623171502882, "1967": 892.98531555639306, "1968": 938.01507866249915, "1969": 931.59875574814339, "1970": 1015.219907559861, "1971": 1106.0882429422511, "1972": 1155.2623626334409, "1973": 1366.833619970706, "1974": 2033.5190079771201, "1975": 2078.1534203510969, "1976": 2309.1929349498309, "1977": 2585.2205108784642, "1978": 2727.1374658532741, "1979": 3256.649087384515, "1980": 3874.4047062315522, "1981": 4228.0988152685013, "1982": 4201.5428346634208, "1983": 4078.94233103427, "1984": 3519.8014648930789, "1985": 3548.7043427628382, "1986": 3376.349605978432, "1987": 2610.9883712600358, "1988": 3191.476337426564, "1989": 2250.08459665588, "1990": 2451.5523114567018, "1991": 2632.539698141059, "1992": 2907.3033443943409, "1993": 2824.6914436644101, "1994": 2688.983251452953, "1995": 3486.9835063591941, "1996": 3112.8258481059979, "1997": 3710.826883550958, "1998": 3869.9825884889378, "1999": 4070.9061918948428, "2000": 4776.2816763937972, "2001": 4920.3931360045326, "2002": 3652.0989650186511, "2003": 3229.5055708207892, "2004": 4269.0897087239173, "2005": 5432.4854184654014, "2006": 6739.3806534221858, "2007": 8331.6209699184401, "2008": 11262.45142567589, "2009": 11596.60219217309, "2010": 13646.30466226641, "2011": 10843.92297031674, "2012": 12901.41715822741, "2013": 12403.14669575824, "2014": 15943.612719716341, "2015": null, "2016": null, "2017": null, "2018": null, "2019": null, "2020": null, "2021": null, "2022": null, "2023": null, "2024": null }, "geometry": { "type": "Polygon", "coordinates": [ [ [ -71.331584, 11.776284 ], [ -71.360006, 11.539994 ], [ -71.94705, 11.423282 ], [ -71.620868, 10.96946 ], [ -71.633064, 10.446494 ], [ -72.074174, 9.865651 ], [ -71.695644, 9.072263 ], [ -71.264559, 9.137195 ], [ -71.039999, 9.859993 ], [ -71.350084, 10.211935 ], [ -71.400623, 10.968969 ], [ -70.155299, 11.375482 ], [ -70.293843, 11.846822 ], [ -69.943245, 12.162307 ], [ -69.5843, 11.459611 ], [ -68.882999, 11.443385 ], [ -68.233271, 10.885744 ], [ -68.194127, 10.554653 ], [ -67.296249, 10.545868 ], [ -66.227864, 10.648627 ], [ -65.655238, 10.200799 ], [ -64.890452, 10.077215 ], [ -64.329479, 10.389599 ], [ -64.318007, 10.641418 ], [ -63.079322, 10.701724 ], [ -61.880946, 10.715625 ], [ -62.730119, 10.420269 ], [ -62.388512, 9.948204 ], [ -61.588767, 9.873067 ], [ -60.830597, 9.38134 ], [ -60.671252, 8.580174 ], [ -60.150096, 8.602757 ], [ -59.758285, 8.367035 ], [ -60.550588, 7.779603 ], [ -60.637973, 7.415 ], [ -60.295668, 7.043911 ], [ -60.543999, 6.856584 ], [ -61.159336, 6.696077 ], [ -61.139415, 6.234297 ], [ -61.410303, 5.959068 ], [ -60.733574, 5.200277 ], [ -60.601179, 4.918098 ], [ -60.966893, 4.536468 ], [ -62.08543, 4.162124 ], [ -62.804533, 4.006965 ], [ -63.093198, 3.770571 ], [ -63.888343, 4.02053 ], [ -64.628659, 4.148481 ], [ -64.816064, 4.056445 ], [ -64.368494, 3.79721 ], [ -64.408828, 3.126786 ], [ -64.269999, 2.497006 ], [ -63.422867, 2.411068 ], [ -63.368788, 2.2009 ], [ -64.083085, 1.916369 ], [ -64.199306, 1.492855 ], [ -64.611012, 1.328731 ], [ -65.354713, 1.095282 ], [ -65.548267, 0.789254 ], [ -66.325765, 0.724452 ], [ -66.876326, 1.253361 ], [ -67.181294, 2.250638 ], [ -67.447092, 2.600281 ], [ -67.809938, 2.820655 ], [ -67.303173, 3.318454 ], [ -67.337564, 3.542342 ], [ -67.621836, 3.839482 ], [ -67.823012, 4.503937 ], [ -67.744697, 5.221129 ], [ -67.521532, 5.55687 ], [ -67.34144, 6.095468 ], [ -67.695087, 6.267318 ], [ -68.265052, 6.153268 ], [ -68.985319, 6.206805 ], [ -69.38948, 6.099861 ], [ -70.093313, 6.960376 ], [ -70.674234, 7.087785 ], [ -71.960176, 6.991615 ], [ -72.198352, 7.340431 ], [ -72.444487, 7.423785 ], [ -72.479679, 7.632506 ], [ -72.360901, 8.002638 ], [ -72.439862, 8.405275 ], [ -72.660495, 8.625288 ], [ -72.78873, 9.085027 ], [ -73.304952, 9.152 ], [ -73.027604, 9.73677 ], [ -72.905286, 10.450344 ], [ -72.614658, 10.821975 ], [ -72.227575, 11.108702 ], [ -71.973922, 11.608672 ], [ -71.331584, 11.776284 ] ] ] } },
{ "type": "Feature", "properties": { "name": "Vietnam", "iso3": "VNM", "name_with_flag": "🇻🇳 Vietnam", "1960": null, "1961": null, "1962": null, "1963": null, "1964": null, "1965": null, "1966": null, "1967": null, "1968": null, "1969": null, "1970": null, "1971": null, "1972": null, "1973": null, "1974": null, "1975": null, "1976": null, "1977": null, "1978": null, "1979": null, "1980": null, "1981": null, "1982": null, "1983": null, "1984": null, "1985": 238.64780531340301, "1986": 436.41929677222453, "1987": 595.24748870160602, "1988": 404.5593050788878, "1989": 98.10701721595764, "1990": 98.798337031140065, "1991": 143.71527023193579, "1992": 144.54939237167659, "1993": 189.41857358433219, "1994": 229.8577872657568, "1995": 287.80266102859298, "1996": 337.05123179027709, "1997": 361.64388408556641, "1998": 361.3509284111671, "1999": 375.99445590049618, "2000": 404.02978405511828, "2001": 419.20567758090073, "2002": 445.13286181731331, "2003": 497.11708924925568, "2004": 565.45228458621204, "2005": 710.74675999486089, "2006": 807.75664511705372, "2007": 925.64033834871736, "2008": 1163.831957728732, "2009": 1226.169760515362, "2010": 1683.161824439786, "2011": 1950.9250417491251, "2012": 2185.1176765429141, "2013": 2359.5173647282791, "2014": 2546.384644599033, "2015": 2577.5688534011251, "2016": 2735.0604380416021, "2017": 2956.1099212775321, "2018": 3222.310031253664, "2019": 3440.900253754337, "2020": 3534.0395348264678, "2021": 3704.1935590037961, "2022": 4147.69777213621, "2023": 4323.3503198245126, "2024": 4717.2902873244884 }, "geometry": { "type": "Polygon", "coordinates": [ [ [ 108.05018, 21.55238 ], [ 106.715068, 20.696851 ], [ 105.881682, 19.75205 ], [ 105.662006, 19.058165 ], [ 106.426817, 18.004121 ], [ 107.361954, 16.697457 ], [ 108.269495, 16.079742 ], [ 108.877107, 15.276691 ], [ 109.33527, 13.426028 ], [ 109.200136, 11.666859 ], [ 108.36613, 11.008321 ], [ 107.220929, 10.364484 ], [ 106.405113, 9.53084 ], [ 105.158264, 8.59976 ], [ 104.795185, 9.241038 ], [ 105.076202, 9.918491 ], [ 104.334335, 10.486544 ], [ 105.199915, 10.88931 ], [ 106.24967, 10.961812 ], [ 105.810524, 11.567615 ], [ 107.491403, 12.337206 ], [ 107.614548, 13.535531 ], [ 107.382727, 14.202441 ], [ 107.564525, 15.202173 ], [ 107.312706, 15.908538 ], [ 106.556008, 16.604284 ], [ 105.925762, 17.485315 ], [ 105.094598, 18.666975 ], [ 103.896532, 19.265181 ], [ 104.183388, 19.624668 ], [ 104.822574, 19.886642 ], [ 104.435, 20.758733 ], [ 103.203861, 20.766562 ], [ 102.754896, 21.675137 ], [ 102.170436, 22.464753 ], [ 102.706992, 22.708795 ], [ 103.504515, 22.703757 ], [ 104.476858, 22.81915 ], [ 105.329209, 23.352063 ], [ 105.811247, 22.976892 ], [ 106.725403, 22.794268 ], [ 106.567273, 22.218205 ], [ 107.04342, 21.811899 ], [ 108.05018, 21.55238 ] ] ] } },
{ "type": "Feature", "properties": { "name": "Vanuatu", "iso3": "VUT", "name_with_flag": "🇻🇺 Vanuatu", "1960": null, "1961": null, "1962": null, "1963": null, "1964": null, "1965": null, "1966": null, "1967": null, "1968": null, "1969": null, "1970": null, "1971": null, "1972": null, "1973": null, "1974": null, "1975": null, "1976": null, "1977": null, "1978": null, "1979": 1055.0144668747751, "1980": 1047.773625879832, "1981": 962.22205535404282, "1982": 946.02315464838375, "1983": 946.70522259557276, "1984": 1136.682023840453, "1985": 1011.51017753831, "1986": 945.99861902220641, "1987": 1016.599047630782, "1988": 1125.0061697771239, "1989": 1066.6251280635149, "1990": 1140.590203117242, "1991": 1326.3732125621159, "1992": 1343.6894286183101, "1993": 1257.293874866564, "1994": 1430.993677764832, "1995": 1491.7896700461749, "1996": 1529.275731150211, "1997": 1562.030906701533, "1998": 1470.9718904865831, "1999": 1472.177517414618, "2000": 1460.238176922293, "2001": 1350.183382385216, "2002": 1340.7153752828681, "2003": 1566.5139679085819, "2004": 1774.3186758589379, "2005": 1873.9914264061861, "2006": 2034.792896243511, "2007": 2333.7050674891439, "2008": 2603.6088313672408, "2009": 2546.3832456598561, "2010": 2815.1882898577878, "2011": 3163.1861645138001, "2012": 3004.7841666429322, "2013": 2979.7960808439871, "2014": 2973.0902649340801, "2015": 2854.894122726535, "2016": 2956.126448014892, "2017": 3159.8605579012642, "2018": 3206.6574871881112, "2019": 3207.4465045208249, "2020": 3042.9871159828649, "2021": 3211.71947349318, "2022": 3292.3410882123699, "2023": 3515.2363361179791, "2024": 3542.8107159287429 }, "geometry": { "type": "MultiPolygon", "coordinates": [ [ [ [ 167.844877, -16.466333 ], [ 167.515181, -16.59785 ], [ 167.180008, -16.159995 ], [ 167.216801, -15.891846 ], [ 167.844877, -16.466333 ] ] ], [ [ [ 167.107712, -14.93392 ], [ 167.270028, -15.740021 ], [ 167.001207, -15.614602 ], [ 166.793158, -15.668811 ], [ 166.649859, -15.392704 ], [ 166.629137, -14.626497 ], [ 167.107712, -14.93392 ] ] ] ] } },
{ "type": "Feature", "properties": { "name": "West Bank", "iso3": "PSE", "name_with_flag": "🇵🇸 West Bank", "1960": null, "1961": null, "1962": null, "1963": null, "1964": null, "1965": null, "1966": null, "1967": null, "1968": null, "1969": null, "1970": null, "1971": null, "1972": null, "1973": null, "1974": null, "1975": null, "1976": null, "1977": null, "1978": null, "1979": null, "1980": null, "1981": null, "1982": null, "1983": null, "1984": null, "1985": null, "1986": null, "1987": null, "1988": null, "1989": null, "1990": null, "1991": null, "1992": null, "1993": null, "1994": 1201.5815421388179, "1995": 1326.5628573714589, "1996": 1317.466751313854, "1997": 1389.1649713765071, "1998": 1465.046056858683, "1999": 1499.492176570189, "2000": 1476.1718500023781, "2001": 1335.5531952935901, "2002": 1156.2174734576911, "2003": 1257.6985700968851, "2004": 1422.1908864354421, "2005": 1543.701413927736, "2006": 1570.1043996272831, "2007": 1664.245716692765, "2008": 2035.2023412176641, "2009": 2191.7817873686772, "2010": 2557.0756235669851, "2011": 2880.7984370790932, "2012": 3067.4387273561442, "2013": 3315.2975390928168, "2014": 3352.1125950604278, "2015": 3272.1543236070788, "2016": 3527.613824131779, "2017": 3620.3604871593711, "2018": 3562.330942702557, "2019": 3656.8582713701089, "2020": 3233.5686383585839, "2021": 3678.6356566219401, "2022": 3799.95527015163, "2023": 3455.0285291171222, "2024": 2592.30591217647 }, "geometry": { "type": "Polygon", "coordinates": [ [ [ 35.545665, 32.393992 ], [ 35.545252, 31.782505 ], [ 35.397561, 31.489086 ], [ 34.927408, 31.353435 ], [ 34.970507, 31.616778 ], [ 35.225892, 31.754341 ], [ 34.974641, 31.866582 ], [ 35.18393, 32.532511 ], [ 35.545665, 32.393992 ] ] ] } },
{ "type": "Feature", "properties": { "name": "Yemen", "iso3": "YEM", "name_with_flag": "🇾🇪 Yemen", "1960": null, "1961": null, "1962": null, "1963": null, "1964": null, "1965": null, "1966": null, "1967": null, "1968": null, "1969": null, "1970": null, "1971": null, "1972": null, "1973": null, "1974": null, "1975": null, "1976": null, "1977": null, "1978": null, "1979": null, "1980": null, "1981": null, "1982": null, "1983": null, "1984": null, "1985": null, "1986": null, "1987": null, "1988": null, "1989": null, "1990": 910.42246596074835, "1991": 1016.302230448135, "1992": 1198.130316740845, "1993": 1396.615444190086, "1994": 1735.044195432142, "1995": 764.41465609093746, "1996": 375.21499466336292, "1997": 382.58492872242078, "1998": 342.73940747773042, "1999": 401.44814166080062, "2000": 493.23518263481373, "2001": 487.14125794631752, "2002": 513.24148657060277, "2003": 548.90588304997277, "2004": 627.6320233957623, "2005": 734.15990845092676, "2006": 809.71312762470313, "2007": 890.30576811498793, "2008": 1071.635832821047, "2009": 969.24350986447837, "2010": 1155.203052614175, "2011": 1186.475005808762, "2012": 1245.0506827158561, "2013": 1378.7500295461059, "2014": 1430.164209641797, "2015": 1362.1738120559301, "2016": 975.35941700322542, "2017": 811.16597040574504, "2018": 633.88720245099796, "2019": 623.37616814467913, "2020": 559.56467580550168, "2021": 522.17351168978257, "2022": 615.70207765775501, "2023": 426.35407591461518, "2024": 433.17401506814781 }, "geometry": { "type": "Polygon", "coordinates": [ [ [ 53.108573, 16.651051 ], [ 52.385206, 16.382411 ], [ 52.191729, 15.938433 ], [ 52.168165, 15.59742 ], [ 51.172515, 15.17525 ], [ 49.574576, 14.708767 ], [ 48.679231, 14.003202 ], [ 48.238947, 13.94809 ], [ 47.938914, 14.007233 ], [ 47.354454, 13.59222 ], [ 46.717076, 13.399699 ], [ 45.877593, 13.347764 ], [ 45.62505, 13.290946 ], [ 45.406459, 13.026905 ], [ 45.144356, 12.953938 ], [ 44.989533, 12.699587 ], [ 44.494576, 12.721653 ], [ 44.175113, 12.58595 ], [ 43.482959, 12.6368 ], [ 43.222871, 13.22095 ], [ 43.251448, 13.767584 ], [ 43.087944, 14.06263 ], [ 42.892245, 14.802249 ], [ 42.604873, 15.213335 ], [ 42.805015, 15.261963 ], [ 42.702438, 15.718886 ], [ 42.823671, 15.911742 ], [ 42.779332, 16.347891 ], [ 43.218375, 16.66689 ], [ 43.115798, 17.08844 ], [ 43.380794, 17.579987 ], [ 43.791519, 17.319977 ], [ 44.062613, 17.410359 ], [ 45.216651, 17.433329 ], [ 45.399999, 17.333335 ], [ 46.366659, 17.233315 ], [ 46.749994, 17.283338 ], [ 47.000005, 16.949999 ], [ 47.466695, 17.116682 ], [ 48.183344, 18.166669 ], [ 49.116672, 18.616668 ], [ 52.00001, 19.000003 ], [ 52.782184, 17.349742 ], [ 53.108573, 16.651051 ] ] ] } },
{ "type": "Feature", "properties": { "name": "South Africa", "iso3": "ZAF", "name_with_flag": "🇿🇦 South Africa", "1960": 532.1475043303318, "1961": 545.65751192267328, "1962": 563.42300881794517, "1963": 604.5368552709906, "1964": 645.87337568544604, "1965": 684.62122774035049, "1966": 721.75375941418008, "1967": 778.83933582979068, "1968": 817.12834061406613, "1969": 890.92208910293562, "1970": 952.35218807353681, "1971": 1020.439835907178, "1972": 1038.394074682835, "1973": 1369.1616003393301, "1974": 1656.2890557998001, "1975": 1670.1181689895359, "1976": 1558.998247334865, "1977": 1671.4661883727231, "1978": 1851.75191300848, "1979": 2201.5192233986818, "1980": 3028.9744756183209, "1981": 3049.71474333882, "1982": 2717.1638871042469, "1983": 2938.4898023967512, "1984": 2504.077367902888, "1985": 1839.4841908184051, "1986": 2027.4662038188981, "1987": 2586.274233142276, "1988": 2702.0550477450788, "1989": 2726.7098067948818, "1990": 3093.4892035233452, "1991": 3243.2361602395299, "1992": 3462.3940020283462, "1993": 3399.6400956624102, "1994": 3488.59711541763, "1995": 3855.6340871566981, "1996": 3617.5533600293179, "1997": 3700.2355478986678, "1998": 3309.609330874719, "1999": 3242.3683048395778, "2000": 3217.8469344846708, "2001": 2847.151919459081, "2002": 2688.2367603280641, "2003": 4062.2175599378579, "2004": 5221.4633373172119, "2005": 5836.876633251265, "2006": 6077.3829338887572, "2007": 6591.8553596056399, "2008": 6184.7547432839883, "2009": 6374.7056004299247, "2010": 7973.4719577151691, "2011": 8646.0557107163477, "2012": 8076.9767847974063, "2013": 7331.6546738491916, "2014": 6856.7313709252221, "2015": 6112.2738248597416, "2016": 5651.2058516574916, "2017": 6618.335082557006, "2018": 6914.1780318075989, "2019": 6533.7112103285608, "2020": 5580.6038307518866, "2021": 6843.3994188620391, "2022": 6523.4109781585339, "2023": 6022.5425419233497, "2024": 6253.3715819454301 }, "geometry": { "type": "Polygon", "coordinates": [ [ [ 31.521001, -29.257387 ], [ 31.325561, -29.401978 ], [ 30.901763, -29.909957 ], [ 30.622813, -30.423776 ], [ 30.055716, -31.140269 ], [ 28.925553, -32.172041 ], [ 28.219756, -32.771953 ], [ 27.464608, -33.226964 ], [ 26.419452, -33.61495 ], [ 25.909664, -33.66704 ], [ 25.780628, -33.944646 ], [ 25.172862, -33.796851 ], [ 24.677853, -33.987176 ], [ 23.594043, -33.794474 ], [ 22.988189, -33.916431 ], [ 22.574157, -33.864083 ], [ 21.542799, -34.258839 ], [ 20.689053, -34.417175 ], [ 20.071261, -34.795137 ], [ 19.616405, -34.819166 ], [ 19.193278, -34.462599 ], [ 18.855315, -34.444306 ], [ 18.424643, -33.997873 ], [ 18.377411, -34.136521 ], [ 18.244499, -33.867752 ], [ 18.25008, -33.281431 ], [ 17.92519, -32.611291 ], [ 18.24791, -32.429131 ], [ 18.221762, -31.661633 ], [ 17.566918, -30.725721 ], [ 17.064416, -29.878641 ], [ 17.062918, -29.875954 ], [ 16.344977, -28.576705 ], [ 16.824017, -28.082162 ], [ 17.218929, -28.355943 ], [ 17.387497, -28.783514 ], [ 17.836152, -28.856378 ], [ 18.464899, -29.045462 ], [ 19.002127, -28.972443 ], [ 19.894734, -28.461105 ], [ 19.895768, -24.76779 ], [ 20.165726, -24.917962 ], [ 20.758609, -25.868136 ], [ 20.66647, -26.477453 ], [ 20.889609, -26.828543 ], [ 21.605896, -26.726534 ], [ 22.105969, -26.280256 ], [ 22.579532, -25.979448 ], [ 22.824271, -25.500459 ], [ 23.312097, -25.26869 ], [ 23.73357, -25.390129 ], [ 24.211267, -25.670216 ], [ 25.025171, -25.71967 ], [ 25.664666, -25.486816 ], [ 25.765849, -25.174845 ], [ 25.941652, -24.696373 ], [ 26.485753, -24.616327 ], [ 26.786407, -24.240691 ], [ 27.11941, -23.574323 ], [ 28.017236, -22.827754 ], [ 29.432188, -22.091313 ], [ 29.839037, -22.102216 ], [ 30.322883, -22.271612 ], [ 30.659865, -22.151567 ], [ 31.191409, -22.25151 ], [ 31.670398, -23.658969 ], [ 31.930589, -24.369417 ], [ 31.752408, -25.484284 ], [ 31.837778, -25.843332 ], [ 31.333158, -25.660191 ], [ 31.04408, -25.731452 ], [ 30.949667, -26.022649 ], [ 30.676609, -26.398078 ], [ 30.685962, -26.743845 ], [ 31.282773, -27.285879 ], [ 31.86806, -27.177927 ], [ 32.071665, -26.73382 ], [ 32.83012, -26.742192 ], [ 32.580265, -27.470158 ], [ 32.462133, -28.301011 ], [ 32.203389, -28.752405 ], [ 31.521001, -29.257387 ] ], [ [ 28.978263, -28.955597 ], [ 28.5417, -28.647502 ], [ 28.074338, -28.851469 ], [ 27.532511, -29.242711 ], [ 26.999262, -29.875954 ], [ 27.749397, -30.645106 ], [ 28.107205, -30.545732 ], [ 28.291069, -30.226217 ], [ 28.8484, -30.070051 ], [ 29.018415, -29.743766 ], [ 29.325166, -29.257387 ], [ 28.978263, -28.955597 ] ] ] } },
{ "type": "Feature", "properties": { "name": "Zambia", "iso3": "ZMB", "name_with_flag": "🇿🇲 Zambia", "1960": 221.55984892284889, "1961": 209.69320642695141, "1962": 202.28103119050991, "1963": 203.21945122758581, "1964": 229.9792456320971, "1965": 287.42547598963, "1966": 325.02584727656227, "1967": 340.57994038641181, "1968": 387.08728865229409, "1969": 458.9816507837445, "1970": 413.90467522494453, "1971": 372.14407151138909, "1972": 409.78114635694811, "1973": 517.63005516187263, "1974": 601.10137143269117, "1975": 489.50501874055789, "1976": 533.23163172185332, "1977": 474.3623624430187, "1978": 514.33487862664401, "1979": 595.45584910195635, "1980": 669.41972201537101, "1981": 669.88682936168379, "1982": 626.53253344819518, "1983": 520.45583354176983, "1984": 413.26997427173461, "1985": 332.17373725329787, "1986": 238.2337961609696, "1987": 314.99960262284111, "1988": 504.48602015411359, "1989": 526.36176925607208, "1990": 422.33629880421921, "1991": 423.07125683559218, "1992": 389.25466583222578, "1993": 390.91667378464581, "1994": 426.38659839010171, "1995": 433.31278264211761, "1996": 399.51130474244928, "1997": 465.8719421647989, "1998": 373.08476305740783, "1999": 349.51572309568661, "2000": 359.42950098822138, "2001": 396.54895299350358, "2002": 393.86462551861621, "2003": 446.29010483904119, "2004": 548.68597456627731, "2005": 710.98206817169637, "2006": 1051.7171489568641, "2007": 1118.731626269526, "2008": 1375.5021100699739, "2009": 1136.241683168477, "2010": 1451.1061601715489, "2011": 1624.8681776344249, "2012": 1710.0506134372811, "2013": 1820.7185482739051, "2014": 1707.4857313669379, "2015": 1295.877886800678, "2016": 1239.085278777133, "2017": 1483.465773280652, "2018": 1463.8999785559311, "2019": 1258.98619844462, "2020": 951.64431665595737, "2021": 1127.160778728572, "2022": 1447.123101380346, "2023": 1330.727805767091, "2024": 1235.0846648251411 }, "geometry": { "type": "Polygon", "coordinates": [ [ [ 32.759375, -9.230599 ], [ 33.231388, -9.676722 ], [ 33.485688, -10.525559 ], [ 33.31531, -10.79655 ], [ 33.114289, -11.607198 ], [ 33.306422, -12.435778 ], [ 32.991764, -12.783871 ], [ 32.688165, -13.712858 ], [ 33.214025, -13.97186 ], [ 30.179481, -14.796099 ], [ 30.274256, -15.507787 ], [ 29.516834, -15.644678 ], [ 28.947463, -16.043051 ], [ 28.825869, -16.389749 ], [ 28.467906, -16.4684 ], [ 27.598243, -17.290831 ], [ 27.044427, -17.938026 ], [ 26.706773, -17.961229 ], [ 26.381935, -17.846042 ], [ 25.264226, -17.73654 ], [ 25.084443, -17.661816 ], [ 25.07695, -17.578823 ], [ 24.682349, -17.353411 ], [ 24.033862, -17.295843 ], [ 23.215048, -17.523116 ], [ 22.562478, -16.898451 ], [ 21.887843, -16.08031 ], [ 21.933886, -12.898437 ], [ 24.016137, -12.911046 ], [ 23.930922, -12.565848 ], [ 24.079905, -12.191297 ], [ 23.904154, -11.722282 ], [ 24.017894, -11.237298 ], [ 23.912215, -10.926826 ], [ 24.257155, -10.951993 ], [ 24.314516, -11.262826 ], [ 24.78317, -11.238694 ], [ 25.418118, -11.330936 ], [ 25.75231, -11.784965 ], [ 26.553088, -11.92444 ], [ 27.16442, -11.608748 ], [ 27.388799, -12.132747 ], [ 28.155109, -12.272481 ], [ 28.523562, -12.698604 ], [ 28.934286, -13.248958 ], [ 29.699614, -13.257227 ], [ 29.616001, -12.178895 ], [ 29.341548, -12.360744 ], [ 28.642417, -11.971569 ], [ 28.372253, -11.793647 ], [ 28.49607, -10.789884 ], [ 28.673682, -9.605925 ], [ 28.449871, -9.164918 ], [ 28.734867, -8.526559 ], [ 29.002912, -8.407032 ], [ 30.346086, -8.238257 ], [ 30.740015, -8.340007 ], [ 31.157751, -8.594579 ], [ 31.556348, -8.762049 ], [ 32.191865, -8.930359 ], [ 32.759375, -9.230599 ] ] ] } },
{ "type": "Feature", "properties": { "name": "Zimbabwe", "iso3": "ZWE", "name_with_flag": "🇿🇼 Zimbabwe", "1960": 276.41978406118858, "1961": 279.01648923359039, "1962": 275.5456083228292, "1963": 277.00570116178488, "1964": 281.74453878118737, "1965": 294.14535900377058, "1966": 278.5675188117354, "1967": 294.21057073275159, "1968": 301.9320753105776, "1969": 345.5785668298563, "1970": 361.24157851277818, "1971": 405.36432006527548, "1972": 483.1314727717475, "1973": 578.51750793540896, "1974": 673.99130864724157, "1975": 716.76441800310738, "1976": 686.86181441351312, "1977": 676.69964043991695, "1978": 665.01886971323074, "1979": 778.85162861066271, "1980": 948.52738729913597, "1981": 1068.377704083839, "1982": 1095.325565177325, "1983": 958.7157698171128, "1984": 756.97259073275177, "1985": 648.94452705530875, "1986": 692.17592105794756, "1987": 726.06075610347898, "1988": 815.4761634638719, "1989": 839.98915813594658, "1990": 866.48652703408038, "1991": 830.52717085991685, "1992": 630.8195823126415, "1993": 604.38671870465328, "1994": 633.73326242095538, "1995": 647.97549984176123, "1996": 766.52369063961021, "1997": 750.19367372847194, "1998": 552.16532019802708, "1999": 582.00348761764189, "2000": 562.55694568049523, "2001": 566.10769214546156, "2002": 524.67728107820926, "2003": 468.23422347303477, "2004": 469.48469140103458, "2005": 461.02831844644442, "2006": 430.80921401024227, "2007": 413.30260501000362, "2008": 340.74021029815839, "2009": 735.4462485618061, "2010": 901.55051752818963, "2011": 1037.2461374190241, "2012": 1238.594794814333, "2013": 1362.299529323959, "2014": 1372.214746103728, "2015": 1386.4185592757469, "2016": 1407.420964132122, "2017": 3448.086990688239, "2018": 2271.8525036581659, "2019": 1683.913135841412, "2020": 1730.4539103470081, "2021": 1724.387271022724, "2022": 2040.546587053951, "2023": 2156.0340932298382, "2024": 2656.4093765433249 }, "geometry": { "type": "Polygon", "coordinates": [ [ [ 31.191409, -22.25151 ], [ 30.659865, -22.151567 ], [ 30.322883, -22.271612 ], [ 29.839037, -22.102216 ], [ 29.432188, -22.091313 ], [ 28.794656, -21.639454 ], [ 28.02137, -21.485975 ], [ 27.727228, -20.851802 ], [ 27.724747, -20.499059 ], [ 27.296505, -20.39152 ], [ 26.164791, -19.293086 ], [ 25.850391, -18.714413 ], [ 25.649163, -18.536026 ], [ 25.264226, -17.73654 ], [ 26.381935, -17.846042 ], [ 26.706773, -17.961229 ], [ 27.044427, -17.938026 ], [ 27.598243, -17.290831 ], [ 28.467906, -16.4684 ], [ 28.825869, -16.389749 ], [ 28.947463, -16.043051 ], [ 29.516834, -15.644678 ], [ 30.274256, -15.507787 ], [ 30.338955, -15.880839 ], [ 31.173064, -15.860944 ], [ 31.636498, -16.07199 ], [ 31.852041, -16.319417 ], [ 32.328239, -16.392074 ], [ 32.847639, -16.713398 ], [ 32.849861, -17.979057 ], [ 32.654886, -18.67209 ], [ 32.611994, -19.419383 ], [ 32.772708, -19.715592 ], [ 32.659743, -20.30429 ], [ 32.508693, -20.395292 ], [ 32.244988, -21.116489 ], [ 31.191409, -22.25151 ] ] ] } }
]
}
