{
"type": "FeatureCollection",
"name": "Nominal_Growth_rate",
"crs": { "type": "name", "properties": { "name": "urn:ogc:def:crs:OGC:1.3:CRS84" } },
"features": [
{ "type": "Feature", "properties": { "name": "Afghanistan", "iso3": "AFG", "name_with_flag": "🇦🇫 Afghanistan", "1960": null, "1961": null, "1962": null, "1963": null, "1964": null, "1965": null, "1966": null, "1967": null, "1968": null, "1969": null, "1970": null, "1971": null, "1972": null, "1973": null, "1974": null, "1975": null, "1976": null, "1977": null, "1978": null, "1979": null, "1980": null, "1981": null, "1982": null, "1983": null, "1984": null, "1985": null, "1986": null, "1987": null, "1988": null, "1989": null, "1990": null, "1991": null, "1992": null, "1993": null, "1994": null, "1995": null, "1996": null, "1997": null, "1998": null, "1999": null, "2000": null, "2001": -20.707691334679346, "2002": 29.016068724508326, "2003": 11.129685569006732, "2004": 11.511243380116309, "2005": 14.619435922032498, "2006": 7.8818040375380871, "2007": 37.198284768647774, "2008": 1.4645791985994139, "2009": 18.421363518616207, "2010": 24.016571188490342, "2011": 8.2182310927437108, "2012": 7.3714934177903535, "2013": -2.1998247504811053, "2014": -1.8886204601906265, "2015": -9.516797232665386, "2016": -7.6891517502931439, "2017": 0.64885476015139609, "2018": -6.495625704804886, "2019": 1.0716230415192651, "2020": 2.8563204950991183, "2021": -30.206491181261129, "2022": 0.21457133398978812, "2023": 15.813849746793075, "2024": 0.0 }, "geometry": { "type": "Polygon", "coordinates": [ [ [ 61.210817, 35.650072 ], [ 62.230651, 35.270664 ], [ 62.984662, 35.404041 ], [ 63.193538, 35.857166 ], [ 63.982896, 36.007957 ], [ 64.546479, 36.312073 ], [ 64.746105, 37.111818 ], [ 65.588948, 37.305217 ], [ 65.745631, 37.661164 ], [ 66.217385, 37.39379 ], [ 66.518607, 37.362784 ], [ 67.075782, 37.356144 ], [ 67.83, 37.144994 ], [ 68.135562, 37.023115 ], [ 68.859446, 37.344336 ], [ 69.196273, 37.151144 ], [ 69.518785, 37.608997 ], [ 70.116578, 37.588223 ], [ 70.270574, 37.735165 ], [ 70.376304, 38.138396 ], [ 70.806821, 38.486282 ], [ 71.348131, 38.258905 ], [ 71.239404, 37.953265 ], [ 71.541918, 37.905774 ], [ 71.448693, 37.065645 ], [ 71.844638, 36.738171 ], [ 72.193041, 36.948288 ], [ 72.63689, 37.047558 ], [ 73.260056, 37.495257 ], [ 73.948696, 37.421566 ], [ 74.980002, 37.41999 ], [ 75.158028, 37.133031 ], [ 74.575893, 37.020841 ], [ 74.067552, 36.836176 ], [ 72.920025, 36.720007 ], [ 71.846292, 36.509942 ], [ 71.262348, 36.074388 ], [ 71.498768, 35.650563 ], [ 71.613076, 35.153203 ], [ 71.115019, 34.733126 ], [ 71.156773, 34.348911 ], [ 70.881803, 33.988856 ], [ 69.930543, 34.02012 ], [ 70.323594, 33.358533 ], [ 69.687147, 33.105499 ], [ 69.262522, 32.501944 ], [ 69.317764, 31.901412 ], [ 68.926677, 31.620189 ], [ 68.556932, 31.71331 ], [ 67.792689, 31.58293 ], [ 67.683394, 31.303154 ], [ 66.938891, 31.304911 ], [ 66.381458, 30.738899 ], [ 66.346473, 29.887943 ], [ 65.046862, 29.472181 ], [ 64.350419, 29.560031 ], [ 64.148002, 29.340819 ], [ 63.550261, 29.468331 ], [ 62.549857, 29.318572 ], [ 60.874248, 29.829239 ], [ 61.781222, 30.73585 ], [ 61.699314, 31.379506 ], [ 60.941945, 31.548075 ], [ 60.863655, 32.18292 ], [ 60.536078, 32.981269 ], [ 60.9637, 33.528832 ], [ 60.52843, 33.676446 ], [ 60.803193, 34.404102 ], [ 61.210817, 35.650072 ] ] ] } },
{ "type": "Feature", "properties": { "name": "Angola", "iso3": "AGO", "name_with_flag": "🇦🇴 Angola", "1960": null, "1961": null, "1962": null, "1963": null, "1964": null, "1965": null, "1966": null, "1967": null, "1968": null, "1969": null, "1970": null, "1971": null, "1972": null, "1973": null, "1974": null, "1975": null, "1976": null, "1977": null, "1978": null, "1979": null, "1980": null, "1981": -9.755609605808468, "1982": -3.6112169959303775, "1983": 0.4117400379401337, "1984": 2.1447204280130139, "1985": 18.751638449882012, "1986": -9.7016509955620833, "1987": 10.404554813761301, "1988": 4.8485174681858867, "1989": 12.423004910865366, "1990": 6.4025428023835262, "1991": -8.6914001824741298, "1992": -24.176069759186657, "1993": -32.746545837195271, "1994": -25.516385786226603, "1995": 20.694535399914258, "1996": 31.368333761706978, "1997": -1.7722047309609468, "1998": -17.73323194422839, "1999": -8.4957121638575721, "2000": 43.543961252801978, "2001": -5.3478420835986089, "2002": 65.324336207709337, "2003": 12.532041240814751, "2004": 27.552348754609678, "2005": 51.354602658923397, "2006": 36.555965646481802, "2007": 20.022300951520357, "2008": 30.627406500950105, "2009": -23.553635713773481, "2010": 14.687584780455198, "2011": 28.314444448639797, "2012": 10.184703376129312, "2013": -0.55602379427451831, "2014": -1.0231458409113992, "2015": -35.798985679036612, "2016": -43.745870374209453, "2017": 34.807696428698456, "2018": 4.1576069645099967, "2019": -13.737369414168244, "2020": -33.789114169800591, "2021": 32.826007856136762, "2022": 52.122799799586247, "2023": -21.168088817448659, "2024": -8.1163745553435973 }, "geometry": { "type": "MultiPolygon", "coordinates": [ [ [ [ 16.326528, -5.87747 ], [ 16.57318, -6.622645 ], [ 16.860191, -7.222298 ], [ 17.089996, -7.545689 ], [ 17.47297, -8.068551 ], [ 18.134222, -7.987678 ], [ 18.464176, -7.847014 ], [ 19.016752, -7.988246 ], [ 19.166613, -7.738184 ], [ 19.417502, -7.155429 ], [ 20.037723, -7.116361 ], [ 20.091622, -6.94309 ], [ 20.601823, -6.939318 ], [ 20.514748, -7.299606 ], [ 21.728111, -7.290872 ], [ 21.746456, -7.920085 ], [ 21.949131, -8.305901 ], [ 21.801801, -8.908707 ], [ 21.875182, -9.523708 ], [ 22.208753, -9.894796 ], [ 22.155268, -11.084801 ], [ 22.402798, -10.993075 ], [ 22.837345, -11.017622 ], [ 23.456791, -10.867863 ], [ 23.912215, -10.926826 ], [ 24.017894, -11.237298 ], [ 23.904154, -11.722282 ], [ 24.079905, -12.191297 ], [ 23.930922, -12.565848 ], [ 24.016137, -12.911046 ], [ 21.933886, -12.898437 ], [ 21.887843, -16.08031 ], [ 22.562478, -16.898451 ], [ 23.215048, -17.523116 ], [ 21.377176, -17.930636 ], [ 18.956187, -17.789095 ], [ 18.263309, -17.309951 ], [ 14.209707, -17.353101 ], [ 14.058501, -17.423381 ], [ 13.462362, -16.971212 ], [ 12.814081, -16.941343 ], [ 12.215461, -17.111668 ], [ 11.734199, -17.301889 ], [ 11.640096, -16.673142 ], [ 11.778537, -15.793816 ], [ 12.123581, -14.878316 ], [ 12.175619, -14.449144 ], [ 12.500095, -13.5477 ], [ 12.738479, -13.137906 ], [ 13.312914, -12.48363 ], [ 13.633721, -12.038645 ], [ 13.738728, -11.297863 ], [ 13.686379, -10.731076 ], [ 13.387328, -10.373578 ], [ 13.120988, -9.766897 ], [ 12.87537, -9.166934 ], [ 12.929061, -8.959091 ], [ 13.236433, -8.562629 ], [ 12.93304, -7.596539 ], [ 12.728298, -6.927122 ], [ 12.227347, -6.294448 ], [ 12.322432, -6.100092 ], [ 12.735171, -5.965682 ], [ 13.024869, -5.984389 ], [ 13.375597, -5.864241 ], [ 16.326528, -5.87747 ] ] ], [ [ [ 12.436688, -5.684304 ], [ 12.182337, -5.789931 ], [ 11.914963, -5.037987 ], [ 12.318608, -4.60623 ], [ 12.62076, -4.438023 ], [ 12.995517, -4.781103 ], [ 12.631612, -4.991271 ], [ 12.468004, -5.248362 ], [ 12.436688, -5.684304 ] ] ] ] } },
{ "type": "Feature", "properties": { "name": "Albania", "iso3": "ALB", "name_with_flag": "🇦🇱 Albania", "1960": null, "1961": null, "1962": null, "1963": null, "1964": null, "1965": null, "1966": null, "1967": null, "1968": null, "1969": null, "1970": null, "1971": null, "1972": null, "1973": null, "1974": null, "1975": null, "1976": null, "1977": null, "1978": null, "1979": null, "1980": null, "1981": 12.307063570996668, "1982": 0.77797995577773005, "1983": -1.0333869769728721, "1984": -3.3349194452350739, "1985": 0.059606363710673627, "1986": 8.440451438551456, "1987": -2.7497940563966705, "1988": -3.2630820374624059, "1989": 6.9275511762174391, "1990": -11.571012977323269, "1991": -45.468179283234022, "1992": -40.326803158890144, "1993": 82.86042618493947, "1994": 59.664934766456042, "1995": 55.405080257888088, "1996": 12.03261851504347, "1997": -28.642260451997657, "1998": 14.086946800829004, "1999": 27.090489276122788, "2000": 9.8524324514150052, "2001": 14.304819464541584, "2002": 11.566677516231083, "2003": 28.980193512040152, "2004": 28.197766681022319, "2005": 12.048335505693885, "2006": 11.527473537712707, "2007": 22.41117391197378, "2008": 20.182698580051927, "2009": -6.3322103736828339, "2010": -1.5308669495301408, "2011": 7.6296313302440577, "2012": -5.4495722087741445, "2013": 4.6866710944769574, "2014": 4.1173356212831802, "2015": -13.482677364111883, "2016": 4.6876352823050471, "2017": 10.691755830409999, "2018": 16.285934553557667, "2019": 1.7694884920516074, "2020": -1.6418670465949581, "2021": 19.410696287461725, "2022": 6.7538559966741962, "2023": 25.25032005552854, "2024": 16.751346197906791 }, "geometry": { "type": "Polygon", "coordinates": [ [ [ 20.590247, 41.855404 ], [ 20.463175, 41.515089 ], [ 20.605182, 41.086226 ], [ 21.02004, 40.842727 ], [ 20.99999, 40.580004 ], [ 20.674997, 40.435 ], [ 20.615, 40.110007 ], [ 20.150016, 39.624998 ], [ 19.98, 39.694993 ], [ 19.960002, 39.915006 ], [ 19.406082, 40.250773 ], [ 19.319059, 40.72723 ], [ 19.40355, 41.409566 ], [ 19.540027, 41.719986 ], [ 19.371769, 41.877548 ], [ 19.304486, 42.195745 ], [ 19.738051, 42.688247 ], [ 19.801613, 42.500093 ], [ 20.0707, 42.58863 ], [ 20.283755, 42.32026 ], [ 20.52295, 42.21787 ], [ 20.590247, 41.855404 ] ] ] } },
{ "type": "Feature", "properties": { "name": "United Arab Emirates", "iso3": "ARE", "name_with_flag": "🇦🇪 United Arab Emirates", "1960": null, "1961": null, "1962": null, "1963": null, "1964": null, "1965": null, "1966": null, "1967": null, "1968": null, "1969": null, "1970": null, "1971": 17.182398027345002, "1972": 31.010985657169911, "1973": 163.80175850057316, "1974": 145.70367267697466, "1975": 13.827899299559876, "1976": 15.045037467149713, "1977": 12.255613709054124, "1978": -16.108436986168527, "1979": 16.53949274944091, "1980": 25.372027443592525, "1981": 4.4944336438192733, "1982": -10.88405296564996, "1983": -13.3153824577116, "1984": -7.6123799613027732, "1985": -7.949354007617937, "1986": -21.499818388235603, "1987": -0.084084751674640135, "1988": -6.6756443319542447, "1989": 7.4040120877462368, "1990": 15.294617581558146, "1991": -3.8151443595775603, "1992": -0.16619013736588473, "1993": -2.3997347157336923, "1994": 1.7571254479742393, "1995": 6.0086470952207094, "1996": 4.888177597460075, "1997": -1.2017349824805401, "1998": -11.054538000933423, "1999": 3.8829081463671145, "2000": 15.507671236410236, "2001": -7.0996011172304252, "2002": 0.03041301827098053, "2003": 6.867337171894472, "2004": 12.532803997314247, "2005": 16.006963430949007, "2006": 14.523219667746767, "2007": 3.4101011640803369, "2008": 9.1581333527910758, "2009": -24.475690392259107, "2010": 15.590282615912754, "2011": 16.230937225545404, "2012": 2.4521539457656338, "2013": -0.021061327898841409, "2014": -1.2342689260806061, "2015": -15.270912534979663, "2016": -5.0731494012414613, "2017": 2.4540967887087373, "2018": 7.9102940067252714, "2019": -3.1481885900910278, "2020": -15.994002611083513, "2021": 16.641110518375978, "2022": 15.080814149712364, "2023": -1.7202136759441267, "2024": 0.6869184623855995 }, "geometry": { "type": "Polygon", "coordinates": [ [ [ 51.579519, 24.245497 ], [ 51.757441, 24.294073 ], [ 51.794389, 24.019826 ], [ 52.577081, 24.177439 ], [ 53.404007, 24.151317 ], [ 54.008001, 24.121758 ], [ 54.693024, 24.797892 ], [ 55.439025, 25.439145 ], [ 56.070821, 26.055464 ], [ 56.261042, 25.714606 ], [ 56.396847, 24.924732 ], [ 55.886233, 24.920831 ], [ 55.804119, 24.269604 ], [ 55.981214, 24.130543 ], [ 55.528632, 23.933604 ], [ 55.525841, 23.524869 ], [ 55.234489, 23.110993 ], [ 55.208341, 22.70833 ], [ 55.006803, 22.496948 ], [ 52.000733, 23.001154 ], [ 51.617708, 24.014219 ], [ 51.579519, 24.245497 ] ] ] } },
{ "type": "Feature", "properties": { "name": "Argentina", "iso3": "ARG", "name_with_flag": "🇦🇷 Argentina", "1960": null, "1961": 24.810268306121273, "1962": -10.41043878591984, "1963": -1.9816960640526071, "1964": 37.894359446714887, "1965": 8.9808230283509047, "1966": -0.52697532187409024, "1967": -16.559420204450635, "1968": 7.3331017735645432, "1969": 16.428858924430379, "1970": -0.5150024663494901, "1971": 3.7644497512606678, "1972": 2.6858510865925389, "1973": 48.853601362397001, "1974": 35.610403307035043, "1975": -28.762537917320707, "1976": -3.9357117130678576, "1977": 9.2230582388062032, "1978": 54.342134261351461, "1979": -23.463586925988889, "1980": 9.3762518647439119, "1981": 0.60360783658952588, "1982": 5.4513733744460335, "1983": 21.373243307793089, "1984": 10.664627616838995, "1985": -25.779061746683276, "1986": 18.249947767671571, "1987": 1.199714405395591, "1988": 14.821895907171335, "1989": -40.527180808778894, "1990": 81.730931811988782, "1991": 32.301411655002688, "1992": 18.929783759736061, "1993": 2.0892479180712131, "1994": 7.2953976851384272, "1995": -1.0748971416623121, "1996": 4.1534706890797191, "1997": 6.3103349138043274, "1998": 0.88630065502282029, "1999": -6.2471071530922124, "2000": -0.88933371128993022, "2001": -6.4886584930554436, "2002": -64.01724282983173, "2003": 29.216570912262195, "2004": 27.753332760129588, "2005": 19.463185915647685, "2006": 15.820475471767992, "2007": 22.419253768186543, "2008": 24.478735388262507, "2009": -8.8759526869293666, "2010": 25.887547666708709, "2011": 23.82183811394485, "2012": 1.9319020299701339, "2013": 0.10778834894586975, "2014": -5.6352177745033982, "2015": 11.824286851118625, "2016": -7.1614834254149828, "2017": 14.429480748046508, "2018": -19.127478826800694, "2019": -15.288485483966818, "2020": -14.266562914994141, "2021": 25.802740314215946, "2022": 29.778895991729716, "2023": 1.8068841579099049, "2024": -2.3209102803597448 }, "geometry": { "type": "MultiPolygon", "coordinates": [ [ [ [ -65.5, -55.2 ], [ -66.45, -55.25 ], [ -66.95992, -54.89681 ], [ -67.56244, -54.87001 ], [ -68.63335, -54.8695 ], [ -68.63401, -52.63637 ], [ -68.25, -53.1 ], [ -67.75, -53.85 ], [ -66.45, -54.45 ], [ -65.05, -54.7 ], [ -65.5, -55.2 ] ] ], [ [ [ -64.964892, -22.075862 ], [ -64.377021, -22.798091 ], [ -63.986838, -21.993644 ], [ -62.846468, -22.034985 ], [ -62.685057, -22.249029 ], [ -60.846565, -23.880713 ], [ -60.028966, -24.032796 ], [ -58.807128, -24.771459 ], [ -57.777217, -25.16234 ], [ -57.63366, -25.603657 ], [ -58.618174, -27.123719 ], [ -57.60976, -27.395899 ], [ -56.486702, -27.548499 ], [ -55.695846, -27.387837 ], [ -54.788795, -26.621786 ], [ -54.625291, -25.739255 ], [ -54.13005, -25.547639 ], [ -53.628349, -26.124865 ], [ -53.648735, -26.923473 ], [ -54.490725, -27.474757 ], [ -55.162286, -27.881915 ], [ -56.2909, -28.852761 ], [ -57.625133, -30.216295 ], [ -57.874937, -31.016556 ], [ -58.14244, -32.044504 ], [ -58.132648, -33.040567 ], [ -58.349611, -33.263189 ], [ -58.427074, -33.909454 ], [ -58.495442, -34.43149 ], [ -57.22583, -35.288027 ], [ -57.362359, -35.97739 ], [ -56.737487, -36.413126 ], [ -56.788285, -36.901572 ], [ -57.749157, -38.183871 ], [ -59.231857, -38.72022 ], [ -61.237445, -38.928425 ], [ -62.335957, -38.827707 ], [ -62.125763, -39.424105 ], [ -62.330531, -40.172586 ], [ -62.145994, -40.676897 ], [ -62.745803, -41.028761 ], [ -63.770495, -41.166789 ], [ -64.73209, -40.802677 ], [ -65.118035, -41.064315 ], [ -64.978561, -42.058001 ], [ -64.303408, -42.359016 ], [ -63.755948, -42.043687 ], [ -63.458059, -42.563138 ], [ -64.378804, -42.873558 ], [ -65.181804, -43.495381 ], [ -65.328823, -44.501366 ], [ -65.565269, -45.036786 ], [ -66.509966, -45.039628 ], [ -67.293794, -45.551896 ], [ -67.580546, -46.301773 ], [ -66.597066, -47.033925 ], [ -65.641027, -47.236135 ], [ -65.985088, -48.133289 ], [ -67.166179, -48.697337 ], [ -67.816088, -49.869669 ], [ -68.728745, -50.264218 ], [ -69.138539, -50.73251 ], [ -68.815561, -51.771104 ], [ -68.149995, -52.349983 ], [ -68.571545, -52.299444 ], [ -69.498362, -52.142761 ], [ -71.914804, -52.009022 ], [ -72.329404, -51.425956 ], [ -72.309974, -50.67701 ], [ -72.975747, -50.74145 ], [ -73.328051, -50.378785 ], [ -73.415436, -49.318436 ], [ -72.648247, -48.878618 ], [ -72.331161, -48.244238 ], [ -72.447355, -47.738533 ], [ -71.917258, -46.884838 ], [ -71.552009, -45.560733 ], [ -71.659316, -44.973689 ], [ -71.222779, -44.784243 ], [ -71.329801, -44.407522 ], [ -71.793623, -44.207172 ], [ -71.464056, -43.787611 ], [ -71.915424, -43.408565 ], [ -72.148898, -42.254888 ], [ -71.746804, -42.051386 ], [ -71.915734, -40.832339 ], [ -71.680761, -39.808164 ], [ -71.413517, -38.916022 ], [ -70.814664, -38.552995 ], [ -71.118625, -37.576827 ], [ -71.121881, -36.658124 ], [ -70.364769, -36.005089 ], [ -70.388049, -35.169688 ], [ -69.817309, -34.193571 ], [ -69.814777, -33.273886 ], [ -70.074399, -33.09121 ], [ -70.535069, -31.36501 ], [ -69.919008, -30.336339 ], [ -70.01355, -29.367923 ], [ -69.65613, -28.459141 ], [ -69.001235, -27.521214 ], [ -68.295542, -26.89934 ], [ -68.5948, -26.506909 ], [ -68.386001, -26.185016 ], [ -68.417653, -24.518555 ], [ -67.328443, -24.025303 ], [ -66.985234, -22.986349 ], [ -67.106674, -22.735925 ], [ -66.273339, -21.83231 ], [ -64.964892, -22.075862 ] ] ] ] } },
{ "type": "Feature", "properties": { "name": "Armenia", "iso3": "ARM", "name_with_flag": "🇦🇲 Armenia", "1960": null, "1961": null, "1962": null, "1963": null, "1964": null, "1965": null, "1966": null, "1967": null, "1968": null, "1969": null, "1970": null, "1971": null, "1972": null, "1973": null, "1974": null, "1975": null, "1976": null, "1977": null, "1978": null, "1979": null, "1980": null, "1981": null, "1982": null, "1983": null, "1984": null, "1985": null, "1986": null, "1987": null, "1988": null, "1989": null, "1990": null, "1991": -9.8551257683901046, "1992": -37.781433516414886, "1993": -2.3797156514965945, "1994": 12.363595557563368, "1995": 13.570635848688983, "1996": 9.7187085812671334, "1997": 3.6888565087461078, "1998": 16.870892239329983, "1999": -1.2825396208378637, "2000": 1.8502235738668382, "2001": 11.144720188692837, "2002": 12.593013411063424, "2003": 18.767769405772583, "2004": 28.123499153574414, "2005": 37.819772177296372, "2006": 31.086540759121274, "2007": 45.112946412401065, "2008": 27.507530356777909, "2009": -25.33509528976542, "2010": 7.8264350395004678, "2011": 10.13395850922636, "2012": 4.8367914891548125, "2013": 4.8013627222707411, "2014": 4.6723718836304107, "2015": -8.8191613755976839, "2016": 0.34253753090318639, "2017": 9.7783040508185195, "2018": 8.4504353369857945, "2019": 9.5620284390666157, "2020": -7.1466518190577037, "2021": 9.7570899482071418, "2022": 40.271547640215388, "2023": 23.635202976187642, "2024": 4.6193059986470608 }, "geometry": { "type": "Polygon", "coordinates": [ [ [ 43.582746, 41.092143 ], [ 44.97248, 41.248129 ], [ 45.179496, 40.985354 ], [ 45.560351, 40.81229 ], [ 45.359175, 40.561504 ], [ 45.891907, 40.218476 ], [ 45.610012, 39.899994 ], [ 46.034534, 39.628021 ], [ 46.483499, 39.464155 ], [ 46.50572, 38.770605 ], [ 46.143623, 38.741201 ], [ 45.735379, 39.319719 ], [ 45.739978, 39.473999 ], [ 45.298145, 39.471751 ], [ 45.001987, 39.740004 ], [ 44.79399, 39.713003 ], [ 44.400009, 40.005 ], [ 43.656436, 40.253564 ], [ 43.752658, 40.740201 ], [ 43.582746, 41.092143 ] ] ] } },
{ "type": "Feature", "properties": { "name": "Antarctica", "iso3": "ATA", "name_with_flag": "🇦🇶 Antarctica", "1960": null, "1961": null, "1962": null, "1963": null, "1964": null, "1965": null, "1966": null, "1967": null, "1968": null, "1969": null, "1970": null, "1971": null, "1972": null, "1973": null, "1974": null, "1975": null, "1976": null, "1977": null, "1978": null, "1979": null, "1980": null, "1981": null, "1982": null, "1983": null, "1984": null, "1985": null, "1986": null, "1987": null, "1988": null, "1989": null, "1990": null, "1991": null, "1992": null, "1993": null, "1994": null, "1995": null, "1996": null, "1997": null, "1998": null, "1999": null, "2000": null, "2001": null, "2002": null, "2003": null, "2004": null, "2005": null, "2006": null, "2007": null, "2008": null, "2009": null, "2010": null, "2011": null, "2012": null, "2013": null, "2014": null, "2015": null, "2016": null, "2017": null, "2018": null, "2019": null, "2020": null, "2021": null, "2022": null, "2023": null, "2024": null }, "geometry": { "type": "MultiPolygon", "coordinates": [ [ [ [ -59.572095, -80.040179 ], [ -59.865849, -80.549657 ], [ -60.159656, -81.000327 ], [ -62.255393, -80.863178 ], [ -64.488125, -80.921934 ], [ -65.741666, -80.588827 ], [ -65.741666, -80.549657 ], [ -66.290031, -80.255773 ], [ -64.037688, -80.294944 ], [ -61.883246, -80.39287 ], [ -61.138976, -79.981371 ], [ -60.610119, -79.628679 ], [ -59.572095, -80.040179 ] ] ], [ [ [ -159.208184, -79.497059 ], [ -161.127601, -79.634209 ], [ -162.439847, -79.281465 ], [ -163.027408, -78.928774 ], [ -163.066604, -78.869966 ], [ -163.712896, -78.595667 ], [ -163.105801, -78.223338 ], [ -161.245113, -78.380176 ], [ -160.246208, -78.693645 ], [ -159.482405, -79.046338 ], [ -159.208184, -79.497059 ] ] ], [ [ [ -45.154758, -78.04707 ], [ -43.920828, -78.478103 ], [ -43.48995, -79.08556 ], [ -43.372438, -79.516645 ], [ -43.333267, -80.026123 ], [ -44.880537, -80.339644 ], [ -46.506174, -80.594357 ], [ -48.386421, -80.829485 ], [ -50.482107, -81.025442 ], [ -52.851988, -80.966685 ], [ -54.164259, -80.633528 ], [ -53.987991, -80.222028 ], [ -51.853134, -79.94773 ], [ -50.991326, -79.614623 ], [ -50.364595, -79.183487 ], [ -49.914131, -78.811209 ], [ -49.306959, -78.458569 ], [ -48.660616, -78.047018 ], [ -48.660616, -78.047019 ], [ -48.151396, -78.04707 ], [ -46.662857, -77.831476 ], [ -45.154758, -78.04707 ] ] ], [ [ [ -121.211511, -73.50099 ], [ -119.918851, -73.657725 ], [ -118.724143, -73.481353 ], [ -119.292119, -73.834097 ], [ -120.232217, -74.08881 ], [ -121.62283, -74.010468 ], [ -122.621735, -73.657778 ], [ -122.621735, -73.657777 ], [ -122.406245, -73.324619 ], [ -121.211511, -73.50099 ] ] ], [ [ [ -125.559566, -73.481353 ], [ -124.031882, -73.873268 ], [ -124.619469, -73.834097 ], [ -125.912181, -73.736118 ], [ -127.28313, -73.461769 ], [ -127.28313, -73.461768 ], [ -126.558472, -73.246226 ], [ -125.559566, -73.481353 ] ] ], [ [ [ -98.98155, -71.933334 ], [ -97.884743, -72.070535 ], [ -96.787937, -71.952971 ], [ -96.20035, -72.521205 ], [ -96.983765, -72.442864 ], [ -98.198083, -72.482035 ], [ -99.432013, -72.442864 ], [ -100.783455, -72.50162 ], [ -101.801868, -72.305663 ], [ -102.330725, -71.894164 ], [ -101.703967, -71.717792 ], [ -100.430919, -71.854993 ], [ -98.98155, -71.933334 ] ] ], [ [ [ -68.451346, -70.955823 ], [ -68.333834, -71.406493 ], [ -68.510128, -71.798407 ], [ -68.784297, -72.170736 ], [ -69.959471, -72.307885 ], [ -71.075889, -72.503842 ], [ -72.388134, -72.484257 ], [ -71.8985, -72.092343 ], [ -73.073622, -72.229492 ], [ -74.19004, -72.366693 ], [ -74.953895, -72.072757 ], [ -75.012625, -71.661258 ], [ -73.915819, -71.269345 ], [ -73.915819, -71.269344 ], [ -73.230331, -71.15178 ], [ -72.074717, -71.190951 ], [ -71.780962, -70.681473 ], [ -71.72218, -70.309196 ], [ -71.741791, -69.505782 ], [ -71.173815, -69.035475 ], [ -70.253252, -68.87874 ], [ -69.724447, -69.251017 ], [ -69.489422, -69.623346 ], [ -69.058518, -70.074016 ], [ -68.725541, -70.505153 ], [ -68.451346, -70.955823 ] ] ], [ [ [ -58.614143, -64.152467 ], [ -59.045073, -64.36801 ], [ -59.789342, -64.211223 ], [ -60.611928, -64.309202 ], [ -61.297416, -64.54433 ], [ -62.0221, -64.799094 ], [ -62.51176, -65.09303 ], [ -62.648858, -65.484942 ], [ -62.590128, -65.857219 ], [ -62.120079, -66.190326 ], [ -62.805567, -66.425505 ], [ -63.74569, -66.503847 ], [ -64.294106, -66.837004 ], [ -64.881693, -67.150474 ], [ -65.508425, -67.58161 ], [ -65.665082, -67.953887 ], [ -65.312545, -68.365335 ], [ -64.783715, -68.678908 ], [ -63.961103, -68.913984 ], [ -63.1973, -69.227556 ], [ -62.785955, -69.619419 ], [ -62.570516, -69.991747 ], [ -62.276736, -70.383661 ], [ -61.806661, -70.716768 ], [ -61.512906, -71.089045 ], [ -61.375809, -72.010074 ], [ -61.081977, -72.382351 ], [ -61.003661, -72.774265 ], [ -60.690269, -73.166179 ], [ -60.827367, -73.695242 ], [ -61.375809, -74.106742 ], [ -61.96337, -74.439848 ], [ -63.295201, -74.576997 ], [ -63.74569, -74.92974 ], [ -64.352836, -75.262847 ], [ -65.860987, -75.635124 ], [ -67.192818, -75.79191 ], [ -68.446282, -76.007452 ], [ -69.797724, -76.222995 ], [ -70.600724, -76.634494 ], [ -72.206776, -76.673665 ], [ -73.969536, -76.634494 ], [ -75.555977, -76.712887 ], [ -77.24037, -76.712887 ], [ -76.926979, -77.104802 ], [ -75.399294, -77.28107 ], [ -74.282876, -77.55542 ], [ -73.656119, -77.908112 ], [ -74.772536, -78.221633 ], [ -76.4961, -78.123654 ], [ -77.925858, -78.378419 ], [ -77.984666, -78.789918 ], [ -78.023785, -79.181833 ], [ -76.848637, -79.514939 ], [ -76.633224, -79.887216 ], [ -75.360097, -80.259545 ], [ -73.244852, -80.416331 ], [ -71.442946, -80.69063 ], [ -70.013163, -81.004151 ], [ -68.191646, -81.317672 ], [ -65.704279, -81.474458 ], [ -63.25603, -81.748757 ], [ -61.552026, -82.042692 ], [ -59.691416, -82.37585 ], [ -58.712121, -82.846106 ], [ -58.222487, -83.218434 ], [ -57.008117, -82.865691 ], [ -55.362894, -82.571755 ], [ -53.619771, -82.258235 ], [ -51.543644, -82.003521 ], [ -49.76135, -81.729171 ], [ -47.273931, -81.709586 ], [ -44.825708, -81.846735 ], [ -42.808363, -82.081915 ], [ -42.16202, -81.65083 ], [ -40.771433, -81.356894 ], [ -38.244818, -81.337309 ], [ -36.26667, -81.121715 ], [ -34.386397, -80.906172 ], [ -32.310296, -80.769023 ], [ -30.097098, -80.592651 ], [ -28.549802, -80.337938 ], [ -29.254901, -79.985195 ], [ -29.685805, -79.632503 ], [ -29.685805, -79.260226 ], [ -31.624808, -79.299397 ], [ -33.681324, -79.456132 ], [ -35.639912, -79.456132 ], [ -35.914107, -79.083855 ], [ -35.77701, -78.339248 ], [ -35.326546, -78.123654 ], [ -33.896763, -77.888526 ], [ -32.212369, -77.65345 ], [ -30.998051, -77.359515 ], [ -29.783732, -77.065579 ], [ -28.882779, -76.673665 ], [ -27.511752, -76.497345 ], [ -26.160336, -76.360144 ], [ -25.474822, -76.281803 ], [ -23.927552, -76.24258 ], [ -22.458598, -76.105431 ], [ -21.224694, -75.909474 ], [ -20.010375, -75.674346 ], [ -18.913543, -75.439218 ], [ -17.522982, -75.125698 ], [ -16.641589, -74.79254 ], [ -15.701491, -74.498604 ], [ -15.40771, -74.106742 ], [ -16.46532, -73.871614 ], [ -16.112784, -73.460114 ], [ -15.446855, -73.146542 ], [ -14.408805, -72.950585 ], [ -13.311973, -72.715457 ], [ -12.293508, -72.401936 ], [ -11.510067, -72.010074 ], [ -11.020433, -71.539767 ], [ -10.295774, -71.265416 ], [ -9.101015, -71.324224 ], [ -8.611381, -71.65733 ], [ -7.416622, -71.696501 ], [ -7.377451, -71.324224 ], [ -6.868232, -70.93231 ], [ -5.790985, -71.030289 ], [ -5.536375, -71.402617 ], [ -4.341667, -71.461373 ], [ -3.048981, -71.285053 ], [ -1.795492, -71.167438 ], [ -0.659489, -71.226246 ], [ -0.228637, -71.637745 ], [ 0.868195, -71.304639 ], [ 1.886686, -71.128267 ], [ 3.022638, -70.991118 ], [ 4.139055, -70.853917 ], [ 5.157546, -70.618789 ], [ 6.273912, -70.462055 ], [ 7.13572, -70.246512 ], [ 7.742866, -69.893769 ], [ 8.48711, -70.148534 ], [ 9.525135, -70.011333 ], [ 10.249845, -70.48164 ], [ 10.817821, -70.834332 ], [ 11.953824, -70.638375 ], [ 12.404287, -70.246512 ], [ 13.422778, -69.972162 ], [ 14.734998, -70.030918 ], [ 15.126757, -70.403247 ], [ 15.949342, -70.030918 ], [ 17.026589, -69.913354 ], [ 18.201711, -69.874183 ], [ 19.259373, -69.893769 ], [ 20.375739, -70.011333 ], [ 21.452985, -70.07014 ], [ 21.923034, -70.403247 ], [ 22.569403, -70.697182 ], [ 23.666184, -70.520811 ], [ 24.841357, -70.48164 ], [ 25.977309, -70.48164 ], [ 27.093726, -70.462055 ], [ 28.09258, -70.324854 ], [ 29.150242, -70.20729 ], [ 30.031583, -69.93294 ], [ 30.971733, -69.75662 ], [ 31.990172, -69.658641 ], [ 32.754053, -69.384291 ], [ 33.302443, -68.835642 ], [ 33.870419, -68.502588 ], [ 34.908495, -68.659271 ], [ 35.300202, -69.012014 ], [ 36.16201, -69.247142 ], [ 37.200035, -69.168748 ], [ 37.905108, -69.52144 ], [ 38.649404, -69.776205 ], [ 39.667894, -69.541077 ], [ 40.020431, -69.109941 ], [ 40.921358, -68.933621 ], [ 41.959434, -68.600514 ], [ 42.938702, -68.463313 ], [ 44.113876, -68.267408 ], [ 44.897291, -68.051866 ], [ 45.719928, -67.816738 ], [ 46.503343, -67.601196 ], [ 47.44344, -67.718759 ], [ 48.344419, -67.366068 ], [ 48.990736, -67.091718 ], [ 49.930885, -67.111303 ], [ 50.753471, -66.876175 ], [ 50.949325, -66.523484 ], [ 51.791547, -66.249133 ], [ 52.614133, -66.053176 ], [ 53.613038, -65.89639 ], [ 54.53355, -65.818049 ], [ 55.414943, -65.876805 ], [ 56.355041, -65.974783 ], [ 57.158093, -66.249133 ], [ 57.255968, -66.680218 ], [ 58.137361, -67.013324 ], [ 58.744508, -67.287675 ], [ 59.939318, -67.405239 ], [ 60.605221, -67.679589 ], [ 61.427806, -67.953887 ], [ 62.387489, -68.012695 ], [ 63.19049, -67.816738 ], [ 64.052349, -67.405239 ], [ 64.992447, -67.620729 ], [ 65.971715, -67.738345 ], [ 66.911864, -67.855909 ], [ 67.891133, -67.934302 ], [ 68.890038, -67.934302 ], [ 69.712624, -68.972791 ], [ 69.673453, -69.227556 ], [ 69.555941, -69.678226 ], [ 68.596258, -69.93294 ], [ 67.81274, -70.305268 ], [ 67.949889, -70.697182 ], [ 69.066307, -70.677545 ], [ 68.929157, -71.069459 ], [ 68.419989, -71.441788 ], [ 67.949889, -71.853287 ], [ 68.71377, -72.166808 ], [ 69.869307, -72.264787 ], [ 71.024895, -72.088415 ], [ 71.573285, -71.696501 ], [ 71.906288, -71.324224 ], [ 72.454627, -71.010703 ], [ 73.08141, -70.716768 ], [ 73.33602, -70.364024 ], [ 73.864877, -69.874183 ], [ 74.491557, -69.776205 ], [ 75.62756, -69.737034 ], [ 76.626465, -69.619419 ], [ 77.644904, -69.462684 ], [ 78.134539, -69.07077 ], [ 78.428371, -68.698441 ], [ 79.113859, -68.326216 ], [ 80.093127, -68.071503 ], [ 80.93535, -67.875546 ], [ 81.483792, -67.542388 ], [ 82.051767, -67.366068 ], [ 82.776426, -67.209282 ], [ 83.775331, -67.30726 ], [ 84.676206, -67.209282 ], [ 85.655527, -67.091718 ], [ 86.752359, -67.150474 ], [ 87.477017, -66.876175 ], [ 87.986289, -66.209911 ], [ 88.358411, -66.484261 ], [ 88.828408, -66.954568 ], [ 89.67063, -67.150474 ], [ 90.630365, -67.228867 ], [ 91.5901, -67.111303 ], [ 92.608539, -67.189696 ], [ 93.548637, -67.209282 ], [ 94.17542, -67.111303 ], [ 95.017591, -67.170111 ], [ 95.781472, -67.385653 ], [ 96.682399, -67.248504 ], [ 97.759646, -67.248504 ], [ 98.68021, -67.111303 ], [ 99.718182, -67.248504 ], [ 100.384188, -66.915346 ], [ 100.893356, -66.58224 ], [ 101.578896, -66.30789 ], [ 102.832411, -65.563284 ], [ 103.478676, -65.700485 ], [ 104.242557, -65.974783 ], [ 104.90846, -66.327527 ], [ 106.181561, -66.934931 ], [ 107.160881, -66.954568 ], [ 108.081393, -66.954568 ], [ 109.15864, -66.837004 ], [ 110.235835, -66.699804 ], [ 111.058472, -66.425505 ], [ 111.74396, -66.13157 ], [ 112.860378, -66.092347 ], [ 113.604673, -65.876805 ], [ 114.388088, -66.072762 ], [ 114.897308, -66.386283 ], [ 115.602381, -66.699804 ], [ 116.699161, -66.660633 ], [ 117.384701, -66.915346 ], [ 118.57946, -67.170111 ], [ 119.832924, -67.268089 ], [ 120.871, -67.189696 ], [ 121.654415, -66.876175 ], [ 122.320369, -66.562654 ], [ 123.221296, -66.484261 ], [ 124.122274, -66.621462 ], [ 125.160247, -66.719389 ], [ 126.100396, -66.562654 ], [ 127.001427, -66.562654 ], [ 127.882768, -66.660633 ], [ 128.80328, -66.758611 ], [ 129.704259, -66.58224 ], [ 130.781454, -66.425505 ], [ 131.799945, -66.386283 ], [ 132.935896, -66.386283 ], [ 133.85646, -66.288304 ], [ 134.757387, -66.209963 ], [ 135.031582, -65.72007 ], [ 135.070753, -65.308571 ], [ 135.697485, -65.582869 ], [ 135.873805, -66.033591 ], [ 136.206705, -66.44509 ], [ 136.618049, -66.778197 ], [ 137.460271, -66.954568 ], [ 138.596223, -66.895761 ], [ 139.908442, -66.876175 ], [ 140.809421, -66.817367 ], [ 142.121692, -66.817367 ], [ 143.061842, -66.797782 ], [ 144.374061, -66.837004 ], [ 145.490427, -66.915346 ], [ 146.195552, -67.228867 ], [ 145.999699, -67.601196 ], [ 146.646067, -67.895131 ], [ 147.723263, -68.130259 ], [ 148.839629, -68.385024 ], [ 150.132314, -68.561292 ], [ 151.483705, -68.71813 ], [ 152.502247, -68.874813 ], [ 153.638199, -68.894502 ], [ 154.284567, -68.561292 ], [ 155.165857, -68.835642 ], [ 155.92979, -69.149215 ], [ 156.811132, -69.384291 ], [ 158.025528, -69.482269 ], [ 159.181013, -69.599833 ], [ 159.670699, -69.991747 ], [ 160.80665, -70.226875 ], [ 161.570479, -70.579618 ], [ 162.686897, -70.736353 ], [ 163.842434, -70.716768 ], [ 164.919681, -70.775524 ], [ 166.11444, -70.755938 ], [ 167.309095, -70.834332 ], [ 168.425616, -70.971481 ], [ 169.463589, -71.20666 ], [ 170.501665, -71.402617 ], [ 171.20679, -71.696501 ], [ 171.089227, -72.088415 ], [ 170.560422, -72.441159 ], [ 170.109958, -72.891829 ], [ 169.75737, -73.24452 ], [ 169.287321, -73.65602 ], [ 167.975101, -73.812806 ], [ 167.387489, -74.165498 ], [ 166.094803, -74.38104 ], [ 165.644391, -74.772954 ], [ 164.958851, -75.145283 ], [ 164.234193, -75.458804 ], [ 163.822797, -75.870303 ], [ 163.568239, -76.24258 ], [ 163.47026, -76.693302 ], [ 163.489897, -77.065579 ], [ 164.057873, -77.457442 ], [ 164.273363, -77.82977 ], [ 164.743464, -78.182514 ], [ 166.604126, -78.319611 ], [ 166.995781, -78.750748 ], [ 165.193876, -78.907483 ], [ 163.666217, -79.123025 ], [ 161.766385, -79.162248 ], [ 160.924162, -79.730482 ], [ 160.747894, -80.200737 ], [ 160.316964, -80.573066 ], [ 159.788211, -80.945395 ], [ 161.120016, -81.278501 ], [ 161.629287, -81.690001 ], [ 162.490992, -82.062278 ], [ 163.705336, -82.395435 ], [ 165.095949, -82.708956 ], [ 166.604126, -83.022477 ], [ 168.895665, -83.335998 ], [ 169.404782, -83.825891 ], [ 172.283934, -84.041433 ], [ 172.477049, -84.117914 ], [ 173.224083, -84.41371 ], [ 175.985672, -84.158997 ], [ 178.277212, -84.472518 ], [ 180.0, -84.71338 ], [ -179.942499, -84.721443 ], [ -179.058677, -84.139412 ], [ -177.256772, -84.452933 ], [ -177.140807, -84.417941 ], [ -176.084673, -84.099259 ], [ -175.947235, -84.110449 ], [ -175.829882, -84.117914 ], [ -174.382503, -84.534323 ], [ -173.116559, -84.117914 ], [ -172.889106, -84.061019 ], [ -169.951223, -83.884647 ], [ -168.999989, -84.117914 ], [ -168.530199, -84.23739 ], [ -167.022099, -84.570497 ], [ -164.182144, -84.82521 ], [ -161.929775, -85.138731 ], [ -158.07138, -85.37391 ], [ -155.192253, -85.09956 ], [ -150.942099, -85.295517 ], [ -148.533073, -85.609038 ], [ -145.888918, -85.315102 ], [ -143.107718, -85.040752 ], [ -142.892279, -84.570497 ], [ -146.829068, -84.531274 ], [ -150.060732, -84.296146 ], [ -150.902928, -83.904232 ], [ -153.586201, -83.68869 ], [ -153.409907, -83.23802 ], [ -153.037759, -82.82652 ], [ -152.665637, -82.454192 ], [ -152.861517, -82.042692 ], [ -154.526299, -81.768394 ], [ -155.29018, -81.41565 ], [ -156.83745, -81.102129 ], [ -154.408787, -81.160937 ], [ -152.097662, -81.004151 ], [ -150.648293, -81.337309 ], [ -148.865998, -81.043373 ], [ -147.22075, -80.671045 ], [ -146.417749, -80.337938 ], [ -146.770286, -79.926439 ], [ -148.062947, -79.652089 ], [ -149.531901, -79.358205 ], [ -151.588416, -79.299397 ], [ -153.390322, -79.162248 ], [ -155.329376, -79.064269 ], [ -155.975668, -78.69194 ], [ -157.268302, -78.378419 ], [ -158.051768, -78.025676 ], [ -158.365134, -76.889207 ], [ -157.875474, -76.987238 ], [ -156.974573, -77.300759 ], [ -155.329376, -77.202728 ], [ -153.742832, -77.065579 ], [ -152.920247, -77.496664 ], [ -151.33378, -77.398737 ], [ -150.00195, -77.183143 ], [ -148.748486, -76.908845 ], [ -147.612483, -76.575738 ], [ -146.104409, -76.47776 ], [ -146.143528, -76.105431 ], [ -146.496091, -75.733154 ], [ -146.20231, -75.380411 ], [ -144.909624, -75.204039 ], [ -144.322037, -75.537197 ], [ -142.794353, -75.34124 ], [ -141.638764, -75.086475 ], [ -140.209007, -75.06689 ], [ -138.85759, -74.968911 ], [ -137.5062, -74.733783 ], [ -136.428901, -74.518241 ], [ -135.214583, -74.302699 ], [ -134.431194, -74.361455 ], [ -133.745654, -74.439848 ], [ -132.257168, -74.302699 ], [ -130.925311, -74.479019 ], [ -129.554284, -74.459433 ], [ -128.242038, -74.322284 ], [ -126.890622, -74.420263 ], [ -125.402082, -74.518241 ], [ -124.011496, -74.479019 ], [ -122.562152, -74.498604 ], [ -121.073613, -74.518241 ], [ -119.70256, -74.479019 ], [ -118.684145, -74.185083 ], [ -117.469801, -74.028348 ], [ -116.216312, -74.243891 ], [ -115.021552, -74.067519 ], [ -113.944331, -73.714828 ], [ -113.297988, -74.028348 ], [ -112.945452, -74.38104 ], [ -112.299083, -74.714198 ], [ -111.261059, -74.420263 ], [ -110.066325, -74.79254 ], [ -108.714909, -74.910103 ], [ -107.559346, -75.184454 ], [ -106.149148, -75.125698 ], [ -104.876074, -74.949326 ], [ -103.367949, -74.988497 ], [ -102.016507, -75.125698 ], [ -100.645531, -75.302018 ], [ -100.1167, -74.870933 ], [ -100.763043, -74.537826 ], [ -101.252703, -74.185083 ], [ -102.545337, -74.106742 ], [ -103.113313, -73.734413 ], [ -103.328752, -73.362084 ], [ -103.681289, -72.61753 ], [ -102.917485, -72.754679 ], [ -101.60524, -72.813436 ], [ -100.312528, -72.754679 ], [ -99.13738, -72.911414 ], [ -98.118889, -73.20535 ], [ -97.688037, -73.558041 ], [ -96.336595, -73.616849 ], [ -95.043961, -73.4797 ], [ -93.672907, -73.283743 ], [ -92.439003, -73.166179 ], [ -91.420564, -73.401307 ], [ -90.088733, -73.322914 ], [ -89.226951, -72.558722 ], [ -88.423951, -73.009393 ], [ -87.268337, -73.185764 ], [ -86.014822, -73.087786 ], [ -85.192236, -73.4797 ], [ -83.879991, -73.518871 ], [ -82.665646, -73.636434 ], [ -81.470913, -73.851977 ], [ -80.687447, -73.4797 ], [ -80.295791, -73.126956 ], [ -79.296886, -73.518871 ], [ -77.925858, -73.420892 ], [ -76.907367, -73.636434 ], [ -76.221879, -73.969541 ], [ -74.890049, -73.871614 ], [ -73.852024, -73.65602 ], [ -72.833533, -73.401307 ], [ -71.619215, -73.264157 ], [ -70.209042, -73.146542 ], [ -68.935916, -73.009393 ], [ -67.956622, -72.79385 ], [ -67.369061, -72.480329 ], [ -67.134036, -72.049244 ], [ -67.251548, -71.637745 ], [ -67.56494, -71.245831 ], [ -67.917477, -70.853917 ], [ -68.230843, -70.462055 ], [ -68.485452, -70.109311 ], [ -68.544209, -69.717397 ], [ -68.446282, -69.325535 ], [ -67.976233, -68.953206 ], [ -67.5845, -68.541707 ], [ -67.427843, -68.149844 ], [ -67.62367, -67.718759 ], [ -67.741183, -67.326845 ], [ -67.251548, -66.876175 ], [ -66.703184, -66.58224 ], [ -66.056815, -66.209963 ], [ -65.371327, -65.89639 ], [ -64.568276, -65.602506 ], [ -64.176542, -65.171423 ], [ -63.628152, -64.897073 ], [ -63.001394, -64.642308 ], [ -62.041686, -64.583552 ], [ -61.414928, -64.270031 ], [ -60.709855, -64.074074 ], [ -59.887269, -63.95651 ], [ -59.162585, -63.701745 ], [ -58.594557, -63.388224 ], [ -57.811143, -63.27066 ], [ -57.223582, -63.525425 ], [ -57.59573, -63.858532 ], [ -58.614143, -64.152467 ] ] ] ] } },
{ "type": "Feature", "properties": { "name": "French Southern and Antarctic Lands", "iso3": "ATF", "name_with_flag": "🇹🇫 French Southern and Antarctic Lands", "1960": null, "1961": null, "1962": null, "1963": null, "1964": null, "1965": null, "1966": null, "1967": null, "1968": null, "1969": null, "1970": null, "1971": null, "1972": null, "1973": null, "1974": null, "1975": null, "1976": null, "1977": null, "1978": null, "1979": null, "1980": null, "1981": null, "1982": null, "1983": null, "1984": null, "1985": null, "1986": null, "1987": null, "1988": null, "1989": null, "1990": null, "1991": null, "1992": null, "1993": null, "1994": null, "1995": null, "1996": null, "1997": null, "1998": null, "1999": null, "2000": null, "2001": null, "2002": null, "2003": null, "2004": null, "2005": null, "2006": null, "2007": null, "2008": null, "2009": null, "2010": null, "2011": null, "2012": null, "2013": null, "2014": null, "2015": null, "2016": null, "2017": null, "2018": null, "2019": null, "2020": null, "2021": null, "2022": null, "2023": null, "2024": null }, "geometry": { "type": "Polygon", "coordinates": [ [ [ 68.935, -48.625 ], [ 69.58, -48.94 ], [ 70.525, -49.065 ], [ 70.56, -49.255 ], [ 70.28, -49.71 ], [ 68.745, -49.775 ], [ 68.72, -49.2425 ], [ 68.8675, -48.83 ], [ 68.935, -48.625 ] ] ] } },
{ "type": "Feature", "properties": { "name": "Australia", "iso3": "AUS", "name_with_flag": "🇦🇺 Australia", "1960": null, "1961": 3.7002483174505052, "1962": -1.2228163841800366, "1963": 6.0636394508842395, "1964": 8.3452666405714702, "1965": 7.025025306356758, "1966": 2.753291383851475, "1967": 10.076926010852659, "1968": 5.5819343689135215, "1969": 9.8140155332714798, "1970": 10.478103685273886, "1971": 5.758094198028596, "1972": 12.995816478495282, "1973": 20.796468047399983, "1974": 35.887579828005521, "1975": 8.0349981952621654, "1976": 6.8939319412565148, "1977": 3.8598653067035915, "1978": 6.1355059586181371, "1979": 12.623468385730142, "1980": 9.8368535098426904, "1981": 16.11222808260473, "1982": 7.8075106118716153, "1983": -9.8864306939060462, "1984": 7.8686728456432764, "1985": -7.8917099645194888, "1986": -0.43331049847520342, "1987": 2.2763836208812949, "1988": 22.603691152929152, "1989": 24.84775387848126, "1990": 2.3261087400816338, "1991": 3.3459143925424151, "1992": -1.2498456031168392, "1993": -4.9629613663597638, "1994": 2.4280328457654043, "1995": 12.78838003606959, "1996": 7.6958751534880188, "1997": 7.3783265974588286, "1998": -9.1662510944227282, "1999": -3.5683241601327964, "2000": 5.5895555651149786, "2001": -9.9435064807654747, "2002": 3.0773850041436512, "2003": 16.827490243281851, "2004": 30.013309129822719, "2005": 11.813954225184432, "2006": 6.136755993570242, "2007": 12.176031717416613, "2008": 21.070231554758088, "2009": -13.852186778451825, "2010": 21.786188470125278, "2011": 20.061371366296179, "2012": 8.7328813009551975, "2013": 0.1730906363828888, "2014": -8.2806211742819436, "2015": -9.2815501610683864, "2016": -12.074555854779801, "2017": 8.0453619098047611, "2018": 6.1124355084573256, "2019": -3.8878660745366389, "2020": -5.78680236746637, "2021": 17.022545863464721, "2022": 7.242032088376571, "2023": -0.24784781505876596, "2024": -0.66079993726263497 }, "geometry": { "type": "MultiPolygon", "coordinates": [ [ [ [ 145.397978, -40.792549 ], [ 146.364121, -41.137695 ], [ 146.908584, -41.000546 ], [ 147.689259, -40.808258 ], [ 148.289068, -40.875438 ], [ 148.359865, -42.062445 ], [ 148.017301, -42.407024 ], [ 147.914052, -43.211522 ], [ 147.564564, -42.937689 ], [ 146.870343, -43.634597 ], [ 146.663327, -43.580854 ], [ 146.048378, -43.549745 ], [ 145.43193, -42.693776 ], [ 145.29509, -42.03361 ], [ 144.718071, -41.162552 ], [ 144.743755, -40.703975 ], [ 145.397978, -40.792549 ] ] ], [ [ [ 143.561811, -13.763656 ], [ 143.922099, -14.548311 ], [ 144.563714, -14.171176 ], [ 144.894908, -14.594458 ], [ 145.374724, -14.984976 ], [ 145.271991, -15.428205 ], [ 145.48526, -16.285672 ], [ 145.637033, -16.784918 ], [ 145.888904, -16.906926 ], [ 146.160309, -17.761655 ], [ 146.063674, -18.280073 ], [ 146.387478, -18.958274 ], [ 147.471082, -19.480723 ], [ 148.177602, -19.955939 ], [ 148.848414, -20.39121 ], [ 148.717465, -20.633469 ], [ 149.28942, -21.260511 ], [ 149.678337, -22.342512 ], [ 150.077382, -22.122784 ], [ 150.482939, -22.556142 ], [ 150.727265, -22.402405 ], [ 150.899554, -23.462237 ], [ 151.609175, -24.076256 ], [ 152.07354, -24.457887 ], [ 152.855197, -25.267501 ], [ 153.136162, -26.071173 ], [ 153.161949, -26.641319 ], [ 153.092909, -27.2603 ], [ 153.569469, -28.110067 ], [ 153.512108, -28.995077 ], [ 153.339095, -29.458202 ], [ 153.069241, -30.35024 ], [ 153.089602, -30.923642 ], [ 152.891578, -31.640446 ], [ 152.450002, -32.550003 ], [ 151.709117, -33.041342 ], [ 151.343972, -33.816023 ], [ 151.010555, -34.31036 ], [ 150.714139, -35.17346 ], [ 150.32822, -35.671879 ], [ 150.075212, -36.420206 ], [ 149.946124, -37.109052 ], [ 149.997284, -37.425261 ], [ 149.423882, -37.772681 ], [ 148.304622, -37.809061 ], [ 147.381733, -38.219217 ], [ 146.922123, -38.606532 ], [ 146.317922, -39.035757 ], [ 145.489652, -38.593768 ], [ 144.876976, -38.417448 ], [ 145.032212, -37.896188 ], [ 144.485682, -38.085324 ], [ 143.609974, -38.809465 ], [ 142.745427, -38.538268 ], [ 142.17833, -38.380034 ], [ 141.606582, -38.308514 ], [ 140.638579, -38.019333 ], [ 139.992158, -37.402936 ], [ 139.806588, -36.643603 ], [ 139.574148, -36.138362 ], [ 139.082808, -35.732754 ], [ 138.120748, -35.612296 ], [ 138.449462, -35.127261 ], [ 138.207564, -34.384723 ], [ 137.71917, -35.076825 ], [ 136.829406, -35.260535 ], [ 137.352371, -34.707339 ], [ 137.503886, -34.130268 ], [ 137.890116, -33.640479 ], [ 137.810328, -32.900007 ], [ 136.996837, -33.752771 ], [ 136.372069, -34.094766 ], [ 135.989043, -34.890118 ], [ 135.208213, -34.47867 ], [ 135.239218, -33.947953 ], [ 134.613417, -33.222778 ], [ 134.085904, -32.848072 ], [ 134.273903, -32.617234 ], [ 132.990777, -32.011224 ], [ 132.288081, -31.982647 ], [ 131.326331, -31.495803 ], [ 129.535794, -31.590423 ], [ 128.240938, -31.948489 ], [ 127.102867, -32.282267 ], [ 126.148714, -32.215966 ], [ 125.088623, -32.728751 ], [ 124.221648, -32.959487 ], [ 124.028947, -33.483847 ], [ 123.659667, -33.890179 ], [ 122.811036, -33.914467 ], [ 122.183064, -34.003402 ], [ 121.299191, -33.821036 ], [ 120.580268, -33.930177 ], [ 119.893695, -33.976065 ], [ 119.298899, -34.509366 ], [ 119.007341, -34.464149 ], [ 118.505718, -34.746819 ], [ 118.024972, -35.064733 ], [ 117.295507, -35.025459 ], [ 116.625109, -35.025097 ], [ 115.564347, -34.386428 ], [ 115.026809, -34.196517 ], [ 115.048616, -33.623425 ], [ 115.545123, -33.487258 ], [ 115.714674, -33.259572 ], [ 115.679379, -32.900369 ], [ 115.801645, -32.205062 ], [ 115.689611, -31.612437 ], [ 115.160909, -30.601594 ], [ 114.997043, -30.030725 ], [ 115.040038, -29.461095 ], [ 114.641974, -28.810231 ], [ 114.616498, -28.516399 ], [ 114.173579, -28.118077 ], [ 114.048884, -27.334765 ], [ 113.477498, -26.543134 ], [ 113.338953, -26.116545 ], [ 113.778358, -26.549025 ], [ 113.440962, -25.621278 ], [ 113.936901, -25.911235 ], [ 114.232852, -26.298446 ], [ 114.216161, -25.786281 ], [ 113.721255, -24.998939 ], [ 113.625344, -24.683971 ], [ 113.393523, -24.384764 ], [ 113.502044, -23.80635 ], [ 113.706993, -23.560215 ], [ 113.843418, -23.059987 ], [ 113.736552, -22.475475 ], [ 114.149756, -21.755881 ], [ 114.225307, -22.517488 ], [ 114.647762, -21.82952 ], [ 115.460167, -21.495173 ], [ 115.947373, -21.068688 ], [ 116.711615, -20.701682 ], [ 117.166316, -20.623599 ], [ 117.441545, -20.746899 ], [ 118.229559, -20.374208 ], [ 118.836085, -20.263311 ], [ 118.987807, -20.044203 ], [ 119.252494, -19.952942 ], [ 119.805225, -19.976506 ], [ 120.85622, -19.683708 ], [ 121.399856, -19.239756 ], [ 121.655138, -18.705318 ], [ 122.241665, -18.197649 ], [ 122.286624, -17.798603 ], [ 122.312772, -17.254967 ], [ 123.012574, -16.4052 ], [ 123.433789, -17.268558 ], [ 123.859345, -17.069035 ], [ 123.503242, -16.596506 ], [ 123.817073, -16.111316 ], [ 124.258287, -16.327944 ], [ 124.379726, -15.56706 ], [ 124.926153, -15.0751 ], [ 125.167275, -14.680396 ], [ 125.670087, -14.51007 ], [ 125.685796, -14.230656 ], [ 126.125149, -14.347341 ], [ 126.142823, -14.095987 ], [ 126.582589, -13.952791 ], [ 127.065867, -13.817968 ], [ 127.804633, -14.276906 ], [ 128.35969, -14.86917 ], [ 128.985543, -14.875991 ], [ 129.621473, -14.969784 ], [ 129.4096, -14.42067 ], [ 129.888641, -13.618703 ], [ 130.339466, -13.357376 ], [ 130.183506, -13.10752 ], [ 130.617795, -12.536392 ], [ 131.223495, -12.183649 ], [ 131.735091, -12.302453 ], [ 132.575298, -12.114041 ], [ 132.557212, -11.603012 ], [ 131.824698, -11.273782 ], [ 132.357224, -11.128519 ], [ 133.019561, -11.376411 ], [ 133.550846, -11.786515 ], [ 134.393068, -12.042365 ], [ 134.678632, -11.941183 ], [ 135.298491, -12.248606 ], [ 135.882693, -11.962267 ], [ 136.258381, -12.049342 ], [ 136.492475, -11.857209 ], [ 136.95162, -12.351959 ], [ 136.685125, -12.887223 ], [ 136.305407, -13.29123 ], [ 135.961758, -13.324509 ], [ 136.077617, -13.724278 ], [ 135.783836, -14.223989 ], [ 135.428664, -14.715432 ], [ 135.500184, -14.997741 ], [ 136.295175, -15.550265 ], [ 137.06536, -15.870762 ], [ 137.580471, -16.215082 ], [ 138.303217, -16.807604 ], [ 138.585164, -16.806622 ], [ 139.108543, -17.062679 ], [ 139.260575, -17.371601 ], [ 140.215245, -17.710805 ], [ 140.875463, -17.369069 ], [ 141.07111, -16.832047 ], [ 141.274095, -16.38887 ], [ 141.398222, -15.840532 ], [ 141.702183, -15.044921 ], [ 141.56338, -14.561333 ], [ 141.63552, -14.270395 ], [ 141.519869, -13.698078 ], [ 141.65092, -12.944688 ], [ 141.842691, -12.741548 ], [ 141.68699, -12.407614 ], [ 141.928629, -11.877466 ], [ 142.118488, -11.328042 ], [ 142.143706, -11.042737 ], [ 142.51526, -10.668186 ], [ 142.79731, -11.157355 ], [ 142.866763, -11.784707 ], [ 143.115947, -11.90563 ], [ 143.158632, -12.325656 ], [ 143.522124, -12.834358 ], [ 143.597158, -13.400422 ], [ 143.561811, -13.763656 ] ] ] ] } },
{ "type": "Feature", "properties": { "name": "Austria", "iso3": "AUT", "name_with_flag": "🇦🇹 Austria", "1960": null, "1961": 10.300230208893169, "1962": 5.4291940759500168, "1963": 7.2774220434670411, "1964": 8.775664414828622, "1965": 8.2809606888136997, "1966": 8.1799808738048263, "1967": 5.5615550025740257, "1968": 6.8808436794560501, "1969": 8.8046091810751737, "1970": 11.811224296727429, "1971": 15.650583663352258, "1972": 22.808708115104736, "1973": 33.05942055603461, "1974": 19.020497339926035, "1975": 14.141607682277169, "1976": 7.4308363234055985, "1977": 19.939486274944372, "1978": 20.480362477878167, "1979": 19.3565576741894, "1980": 10.984345918678695, "1981": -13.655558794306, "1982": 0.26742165623583336, "1983": 1.350217711152113, "1984": -5.7284158706694566, "1985": 2.0134623522417572, "1986": 42.639933153646851, "1987": 25.297549799505049, "1988": 7.2339781907791556, "1989": -0.62389872730883589, "1990": 24.111606527731055, "1991": 3.3666453628953485, "1992": 11.018080751954473, "1993": -3.2099318129441334, "1994": 6.4994750800358103, "1995": 18.244642948229849, "1996": -1.8575861678369554, "1997": -10.369690524355835, "1998": 2.4112520663884141, "1999": -0.49152523609208298, "2000": -9.5699199429894577, "2001": -0.23196306504413844, "2002": 7.7950371270749441, "2003": 21.930070125120913, "2004": 14.027151729932807, "2005": 4.2145327234965668, "2006": 5.830689033094627, "2007": 15.454218074950843, "2008": 10.635179965092201, "2009": -7.2195669367755899, "2010": -2.6042036516279898, "2011": 9.6666935710769017, "2012": -5.607714275661535, "2013": 4.2589251308786436, "2014": 2.0069785664260209, "2015": -14.420244062585164, "2016": 2.610191095029224, "2017": 4.6652757095503095, "2018": 8.5454041311328055, "2019": -2.5551399239365669, "2020": -2.3445154330113738, "2021": 10.124533386846624, "2022": -2.7438756889425098, "2023": 7.3920187967084328, "2024": 1.4270413272365223 }, "geometry": { "type": "Polygon", "coordinates": [ [ [ 16.979667, 48.123497 ], [ 16.903754, 47.714866 ], [ 16.340584, 47.712902 ], [ 16.534268, 47.496171 ], [ 16.202298, 46.852386 ], [ 16.011664, 46.683611 ], [ 15.137092, 46.658703 ], [ 14.632472, 46.431817 ], [ 13.806475, 46.509306 ], [ 12.376485, 46.767559 ], [ 12.153088, 47.115393 ], [ 11.164828, 46.941579 ], [ 11.048556, 46.751359 ], [ 10.442701, 46.893546 ], [ 9.932448, 46.920728 ], [ 9.47997, 47.10281 ], [ 9.632932, 47.347601 ], [ 9.594226, 47.525058 ], [ 9.896068, 47.580197 ], [ 10.402084, 47.302488 ], [ 10.544504, 47.566399 ], [ 11.426414, 47.523766 ], [ 12.141357, 47.703083 ], [ 12.62076, 47.672388 ], [ 12.932627, 47.467646 ], [ 13.025851, 47.637584 ], [ 12.884103, 48.289146 ], [ 13.243357, 48.416115 ], [ 13.595946, 48.877172 ], [ 14.338898, 48.555305 ], [ 14.901447, 48.964402 ], [ 15.253416, 49.039074 ], [ 16.029647, 48.733899 ], [ 16.499283, 48.785808 ], [ 16.960288, 48.596982 ], [ 16.879983, 48.470013 ], [ 16.979667, 48.123497 ] ] ] } },
{ "type": "Feature", "properties": { "name": "Azerbaijan", "iso3": "AZE", "name_with_flag": "🇦🇿 Azerbaijan", "1960": null, "1961": null, "1962": null, "1963": null, "1964": null, "1965": null, "1966": null, "1967": null, "1968": null, "1969": null, "1970": null, "1971": null, "1972": null, "1973": null, "1974": null, "1975": null, "1976": null, "1977": null, "1978": null, "1979": null, "1980": null, "1981": null, "1982": null, "1983": null, "1984": null, "1985": null, "1986": null, "1987": null, "1988": null, "1989": null, "1990": null, "1991": -40.647588214698729, "1992": -91.804123652940788, "1993": 247.85512615884241, "1994": -25.040407377721241, "1995": 100.27435976669419, "1996": 30.082693477826218, "1997": 23.542048804004988, "1998": 11.155053629601319, "1999": 2.1332222166090542, "2000": 14.149614306510095, "2001": 7.4147386568815143, "2002": 8.4468305498378591, "2003": 15.801635388948053, "2004": 18.25533625384692, "2005": 51.037965510708119, "2006": 56.678183198481612, "2007": 55.737837374541385, "2008": 44.741372063122917, "2009": -11.195123957158248, "2010": 18.041660679125691, "2011": 23.03888327045318, "2012": 4.2566662327197413, "2013": 5.0625254861515812, "2014": 0.19675218398753636, "2015": -30.292548693533206, "2016": -29.448547310665241, "2017": 6.8676766859927074, "2018": 14.289073000181807, "2019": 1.391609022919682, "2020": -11.982367437976659, "2021": 27.852472556865582, "2022": 43.685818404539908, "2023": -8.2048531237391984, "2024": 2.1142106973534913 }, "geometry": { "type": "MultiPolygon", "coordinates": [ [ [ [ 45.001987, 39.740004 ], [ 45.298145, 39.471751 ], [ 45.739978, 39.473999 ], [ 45.735379, 39.319719 ], [ 46.143623, 38.741201 ], [ 45.457722, 38.874139 ], [ 44.952688, 39.335765 ], [ 44.79399, 39.713003 ], [ 45.001987, 39.740004 ] ] ], [ [ [ 47.373315, 41.219732 ], [ 47.815666, 41.151416 ], [ 47.987283, 41.405819 ], [ 48.584353, 41.80887 ], [ 49.110264, 41.282287 ], [ 49.618915, 40.572924 ], [ 50.08483, 40.526157 ], [ 50.392821, 40.256561 ], [ 49.569202, 40.176101 ], [ 49.395259, 39.399482 ], [ 49.223228, 39.049219 ], [ 48.856532, 38.815486 ], [ 48.883249, 38.320245 ], [ 48.634375, 38.270378 ], [ 48.010744, 38.794015 ], [ 48.355529, 39.288765 ], [ 48.060095, 39.582235 ], [ 47.685079, 39.508364 ], [ 46.50572, 38.770605 ], [ 46.483499, 39.464155 ], [ 46.034534, 39.628021 ], [ 45.610012, 39.899994 ], [ 45.891907, 40.218476 ], [ 45.359175, 40.561504 ], [ 45.560351, 40.81229 ], [ 45.179496, 40.985354 ], [ 44.97248, 41.248129 ], [ 45.217426, 41.411452 ], [ 45.962601, 41.123873 ], [ 46.501637, 41.064445 ], [ 46.637908, 41.181673 ], [ 46.145432, 41.722802 ], [ 46.404951, 41.860675 ], [ 46.686071, 41.827137 ], [ 47.373315, 41.219732 ] ] ] ] } },
{ "type": "Feature", "properties": { "name": "Burundi", "iso3": "BDI", "name_with_flag": "🇧🇮 Burundi", "1960": null, "1961": 0.98276415359037639, "1962": 2.5385740886747055, "1963": 6.7442487875983614, "1964": 8.8840422146213793, "1965": -40.687809151074852, "1966": 1.5797621349288526, "1967": 5.0673469820916806, "1968": 0.3273636080401543, "1969": 1.5939864970520246, "1970": 24.874325992790112, "1971": 1.6637895785799328, "1972": -2.3835921613389432, "1973": 23.487322797005874, "1974": 10.640991392427889, "1975": 18.944501137226098, "1976": 4.1550358049505798, "1977": 19.010743221380388, "1978": 8.2759912493251875, "1979": 25.082804923487512, "1980": 12.706513116998508, "1981": 1.1556381953162109, "1982": 1.9817429018771149, "1983": 4.0535425314232487, "1984": -11.026981534313052, "1985": 14.006104073957149, "1986": 2.5567713067558007, "1987": -7.9703065252404892, "1988": -6.4319926060767081, "1989": 0.91134119353744047, "1990": -0.46640285905718004, "1991": 1.006177661239871, "1992": -9.673843954732753, "1993": -10.561453384435747, "1994": -2.0874864198979104, "1995": 1.8671191342558791, "1996": -13.193784294860556, "1997": 11.960038149666374, "1998": -9.8711988091253247, "1999": -11.728582583909841, "2000": 5.5081443506505678, "2001": -1.7677605244195704, "2002": -8.4800875769507229, "2003": -7.8920575254018406, "2004": 12.37653077271148, "2005": 17.604265536721918, "2006": 9.9556316417690027, "2007": 2.6375419020742363, "2008": 14.046066509740029, "2009": 5.0635638098815994, "2010": 8.8549883769484481, "2011": 6.1565142529960593, "2012": 0.70322726312361805, "2013": 1.3615475279793232, "2014": 6.6842242217812542, "2015": 12.144285053264149, "2016": -16.258369610646707, "2017": 0.59853368644695593, "2018": -4.9832512229413979, "2019": -6.5197587752969133, "2020": -0.10861797307984977, "2021": 1.9443605926515506, "2022": 17.068766187600669, "2023": -23.364694076891269, "2024": -19.85902665844047 }, "geometry": { "type": "Polygon", "coordinates": [ [ [ 29.339998, -4.499983 ], [ 29.276384, -3.293907 ], [ 29.024926, -2.839258 ], [ 29.632176, -2.917858 ], [ 29.938359, -2.348487 ], [ 30.469696, -2.413858 ], [ 30.527677, -2.807632 ], [ 30.743013, -3.034285 ], [ 30.752263, -3.35933 ], [ 30.50556, -3.568567 ], [ 30.116333, -4.090138 ], [ 29.753512, -4.452389 ], [ 29.339998, -4.499983 ] ] ] } },
{ "type": "Feature", "properties": { "name": "Belgium", "iso3": "BEL", "name_with_flag": "🇧🇪 Belgium", "1960": null, "1961": 6.0066354114482801, "1962": 6.5416761916980315, "1963": 6.7083029125781124, "1964": 10.867750340269854, "1965": 7.8590229864363259, "1966": 6.6480531099313955, "1967": 6.5901208769522102, "1968": 6.5045127525028335, "1969": 10.606749100128731, "1970": 11.07517887363092, "1971": 11.462382014603566, "1972": 24.285481656567054, "1973": 27.907960072206173, "1974": 16.993314872969179, "1975": 16.87501369375255, "1976": 8.0829649119941838, "1977": 16.345324868226353, "1978": 22.105532013129302, "1979": 14.780191316857838, "1980": 8.9189818869198856, "1981": -17.422260851843674, "1982": -12.039585462687075, "1983": -5.3257084605843659, "1984": -4.3969612626389658, "1985": 3.4709752778793401, "1986": 39.073169885520606, "1987": 24.369775660122773, "1988": 8.2931670463257667, "1989": 0.817321387463954, "1990": 24.661411854354576, "1991": 2.1421229807997433, "1992": 11.077825831358968, "1993": -4.6579424483585647, "1994": 8.6367990374103023, "1995": 17.371014839692101, "1996": -3.2528926143784442, "1997": -9.7077493959860881, "1998": 2.0849544124811548, "1999": -0.33798993032841951, "2000": -8.5294115357098406, "2001": -0.36285404695097778, "2002": 8.6513750537132506, "2003": 22.590476818658843, "2004": 15.573857231602318, "2005": 3.89589787974709, "2006": 5.1492008534025357, "2007": 14.504697487337426, "2008": 8.9898635660786255, "2009": -6.9975572853833938, "2010": -1.6159669831492751, "2011": 8.0625482873613699, "2012": -6.0439882783378973, "2013": 4.6584119922869371, "2014": 2.1956625528333662, "2015": -14.797080808554529, "2016": 2.3493663715856927, "2017": 5.2103633059883636, "2018": 7.8389024875337387, "2019": -1.6227259757366719, "2020": -1.7345756577136218, "2021": 12.529766656351505, "2022": -1.6183022663934676, "2023": 7.6105294011121982, "2024": 2.3121487892884263 }, "geometry": { "type": "Polygon", "coordinates": [ [ [ 3.314971, 51.345781 ], [ 4.047071, 51.267259 ], [ 4.973991, 51.475024 ], [ 5.606976, 51.037298 ], [ 6.156658, 50.803721 ], [ 6.043073, 50.128052 ], [ 5.782417, 50.090328 ], [ 5.674052, 49.529484 ], [ 4.799222, 49.985373 ], [ 4.286023, 49.907497 ], [ 3.588184, 50.378992 ], [ 3.123252, 50.780363 ], [ 2.658422, 50.796848 ], [ 2.513573, 51.148506 ], [ 3.314971, 51.345781 ] ] ] } },
{ "type": "Feature", "properties": { "name": "Benin", "iso3": "BEN", "name_with_flag": "🇧🇯 Benin", "1960": null, "1961": 2.4805249950148989, "1962": -1.4247434851975105, "1963": 5.4452635522776127, "1964": 4.250340905937855, "1965": 5.3444515932993486, "1966": 2.3965688346648584, "1967": -0.97640023880608551, "1968": 4.3394459123277773, "1969": -0.80630103379294438, "1970": -1.3289380350213209, "1971": -1.8001917428893899, "1972": 19.681919238656032, "1973": 20.075730377167034, "1974": 7.3804864666268788, "1975": 19.102662919563397, "1976": 0.64674863945097805, "1977": 4.6966934763750912, "1978": 20.670185803150254, "1979": 24.358586119938952, "1980": 15.242702622374971, "1981": -10.694006039732539, "1982": -4.6022162981173675, "1983": -16.072068477726596, "1984": -6.8008825952919461, "1985": -3.4120753020688843, "1986": 24.014427426534148, "1987": 13.466075947179013, "1988": 0.59397692209530728, "1989": -10.073527671064086, "1990": 26.516820476775216, "1991": -1.7279117742560302, "1992": -17.251945626312803, "1993": 28.344707338627263, "1994": -32.32042282724835, "1995": 32.924691896172156, "1996": 6.0152197253767081, "1997": -6.7255739945532245, "1998": 4.9489093701071241, "1999": 45.223373170070126, "2000": -7.1803958976074949, "2001": 1.0211554377865362, "2002": 10.979318747604804, "2003": 23.704962962902076, "2004": 12.23262923619972, "2005": 2.7338986011760325, "2006": 3.8116313580014438, "2007": 12.753080149261509, "2008": 16.251022939087314, "2009": -3.4414179572939685, "2010": -4.9661542487029919, "2011": 8.8538240177355121, "2012": 1.1432974084526037, "2013": 9.0899493819438959, "2014": 3.0345944723157769, "2015": -16.77021374101566, "2016": 0.80954455824497895, "2017": 4.397693598996355, "2018": 9.1724423805533704, "2019": -1.8163473808650465, "2020": 6.1347367296186839, "2021": 9.869845081639772, "2022": -3.9604450495336785, "2023": 10.087492270902732, "2024": 6.5416577518367047 }, "geometry": { "type": "Polygon", "coordinates": [ [ [ 2.691702, 6.258817 ], [ 1.865241, 6.142158 ], [ 1.618951, 6.832038 ], [ 1.664478, 9.12859 ], [ 1.463043, 9.334624 ], [ 1.425061, 9.825395 ], [ 1.077795, 10.175607 ], [ 0.772336, 10.470808 ], [ 0.899563, 10.997339 ], [ 1.24347, 11.110511 ], [ 1.447178, 11.547719 ], [ 1.935986, 11.64115 ], [ 2.154474, 11.94015 ], [ 2.490164, 12.233052 ], [ 2.848643, 12.235636 ], [ 3.61118, 11.660167 ], [ 3.572216, 11.327939 ], [ 3.797112, 10.734746 ], [ 3.60007, 10.332186 ], [ 3.705438, 10.06321 ], [ 3.220352, 9.444153 ], [ 2.912308, 9.137608 ], [ 2.723793, 8.506845 ], [ 2.749063, 7.870734 ], [ 2.691702, 6.258817 ] ] ] } },
{ "type": "Feature", "properties": { "name": "Burkina Faso", "iso3": "BFA", "name_with_flag": "🇧🇫 Burkina Faso", "1960": null, "1961": 4.4716154950183551, "1962": 6.7973249365705257, "1963": 2.2757992334519583, "1964": 2.5421952557639127, "1965": 1.4333933737090465, "1966": 0.92775395261004423, "1967": 2.1622642545730208, "1968": 0.40954172251634891, "1969": 2.0968287297838728, "1970": -5.818621355654896, "1971": 3.4358806422272181, "1972": 17.888724006493973, "1973": 14.557429094423258, "1974": 9.2290004503589707, "1975": 22.643594332204131, "1976": 1.6899066612069413, "1977": 13.170650568177123, "1978": 27.23016323009173, "1979": 15.464871536627168, "1980": 7.3871081662136406, "1981": -10.406993649653472, "1982": -3.8955286343580364, "1983": -11.335370080524399, "1984": -11.368848447651658, "1985": 3.3173232360909299, "1986": 27.514696810988902, "1987": 13.238128241872339, "1988": 7.4624455084547847, "1989": -2.6369115150619349, "1990": 15.486631903198035, "1991": -1.4435304248981651, "1992": 4.4609285745651484, "1993": -7.0227762006560779, "1994": -42.238587825867683, "1995": 22.370894861650491, "1996": 5.954315000343624, "1997": -7.7777638391379744, "1998": 11.470770750914049, "1999": 17.354596653809629, "2000": -15.000986204397382, "2001": 4.2492302652245906, "2002": 10.084915016039343, "2003": 26.857593039862437, "2004": 11.435408962401894, "2005": 9.2496590298346106, "2006": 3.2526459070947089, "2007": 12.989905972560422, "2008": 20.352874822510071, "2009": -2.884554394125427, "2010": 3.8877853264219331, "2011": 16.011897636915485, "2012": 0.88898633940166505, "2013": 3.8678169890099978, "2014": 0.67121144520374543, "2015": -17.615855093694023, "2016": 5.3350727852599311, "2017": 6.8323454180214016, "2018": 9.6424903074159083, "2019": -1.6222634723330631, "2020": 7.8948444821838715, "2021": 8.5185524106178292, "2022": -6.6348009526920215, "2023": 5.5699660247377158, "2024": 11.853718805872537 }, "geometry": { "type": "Polygon", "coordinates": [ [ [ -2.827496, 9.642461 ], [ -3.511899, 9.900326 ], [ -3.980449, 9.862344 ], [ -4.330247, 9.610835 ], [ -4.779884, 9.821985 ], [ -4.954653, 10.152714 ], [ -5.404342, 10.370737 ], [ -5.470565, 10.95127 ], [ -5.197843, 11.375146 ], [ -5.220942, 11.713859 ], [ -4.427166, 12.542646 ], [ -4.280405, 13.228444 ], [ -4.006391, 13.472485 ], [ -3.522803, 13.337662 ], [ -3.103707, 13.541267 ], [ -2.967694, 13.79815 ], [ -2.191825, 14.246418 ], [ -2.001035, 14.559008 ], [ -1.066363, 14.973815 ], [ -0.515854, 15.116158 ], [ -0.266257, 14.924309 ], [ 0.374892, 14.928908 ], [ 0.295646, 14.444235 ], [ 0.429928, 13.988733 ], [ 0.993046, 13.33575 ], [ 1.024103, 12.851826 ], [ 2.177108, 12.625018 ], [ 2.154474, 11.94015 ], [ 1.935986, 11.64115 ], [ 1.447178, 11.547719 ], [ 1.24347, 11.110511 ], [ 0.899563, 10.997339 ], [ 0.023803, 11.018682 ], [ -0.438702, 11.098341 ], [ -0.761576, 10.93693 ], [ -1.203358, 11.009819 ], [ -2.940409, 10.96269 ], [ -2.963896, 10.395335 ], [ -2.827496, 9.642461 ] ] ] } },
{ "type": "Feature", "properties": { "name": "Bangladesh", "iso3": "BGD", "name_with_flag": "🇧🇩 Bangladesh", "1960": null, "1961": 9.5625352386658378, "1962": 2.4575384289418301, "1963": 1.6772468173074095, "1964": -1.6613947912713867, "1965": 6.5089220603889109, "1966": 5.9002666838166462, "1967": 9.3733331022370248, "1968": 0.1795692029624707, "1969": 10.020842973006427, "1970": 3.4460108083912644, "1971": -4.365134408994642, "1972": -29.518210930465415, "1973": 24.970971129724461, "1974": 50.409149787969774, "1975": 51.40900322810711, "1976": -49.283071778148823, "1977": -6.9500838664858229, "1978": 34.300829763745, "1979": 14.404900581350555, "1980": 13.771827020972061, "1981": 8.8150504001261112, "1982": -10.990588080788378, "1983": -7.4596564567507517, "1984": 4.7254618581713981, "1985": 14.881048568572265, "1986": -4.5320755861673279, "1987": 9.1212266982636958, "1988": 7.0850586971128671, "1989": 6.0928461238730636, "1990": 7.6226540489710226, "1991": -3.8822269840625867, "1992": 0.51462859590492016, "1993": 2.6665935298021637, "1994": -0.054938081106414849, "1995": 10.283441646354397, "1996": 20.183391426536822, "1997": 1.9808079379815435, "1998": 1.6694478866698503, "1999": 0.64281483325414612, "2000": 2.2095185102830595, "2001": -0.50780662076393979, "2002": -0.19510330295806622, "2003": 8.3431119615131841, "2004": 6.7639812592159121, "2005": 5.3711766838741015, "2006": 2.1459028135444091, "2007": 9.699964861681277, "2008": 13.961479946676958, "2009": 10.790006876704661, "2010": 11.509493807358794, "2011": 10.556273855226927, "2012": 2.6684110645531556, "2013": 11.467335742928331, "2014": 14.213113589909643, "2015": 11.871081865431488, "2016": 34.702876909904788, "2017": 9.810222307291605, "2018": 8.5121210515920929, "2019": 8.373274008931153, "2020": 5.5898148341035458, "2021": 10.405243041045553, "2022": 9.410025844507409, "2023": -6.0912588516512933, "2024": 1.6620164961966832 }, "geometry": { "type": "Polygon", "coordinates": [ [ [ 92.672721, 22.041239 ], [ 92.652257, 21.324048 ], [ 92.303234, 21.475485 ], [ 92.368554, 20.670883 ], [ 92.082886, 21.192195 ], [ 92.025215, 21.70157 ], [ 91.834891, 22.182936 ], [ 91.417087, 22.765019 ], [ 90.496006, 22.805017 ], [ 90.586957, 22.392794 ], [ 90.272971, 21.836368 ], [ 89.847467, 22.039146 ], [ 89.70205, 21.857116 ], [ 89.418863, 21.966179 ], [ 89.031961, 22.055708 ], [ 88.876312, 22.879146 ], [ 88.52977, 23.631142 ], [ 88.69994, 24.233715 ], [ 88.084422, 24.501657 ], [ 88.306373, 24.866079 ], [ 88.931554, 25.238692 ], [ 88.209789, 25.768066 ], [ 88.563049, 26.446526 ], [ 89.355094, 26.014407 ], [ 89.832481, 25.965082 ], [ 89.920693, 25.26975 ], [ 90.872211, 25.132601 ], [ 91.799596, 25.147432 ], [ 92.376202, 24.976693 ], [ 91.915093, 24.130414 ], [ 91.46773, 24.072639 ], [ 91.158963, 23.503527 ], [ 91.706475, 22.985264 ], [ 91.869928, 23.624346 ], [ 92.146035, 23.627499 ], [ 92.672721, 22.041239 ] ] ] } },
{ "type": "Feature", "properties": { "name": "Bulgaria", "iso3": "BGR", "name_with_flag": "🇧🇬 Bulgaria", "1960": null, "1961": null, "1962": null, "1963": null, "1964": null, "1965": null, "1966": null, "1967": null, "1968": null, "1969": null, "1970": null, "1971": null, "1972": null, "1973": null, "1974": null, "1975": null, "1976": null, "1977": null, "1978": null, "1979": null, "1980": null, "1981": -0.17813725502170419, "1982": -2.9447990218772979, "1983": -14.577685190082857, "1984": 5.9778950053279045, "1985": -2.4965732203048208, "1986": 18.065682158002705, "1987": 38.571206712859137, "1988": -19.822750953175351, "1989": -1.3686525278433725, "1990": -4.46064061603143, "1991": -62.656858562676355, "1992": 13.986969665164084, "1993": 26.920339170899798, "1994": -10.060848413315171, "1995": 96.47532450282587, "1996": -34.925900672266685, "1997": -7.3992488237544567, "1998": 33.717945928754276, "1999": -8.7637600044050963, "2000": -2.3870547535785436, "2001": 9.2301510727283098, "2002": 18.187054888993416, "2003": 29.933903733830181, "2004": 24.644032094710422, "2005": 15.049721831840014, "2006": 15.98329259851543, "2007": 30.187486491674754, "2008": 23.481632779965356, "2009": -3.8924276775483047, "2010": -1.9221502182372618, "2011": 14.526409449133837, "2012": -5.3203188619571744, "2013": 4.8980770765821635, "2014": 3.5097460904166322, "2015": -9.925468379011015, "2016": 7.6196327895307059, "2017": 11.175329588650552, "2018": 13.518888998751709, "2019": 5.0688800352914454, "2020": 3.8286958782722369, "2021": 20.448286784656801, "2022": 7.9204237606241845, "2023": 13.45881493246932, "2024": 9.6232872585223959 }, "geometry": { "type": "Polygon", "coordinates": [ [ [ 22.65715, 44.234923 ], [ 22.944832, 43.823785 ], [ 23.332302, 43.897011 ], [ 24.100679, 43.741051 ], [ 25.569272, 43.688445 ], [ 26.065159, 43.943494 ], [ 27.2424, 44.175986 ], [ 27.970107, 43.812468 ], [ 28.558081, 43.707462 ], [ 28.039095, 43.293172 ], [ 27.673898, 42.577892 ], [ 27.99672, 42.007359 ], [ 27.135739, 42.141485 ], [ 26.117042, 41.826905 ], [ 26.106138, 41.328899 ], [ 25.197201, 41.234486 ], [ 24.492645, 41.583896 ], [ 23.692074, 41.309081 ], [ 22.952377, 41.337994 ], [ 22.881374, 41.999297 ], [ 22.380526, 42.32026 ], [ 22.545012, 42.461362 ], [ 22.436595, 42.580321 ], [ 22.604801, 42.898519 ], [ 22.986019, 43.211161 ], [ 22.500157, 43.642814 ], [ 22.410446, 44.008063 ], [ 22.65715, 44.234923 ] ] ] } },
{ "type": "Feature", "properties": { "name": "The Bahamas", "iso3": "BHS", "name_with_flag": "🇧🇸 The Bahamas", "1960": null, "1961": 6.5645045280591008, "1962": 6.1845098153274769, "1963": 6.5417323821646445, "1964": 7.0602735271647399, "1965": 7.7559812721455401, "1966": 10.333274565781082, "1967": 9.5348433554508283, "1968": 8.7765796038615562, "1969": 13.444924195995412, "1970": -3.6418073856430699, "1971": 3.0119520943490574, "1972": 0.31975706866067544, "1973": 10.860665630808031, "1974": -7.8276788464681113, "1975": -7.7652813702071777, "1976": 5.3816144946075894, "1977": 8.6828039213619803, "1978": 14.344029898209666, "1979": 34.248141826008947, "1980": 14.987694837608379, "1981": 4.9842162356113828, "1982": 8.8021118282243904, "1983": 7.9566391765123479, "1984": 15.820632151924464, "1985": 11.771283756761974, "1986": 4.7283266944182056, "1987": 7.9239768086552864, "1988": 2.0696952658511902, "1989": 6.7671427802520556, "1990": 1.6102800424818486, "1991": -3.4074586473573309, "1992": -1.8854128711428997, "1993": -2.3942718731064905, "1994": 3.5632379291550276, "1995": 3.4879703197376877, "1996": 3.5974128571868436, "1997": 72.843888343566789, "1998": 6.3820835906353901, "1999": 10.954886828878752, "2000": 3.739364836158976, "2001": 1.7315353490966467, "2002": 5.5561251092457908, "2003": -1.3161818457744667, "2004": 0.83683680982762354, "2005": 7.3249653673715054, "2006": 2.0360807187136176, "2007": 2.9709398412887777, "2008": -2.1944290949968526, "2009": -6.3944096752383324, "2010": -0.1447053765952333, "2011": -1.3914073925912041, "2012": 5.3936559859440347, "2013": -3.1846508809754814, "2014": 5.4063941581710129, "2015": 5.4301267812260967, "2016": -0.33486683854252464, "2017": 4.1119996274258996, "2018": 2.4057581210179757, "2019": 3.0573843935749911, "2020": -22.180465161315045, "2021": 16.001933679812751, "2022": 15.112361112012218, "2023": 9.3675030577607963, "2024": 3.2006679969295515 }, "geometry": { "type": "MultiPolygon", "coordinates": [ [ [ [ -77.53466, 23.75975 ], [ -77.78, 23.71 ], [ -78.03405, 24.28615 ], [ -78.40848, 24.57564 ], [ -78.19087, 25.2103 ], [ -77.89, 25.17 ], [ -77.54, 24.34 ], [ -77.53466, 23.75975 ] ] ], [ [ [ -77.82, 26.58 ], [ -78.91, 26.42 ], [ -78.98, 26.79 ], [ -78.51, 26.87 ], [ -77.85, 26.84 ], [ -77.82, 26.58 ] ] ], [ [ [ -77.0, 26.59 ], [ -77.17255, 25.87918 ], [ -77.35641, 26.00735 ], [ -77.34, 26.53 ], [ -77.78802, 26.92516 ], [ -77.79, 27.04 ], [ -77.0, 26.59 ] ] ] ] } },
{ "type": "Feature", "properties": { "name": "Bosnia and Herzegovina", "iso3": "BIH", "name_with_flag": "🇧🇦 Bosnia and Herzegovina", "1960": null, "1961": null, "1962": null, "1963": null, "1964": null, "1965": null, "1966": null, "1967": null, "1968": null, "1969": null, "1970": null, "1971": null, "1972": null, "1973": null, "1974": null, "1975": null, "1976": null, "1977": null, "1978": null, "1979": null, "1980": null, "1981": null, "1982": null, "1983": null, "1984": null, "1985": null, "1986": null, "1987": null, "1988": null, "1989": null, "1990": null, "1991": -21.201173985186529, "1992": -18.581675095615623, "1993": -16.840249768867533, "1994": -63.74868229317844, "1995": 49.029827533721338, "1996": 43.109570386454308, "1997": 27.106752066490625, "1998": 10.16524793130098, "1999": 12.704636368285648, "2000": 17.969071072434083, "2001": 3.6917274024823143, "2002": 15.754310203159294, "2003": 26.603663681662603, "2004": 20.58751565840058, "2005": 11.698382123406081, "2006": 15.568557755242573, "2007": 24.17339652616899, "2008": 23.151623192541003, "2009": -6.2328295940727312, "2010": -0.73658483629488458, "2011": 10.567353086615539, "2012": -5.7981642175654047, "2013": 7.2601723182087241, "2014": 3.4064389442785226, "2015": -10.445637625181048, "2016": 5.711988485172026, "2017": 8.4497861110745642, "2018": 13.149174498878002, "2019": 1.2323313856936302, "2020": 0.12962268590372972, "2021": 19.004458802554346, "2022": 4.9380864676763281, "2023": 13.159383739108588, "2024": 3.3977712421241701 }, "geometry": { "type": "Polygon", "coordinates": [ [ [ 19.005486, 44.860234 ], [ 19.36803, 44.863 ], [ 19.11761, 44.42307 ], [ 19.59976, 44.03847 ], [ 19.454, 43.5681 ], [ 19.21852, 43.52384 ], [ 19.03165, 43.43253 ], [ 18.70648, 43.20011 ], [ 18.56, 42.65 ], [ 17.674922, 43.028563 ], [ 17.297373, 43.446341 ], [ 16.916156, 43.667722 ], [ 16.456443, 44.04124 ], [ 16.23966, 44.351143 ], [ 15.750026, 44.818712 ], [ 15.959367, 45.233777 ], [ 16.318157, 45.004127 ], [ 16.534939, 45.211608 ], [ 17.002146, 45.233777 ], [ 17.861783, 45.06774 ], [ 18.553214, 45.08159 ], [ 19.005486, 44.860234 ] ] ] } },
{ "type": "Feature", "properties": { "name": "Belarus", "iso3": "BLR", "name_with_flag": "🇧🇾 Belarus", "1960": null, "1961": null, "1962": null, "1963": null, "1964": null, "1965": null, "1966": null, "1967": null, "1968": null, "1969": null, "1970": null, "1971": null, "1972": null, "1973": null, "1974": null, "1975": null, "1976": null, "1977": null, "1978": null, "1979": null, "1980": null, "1981": null, "1982": null, "1983": null, "1984": null, "1985": null, "1986": null, "1987": null, "1988": null, "1989": null, "1990": null, "1991": 5.7900291386402181, "1992": -8.1624541721864183, "1993": -4.1358700515238151, "1994": -8.1473026649656397, "1995": -6.116953128524516, "1996": 5.9682786933122234, "1997": -3.8450701763038442, "1998": 8.2054927171093972, "1999": -19.895477499468583, "2000": 5.4265342352992185, "2001": -2.5000146087072017, "2002": 18.885610918495544, "2003": 22.992450570497212, "2004": 30.711861794179775, "2005": 31.439394857547121, "2006": 23.10093274417855, "2007": 23.056290048303296, "2008": 34.646841363751356, "2009": -16.054883824154352, "2010": 12.745301776507855, "2011": 8.1691255361778339, "2012": 6.5192828179164497, "2013": 15.02706517692609, "2014": 4.2915034561438414, "2015": -28.463872446826976, "2016": -15.539997425396701, "2017": 14.79766893693688, "2018": 9.9297921106525244, "2019": 7.5115263702561608, "2020": -4.3130647886271634, "2021": 14.471710463263253, "2022": 6.7416296549136723, "2023": -1.2244964012071757, "2024": 5.3172972867469692 }, "geometry": { "type": "Polygon", "coordinates": [ [ [ 23.484128, 53.912498 ], [ 24.450684, 53.905702 ], [ 25.536354, 54.282423 ], [ 25.768433, 54.846963 ], [ 26.588279, 55.167176 ], [ 26.494331, 55.615107 ], [ 27.10246, 55.783314 ], [ 28.176709, 56.16913 ], [ 29.229513, 55.918344 ], [ 29.371572, 55.670091 ], [ 29.896294, 55.789463 ], [ 30.873909, 55.550976 ], [ 30.971836, 55.081548 ], [ 30.757534, 54.811771 ], [ 31.384472, 54.157056 ], [ 31.791424, 53.974639 ], [ 31.731273, 53.794029 ], [ 32.405599, 53.618045 ], [ 32.693643, 53.351421 ], [ 32.304519, 53.132726 ], [ 31.497644, 53.167427 ], [ 31.305201, 53.073996 ], [ 31.540018, 52.742052 ], [ 31.785998, 52.101678 ], [ 30.927549, 52.042353 ], [ 30.619454, 51.822806 ], [ 30.555117, 51.319503 ], [ 30.157364, 51.416138 ], [ 29.254938, 51.368234 ], [ 28.992835, 51.602044 ], [ 28.617613, 51.427714 ], [ 28.241615, 51.572227 ], [ 27.454066, 51.592303 ], [ 26.337959, 51.832289 ], [ 25.327788, 51.910656 ], [ 24.553106, 51.888461 ], [ 24.005078, 51.617444 ], [ 23.527071, 51.578454 ], [ 23.508002, 52.023647 ], [ 23.199494, 52.486977 ], [ 23.799199, 52.691099 ], [ 23.804935, 53.089731 ], [ 23.527536, 53.470122 ], [ 23.484128, 53.912498 ] ] ] } },
{ "type": "Feature", "properties": { "name": "Belize", "iso3": "BLZ", "name_with_flag": "🇧🇿 Belize", "1960": null, "1961": 4.1035696257345489, "1962": 3.6482006992146543, "1963": 3.083401152453269, "1964": 4.1829370002079092, "1965": 7.5655104098641734, "1966": 7.5019839030603386, "1967": 3.4789761238389394, "1968": -7.9719374865677377, "1969": 2.3644753191008672, "1970": 10.018846433855444, "1971": 8.8854930479707726, "1972": 10.043143997337678, "1973": 16.852693779494189, "1974": 30.103482738940745, "1975": 12.638072988743577, "1976": -19.525667521134437, "1977": 18.684882386119781, "1978": 13.491848746185454, "1979": 9.0412101544844923, "1980": 65.609607406248486, "1981": -1.2340223190034139, "1982": -7.0295355662663201, "1983": 2.9418504122569411, "1984": 8.1641179945780564, "1985": -3.317048251517396, "1986": 5.9914702948512089, "1987": 16.502168833132735, "1988": 11.077034088262261, "1989": 13.97138825921871, "1990": 8.9977703206658646, "1991": 6.816314369342269, "1992": 14.197847958810295, "1993": 5.9550502819563977, "1994": 0.42206778655105026, "1995": 3.4304040074580877, "1996": 0.8378413288245401, "1997": -0.71841893551785052, "1998": 2.7711735016259009, "1999": 3.9703728192480137, "2000": 10.201684376392596, "2001": -0.16606964835257365, "2002": 2.9634123318332817, "2003": 2.0640020537426196, "2004": 3.9098155443743954, "2005": 2.2622920815193348, "2006": 4.8252594508950031, "2007": 4.3080697232538379, "2008": -0.90196336211606498, "2009": -5.4618637154635437, "2010": 0.92403663054594354, "2011": 2.4046852440901656, "2012": 2.2834542974005556, "2013": 4.2123801072029288, "2014": 2.9904842950767341, "2015": 0.43003321041890086, "2016": -0.19493396790146722, "2017": -1.1382347558887562, "2018": -0.68012710250671127, "2019": 2.6323846719127353, "2020": -15.554876100048777, "2021": 17.129993835571831, "2022": 15.448361922712417, "2023": 5.5393064066788789, "2024": 12.99841402203079 }, "geometry": { "type": "Polygon", "coordinates": [ [ [ -89.14308, 17.808319 ], [ -89.150909, 17.955468 ], [ -89.029857, 18.001511 ], [ -88.848344, 17.883198 ], [ -88.490123, 18.486831 ], [ -88.300031, 18.499982 ], [ -88.296336, 18.353273 ], [ -88.106813, 18.348674 ], [ -88.123479, 18.076675 ], [ -88.285355, 17.644143 ], [ -88.197867, 17.489475 ], [ -88.302641, 17.131694 ], [ -88.239518, 17.036066 ], [ -88.355428, 16.530774 ], [ -88.551825, 16.265467 ], [ -88.732434, 16.233635 ], [ -88.930613, 15.887273 ], [ -89.229122, 15.886938 ], [ -89.150806, 17.015577 ], [ -89.14308, 17.808319 ] ] ] } },
{ "type": "Feature", "properties": { "name": "Bermuda", "iso3": "BMU", "name_with_flag": "🇧🇲 Bermuda", "1960": null, "1961": 3.4209865830273412, "1962": 2.8290360426365346, "1963": -0.13109268317746947, "1964": 9.0487824856148258, "1965": 3.9369189115246117, "1966": 14.752607681717755, "1967": 14.897379924167286, "1968": 9.3111281027340667, "1969": 8.0006185111552774, "1970": 11.204566113953485, "1971": 12.271513781369592, "1972": 11.09721284389722, "1973": 14.176770124807113, "1974": 15.752093632715724, "1975": 10.213040660206008, "1976": 11.800564348534227, "1977": 15.470126969674581, "1978": 6.2258078819336538, "1979": 8.5264559014741828, "1980": 18.236159746247193, "1981": 19.788883704561755, "1982": 5.515804363003185, "1983": 12.421086538888737, "1984": 10.040042316761543, "1985": 4.7404096506720395, "1986": 12.200002891502848, "1987": 9.7431496628003664, "1988": 8.3122441764708519, "1989": 5.3069373147022869, "1990": 5.2616576902231316, "1991": 1.9164043962893729, "1992": 2.0082995568555306, "1993": 7.607674106596618, "1994": 1.9159355247404752, "1995": 8.154823231689301, "1996": 32.091923797324618, "1997": 8.150837156906853, "1998": 5.9351701260829115, "1999": 5.3439834269699116, "2000": 3.9615387147578618, "2001": 5.2124763490606796, "2002": 6.5024453145700933, "2003": 5.9159119084485123, "2004": 6.8329228929929098, "2005": 8.279768266716637, "2006": 25.961412765057123, "2007": 9.8323301650200534, "2008": 2.6750719211413365, "2009": -5.0393782778136664, "2010": -0.57289501020382216, "2011": -4.8628551932111357, "2012": 1.1756566878455166, "2013": 1.4877378549719156, "2014": -0.73038217113167159, "2015": 3.8567050459626717, "2016": 3.7117693067360236, "2017": 3.3031326650331705, "2018": 0.77034088111720411, "2019": 2.290731630420928, "2020": -7.617999818358367, "2021": 5.4110322653916354, "2022": 7.8471617093528012, "2023": 9.0372033864426058, "2024": 4.7739878120757862 }, "geometry": { "type": "Polygon", "coordinates": [ [ [ -64.779973433299801, 32.3072000581802 ], [ -64.787331918306094, 32.303923714342801 ], [ -64.794694271017306, 32.303268270038799 ], [ -64.809429798128306, 32.309817572841403 ], [ -64.816789635243694, 32.305884571846597 ], [ -64.810196802964199, 32.302283318051103 ], [ -64.796229146548399, 32.293440973242703 ], [ -64.781508633697797, 32.286897311451398 ], [ -64.799702551343699, 32.279689641732801 ], [ -64.806670769108706, 32.274776756946501 ], [ -64.822558787368294, 32.266911128939498 ], [ -64.828754884030602, 32.266907547381699 ], [ -64.830673214349801, 32.258394484023498 ], [ -64.839992485497206, 32.254782282336002 ], [ -64.856609046235405, 32.2547740387514 ], [ -64.868229678944601, 32.261639361432202 ], [ -64.862824145956296, 32.272448193395903 ], [ -64.874865133895099, 32.275712026475297 ], [ -64.871775285664398, 32.281937158202602 ], [ -64.867142212729505, 32.293076054798902 ], [ -64.855906876443697, 32.296032118647098 ], [ -64.859742907227897, 32.301584202193297 ], [ -64.843923348671694, 32.314055385254299 ], [ -64.835024232931104, 32.324216176000597 ], [ -64.833869059367203, 32.329458756155702 ], [ -64.852029865116407, 32.311091187995402 ], [ -64.863592293257298, 32.304846943336301 ], [ -64.868666899407899, 32.309107450829998 ], [ -64.872135459341493, 32.304190860630101 ], [ -64.877966732848506, 32.303863280046201 ], [ -64.878004684432099, 32.290775783169202 ], [ -64.884977665829197, 32.281926136600397 ], [ -64.878323000462899, 32.261300141868098 ], [ -64.863194968876996, 32.246579948580099 ], [ -64.851981955572199, 32.248551913466301 ], [ -64.842311980074001, 32.249212331729602 ], [ -64.838824260520894, 32.247577347253397 ], [ -64.833400257553194, 32.246271471469797 ], [ -64.825638953058402, 32.247263739859399 ], [ -64.820569755602605, 32.253169888032801 ], [ -64.810508727557902, 32.256120897415599 ], [ -64.790017772733805, 32.265944693699197 ], [ -64.774541597041605, 32.2718413023427 ], [ -64.764474243642596, 32.285593135321399 ], [ -64.755180344227597, 32.290832670253103 ], [ -64.742398297143595, 32.299673499402402 ], [ -64.720699179768204, 32.313754220125801 ], [ -64.711785124713401, 32.317682336080601 ], [ -64.696277881313307, 32.327502911553204 ], [ -64.676892112745193, 32.332409539755503 ], [ -64.6567136927777, 32.345177645846903 ], [ -64.653216882349895, 32.3494356627941 ], [ -64.660572038442893, 32.358942348776303 ], [ -64.651258194709996, 32.361560090646599 ], [ -64.6462011670816, 32.369751697490003 ], [ -64.661322751283194, 32.376313500872101 ], [ -64.669066607439703, 32.388444543924003 ], [ -64.683427054859493, 32.3854968316788 ], [ -64.695461767271397, 32.376322128586899 ], [ -64.704386895650003, 32.370425476046897 ], [ -64.711756998279796, 32.368132600248998 ], [ -64.706176474440397, 32.360011059355898 ], [ -64.700531552697001, 32.359060135681801 ], [ -64.694034803396704, 32.3640708659835 ], [ -64.689516482608198, 32.363359857986602 ], [ -64.686415009925497, 32.3547797587266 ], [ -64.682463599550402, 32.3540628176846 ], [ -64.683587665283497, 32.362644767796802 ], [ -64.6801998697415, 32.3631199096979 ], [ -64.6672170444687, 32.359775161747301 ], [ -64.659881126497794, 32.349762577175497 ], [ -64.673733123538398, 32.3390281851635 ], [ -64.688709064818298, 32.334243940805301 ], [ -64.706732854446003, 32.342901072303597 ], [ -64.714930157611207, 32.355218875351298 ], [ -64.718596766666906, 32.3552239212394 ], [ -64.7214189847314, 32.351883023134199 ], [ -64.727061606722202, 32.346646171547498 ], [ -64.734962460882002, 32.344281983049903 ], [ -64.738352154909407, 32.340721651491798 ], [ -64.741172997633299, 32.331179086462697 ], [ -64.742301921648505, 32.323311561213004 ], [ -64.746248235428098, 32.318538611580998 ], [ -64.756677373961296, 32.313050913017499 ], [ -64.768738200563007, 32.308836981657201 ], [ -64.779973433299801, 32.3072000581802 ] ] ] } },
{ "type": "Feature", "properties": { "name": "Bolivia", "iso3": "BOL", "name_with_flag": "🇧🇴 Bolivia", "1960": null, "1961": 6.5748047567420365, "1962": 7.106603393661981, "1963": 5.4520930041520144, "1964": 10.319377104478257, "1965": 8.7475856944943189, "1966": 8.3578035569469744, "1967": 10.495861134686013, "1968": 11.016873460376985, "1969": 5.9623849731847756, "1970": 6.9729812835003013, "1971": 5.336191933944523, "1972": 15.942226849289987, "1973": -3.9389719135579426, "1974": 62.577275608312192, "1975": 11.931458710114384, "1976": 11.039236536965591, "1977": 15.441222078037597, "1978": 13.802405366733828, "1979": 17.257205899483274, "1980": -3.5272185081641649, "1981": 26.993697252218318, "1982": -5.1751831591925868, "1983": -5.3870843324904776, "1984": 11.541682139421706, "1985": -14.662856493633058, "1986": -27.899806581788368, "1987": 7.5218666383686461, "1988": 3.5244103797469561, "1989": 0.42563048173520635, "1990": 1.0669336106217342, "1991": 7.508483741371097, "1992": 3.4929020048985571, "1993": -0.38628625814477457, "1994": 2.2994716392189973, "1995": 10.169862747190827, "1996": 8.1335556764077879, "1997": 5.2313079575003307, "1998": 5.3375713336158981, "1999": -4.1873283634835996, "2000": -0.36426759165583134, "2001": -4.6741038498763103, "2002": -4.5096034257786188, "2003": 0.53955372163057014, "2004": 6.7387688428114823, "2005": 7.0218147295760369, "2006": 17.898645120258116, "2007": 12.624603196406547, "2008": 24.962065617945584, "2009": 2.2750553881287994, "2010": 11.47204867209226, "2011": 19.988638228401822, "2012": 11.231913985772302, "2013": 11.431331044519188, "2014": 5.972468360987504, "2015": -1.4934441485138672, "2016": 1.3304541924026081, "2017": 8.9077999113965411, "2018": 5.8803869135589215, "2019": 0.090540903527558392, "2020": -11.528704602000929, "2021": 9.1905802295693775, "2022": 7.6542180094297807, "2023": 1.1622537942412414, "2024": 8.5433385018437225 }, "geometry": { "type": "Polygon", "coordinates": [ [ [ -62.846468, -22.034985 ], [ -63.986838, -21.993644 ], [ -64.377021, -22.798091 ], [ -64.964892, -22.075862 ], [ -66.273339, -21.83231 ], [ -67.106674, -22.735925 ], [ -67.82818, -22.872919 ], [ -68.219913, -21.494347 ], [ -68.757167, -20.372658 ], [ -68.442225, -19.405068 ], [ -68.966818, -18.981683 ], [ -69.100247, -18.260125 ], [ -69.590424, -17.580012 ], [ -68.959635, -16.500698 ], [ -69.389764, -15.660129 ], [ -69.160347, -15.323974 ], [ -69.339535, -14.953195 ], [ -68.948887, -14.453639 ], [ -68.929224, -13.602684 ], [ -68.88008, -12.899729 ], [ -68.66508, -12.5613 ], [ -69.529678, -10.951734 ], [ -68.786158, -11.03638 ], [ -68.271254, -11.014521 ], [ -68.048192, -10.712059 ], [ -67.173801, -10.306812 ], [ -66.646908, -9.931331 ], [ -65.338435, -9.761988 ], [ -65.444837, -10.511451 ], [ -65.321899, -10.895872 ], [ -65.402281, -11.56627 ], [ -64.316353, -12.461978 ], [ -63.196499, -12.627033 ], [ -62.80306, -13.000653 ], [ -62.127081, -13.198781 ], [ -61.713204, -13.489202 ], [ -61.084121, -13.479384 ], [ -60.503304, -13.775955 ], [ -60.459198, -14.354007 ], [ -60.264326, -14.645979 ], [ -60.251149, -15.077219 ], [ -60.542966, -15.09391 ], [ -60.15839, -16.258284 ], [ -58.24122, -16.299573 ], [ -58.388058, -16.877109 ], [ -58.280804, -17.27171 ], [ -57.734558, -17.552468 ], [ -57.498371, -18.174188 ], [ -57.676009, -18.96184 ], [ -57.949997, -19.400004 ], [ -57.853802, -19.969995 ], [ -58.166392, -20.176701 ], [ -58.183471, -19.868399 ], [ -59.115042, -19.356906 ], [ -60.043565, -19.342747 ], [ -61.786326, -19.633737 ], [ -62.265961, -20.513735 ], [ -62.291179, -21.051635 ], [ -62.685057, -22.249029 ], [ -62.846468, -22.034985 ] ] ] } },
{ "type": "Feature", "properties": { "name": "Brazil", "iso3": "BRA", "name_with_flag": "🇧🇷 Brazil", "1960": null, "1961": -1.5735151204213205, "1962": 8.0481009778710764, "1963": 17.57351949878543, "1964": -12.547146288343548, "1965": 4.186054998159805, "1966": 22.503193627832594, "1967": 7.0440828937083477, "1968": 6.388216960765436, "1969": 6.8390604815772083, "1970": 11.089171753137483, "1971": 12.663940789117678, "1972": 16.697942768698226, "1973": 39.630317426457665, "1974": 28.234817201474115, "1975": 14.911268133730937, "1976": 15.758609625570209, "1977": 12.415324094584768, "1978": 10.894810550082568, "1979": 7.9199563776846338, "1980": 4.7525047162024103, "1981": 6.1849917522959874, "1982": 2.7848102706480971, "1983": -31.641153028523462, "1984": -2.8416845497362675, "1985": 9.6073213530343935, "1986": 19.144164564968879, "1987": 8.1964086256971491, "1988": 6.7122563010383107, "1989": 31.688618730388484, "1990": -8.4374428701874837, "1991": -12.534474791940987, "1992": -5.7712762678508227, "1993": 10.415284096529277, "1994": 40.437528909352103, "1995": 44.200150727622692, "1996": 8.8796395342921599, "1997": 2.3221230581944363, "1998": -3.6514594776632103, "1999": -31.57763006973212, "2000": 7.8136794894714034, "2001": -15.671079705251877, "2002": -10.085641846943927, "2003": 8.2167974596719429, "2004": 18.547041940660947, "2005": 31.76896053486109, "2006": 22.916590687112937, "2007": 24.865362571712858, "2008": 20.225410163708535, "2009": -2.5781767784096354, "2010": 31.394514209355929, "2011": 17.480425425512358, "2012": -6.5307720887954446, "2013": -0.50176917653044217, "2014": -1.4760321908911633, "2015": -27.199991790338117, "2016": -1.1180381771494607, "2017": 14.080833059474829, "2018": -7.7361927943087387, "2019": -2.9119259751139603, "2020": -21.657537029197105, "2021": 12.698872747862278, "2022": 16.416314556170409, "2023": 11.81140569100798, "2024": -0.93735080658113867 }, "geometry": { "type": "Polygon", "coordinates": [ [ [ -57.625133, -30.216295 ], [ -56.2909, -28.852761 ], [ -55.162286, -27.881915 ], [ -54.490725, -27.474757 ], [ -53.648735, -26.923473 ], [ -53.628349, -26.124865 ], [ -54.13005, -25.547639 ], [ -54.625291, -25.739255 ], [ -54.428946, -25.162185 ], [ -54.293476, -24.5708 ], [ -54.29296, -24.021014 ], [ -54.652834, -23.839578 ], [ -55.027902, -24.001274 ], [ -55.400747, -23.956935 ], [ -55.517639, -23.571998 ], [ -55.610683, -22.655619 ], [ -55.797958, -22.35693 ], [ -56.473317, -22.0863 ], [ -56.88151, -22.282154 ], [ -57.937156, -22.090176 ], [ -57.870674, -20.732688 ], [ -58.166392, -20.176701 ], [ -57.853802, -19.969995 ], [ -57.949997, -19.400004 ], [ -57.676009, -18.96184 ], [ -57.498371, -18.174188 ], [ -57.734558, -17.552468 ], [ -58.280804, -17.27171 ], [ -58.388058, -16.877109 ], [ -58.24122, -16.299573 ], [ -60.15839, -16.258284 ], [ -60.542966, -15.09391 ], [ -60.251149, -15.077219 ], [ -60.264326, -14.645979 ], [ -60.459198, -14.354007 ], [ -60.503304, -13.775955 ], [ -61.084121, -13.479384 ], [ -61.713204, -13.489202 ], [ -62.127081, -13.198781 ], [ -62.80306, -13.000653 ], [ -63.196499, -12.627033 ], [ -64.316353, -12.461978 ], [ -65.402281, -11.56627 ], [ -65.321899, -10.895872 ], [ -65.444837, -10.511451 ], [ -65.338435, -9.761988 ], [ -66.646908, -9.931331 ], [ -67.173801, -10.306812 ], [ -68.048192, -10.712059 ], [ -68.271254, -11.014521 ], [ -68.786158, -11.03638 ], [ -69.529678, -10.951734 ], [ -70.093752, -11.123972 ], [ -70.548686, -11.009147 ], [ -70.481894, -9.490118 ], [ -71.302412, -10.079436 ], [ -72.184891, -10.053598 ], [ -72.563033, -9.520194 ], [ -73.226713, -9.462213 ], [ -73.015383, -9.032833 ], [ -73.571059, -8.424447 ], [ -73.987235, -7.52383 ], [ -73.723401, -7.340999 ], [ -73.724487, -6.918595 ], [ -73.120027, -6.629931 ], [ -73.219711, -6.089189 ], [ -72.964507, -5.741251 ], [ -72.891928, -5.274561 ], [ -71.748406, -4.593983 ], [ -70.928843, -4.401591 ], [ -70.794769, -4.251265 ], [ -69.893635, -4.298187 ], [ -69.444102, -1.556287 ], [ -69.420486, -1.122619 ], [ -69.577065, -0.549992 ], [ -70.020656, -0.185156 ], [ -70.015566, 0.541414 ], [ -69.452396, 0.706159 ], [ -69.252434, 0.602651 ], [ -69.218638, 0.985677 ], [ -69.804597, 1.089081 ], [ -69.816973, 1.714805 ], [ -67.868565, 1.692455 ], [ -67.53781, 2.037163 ], [ -67.259998, 1.719999 ], [ -67.065048, 1.130112 ], [ -66.876326, 1.253361 ], [ -66.325765, 0.724452 ], [ -65.548267, 0.789254 ], [ -65.354713, 1.095282 ], [ -64.611012, 1.328731 ], [ -64.199306, 1.492855 ], [ -64.083085, 1.916369 ], [ -63.368788, 2.2009 ], [ -63.422867, 2.411068 ], [ -64.269999, 2.497006 ], [ -64.408828, 3.126786 ], [ -64.368494, 3.79721 ], [ -64.816064, 4.056445 ], [ -64.628659, 4.148481 ], [ -63.888343, 4.02053 ], [ -63.093198, 3.770571 ], [ -62.804533, 4.006965 ], [ -62.08543, 4.162124 ], [ -60.966893, 4.536468 ], [ -60.601179, 4.918098 ], [ -60.733574, 5.200277 ], [ -60.213683, 5.244486 ], [ -59.980959, 5.014061 ], [ -60.111002, 4.574967 ], [ -59.767406, 4.423503 ], [ -59.53804, 3.958803 ], [ -59.815413, 3.606499 ], [ -59.974525, 2.755233 ], [ -59.718546, 2.24963 ], [ -59.646044, 1.786894 ], [ -59.030862, 1.317698 ], [ -58.540013, 1.268088 ], [ -58.429477, 1.463942 ], [ -58.11345, 1.507195 ], [ -57.660971, 1.682585 ], [ -57.335823, 1.948538 ], [ -56.782704, 1.863711 ], [ -56.539386, 1.899523 ], [ -55.995698, 1.817667 ], [ -55.9056, 2.021996 ], [ -56.073342, 2.220795 ], [ -55.973322, 2.510364 ], [ -55.569755, 2.421506 ], [ -55.097587, 2.523748 ], [ -54.524754, 2.311849 ], [ -54.088063, 2.105557 ], [ -53.778521, 2.376703 ], [ -53.554839, 2.334897 ], [ -53.418465, 2.053389 ], [ -52.939657, 2.124858 ], [ -52.556425, 2.504705 ], [ -52.249338, 3.241094 ], [ -51.657797, 4.156232 ], [ -51.317146, 4.203491 ], [ -51.069771, 3.650398 ], [ -50.508875, 1.901564 ], [ -49.974076, 1.736483 ], [ -49.947101, 1.04619 ], [ -50.699251, 0.222984 ], [ -50.388211, -0.078445 ], [ -48.620567, -0.235489 ], [ -48.584497, -1.237805 ], [ -47.824956, -0.581618 ], [ -46.566584, -0.941028 ], [ -44.905703, -1.55174 ], [ -44.417619, -2.13775 ], [ -44.581589, -2.691308 ], [ -43.418791, -2.38311 ], [ -41.472657, -2.912018 ], [ -39.978665, -2.873054 ], [ -38.500383, -3.700652 ], [ -37.223252, -4.820946 ], [ -36.452937, -5.109404 ], [ -35.597796, -5.149504 ], [ -35.235389, -5.464937 ], [ -34.89603, -6.738193 ], [ -34.729993, -7.343221 ], [ -35.128212, -8.996401 ], [ -35.636967, -9.649282 ], [ -37.046519, -11.040721 ], [ -37.683612, -12.171195 ], [ -38.423877, -13.038119 ], [ -38.673887, -13.057652 ], [ -38.953276, -13.79337 ], [ -38.882298, -15.667054 ], [ -39.161092, -17.208407 ], [ -39.267339, -17.867746 ], [ -39.583521, -18.262296 ], [ -39.760823, -19.599113 ], [ -40.774741, -20.904512 ], [ -40.944756, -21.937317 ], [ -41.754164, -22.370676 ], [ -41.988284, -22.97007 ], [ -43.074704, -22.967693 ], [ -44.647812, -23.351959 ], [ -45.352136, -23.796842 ], [ -46.472093, -24.088969 ], [ -47.648972, -24.885199 ], [ -48.495458, -25.877025 ], [ -48.641005, -26.623698 ], [ -48.474736, -27.175912 ], [ -48.66152, -28.186135 ], [ -48.888457, -28.674115 ], [ -49.587329, -29.224469 ], [ -50.696874, -30.984465 ], [ -51.576226, -31.777698 ], [ -52.256081, -32.24537 ], [ -52.7121, -33.196578 ], [ -53.373662, -33.768378 ], [ -53.650544, -33.202004 ], [ -53.209589, -32.727666 ], [ -53.787952, -32.047243 ], [ -54.572452, -31.494511 ], [ -55.60151, -30.853879 ], [ -55.973245, -30.883076 ], [ -56.976026, -30.109686 ], [ -57.625133, -30.216295 ] ] ] } },
{ "type": "Feature", "properties": { "name": "Brunei", "iso3": "BRN", "name_with_flag": "🇧🇳 Brunei", "1960": null, "1961": null, "1962": null, "1963": null, "1964": null, "1965": null, "1966": 11.354181981774737, "1967": 0.27381459193707158, "1968": 10.902041752608426, "1969": -3.7401891785536656, "1970": 8.0492512565825116, "1971": 8.0752774963250182, "1972": 32.992096994317841, "1973": 54.297314133483198, "1974": 417.03174226410874, "1975": 3.9377895906470783, "1976": 18.224575677797894, "1977": 16.471714445362331, "1978": 7.8157422723582171, "1979": 42.883711918772626, "1980": 73.143669344170092, "1981": -15.881123747117487, "1982": -7.621705215799313, "1983": -14.097658233776677, "1984": -6.8664926398389952, "1985": -11.741024306460424, "1986": -41.872294310359038, "1987": 13.670833374460379, "1988": -10.484948699222752, "1989": 6.7214935901763972, "1990": 17.763242183386609, "1991": 1.1559085144960068, "1992": -2.0110709320713904, "1993": -4.4937414346016391, "1994": 1.6498289100418839, "1995": 16.149408832089019, "1996": -2.8401221935745236, "1997": -0.66104830936944969, "1998": -30.377832532870531, "1999": 11.159476962926917, "2000": 1.9139934143001636, "2001": -9.1525407097786999, "2002": 1.8234265665862281, "2003": 11.044388461933451, "2004": 18.112064708963072, "2005": 20.32164896679982, "2006": 17.996599005593939, "2007": 4.4485606832209701, "2008": 16.398888510316834, "2009": -26.591588185439573, "2010": 12.896748552926152, "2011": 32.759223588252183, "2012": 1.2629020288049242, "2013": -6.3138625959802797, "2014": -6.7644289708692407, "2015": -25.352826906976269, "2016": -12.93653798906902, "2017": 5.1047142652110633, "2018": 10.575564303556728, "2019": -1.8121332903837661, "2020": -11.80617277759486, "2021": 15.549483918592166, "2022": 18.144196538100775, "2023": -10.215887715182848, "2024": 1.6031551298172797 }, "geometry": { "type": "Polygon", "coordinates": [ [ [ 114.204017, 4.525874 ], [ 114.599961, 4.900011 ], [ 115.45071, 5.44773 ], [ 115.4057, 4.955228 ], [ 115.347461, 4.316636 ], [ 114.869557, 4.348314 ], [ 114.659596, 4.007637 ], [ 114.204017, 4.525874 ] ] ] } },
{ "type": "Feature", "properties": { "name": "Bhutan", "iso3": "BTN", "name_with_flag": "🇧🇹 Bhutan", "1960": null, "1961": null, "1962": null, "1963": null, "1964": null, "1965": null, "1966": null, "1967": null, "1968": null, "1969": null, "1970": null, "1971": 3.6543571877876602, "1972": 2.267380305155875, "1973": 8.7235343266761856, "1974": 13.80482974399313, "1975": -9.6761118237910448, "1976": -1.5290460662303995, "1977": 6.9372410071178781, "1978": -7.1070331011258929, "1979": 8.2724898253973222, "1980": 18.100851988647616, "1981": 4.6786165992580786, "1982": -1.5914490391984448, "1983": 7.3177087894905846, "1984": -0.81009364626786207, "1985": -1.3388080384608148, "1986": 13.545928541441432, "1987": 23.133296005964077, "1988": 8.8668049136883411, "1989": -5.5684960399948853, "1990": 5.777655329031206, "1991": -17.957771904149421, "1992": 3.7832013016193544, "1993": -2.0182422239019115, "1994": 14.631441500671393, "1995": 13.510544280249936, "1996": 4.2954266245131656, "1997": 14.030960758098644, "1998": 1.2422213234982493, "1999": 7.3856215074527443, "2000": 12.620743800587375, "2001": 5.2224379295868095, "2002": 10.287779871804958, "2003": 14.130719497167687, "2004": 10.561306868086495, "2005": 15.003197019210024, "2006": 8.1278376825820722, "2007": 31.645295684432682, "2008": 3.7387298685337189, "2009": -0.062604618788786315, "2010": 26.95917921446318, "2011": 14.468828719898429, "2012": -1.3187610358711521, "2013": -2.5901563185283472, "2014": 6.3265238920344746, "2015": 3.6687430473490767, "2016": 6.7117634487042777, "2017": 8.9768798586831409, "2018": -1.0212789850386872, "2019": 5.1960320495732848, "2020": -10.769464306987997, "2021": 11.872894761492713, "2022": 3.9409232130897642, "2023": 3.4510998532752524, "2024": 0.0 }, "geometry": { "type": "Polygon", "coordinates": [ [ [ 91.696657, 27.771742 ], [ 92.103712, 27.452614 ], [ 92.033484, 26.83831 ], [ 91.217513, 26.808648 ], [ 90.373275, 26.875724 ], [ 89.744528, 26.719403 ], [ 88.835643, 27.098966 ], [ 88.814248, 27.299316 ], [ 89.47581, 28.042759 ], [ 90.015829, 28.296439 ], [ 90.730514, 28.064954 ], [ 91.258854, 28.040614 ], [ 91.696657, 27.771742 ] ] ] } },
{ "type": "Feature", "properties": { "name": "Botswana", "iso3": "BWA", "name_with_flag": "🇧🇼 Botswana", "1960": null, "1961": 5.7781868286808313, "1962": 5.8791856042089696, "1963": 4.3947812911125927, "1964": 6.6866117959002214, "1965": 8.4178546467894364, "1966": 11.77536014370817, "1967": 13.343073061033328, "1968": 12.383552097200813, "1969": 16.158263467457278, "1970": 23.718371665213333, "1971": 30.18574581633624, "1972": 24.495137403884982, "1973": 41.613043810872142, "1974": 19.321350235674693, "1975": 10.423938006856881, "1976": -0.51921889028715418, "1977": 15.161425332611046, "1978": 23.084323615311209, "1979": 30.779897081609285, "1980": 24.463804639926543, "1981": -2.1743508281824253, "1982": -9.15997883576145, "1983": 11.426514055462889, "1984": 2.1861612130642527, "1985": -13.223445408745748, "1986": 20.755490541781075, "1987": 36.58633112013483, "1988": 30.612614486280453, "1989": 13.415851300380876, "1990": 19.585393580783883, "1991": 1.2207624266827199, "1992": 2.2465913100999435, "1993": -2.5022008679997043, "1994": -0.4156454770842255, "1995": 8.1901236448152623, "1996": 0.0027473597001392847, "1997": 1.2011779974794745, "1998": -6.6678957873551052, "1999": 12.035421875316477, "2000": 3.3178437103414282, "2001": -7.0922606932533494, "2002": -2.7703802724713733, "2003": 35.700443853458211, "2004": 17.176085944360466, "2005": 8.7634618402309137, "2006": -1.8454028719426474, "2007": 4.4890521295480212, "2008": -0.47117382344773473, "2009": -7.6346433538135532, "2010": 22.286307543200579, "2011": 17.240942255074, "2012": -9.4937305699982382, "2013": 1.0821519155719717, "2014": 6.8315289747585162, "2015": -13.775766791530941, "2016": 9.8979939657363403, "2017": 5.2733872639360246, "2018": 4.2645591177322251, "2019": -3.1840055248201549, "2020": -11.834655145643913, "2021": 23.478105330091626, "2022": 6.6704480839025804, "2023": -6.0316105240511231, "2024": -1.6752590617641561 }, "geometry": { "type": "Polygon", "coordinates": [ [ [ 25.649163, -18.536026 ], [ 25.850391, -18.714413 ], [ 26.164791, -19.293086 ], [ 27.296505, -20.39152 ], [ 27.724747, -20.499059 ], [ 27.727228, -20.851802 ], [ 28.02137, -21.485975 ], [ 28.794656, -21.639454 ], [ 29.432188, -22.091313 ], [ 28.017236, -22.827754 ], [ 27.11941, -23.574323 ], [ 26.786407, -24.240691 ], [ 26.485753, -24.616327 ], [ 25.941652, -24.696373 ], [ 25.765849, -25.174845 ], [ 25.664666, -25.486816 ], [ 25.025171, -25.71967 ], [ 24.211267, -25.670216 ], [ 23.73357, -25.390129 ], [ 23.312097, -25.26869 ], [ 22.824271, -25.500459 ], [ 22.579532, -25.979448 ], [ 22.105969, -26.280256 ], [ 21.605896, -26.726534 ], [ 20.889609, -26.828543 ], [ 20.66647, -26.477453 ], [ 20.758609, -25.868136 ], [ 20.165726, -24.917962 ], [ 19.895768, -24.76779 ], [ 19.895458, -21.849157 ], [ 20.881134, -21.814327 ], [ 20.910641, -18.252219 ], [ 21.65504, -18.219146 ], [ 23.196858, -17.869038 ], [ 23.579006, -18.281261 ], [ 24.217365, -17.889347 ], [ 24.520705, -17.887125 ], [ 25.084443, -17.661816 ], [ 25.264226, -17.73654 ], [ 25.649163, -18.536026 ] ] ] } },
{ "type": "Feature", "properties": { "name": "Central African Republic", "iso3": "CAF", "name_with_flag": "🇨🇫 Central African Republic", "1960": null, "1961": 7.7488362928280541, "1962": -0.82252721415009278, "1963": 1.9188595829698007, "1964": 7.595063742352659, "1965": 3.8591602920750256, "1966": 2.6850117570483389, "1967": 1.4883814818589247, "1968": 14.45242409965819, "1969": -4.1626306550915926, "1970": -1.637445818113259, "1971": 4.3416111230313303, "1972": 12.114015263870993, "1973": 15.508756194675577, "1974": 1.7857634550324075, "1975": 31.971134511787945, "1976": 17.386648045012354, "1977": 11.290421624006996, "1978": 19.102571022470528, "1979": 13.54736341858429, "1980": 12.498604309970718, "1981": -13.808061436839669, "1982": 6.4567789487353755, "1983": -13.019554565174307, "1984": -4.3433542246307582, "1985": 33.909469329231378, "1986": 28.122500736490984, "1987": 5.6158736261341602, "1988": 3.5822625839753375, "1989": -4.9013469711560838, "1990": 13.182716599478228, "1991": -7.3412661825590693, "1992": -0.69724245482303271, "1993": -12.269132214223976, "1994": -35.484019284963338, "1995": 27.514872723619831, "1996": -11.958511961851015, "1997": -9.4731230992430184, "1998": 0.39517066253247357, "1999": 0.5347212734383433, "2000": -10.76203571484492, "2001": -0.50278502930385383, "2002": 4.4914948367135832, "2003": 11.971036860430463, "2004": 9.0003483097526029, "2005": 2.7972928983693857, "2006": 7.0500064539398721, "2007": 14.057667454290046, "2008": 14.797359494669493, "2009": 4.3964494052284087, "2010": 4.4695244456427474, "2011": 11.991326863771645, "2012": 1.9358537051795466, "2013": -33.069481851832961, "2014": 12.482888961918626, "2015": -10.620368528812241, "2016": 5.6926149384389113, "2017": 11.660794707502674, "2018": 5.3015645242002751, "2019": -1.3213783702500814, "2020": 3.0386773492844021, "2021": 6.3481097674929599, "2022": -5.0589442185484774, "2023": 6.1235627732605158, "2024": 4.0710456350892876 }, "geometry": { "type": "Polygon", "coordinates": [ [ [ 15.27946, 7.421925 ], [ 16.106232, 7.497088 ], [ 16.290562, 7.754307 ], [ 16.456185, 7.734774 ], [ 16.705988, 7.508328 ], [ 17.96493, 7.890914 ], [ 18.389555, 8.281304 ], [ 18.911022, 8.630895 ], [ 18.81201, 8.982915 ], [ 19.094008, 9.074847 ], [ 20.059685, 9.012706 ], [ 21.000868, 9.475985 ], [ 21.723822, 10.567056 ], [ 22.231129, 10.971889 ], [ 22.864165, 11.142395 ], [ 22.977544, 10.714463 ], [ 23.554304, 10.089255 ], [ 23.55725, 9.681218 ], [ 23.394779, 9.265068 ], [ 23.459013, 8.954286 ], [ 23.805813, 8.666319 ], [ 24.567369, 8.229188 ], [ 25.114932, 7.825104 ], [ 25.124131, 7.500085 ], [ 25.796648, 6.979316 ], [ 26.213418, 6.546603 ], [ 26.465909, 5.946717 ], [ 27.213409, 5.550953 ], [ 27.374226, 5.233944 ], [ 27.044065, 5.127853 ], [ 26.402761, 5.150875 ], [ 25.650455, 5.256088 ], [ 25.278798, 5.170408 ], [ 25.128833, 4.927245 ], [ 24.805029, 4.897247 ], [ 24.410531, 5.108784 ], [ 23.297214, 4.609693 ], [ 22.84148, 4.710126 ], [ 22.704124, 4.633051 ], [ 22.405124, 4.02916 ], [ 21.659123, 4.224342 ], [ 20.927591, 4.322786 ], [ 20.290679, 4.691678 ], [ 19.467784, 5.031528 ], [ 18.932312, 4.709506 ], [ 18.542982, 4.201785 ], [ 18.453065, 3.504386 ], [ 17.8099, 3.560196 ], [ 17.133042, 3.728197 ], [ 16.537058, 3.198255 ], [ 16.012852, 2.26764 ], [ 15.907381, 2.557389 ], [ 15.862732, 3.013537 ], [ 15.405396, 3.335301 ], [ 15.03622, 3.851367 ], [ 14.950953, 4.210389 ], [ 14.478372, 4.732605 ], [ 14.558936, 5.030598 ], [ 14.459407, 5.451761 ], [ 14.53656, 6.226959 ], [ 14.776545, 6.408498 ], [ 15.27946, 7.421925 ] ] ] } },
{ "type": "Feature", "properties": { "name": "Canada", "iso3": "CAN", "name_with_flag": "🇨🇦 Canada", "1960": null, "1961": -0.8329076982484418, "1962": 1.2619701712449416, "1963": 4.6556248978822712, "1964": 7.6175205585505612, "1965": 8.4143286764624783, "1966": 10.013920166881762, "1967": 5.5999517413661604, "1968": 7.6511222887926778, "1969": 8.7215149992648335, "1970": 9.5246423831708338, "1971": 9.6612460380680165, "1972": 12.597445081378812, "1973": 14.717753838705306, "1974": 20.455890476828074, "1975": 6.7993686429711486, "1976": 17.281543624388519, "1977": 1.2463338067589369, "1978": 2.2943439348570571, "1979": 10.083304913163182, "1980": 11.220042362035819, "1981": 10.446225431378608, "1982": 1.1978045596061637, "1983": 7.5817503499433059, "1984": 3.3640120920501726, "1985": 1.7203318486151975, "1986": 2.477431507941863, "1987": 12.784843380837231, "1988": 16.088240056699131, "1989": 9.3733234765401185, "1990": 3.5161821526112691, "1991": 1.4909132152833848, "1992": -4.1034055498952338, "1993": -3.6444849851904215, "1994": -0.93712302828017346, "1995": 3.4104604841637798, "1996": 2.9852440200747621, "1997": 2.8388565806822585, "1998": -4.0041790257036354, "1999": 6.1388208149286472, "2000": 8.7642113568050295, "2001": -1.8495562911135299, "2002": 1.8215148614307397, "2003": 16.679758211933393, "2004": 13.581001546904092, "2005": 13.184157361801518, "2006": 11.324800996381335, "2007": 10.26082111621216, "2008": 4.5906066865108341, "2009": -12.492695195483472, "2010": 16.356703396641947, "2011": 9.8047243072498791, "2012": 0.85494619433921226, "2013": -0.061184353701992933, "2014": -3.1864277195528534, "2015": -14.455508508653192, "2016": -2.9364747969599647, "2017": 6.6539737138288979, "2018": 3.1233318315299297, "2019": -0.40032254092926545, "2020": -6.0730437736102321, "2021": 21.472867025354823, "2022": 6.3723800761818605, "2023": -3.6199574026935299, "2024": 0.1148814529612352 }, "geometry": { "type": "MultiPolygon", "coordinates": [ [ [ [ -63.6645, 46.55001 ], [ -62.9393, 46.41587 ], [ -62.01208, 46.44314 ], [ -62.50391, 46.03339 ], [ -62.87433, 45.96818 ], [ -64.1428, 46.39265 ], [ -64.39261, 46.72747 ], [ -64.01486, 47.03601 ], [ -63.6645, 46.55001 ] ] ], [ [ [ -61.806305, 49.10506 ], [ -62.29318, 49.08717 ], [ -63.58926, 49.40069 ], [ -64.51912, 49.87304 ], [ -64.17322, 49.95718 ], [ -62.85829, 49.70641 ], [ -61.835585, 49.28855 ], [ -61.806305, 49.10506 ] ] ], [ [ [ -123.510002, 48.510011 ], [ -124.012891, 48.370846 ], [ -125.655013, 48.825005 ], [ -125.954994, 49.179996 ], [ -126.850004, 49.53 ], [ -127.029993, 49.814996 ], [ -128.059336, 49.994959 ], [ -128.444584, 50.539138 ], [ -128.358414, 50.770648 ], [ -127.308581, 50.552574 ], [ -126.695001, 50.400903 ], [ -125.755007, 50.295018 ], [ -125.415002, 49.950001 ], [ -124.920768, 49.475275 ], [ -123.922509, 49.062484 ], [ -123.510002, 48.510011 ] ] ], [ [ [ -56.134036, 50.68701 ], [ -56.795882, 49.812309 ], [ -56.143105, 50.150117 ], [ -55.471492, 49.935815 ], [ -55.822401, 49.587129 ], [ -54.935143, 49.313011 ], [ -54.473775, 49.556691 ], [ -53.476549, 49.249139 ], [ -53.786014, 48.516781 ], [ -53.086134, 48.687804 ], [ -52.958648, 48.157164 ], [ -52.648099, 47.535548 ], [ -53.069158, 46.655499 ], [ -53.521456, 46.618292 ], [ -54.178936, 46.807066 ], [ -53.961869, 47.625207 ], [ -54.240482, 47.752279 ], [ -55.400773, 46.884994 ], [ -55.997481, 46.91972 ], [ -55.291219, 47.389562 ], [ -56.250799, 47.632545 ], [ -57.325229, 47.572807 ], [ -59.266015, 47.603348 ], [ -59.419494, 47.899454 ], [ -58.796586, 48.251525 ], [ -59.231625, 48.523188 ], [ -58.391805, 49.125581 ], [ -57.35869, 50.718274 ], [ -56.73865, 51.287438 ], [ -55.870977, 51.632094 ], [ -55.406974, 51.588273 ], [ -55.600218, 51.317075 ], [ -56.134036, 50.68701 ] ] ], [ [ [ -132.710008, 54.040009 ], [ -131.74999, 54.120004 ], [ -132.04948, 52.984621 ], [ -131.179043, 52.180433 ], [ -131.57783, 52.182371 ], [ -132.180428, 52.639707 ], [ -132.549992, 53.100015 ], [ -133.054611, 53.411469 ], [ -133.239664, 53.85108 ], [ -133.180004, 54.169975 ], [ -132.710008, 54.040009 ] ] ], [ [ [ -79.26582, 62.158675 ], [ -79.65752, 61.63308 ], [ -80.09956, 61.7181 ], [ -80.36215, 62.01649 ], [ -80.315395, 62.085565 ], [ -79.92939, 62.3856 ], [ -79.52002, 62.36371 ], [ -79.26582, 62.158675 ] ] ], [ [ [ -81.89825, 62.7108 ], [ -83.06857, 62.15922 ], [ -83.77462, 62.18231 ], [ -83.99367, 62.4528 ], [ -83.25048, 62.91409 ], [ -81.87699, 62.90458 ], [ -81.89825, 62.7108 ] ] ], [ [ [ -85.161308, 65.657285 ], [ -84.975764, 65.217518 ], [ -84.464012, 65.371772 ], [ -83.882626, 65.109618 ], [ -82.787577, 64.766693 ], [ -81.642014, 64.455136 ], [ -81.55344, 63.979609 ], [ -80.817361, 64.057486 ], [ -80.103451, 63.725981 ], [ -80.99102, 63.411246 ], [ -82.547178, 63.651722 ], [ -83.108798, 64.101876 ], [ -84.100417, 63.569712 ], [ -85.523405, 63.052379 ], [ -85.866769, 63.637253 ], [ -87.221983, 63.541238 ], [ -86.35276, 64.035833 ], [ -86.224886, 64.822917 ], [ -85.883848, 65.738778 ], [ -85.161308, 65.657285 ] ] ], [ [ [ -75.86588, 67.14886 ], [ -76.98687, 67.09873 ], [ -77.2364, 67.58809 ], [ -76.81166, 68.14856 ], [ -75.89521, 68.28721 ], [ -75.1145, 68.01036 ], [ -75.10333, 67.58202 ], [ -75.21597, 67.44425 ], [ -75.86588, 67.14886 ] ] ], [ [ [ -95.647681, 69.10769 ], [ -96.269521, 68.75704 ], [ -97.617401, 69.06003 ], [ -98.431801, 68.9507 ], [ -99.797401, 69.40003 ], [ -98.917401, 69.71003 ], [ -98.218261, 70.14354 ], [ -97.157401, 69.86003 ], [ -96.557401, 69.68003 ], [ -96.257401, 69.49003 ], [ -95.647681, 69.10769 ] ] ], [ [ [ -90.5471, 69.49766 ], [ -90.55151, 68.47499 ], [ -89.21515, 69.25873 ], [ -88.01966, 68.61508 ], [ -88.31749, 67.87338 ], [ -87.35017, 67.19872 ], [ -86.30607, 67.92146 ], [ -85.57664, 68.78456 ], [ -85.52197, 69.88211 ], [ -84.10081, 69.80539 ], [ -82.62258, 69.65826 ], [ -81.28043, 69.16202 ], [ -81.2202, 68.66567 ], [ -81.96436, 68.13253 ], [ -81.25928, 67.59716 ], [ -81.38653, 67.11078 ], [ -83.34456, 66.41154 ], [ -84.73542, 66.2573 ], [ -85.76943, 66.55833 ], [ -86.0676, 66.05625 ], [ -87.03143, 65.21297 ], [ -87.32324, 64.77563 ], [ -88.48296, 64.09897 ], [ -89.91444, 64.03273 ], [ -90.70398, 63.61017 ], [ -90.77004, 62.96021 ], [ -91.93342, 62.83508 ], [ -93.15698, 62.02469 ], [ -94.24153, 60.89865 ], [ -94.62931, 60.11021 ], [ -94.6846, 58.94882 ], [ -93.21502, 58.78212 ], [ -92.76462, 57.84571 ], [ -92.29703, 57.08709 ], [ -90.89769, 57.28468 ], [ -89.03953, 56.85172 ], [ -88.03978, 56.47162 ], [ -87.32421, 55.99914 ], [ -86.07121, 55.72383 ], [ -85.01181, 55.3026 ], [ -83.36055, 55.24489 ], [ -82.27285, 55.14832 ], [ -82.4362, 54.28227 ], [ -82.12502, 53.27703 ], [ -81.40075, 52.15788 ], [ -79.91289, 51.20842 ], [ -79.14301, 51.53393 ], [ -78.60191, 52.56208 ], [ -79.12421, 54.14145 ], [ -79.82958, 54.66772 ], [ -78.22874, 55.13645 ], [ -77.0956, 55.83741 ], [ -76.54137, 56.53423 ], [ -76.62319, 57.20263 ], [ -77.30226, 58.05209 ], [ -78.51688, 58.80458 ], [ -77.33676, 59.85261 ], [ -77.77272, 60.75788 ], [ -78.10687, 62.31964 ], [ -77.41067, 62.55053 ], [ -75.69621, 62.2784 ], [ -74.6682, 62.18111 ], [ -73.83988, 62.4438 ], [ -72.90853, 62.10507 ], [ -71.67708, 61.52535 ], [ -71.37369, 61.13717 ], [ -69.59042, 61.06141 ], [ -69.62033, 60.22125 ], [ -69.2879, 58.95736 ], [ -68.37455, 58.80106 ], [ -67.64976, 58.21206 ], [ -66.20178, 58.76731 ], [ -65.24517, 59.87071 ], [ -64.58352, 60.33558 ], [ -63.80475, 59.4426 ], [ -62.50236, 58.16708 ], [ -61.39655, 56.96745 ], [ -61.79866, 56.33945 ], [ -60.46853, 55.77548 ], [ -59.56962, 55.20407 ], [ -57.97508, 54.94549 ], [ -57.3332, 54.6265 ], [ -56.93689, 53.78032 ], [ -56.15811, 53.64749 ], [ -55.75632, 53.27036 ], [ -55.68338, 52.14664 ], [ -56.40916, 51.7707 ], [ -57.12691, 51.41972 ], [ -58.77482, 51.0643 ], [ -60.03309, 50.24277 ], [ -61.72366, 50.08046 ], [ -63.86251, 50.29099 ], [ -65.36331, 50.2982 ], [ -66.39905, 50.22897 ], [ -67.23631, 49.51156 ], [ -68.51114, 49.06836 ], [ -69.95362, 47.74488 ], [ -71.10458, 46.82171 ], [ -70.25522, 46.98606 ], [ -68.65, 48.3 ], [ -66.55243, 49.1331 ], [ -65.05626, 49.23278 ], [ -64.17099, 48.74248 ], [ -65.11545, 48.07085 ], [ -64.79854, 46.99297 ], [ -64.47219, 46.23849 ], [ -63.17329, 45.73902 ], [ -61.52072, 45.88377 ], [ -60.51815, 47.00793 ], [ -60.4486, 46.28264 ], [ -59.80287, 45.9204 ], [ -61.03988, 45.26525 ], [ -63.25471, 44.67014 ], [ -64.24656, 44.26553 ], [ -65.36406, 43.54523 ], [ -66.1234, 43.61867 ], [ -66.16173, 44.46512 ], [ -64.42549, 45.29204 ], [ -66.02605, 45.25931 ], [ -67.13741, 45.13753 ], [ -67.79134, 45.70281 ], [ -67.79046, 47.06636 ], [ -68.23444, 47.35486 ], [ -68.905, 47.185 ], [ -69.237216, 47.447781 ], [ -69.99997, 46.69307 ], [ -70.305, 45.915 ], [ -70.66, 45.46 ], [ -71.08482, 45.30524 ], [ -71.405, 45.255 ], [ -71.50506, 45.0082 ], [ -73.34783, 45.00738 ], [ -74.867, 45.00048 ], [ -75.31821, 44.81645 ], [ -76.375, 44.09631 ], [ -76.5, 44.018459 ], [ -76.820034, 43.628784 ], [ -77.737885, 43.629056 ], [ -78.72028, 43.625089 ], [ -79.171674, 43.466339 ], [ -79.01, 43.27 ], [ -78.92, 42.965 ], [ -78.939362, 42.863611 ], [ -80.247448, 42.3662 ], [ -81.277747, 42.209026 ], [ -82.439278, 41.675105 ], [ -82.690089, 41.675105 ], [ -83.02981, 41.832796 ], [ -83.142, 41.975681 ], [ -83.12, 42.08 ], [ -82.9, 42.43 ], [ -82.43, 42.98 ], [ -82.137642, 43.571088 ], [ -82.337763, 44.44 ], [ -82.550925, 45.347517 ], [ -83.592851, 45.816894 ], [ -83.469551, 45.994686 ], [ -83.616131, 46.116927 ], [ -83.890765, 46.116927 ], [ -84.091851, 46.275419 ], [ -84.14212, 46.512226 ], [ -84.3367, 46.40877 ], [ -84.6049, 46.4396 ], [ -84.543749, 46.538684 ], [ -84.779238, 46.637102 ], [ -84.87608, 46.900083 ], [ -85.652363, 47.220219 ], [ -86.461991, 47.553338 ], [ -87.439793, 47.94 ], [ -88.378114, 48.302918 ], [ -89.272917, 48.019808 ], [ -89.6, 48.01 ], [ -90.83, 48.27 ], [ -91.64, 48.14 ], [ -92.61, 48.45 ], [ -93.63087, 48.60926 ], [ -94.32914, 48.67074 ], [ -94.64, 48.84 ], [ -94.81758, 49.38905 ], [ -95.15609, 49.38425 ], [ -95.15907, 49.0 ], [ -97.22872, 49.0007 ], [ -100.65, 49.0 ], [ -104.04826, 48.99986 ], [ -107.05, 49.0 ], [ -110.05, 49.0 ], [ -113.0, 49.0 ], [ -116.04818, 49.0 ], [ -117.03121, 49.0 ], [ -120.0, 49.0 ], [ -122.84, 49.0 ], [ -122.97421, 49.002538 ], [ -124.91024, 49.98456 ], [ -125.62461, 50.41656 ], [ -127.43561, 50.83061 ], [ -127.99276, 51.71583 ], [ -127.85032, 52.32961 ], [ -129.12979, 52.75538 ], [ -129.30523, 53.56159 ], [ -130.51497, 54.28757 ], [ -130.53611, 54.80278 ], [ -129.98, 55.285 ], [ -130.00778, 55.91583 ], [ -131.70781, 56.55212 ], [ -132.73042, 57.69289 ], [ -133.35556, 58.41028 ], [ -134.27111, 58.86111 ], [ -134.945, 59.27056 ], [ -135.47583, 59.78778 ], [ -136.47972, 59.46389 ], [ -137.4525, 58.905 ], [ -138.34089, 59.56211 ], [ -139.039, 60.0 ], [ -140.013, 60.27682 ], [ -140.99778, 60.30639 ], [ -140.9925, 66.00003 ], [ -140.986, 69.712 ], [ -139.12052, 69.47102 ], [ -137.54636, 68.99002 ], [ -136.50358, 68.89804 ], [ -135.62576, 69.31512 ], [ -134.41464, 69.62743 ], [ -132.92925, 69.50534 ], [ -131.43136, 69.94451 ], [ -129.79471, 70.19369 ], [ -129.10773, 69.77927 ], [ -128.36156, 70.01286 ], [ -128.13817, 70.48384 ], [ -127.44712, 70.37721 ], [ -125.75632, 69.48058 ], [ -124.42483, 70.1584 ], [ -124.28968, 69.39969 ], [ -123.06108, 69.56372 ], [ -122.6835, 69.85553 ], [ -121.47226, 69.79778 ], [ -119.94288, 69.37786 ], [ -117.60268, 69.01128 ], [ -116.22643, 68.84151 ], [ -115.2469, 68.90591 ], [ -113.89794, 68.3989 ], [ -115.30489, 67.90261 ], [ -113.49727, 67.68815 ], [ -110.798, 67.80612 ], [ -109.94619, 67.98104 ], [ -108.8802, 67.38144 ], [ -107.79239, 67.88736 ], [ -108.81299, 68.31164 ], [ -108.16721, 68.65392 ], [ -106.95, 68.7 ], [ -106.15, 68.8 ], [ -105.34282, 68.56122 ], [ -104.33791, 68.018 ], [ -103.22115, 68.09775 ], [ -101.45433, 67.64689 ], [ -99.90195, 67.80566 ], [ -98.4432, 67.78165 ], [ -98.5586, 68.40394 ], [ -97.66948, 68.57864 ], [ -96.11991, 68.23939 ], [ -96.12588, 67.29338 ], [ -95.48943, 68.0907 ], [ -94.685, 68.06383 ], [ -94.23282, 69.06903 ], [ -95.30408, 69.68571 ], [ -96.47131, 70.08976 ], [ -96.39115, 71.19482 ], [ -95.2088, 71.92053 ], [ -93.88997, 71.76015 ], [ -92.87818, 71.31869 ], [ -91.51964, 70.19129 ], [ -92.40692, 69.69997 ], [ -90.5471, 69.49766 ] ] ], [ [ [ -114.16717, 73.12145 ], [ -114.66634, 72.65277 ], [ -112.44102, 72.9554 ], [ -111.05039, 72.4504 ], [ -109.92035, 72.96113 ], [ -109.00654, 72.63335 ], [ -108.18835, 71.65089 ], [ -107.68599, 72.06548 ], [ -108.39639, 73.08953 ], [ -107.51645, 73.23598 ], [ -106.52259, 73.07601 ], [ -105.40246, 72.67259 ], [ -104.77484, 71.6984 ], [ -104.46476, 70.99297 ], [ -102.78537, 70.49776 ], [ -100.98078, 70.02432 ], [ -101.08929, 69.58447 ], [ -102.73116, 69.50402 ], [ -102.09329, 69.11962 ], [ -102.43024, 68.75282 ], [ -104.24, 68.91 ], [ -105.96, 69.18 ], [ -107.12254, 69.11922 ], [ -109.0, 68.78 ], [ -111.534149, 68.630059 ], [ -113.3132, 68.53554 ], [ -113.85496, 69.00744 ], [ -115.22, 69.28 ], [ -116.10794, 69.16821 ], [ -117.34, 69.96 ], [ -116.67473, 70.06655 ], [ -115.13112, 70.2373 ], [ -113.72141, 70.19237 ], [ -112.4161, 70.36638 ], [ -114.35, 70.6 ], [ -116.48684, 70.52045 ], [ -117.9048, 70.54056 ], [ -118.43238, 70.9092 ], [ -116.11311, 71.30918 ], [ -117.65568, 71.2952 ], [ -119.40199, 71.55859 ], [ -118.56267, 72.30785 ], [ -117.86642, 72.70594 ], [ -115.18909, 73.31459 ], [ -114.16717, 73.12145 ] ] ], [ [ [ -104.5, 73.42 ], [ -105.38, 72.76 ], [ -106.94, 73.46 ], [ -106.6, 73.6 ], [ -105.26, 73.64 ], [ -104.5, 73.42 ] ] ], [ [ [ -76.34, 73.102685 ], [ -76.251404, 72.826385 ], [ -77.314438, 72.855545 ], [ -78.39167, 72.876656 ], [ -79.486252, 72.742203 ], [ -79.775833, 72.802902 ], [ -80.876099, 73.333183 ], [ -80.833885, 73.693184 ], [ -80.353058, 73.75972 ], [ -78.064438, 73.651932 ], [ -76.34, 73.102685 ] ] ], [ [ [ -86.562179, 73.157447 ], [ -85.774371, 72.534126 ], [ -84.850112, 73.340278 ], [ -82.31559, 73.750951 ], [ -80.600088, 72.716544 ], [ -80.748942, 72.061907 ], [ -78.770639, 72.352173 ], [ -77.824624, 72.749617 ], [ -75.605845, 72.243678 ], [ -74.228616, 71.767144 ], [ -74.099141, 71.33084 ], [ -72.242226, 71.556925 ], [ -71.200015, 70.920013 ], [ -68.786054, 70.525024 ], [ -67.91497, 70.121948 ], [ -66.969033, 69.186087 ], [ -68.805123, 68.720198 ], [ -66.449866, 68.067163 ], [ -64.862314, 67.847539 ], [ -63.424934, 66.928473 ], [ -61.851981, 66.862121 ], [ -62.163177, 66.160251 ], [ -63.918444, 64.998669 ], [ -65.14886, 65.426033 ], [ -66.721219, 66.388041 ], [ -68.015016, 66.262726 ], [ -68.141287, 65.689789 ], [ -67.089646, 65.108455 ], [ -65.73208, 64.648406 ], [ -65.320168, 64.382737 ], [ -64.669406, 63.392927 ], [ -65.013804, 62.674185 ], [ -66.275045, 62.945099 ], [ -68.783186, 63.74567 ], [ -67.369681, 62.883966 ], [ -66.328297, 62.280075 ], [ -66.165568, 61.930897 ], [ -68.877367, 62.330149 ], [ -71.023437, 62.910708 ], [ -72.235379, 63.397836 ], [ -71.886278, 63.679989 ], [ -73.378306, 64.193963 ], [ -74.834419, 64.679076 ], [ -74.818503, 64.389093 ], [ -77.70998, 64.229542 ], [ -78.555949, 64.572906 ], [ -77.897281, 65.309192 ], [ -76.018274, 65.326969 ], [ -73.959795, 65.454765 ], [ -74.293883, 65.811771 ], [ -73.944912, 66.310578 ], [ -72.651167, 67.284576 ], [ -72.92606, 67.726926 ], [ -73.311618, 68.069437 ], [ -74.843307, 68.554627 ], [ -76.869101, 68.894736 ], [ -76.228649, 69.147769 ], [ -77.28737, 69.76954 ], [ -78.168634, 69.826488 ], [ -78.957242, 70.16688 ], [ -79.492455, 69.871808 ], [ -81.305471, 69.743185 ], [ -84.944706, 69.966634 ], [ -87.060003, 70.260001 ], [ -88.681713, 70.410741 ], [ -89.51342, 70.762038 ], [ -88.467721, 71.218186 ], [ -89.888151, 71.222552 ], [ -90.20516, 72.235074 ], [ -89.436577, 73.129464 ], [ -88.408242, 73.537889 ], [ -85.826151, 73.803816 ], [ -86.562179, 73.157447 ] ] ], [ [ [ -100.35642, 73.84389 ], [ -99.16387, 73.63339 ], [ -97.38, 73.76 ], [ -97.12, 73.47 ], [ -98.05359, 72.99052 ], [ -96.54, 72.56 ], [ -96.72, 71.66 ], [ -98.35966, 71.27285 ], [ -99.32286, 71.35639 ], [ -100.01482, 71.73827 ], [ -102.5, 72.51 ], [ -102.48, 72.83 ], [ -100.43836, 72.70588 ], [ -101.54, 73.36 ], [ -100.35642, 73.84389 ] ] ], [ [ [ -93.196296, 72.771992 ], [ -94.269047, 72.024596 ], [ -95.409856, 72.061881 ], [ -96.033745, 72.940277 ], [ -96.018268, 73.43743 ], [ -95.495793, 73.862417 ], [ -94.503658, 74.134907 ], [ -92.420012, 74.100025 ], [ -90.509793, 73.856732 ], [ -92.003965, 72.966244 ], [ -93.196296, 72.771992 ] ] ], [ [ [ -120.46, 71.383602 ], [ -123.09219, 70.90164 ], [ -123.62, 71.34 ], [ -125.928949, 71.868688 ], [ -125.5, 72.292261 ], [ -124.80729, 73.02256 ], [ -123.94, 73.68 ], [ -124.91775, 74.29275 ], [ -121.53788, 74.44893 ], [ -120.10978, 74.24135 ], [ -117.55564, 74.18577 ], [ -116.58442, 73.89607 ], [ -115.51081, 73.47519 ], [ -116.76794, 73.22292 ], [ -119.22, 72.52 ], [ -120.46, 71.82 ], [ -120.46, 71.383602 ] ] ], [ [ [ -93.612756, 74.979997 ], [ -94.156909, 74.592347 ], [ -95.608681, 74.666864 ], [ -96.820932, 74.927623 ], [ -96.288587, 75.377828 ], [ -94.85082, 75.647218 ], [ -93.977747, 75.29649 ], [ -93.612756, 74.979997 ] ] ], [ [ [ -98.5, 76.72 ], [ -97.735585, 76.25656 ], [ -97.704415, 75.74344 ], [ -98.16, 75.0 ], [ -99.80874, 74.89744 ], [ -100.88366, 75.05736 ], [ -100.86292, 75.64075 ], [ -102.50209, 75.5638 ], [ -102.56552, 76.3366 ], [ -101.48973, 76.30537 ], [ -99.98349, 76.64634 ], [ -98.57699, 76.58859 ], [ -98.5, 76.72 ] ] ], [ [ [ -108.21141, 76.20168 ], [ -107.81943, 75.84552 ], [ -106.92893, 76.01282 ], [ -105.881, 75.9694 ], [ -105.70498, 75.47951 ], [ -106.31347, 75.00527 ], [ -109.7, 74.85 ], [ -112.22307, 74.41696 ], [ -113.74381, 74.39427 ], [ -113.87135, 74.72029 ], [ -111.79421, 75.1625 ], [ -116.31221, 75.04343 ], [ -117.7104, 75.2222 ], [ -116.34602, 76.19903 ], [ -115.40487, 76.47887 ], [ -112.59056, 76.14134 ], [ -110.81422, 75.54919 ], [ -109.0671, 75.47321 ], [ -110.49726, 76.42982 ], [ -109.5811, 76.79417 ], [ -108.54859, 76.67832 ], [ -108.21141, 76.20168 ] ] ], [ [ [ -94.684086, 77.097878 ], [ -93.573921, 76.776296 ], [ -91.605023, 76.778518 ], [ -90.741846, 76.449597 ], [ -90.969661, 76.074013 ], [ -89.822238, 75.847774 ], [ -89.187083, 75.610166 ], [ -87.838276, 75.566189 ], [ -86.379192, 75.482421 ], [ -84.789625, 75.699204 ], [ -82.753445, 75.784315 ], [ -81.128531, 75.713983 ], [ -80.057511, 75.336849 ], [ -79.833933, 74.923127 ], [ -80.457771, 74.657304 ], [ -81.948843, 74.442459 ], [ -83.228894, 74.564028 ], [ -86.097452, 74.410032 ], [ -88.15035, 74.392307 ], [ -89.764722, 74.515555 ], [ -92.422441, 74.837758 ], [ -92.768285, 75.38682 ], [ -92.889906, 75.882655 ], [ -93.893824, 76.319244 ], [ -95.962457, 76.441381 ], [ -97.121379, 76.751078 ], [ -96.745123, 77.161389 ], [ -94.684086, 77.097878 ] ] ], [ [ [ -116.198587, 77.645287 ], [ -116.335813, 76.876962 ], [ -117.106051, 76.530032 ], [ -118.040412, 76.481172 ], [ -119.899318, 76.053213 ], [ -121.499995, 75.900019 ], [ -122.854924, 76.116543 ], [ -122.854925, 76.116543 ], [ -121.157535, 76.864508 ], [ -119.103939, 77.51222 ], [ -117.570131, 77.498319 ], [ -116.198587, 77.645287 ] ] ], [ [ [ -93.840003, 77.519997 ], [ -94.295608, 77.491343 ], [ -96.169654, 77.555111 ], [ -96.436304, 77.834629 ], [ -94.422577, 77.820005 ], [ -93.720656, 77.634331 ], [ -93.840003, 77.519997 ] ] ], [ [ [ -110.186938, 77.697015 ], [ -112.051191, 77.409229 ], [ -113.534279, 77.732207 ], [ -112.724587, 78.05105 ], [ -111.264443, 78.152956 ], [ -109.854452, 77.996325 ], [ -110.186938, 77.697015 ] ] ], [ [ [ -109.663146, 78.601973 ], [ -110.881314, 78.40692 ], [ -112.542091, 78.407902 ], [ -112.525891, 78.550555 ], [ -111.50001, 78.849994 ], [ -110.963661, 78.804441 ], [ -109.663146, 78.601973 ] ] ], [ [ [ -95.830295, 78.056941 ], [ -97.309843, 77.850597 ], [ -98.124289, 78.082857 ], [ -98.552868, 78.458105 ], [ -98.631984, 78.87193 ], [ -97.337231, 78.831984 ], [ -96.754399, 78.765813 ], [ -95.559278, 78.418315 ], [ -95.830295, 78.056941 ] ] ], [ [ [ -100.060192, 78.324754 ], [ -99.670939, 77.907545 ], [ -101.30394, 78.018985 ], [ -102.949809, 78.343229 ], [ -105.176133, 78.380332 ], [ -104.210429, 78.67742 ], [ -105.41958, 78.918336 ], [ -105.492289, 79.301594 ], [ -103.529282, 79.165349 ], [ -100.825158, 78.800462 ], [ -100.060192, 78.324754 ] ] ], [ [ [ -87.02, 79.66 ], [ -85.81435, 79.3369 ], [ -87.18756, 79.0393 ], [ -89.03535, 78.28723 ], [ -90.80436, 78.21533 ], [ -92.87669, 78.34333 ], [ -93.95116, 78.75099 ], [ -93.93574, 79.11373 ], [ -93.14524, 79.3801 ], [ -94.974, 79.37248 ], [ -96.07614, 79.70502 ], [ -96.70972, 80.15777 ], [ -96.01644, 80.60233 ], [ -95.32345, 80.90729 ], [ -94.29843, 80.97727 ], [ -94.73542, 81.20646 ], [ -92.40984, 81.25739 ], [ -91.13289, 80.72345 ], [ -89.45, 80.509322 ], [ -87.81, 80.32 ], [ -87.02, 79.66 ] ] ], [ [ [ -68.5, 83.106322 ], [ -65.82735, 83.02801 ], [ -63.68, 82.9 ], [ -61.85, 82.6286 ], [ -61.89388, 82.36165 ], [ -64.334, 81.92775 ], [ -66.75342, 81.72527 ], [ -67.65755, 81.50141 ], [ -65.48031, 81.50657 ], [ -67.84, 80.9 ], [ -69.4697, 80.61683 ], [ -71.18, 79.8 ], [ -73.2428, 79.63415 ], [ -73.88, 79.430162 ], [ -76.90773, 79.32309 ], [ -75.52924, 79.19766 ], [ -76.22046, 79.01907 ], [ -75.39345, 78.52581 ], [ -76.34354, 78.18296 ], [ -77.88851, 77.89991 ], [ -78.36269, 77.50859 ], [ -79.75951, 77.20968 ], [ -79.61965, 76.98336 ], [ -77.91089, 77.022045 ], [ -77.88911, 76.777955 ], [ -80.56125, 76.17812 ], [ -83.17439, 76.45403 ], [ -86.11184, 76.29901 ], [ -87.6, 76.42 ], [ -89.49068, 76.47239 ], [ -89.6161, 76.95213 ], [ -87.76739, 77.17833 ], [ -88.26, 77.9 ], [ -87.65, 77.970222 ], [ -84.97634, 77.53873 ], [ -86.34, 78.18 ], [ -87.96192, 78.37181 ], [ -87.15198, 78.75867 ], [ -85.37868, 78.9969 ], [ -85.09495, 79.34543 ], [ -86.50734, 79.73624 ], [ -86.93179, 80.25145 ], [ -84.19844, 80.20836 ], [ -83.408696, 80.1 ], [ -81.84823, 80.46442 ], [ -84.1, 80.58 ], [ -87.59895, 80.51627 ], [ -89.36663, 80.85569 ], [ -90.2, 81.26 ], [ -91.36786, 81.5531 ], [ -91.58702, 81.89429 ], [ -90.1, 82.085 ], [ -88.93227, 82.11751 ], [ -86.97024, 82.27961 ], [ -85.5, 82.652273 ], [ -84.260005, 82.6 ], [ -83.18, 82.32 ], [ -82.42, 82.86 ], [ -81.1, 83.02 ], [ -79.30664, 83.13056 ], [ -76.25, 83.172059 ], [ -75.71878, 83.06404 ], [ -72.83153, 83.23324 ], [ -70.665765, 83.169781 ], [ -68.5, 83.106322 ] ] ] ] } },
{ "type": "Feature", "properties": { "name": "Switzerland", "iso3": "CHE", "name_with_flag": "🇨🇭 Switzerland", "1960": null, "1961": 10.29204745012866, "1962": 8.1202254025274598, "1963": 7.637788934537415, "1964": 9.0276301598440689, "1965": 4.7648295636608884, "1966": 6.2682515976682396, "1967": 6.3197801567653977, "1968": 5.4434834848011704, "1969": 7.139733970831208, "1970": 10.587659929783321, "1971": 19.540989274101285, "1972": 21.718533774072114, "1973": 33.495648492730702, "1974": 14.624256532472547, "1975": 14.695740219712516, "1976": 5.1980696121973979, "1977": 7.1668437228414206, "1978": 39.837575029061469, "1979": 12.18119444422323, "1980": 6.1773181507579489, "1981": -8.9144957129700497, "1982": 1.8961511212704174, "1983": -0.78187293258242807, "1984": -4.8601556185042361, "1985": 0.9466578645507262, "1986": 42.605634176603012, "1987": 24.450911597798843, "1988": 7.3912013579899849, "1989": -4.22686219662417, "1990": 26.401294063447555, "1991": -0.075920341329149821, "1992": 2.9566529521968032, "1993": -3.6267151498229011, "1994": 9.8240099507199474, "1995": 16.29558003449074, "1996": -4.0331954929277547, "1997": -13.532634254266595, "1998": 2.6359496559367201, "1999": -2.3075958332433699, "2000": -6.7888773728314478, "2001": 1.9909140092578159, "2002": 7.1141104030597146, "2003": 16.196918253669203, "2004": 10.790779488241453, "2005": 2.8969117117816578, "2006": 4.9217579840617587, "2007": 10.130517324086007, "2008": 14.134723583079856, "2009": -3.5144909008511194, "2010": 6.9347177039978725, "2011": 18.221790140952798, "2012": -5.1289981443840897, "2013": 1.7103771757355002, "2014": 1.6272508852024803, "2015": -5.5435829450794394, "2016": -1.9728470815022381, "2017": 0.1233094475234342, "2018": 3.6022303134044753, "2019": -1.285463435091494, "2020": 2.1110467646638265, "2021": 9.0421300107034632, "2022": 0.77909440460017798, "2023": 6.60768516073309, "2024": 3.0189951584310482 }, "geometry": { "type": "Polygon", "coordinates": [ [ [ 9.594226, 47.525058 ], [ 9.632932, 47.347601 ], [ 9.47997, 47.10281 ], [ 9.932448, 46.920728 ], [ 10.442701, 46.893546 ], [ 10.363378, 46.483571 ], [ 9.922837, 46.314899 ], [ 9.182882, 46.440215 ], [ 8.966306, 46.036932 ], [ 8.489952, 46.005151 ], [ 8.31663, 46.163642 ], [ 7.755992, 45.82449 ], [ 7.273851, 45.776948 ], [ 6.843593, 45.991147 ], [ 6.5001, 46.429673 ], [ 6.022609, 46.27299 ], [ 6.037389, 46.725779 ], [ 6.768714, 47.287708 ], [ 6.736571, 47.541801 ], [ 7.192202, 47.449766 ], [ 7.466759, 47.620582 ], [ 8.317301, 47.61358 ], [ 8.522612, 47.830828 ], [ 9.594226, 47.525058 ] ] ] } },
{ "type": "Feature", "properties": { "name": "Chile", "iso3": "CHL", "name_with_flag": "🇨🇱 Chile", "1960": null, "1961": 15.092090563007732, "1962": 14.155937227580262, "1963": -3.0748042461531622, "1964": 4.2952990340843655, "1965": 0.022353609953285059, "1966": 15.192341523904652, "1967": -3.3018607402881428, "1968": 0.2070319490325323, "1969": 14.06735702509032, "1970": 7.6771801167481168, "1971": 16.825241370164477, "1972": 7.838210598870532, "1973": 40.668790399927055, "1974": -5.3036589042062658, "1975": -53.62587249150971, "1976": 32.634583697478583, "1977": 33.565969105628412, "1978": 12.999583460444697, "1979": 33.888822359276617, "1980": 31.026292861309134, "1981": 17.173419081620555, "1982": -44.784526570601265, "1983": 3.133748405380965, "1984": -4.6157476118315666, "1985": -11.576570727410241, "1986": 5.4030772991398024, "1987": 15.897658003864334, "1988": 13.925769264719356, "1989": 13.126522497167992, "1990": 9.2157460244828506, "1991": 12.484053599074585, "1992": 19.779510187312653, "1993": 5.6408606368754777, "1994": 13.306955666874831, "1995": 26.653529368923333, "1996": 4.959907184190171, "1997": 7.6582676780329928, "1998": -5.610180931419384, "1999": -8.9720319753050841, "2000": 2.4209038464409138, "2001": -9.6852936768616829, "2002": -2.9088444176409545, "2003": 7.7311252635882788, "2004": 28.22284418510592, "2005": 22.215692468069914, "2006": 24.575585396431208, "2007": 11.029028268731, "2008": 3.2552830836628299, "2009": -5.4704220444921408, "2010": 25.092766714024563, "2011": 14.680133979310895, "2012": 5.208074539012153, "2013": 2.8975484423198417, "2014": -7.3572119613668052, "2015": -7.5415058641619233, "2016": 1.6073621234594881, "2017": 9.0115011749423601, "2018": 5.239092958231395, "2019": -7.4316904609936003, "2020": -9.5262709506182439, "2021": 23.576519896460326, "2022": -4.9436925413740678, "2023": 10.784507677184262, "2024": -2.09261334330062 }, "geometry": { "type": "MultiPolygon", "coordinates": [ [ [ [ -68.63401, -52.63637 ], [ -68.63335, -54.8695 ], [ -67.56244, -54.87001 ], [ -66.95992, -54.89681 ], [ -67.29103, -55.30124 ], [ -68.14863, -55.61183 ], [ -68.639991, -55.580018 ], [ -69.2321, -55.49906 ], [ -69.95809, -55.19843 ], [ -71.00568, -55.05383 ], [ -72.2639, -54.49514 ], [ -73.2852, -53.95752 ], [ -74.66253, -52.83749 ], [ -73.8381, -53.04743 ], [ -72.43418, -53.7154 ], [ -71.10773, -54.07433 ], [ -70.59178, -53.61583 ], [ -70.26748, -52.93123 ], [ -69.34565, -52.5183 ], [ -68.63401, -52.63637 ] ] ], [ [ [ -68.219913, -21.494347 ], [ -67.82818, -22.872919 ], [ -67.106674, -22.735925 ], [ -66.985234, -22.986349 ], [ -67.328443, -24.025303 ], [ -68.417653, -24.518555 ], [ -68.386001, -26.185016 ], [ -68.5948, -26.506909 ], [ -68.295542, -26.89934 ], [ -69.001235, -27.521214 ], [ -69.65613, -28.459141 ], [ -70.01355, -29.367923 ], [ -69.919008, -30.336339 ], [ -70.535069, -31.36501 ], [ -70.074399, -33.09121 ], [ -69.814777, -33.273886 ], [ -69.817309, -34.193571 ], [ -70.388049, -35.169688 ], [ -70.364769, -36.005089 ], [ -71.121881, -36.658124 ], [ -71.118625, -37.576827 ], [ -70.814664, -38.552995 ], [ -71.413517, -38.916022 ], [ -71.680761, -39.808164 ], [ -71.915734, -40.832339 ], [ -71.746804, -42.051386 ], [ -72.148898, -42.254888 ], [ -71.915424, -43.408565 ], [ -71.464056, -43.787611 ], [ -71.793623, -44.207172 ], [ -71.329801, -44.407522 ], [ -71.222779, -44.784243 ], [ -71.659316, -44.973689 ], [ -71.552009, -45.560733 ], [ -71.917258, -46.884838 ], [ -72.447355, -47.738533 ], [ -72.331161, -48.244238 ], [ -72.648247, -48.878618 ], [ -73.415436, -49.318436 ], [ -73.328051, -50.378785 ], [ -72.975747, -50.74145 ], [ -72.309974, -50.67701 ], [ -72.329404, -51.425956 ], [ -71.914804, -52.009022 ], [ -69.498362, -52.142761 ], [ -68.571545, -52.299444 ], [ -69.461284, -52.291951 ], [ -69.94278, -52.537931 ], [ -70.845102, -52.899201 ], [ -71.006332, -53.833252 ], [ -71.429795, -53.856455 ], [ -72.557943, -53.53141 ], [ -73.702757, -52.835069 ], [ -73.702757, -52.83507 ], [ -74.946763, -52.262754 ], [ -75.260026, -51.629355 ], [ -74.976632, -51.043396 ], [ -75.479754, -50.378372 ], [ -75.608015, -48.673773 ], [ -75.18277, -47.711919 ], [ -74.126581, -46.939253 ], [ -75.644395, -46.647643 ], [ -74.692154, -45.763976 ], [ -74.351709, -44.103044 ], [ -73.240356, -44.454961 ], [ -72.717804, -42.383356 ], [ -73.3889, -42.117532 ], [ -73.701336, -43.365776 ], [ -74.331943, -43.224958 ], [ -74.017957, -41.794813 ], [ -73.677099, -39.942213 ], [ -73.217593, -39.258689 ], [ -73.505559, -38.282883 ], [ -73.588061, -37.156285 ], [ -73.166717, -37.12378 ], [ -72.553137, -35.50884 ], [ -71.861732, -33.909093 ], [ -71.43845, -32.418899 ], [ -71.668721, -30.920645 ], [ -71.370083, -30.095682 ], [ -71.489894, -28.861442 ], [ -70.905124, -27.64038 ], [ -70.724954, -25.705924 ], [ -70.403966, -23.628997 ], [ -70.091246, -21.393319 ], [ -70.16442, -19.756468 ], [ -70.372572, -18.347975 ], [ -69.858444, -18.092694 ], [ -69.590424, -17.580012 ], [ -69.100247, -18.260125 ], [ -68.966818, -18.981683 ], [ -68.442225, -19.405068 ], [ -68.757167, -20.372658 ], [ -68.219913, -21.494347 ] ] ] ] } },
{ "type": "Feature", "properties": { "name": "China", "iso3": "CHN", "name_with_flag": "🇨🇳 China", "1960": null, "1961": -15.325823242939817, "1962": -6.4553204333534957, "1963": 4.7936796160020334, "1964": 15.030523470617085, "1965": 15.184325529391728, "1966": 5.9171004127880344, "1967": -7.4110396925319399, "1968": -5.2872191670320206, "1969": 9.4523847293675125, "1970": 12.998051432336165, "1971": 4.849078709438448, "1972": 11.153349846334537, "1973": 19.108987500350416, "1974": 1.946524057662935, "1975": 11.358112939788434, "1976": -7.2445252798630673, "1977": 12.100140922154301, "1978": -15.653486121320725, "1979": 17.637564974460584, "1980": 5.8949869198732907, "1981": 1.1663013275075684, "1982": 3.1896979109917956, "1983": 10.868965014729159, "1984": 11.213468485972488, "1985": 17.442689104079356, "1986": -4.2581442934254259, "1987": -10.688374204188333, "1988": 12.593047266926916, "1989": 9.649159671300378, "1990": 2.2714268378741798, "1991": 4.9063642038711608, "1992": 10.083600614038479, "1993": 3.0222992228025491, "1994": 25.52876089949001, "1995": 28.801508501764172, "1996": 16.428978301417452, "1997": 10.290524785828815, "1998": 6.1458146276438308, "1999": 5.5144919138679693, "2000": 9.9929907488101488, "2001": 9.9263836485017123, "2002": 9.21278866681876, "2003": 12.325357482238131, "2004": 17.135388536428952, "2005": 16.11557336693825, "2006": 19.779652741952347, "2007": 28.435747179068539, "2008": 28.840754246664922, "2009": 10.637367164422207, "2010": 18.752053862655771, "2011": 23.211444687116845, "2012": 12.295347455139183, "2013": 11.584248398659014, "2014": 8.8712420200260045, "2015": 5.067003379724011, "2016": 0.97287466922046928, "2017": 8.7803691326079569, "2018": 12.316560451211632, "2019": 2.550522625709295, "2020": 2.7512865862015179, "2021": 21.265392835804843, "2022": 0.64535660093967273, "2023": -0.14978022048810491, "2024": 2.7176671355160442 }, "geometry": { "type": "MultiPolygon", "coordinates": [ [ [ [ 110.339188, 18.678395 ], [ 109.47521, 18.197701 ], [ 108.655208, 18.507682 ], [ 108.626217, 19.367888 ], [ 109.119056, 19.821039 ], [ 110.211599, 20.101254 ], [ 110.786551, 20.077534 ], [ 111.010051, 19.69593 ], [ 110.570647, 19.255879 ], [ 110.339188, 18.678395 ] ] ], [ [ [ 127.657407, 49.76027 ], [ 129.397818, 49.4406 ], [ 130.582293, 48.729687 ], [ 130.987282, 47.790132 ], [ 132.506672, 47.78897 ], [ 133.373596, 48.183442 ], [ 135.026311, 48.47823 ], [ 134.500814, 47.57844 ], [ 134.112362, 47.212467 ], [ 133.769644, 46.116927 ], [ 133.097127, 45.144066 ], [ 131.883454, 45.321162 ], [ 131.025212, 44.967953 ], [ 131.288555, 44.11152 ], [ 131.144688, 42.92999 ], [ 130.633866, 42.903015 ], [ 130.640016, 42.395009 ], [ 129.994267, 42.985387 ], [ 129.596669, 42.424982 ], [ 128.052215, 41.994285 ], [ 128.208433, 41.466772 ], [ 127.343783, 41.503152 ], [ 126.869083, 41.816569 ], [ 126.182045, 41.107336 ], [ 125.079942, 40.569824 ], [ 124.265625, 39.928493 ], [ 122.86757, 39.637788 ], [ 122.131388, 39.170452 ], [ 121.054554, 38.897471 ], [ 121.585995, 39.360854 ], [ 121.376757, 39.750261 ], [ 122.168595, 40.422443 ], [ 121.640359, 40.94639 ], [ 120.768629, 40.593388 ], [ 119.639602, 39.898056 ], [ 119.023464, 39.252333 ], [ 118.042749, 39.204274 ], [ 117.532702, 38.737636 ], [ 118.059699, 38.061476 ], [ 118.87815, 37.897325 ], [ 118.911636, 37.448464 ], [ 119.702802, 37.156389 ], [ 120.823457, 37.870428 ], [ 121.711259, 37.481123 ], [ 122.357937, 37.454484 ], [ 122.519995, 36.930614 ], [ 121.104164, 36.651329 ], [ 120.637009, 36.11144 ], [ 119.664562, 35.609791 ], [ 119.151208, 34.909859 ], [ 120.227525, 34.360332 ], [ 120.620369, 33.376723 ], [ 121.229014, 32.460319 ], [ 121.908146, 31.692174 ], [ 121.891919, 30.949352 ], [ 121.264257, 30.676267 ], [ 121.503519, 30.142915 ], [ 122.092114, 29.83252 ], [ 121.938428, 29.018022 ], [ 121.684439, 28.225513 ], [ 121.125661, 28.135673 ], [ 120.395473, 27.053207 ], [ 119.585497, 25.740781 ], [ 118.656871, 24.547391 ], [ 117.281606, 23.624501 ], [ 115.890735, 22.782873 ], [ 114.763827, 22.668074 ], [ 114.152547, 22.22376 ], [ 113.80678, 22.54834 ], [ 113.241078, 22.051367 ], [ 111.843592, 21.550494 ], [ 110.785466, 21.397144 ], [ 110.444039, 20.341033 ], [ 109.889861, 20.282457 ], [ 109.627655, 21.008227 ], [ 109.864488, 21.395051 ], [ 108.522813, 21.715212 ], [ 108.05018, 21.55238 ], [ 107.04342, 21.811899 ], [ 106.567273, 22.218205 ], [ 106.725403, 22.794268 ], [ 105.811247, 22.976892 ], [ 105.329209, 23.352063 ], [ 104.476858, 22.81915 ], [ 103.504515, 22.703757 ], [ 102.706992, 22.708795 ], [ 102.170436, 22.464753 ], [ 101.652018, 22.318199 ], [ 101.80312, 21.174367 ], [ 101.270026, 21.201652 ], [ 101.180005, 21.436573 ], [ 101.150033, 21.849984 ], [ 100.416538, 21.558839 ], [ 99.983489, 21.742937 ], [ 99.240899, 22.118314 ], [ 99.531992, 22.949039 ], [ 98.898749, 23.142722 ], [ 98.660262, 24.063286 ], [ 97.60472, 23.897405 ], [ 97.724609, 25.083637 ], [ 98.671838, 25.918703 ], [ 98.712094, 26.743536 ], [ 98.68269, 27.508812 ], [ 98.246231, 27.747221 ], [ 97.911988, 28.335945 ], [ 97.327114, 28.261583 ], [ 96.248833, 28.411031 ], [ 96.586591, 28.83098 ], [ 96.117679, 29.452802 ], [ 95.404802, 29.031717 ], [ 94.56599, 29.277438 ], [ 93.413348, 28.640629 ], [ 92.503119, 27.896876 ], [ 91.696657, 27.771742 ], [ 91.258854, 28.040614 ], [ 90.730514, 28.064954 ], [ 90.015829, 28.296439 ], [ 89.47581, 28.042759 ], [ 88.814248, 27.299316 ], [ 88.730326, 28.086865 ], [ 88.120441, 27.876542 ], [ 86.954517, 27.974262 ], [ 85.82332, 28.203576 ], [ 85.011638, 28.642774 ], [ 84.23458, 28.839894 ], [ 83.898993, 29.320226 ], [ 83.337115, 29.463732 ], [ 82.327513, 30.115268 ], [ 81.525804, 30.422717 ], [ 81.111256, 30.183481 ], [ 79.721367, 30.882715 ], [ 78.738894, 31.515906 ], [ 78.458446, 32.618164 ], [ 79.176129, 32.48378 ], [ 79.208892, 32.994395 ], [ 78.811086, 33.506198 ], [ 78.912269, 34.321936 ], [ 77.837451, 35.49401 ], [ 76.192848, 35.898403 ], [ 75.896897, 36.666806 ], [ 75.158028, 37.133031 ], [ 74.980002, 37.41999 ], [ 74.829986, 37.990007 ], [ 74.864816, 38.378846 ], [ 74.257514, 38.606507 ], [ 73.928852, 38.505815 ], [ 73.675379, 39.431237 ], [ 73.960013, 39.660008 ], [ 73.822244, 39.893973 ], [ 74.776862, 40.366425 ], [ 75.467828, 40.562072 ], [ 76.526368, 40.427946 ], [ 76.904484, 41.066486 ], [ 78.187197, 41.185316 ], [ 78.543661, 41.582243 ], [ 80.11943, 42.123941 ], [ 80.25999, 42.349999 ], [ 80.18015, 42.920068 ], [ 80.866206, 43.180362 ], [ 79.966106, 44.917517 ], [ 81.947071, 45.317027 ], [ 82.458926, 45.53965 ], [ 83.180484, 47.330031 ], [ 85.16429, 47.000956 ], [ 85.720484, 47.452969 ], [ 85.768233, 48.455751 ], [ 86.598776, 48.549182 ], [ 87.35997, 49.214981 ], [ 87.751264, 49.297198 ], [ 88.013832, 48.599463 ], [ 88.854298, 48.069082 ], [ 90.280826, 47.693549 ], [ 90.970809, 46.888146 ], [ 90.585768, 45.719716 ], [ 90.94554, 45.286073 ], [ 92.133891, 45.115076 ], [ 93.480734, 44.975472 ], [ 94.688929, 44.352332 ], [ 95.306875, 44.241331 ], [ 95.762455, 43.319449 ], [ 96.349396, 42.725635 ], [ 97.451757, 42.74889 ], [ 99.515817, 42.524691 ], [ 100.845866, 42.663804 ], [ 101.83304, 42.514873 ], [ 103.312278, 41.907468 ], [ 104.522282, 41.908347 ], [ 104.964994, 41.59741 ], [ 106.129316, 42.134328 ], [ 107.744773, 42.481516 ], [ 109.243596, 42.519446 ], [ 110.412103, 42.871234 ], [ 111.129682, 43.406834 ], [ 111.829588, 43.743118 ], [ 111.667737, 44.073176 ], [ 111.348377, 44.457442 ], [ 111.873306, 45.102079 ], [ 112.436062, 45.011646 ], [ 113.463907, 44.808893 ], [ 114.460332, 45.339817 ], [ 115.985096, 45.727235 ], [ 116.717868, 46.388202 ], [ 117.421701, 46.672733 ], [ 118.874326, 46.805412 ], [ 119.66327, 46.69268 ], [ 119.772824, 47.048059 ], [ 118.866574, 47.74706 ], [ 118.064143, 48.06673 ], [ 117.295507, 47.697709 ], [ 116.308953, 47.85341 ], [ 115.742837, 47.726545 ], [ 115.485282, 48.135383 ], [ 116.191802, 49.134598 ], [ 116.678801, 49.888531 ], [ 117.879244, 49.510983 ], [ 119.288461, 50.142883 ], [ 119.279366, 50.582908 ], [ 120.18205, 51.643566 ], [ 120.738191, 51.964115 ], [ 120.725789, 52.516226 ], [ 120.177089, 52.753886 ], [ 121.003085, 53.251401 ], [ 122.245748, 53.431726 ], [ 123.571507, 53.458804 ], [ 125.068211, 53.161045 ], [ 125.946349, 52.792799 ], [ 126.564399, 51.784255 ], [ 126.939157, 51.353894 ], [ 127.287456, 50.739797 ], [ 127.657407, 49.76027 ] ] ] ] } },
{ "type": "Feature", "properties": { "name": "Ivory Coast", "iso3": "CIV", "name_with_flag": "🇨🇮 Ivory Coast", "1960": null, "1961": 9.1349901658039023, "1962": 0.50160320245060674, "1963": 13.490675886846471, "1964": 16.441504303753863, "1965": -3.9262908060034629, "1966": 7.1199812391452122, "1967": 1.7289347033325964, "1968": 13.80535912292209, "1969": 2.1122400650641859, "1970": 2.5803381456938501, "1971": 4.2296335654638195, "1972": 11.632098668509027, "1973": 29.598624773662351, "1974": 16.928040694528711, "1975": 21.171972288957264, "1976": 14.950968398424358, "1977": 29.539086398498981, "1978": 21.440784321989483, "1979": 11.344886497696937, "1980": 6.9836363002130586, "1981": -20.382467114861246, "1982": -13.802820973335027, "1983": -13.188041572347476, "1984": -3.8659865354539691, "1985": -1.973164972592989, "1986": 26.218119550128762, "1987": 5.9802895485455476, "1988": -2.1597391765968643, "1989": -8.4630512750757063, "1990": 6.376479123333656, "1991": -6.5947152202024846, "1992": 2.1348453059524264, "1993": -4.8233470627966675, "1994": -27.639281648721571, "1995": 27.253441148885592, "1996": 58.038991643812011, "1997": -3.8948949809498923, "1998": 4.6871714001671005, "1999": -6.8997885072614729, "2000": -14.551002802568858, "2001": -1.2714906861931885, "2002": 4.6595974498289561, "2003": 14.812268710782362, "2004": 7.9784179403540545, "2005": -0.17328152574581646, "2006": 2.7288251397459717, "2007": 11.14305937776663, "2008": 15.82643127593817, "2009": -2.7473192669533963, "2010": 0.85006987109652599, "2011": 2.7729668500996008, "2012": -3.1116978357100145, "2013": 15.463539062354958, "2014": 11.488720631363591, "2015": -8.8706394047698307, "2016": 2.6382834908189823, "2017": 5.4603002564303837, "2018": 8.4797103038781962, "2019": 0.51163080635343583, "2020": 1.7724132687275462, "2021": 12.673680250590259, "2022": -4.992301615042372, "2023": 9.4842071251415518, "2024": 6.0760052103842277 }, "geometry": { "type": "Polygon", "coordinates": [ [ [ -2.856125, 4.994476 ], [ -3.311084, 4.984296 ], [ -4.00882, 5.179813 ], [ -4.649917, 5.168264 ], [ -5.834496, 4.993701 ], [ -6.528769, 4.705088 ], [ -7.518941, 4.338288 ], [ -7.712159, 4.364566 ], [ -7.635368, 5.188159 ], [ -7.539715, 5.313345 ], [ -7.570153, 5.707352 ], [ -7.993693, 6.12619 ], [ -8.311348, 6.193033 ], [ -8.60288, 6.467564 ], [ -8.385452, 6.911801 ], [ -8.485446, 7.395208 ], [ -8.439298, 7.686043 ], [ -8.280703, 7.68718 ], [ -8.221792, 8.123329 ], [ -8.299049, 8.316444 ], [ -8.203499, 8.455453 ], [ -7.8321, 8.575704 ], [ -8.079114, 9.376224 ], [ -8.309616, 9.789532 ], [ -8.229337, 10.12902 ], [ -8.029944, 10.206535 ], [ -7.89959, 10.297382 ], [ -7.622759, 10.147236 ], [ -6.850507, 10.138994 ], [ -6.666461, 10.430811 ], [ -6.493965, 10.411303 ], [ -6.205223, 10.524061 ], [ -6.050452, 10.096361 ], [ -5.816926, 10.222555 ], [ -5.404342, 10.370737 ], [ -4.954653, 10.152714 ], [ -4.779884, 9.821985 ], [ -4.330247, 9.610835 ], [ -3.980449, 9.862344 ], [ -3.511899, 9.900326 ], [ -2.827496, 9.642461 ], [ -2.56219, 8.219628 ], [ -2.983585, 7.379705 ], [ -3.24437, 6.250472 ], [ -2.810701, 5.389051 ], [ -2.856125, 4.994476 ] ] ] } },
{ "type": "Feature", "properties": { "name": "Cameroon", "iso3": "CMR", "name_with_flag": "🇨🇲 Cameroon", "1960": null, "1961": 4.6527014173461501, "1962": 4.3737586132323036, "1963": 1.2299393985649054, "1964": 5.7626700191289126, "1965": 2.4967644741934691, "1966": 2.1734979962751311, "1967": 7.4176022475139325, "1968": 9.0417948632130152, "1969": 2.5575370242717499, "1970": 1.9060674076497808, "1971": 4.6141993252643676, "1972": 17.878662557442038, "1973": 23.465026222957452, "1974": 10.358893936647373, "1975": 28.78483170081898, "1976": -1.2444540139629146, "1977": 14.151679993651145, "1978": 33.665081675574669, "1979": 23.431282594936519, "1980": 9.1541300573497519, "1981": -4.3703579429142936, "1982": -2.3467199119008408, "1983": 1.8111924495305631, "1984": 3.5128763520190454, "1985": 13.429478743964584, "1986": 34.644460108943889, "1987": 6.7640251945341623, "1988": -8.9920764021097721, "1989": -12.598435703031418, "1990": 8.5747856541435787, "1991": -6.6151570115245413, "1992": -0.9242933248404861, "1993": 30.283717066182337, "1994": -46.508123946094649, "1995": 18.737746853857871, "1996": -0.60592688915984683, "1997": -5.2860403213614742, "1998": 1.978166329022546, "1999": -0.31085887115266386, "2000": -11.013566714745371, "2001": 0.97444238924395687, "2002": 10.364303726900781, "2003": 25.153429130956397, "2004": 14.687910140334726, "2005": 0.81449178224941576, "2006": 4.273487960682365, "2007": 11.265044709746297, "2008": 12.557416563708079, "2009": -2.0609761876047905, "2010": -4.2974820138906855, "2011": 8.249293610464715, "2012": -4.284248058599327, "2013": 8.7523419728525056, "2014": 4.6648407223407906, "2015": -14.213479215231251, "2016": 1.8883444261079241, "2017": 3.7711440942625574, "2018": 7.6604305317897747, "2019": -3.4438402294483361, "2020": 0.024247388872877806, "2021": 7.5033806042921647, "2022": -4.0332615012086066, "2023": 8.2239086870106384, "2024": 1.4685942893586823 }, "geometry": { "type": "Polygon", "coordinates": [ [ [ 13.075822, 2.267097 ], [ 12.951334, 2.321616 ], [ 12.35938, 2.192812 ], [ 11.751665, 2.326758 ], [ 11.276449, 2.261051 ], [ 9.649158, 2.283866 ], [ 9.795196, 3.073404 ], [ 9.404367, 3.734527 ], [ 8.948116, 3.904129 ], [ 8.744924, 4.352215 ], [ 8.488816, 4.495617 ], [ 8.500288, 4.771983 ], [ 8.757533, 5.479666 ], [ 9.233163, 6.444491 ], [ 9.522706, 6.453482 ], [ 10.118277, 7.03877 ], [ 10.497375, 7.055358 ], [ 11.058788, 6.644427 ], [ 11.745774, 6.981383 ], [ 11.839309, 7.397042 ], [ 12.063946, 7.799808 ], [ 12.218872, 8.305824 ], [ 12.753672, 8.717763 ], [ 12.955468, 9.417772 ], [ 13.1676, 9.640626 ], [ 13.308676, 10.160362 ], [ 13.57295, 10.798566 ], [ 14.415379, 11.572369 ], [ 14.468192, 11.904752 ], [ 14.577178, 12.085361 ], [ 14.181336, 12.483657 ], [ 14.213531, 12.802035 ], [ 14.495787, 12.859396 ], [ 14.893386, 12.219048 ], [ 14.960152, 11.555574 ], [ 14.923565, 10.891325 ], [ 15.467873, 9.982337 ], [ 14.909354, 9.992129 ], [ 14.627201, 9.920919 ], [ 14.171466, 10.021378 ], [ 13.954218, 9.549495 ], [ 14.544467, 8.965861 ], [ 14.979996, 8.796104 ], [ 15.120866, 8.38215 ], [ 15.436092, 7.692812 ], [ 15.27946, 7.421925 ], [ 14.776545, 6.408498 ], [ 14.53656, 6.226959 ], [ 14.459407, 5.451761 ], [ 14.558936, 5.030598 ], [ 14.478372, 4.732605 ], [ 14.950953, 4.210389 ], [ 15.03622, 3.851367 ], [ 15.405396, 3.335301 ], [ 15.862732, 3.013537 ], [ 15.907381, 2.557389 ], [ 16.012852, 2.26764 ], [ 15.940919, 1.727673 ], [ 15.146342, 1.964015 ], [ 14.337813, 2.227875 ], [ 13.075822, 2.267097 ] ] ] } },
{ "type": "Feature", "properties": { "name": "Democratic Republic of the Congo", "iso3": "COD", "name_with_flag": "🇨🇩 Democratic Republic of the Congo", "1960": null, "1961": -10.448348086184399, "1962": 19.305266464583926, "1963": 60.076428839324933, "1964": -54.84676707268774, "1965": 36.533338070019909, "1966": 8.9351822986527107, "1967": -27.487113156545639, "1968": 12.19639741393539, "1969": 25.042374759183428, "1970": -5.8040786503203101, "1971": 11.60799981463998, "1972": 7.4629821235719707, "1973": 24.112888865971026, "1974": 18.724172851155107, "1975": 3.8822511797564019, "1976": -8.1565113787286929, "1977": 24.74545469735725, "1978": 20.725856197588111, "1979": -5.3642677457138355, "1980": -7.4176905498070544, "1981": -15.40133400499114, "1982": 5.6652902993591603, "1983": -21.89049781120541, "1984": -30.956174657066494, "1985": -11.42009950251599, "1986": 9.0246622636311891, "1987": -8.2959036992999895, "1988": 12.012328417592609, "1989": -1.35575197839366, "1990": 0.25237610350086204, "1991": -0.42226129710188909, "1992": -17.364262890398528, "1993": 25.561396186997243, "1994": -48.148842553844496, "1995": -6.9827823624653895, "1996": 0.32128199850749439, "1997": 3.8514651412892675, "1998": -0.65157116854671626, "1999": -26.731900660196828, "2000": 292.36759228483362, "2001": -62.24701105177278, "2002": 13.808973196759865, "2003": -0.5474643757858888, "2004": 11.872578485252161, "2005": 12.673696446413206, "2006": 17.123052070577316, "2007": 12.361027252646672, "2008": 14.719231513429175, "2009": -8.6299681987407784, "2010": 12.01594334024696, "2011": 15.952130410983866, "2012": 9.6913448512747635, "2013": 7.7817412329072688, "2014": 6.2183535305299076, "2015": 2.1637424667892313, "2016": -5.4719620845755763, "2017": -1.2945516292039549, "2018": 20.997419241191096, "2019": 5.4496570753935991, "2020": -8.8903061364610672, "2021": 9.9528540334628435, "2022": 15.156456082814218, "2023": -1.4342405107689027, "2024": 2.2166307726714019 }, "geometry": { "type": "Polygon", "coordinates": [ [ [ 30.83386, 3.509166 ], [ 30.773347, 2.339883 ], [ 31.174149, 2.204465 ], [ 30.85267, 1.849396 ], [ 30.468508, 1.583805 ], [ 30.086154, 1.062313 ], [ 29.875779, 0.59738 ], [ 29.819503, -0.20531 ], [ 29.587838, -0.587406 ], [ 29.579466, -1.341313 ], [ 29.291887, -1.620056 ], [ 29.254835, -2.21511 ], [ 29.117479, -2.292211 ], [ 29.024926, -2.839258 ], [ 29.276384, -3.293907 ], [ 29.339998, -4.499983 ], [ 29.519987, -5.419979 ], [ 29.419993, -5.939999 ], [ 29.620032, -6.520015 ], [ 30.199997, -7.079981 ], [ 30.740015, -8.340007 ], [ 30.346086, -8.238257 ], [ 29.002912, -8.407032 ], [ 28.734867, -8.526559 ], [ 28.449871, -9.164918 ], [ 28.673682, -9.605925 ], [ 28.49607, -10.789884 ], [ 28.372253, -11.793647 ], [ 28.642417, -11.971569 ], [ 29.341548, -12.360744 ], [ 29.616001, -12.178895 ], [ 29.699614, -13.257227 ], [ 28.934286, -13.248958 ], [ 28.523562, -12.698604 ], [ 28.155109, -12.272481 ], [ 27.388799, -12.132747 ], [ 27.16442, -11.608748 ], [ 26.553088, -11.92444 ], [ 25.75231, -11.784965 ], [ 25.418118, -11.330936 ], [ 24.78317, -11.238694 ], [ 24.314516, -11.262826 ], [ 24.257155, -10.951993 ], [ 23.912215, -10.926826 ], [ 23.456791, -10.867863 ], [ 22.837345, -11.017622 ], [ 22.402798, -10.993075 ], [ 22.155268, -11.084801 ], [ 22.208753, -9.894796 ], [ 21.875182, -9.523708 ], [ 21.801801, -8.908707 ], [ 21.949131, -8.305901 ], [ 21.746456, -7.920085 ], [ 21.728111, -7.290872 ], [ 20.514748, -7.299606 ], [ 20.601823, -6.939318 ], [ 20.091622, -6.94309 ], [ 20.037723, -7.116361 ], [ 19.417502, -7.155429 ], [ 19.166613, -7.738184 ], [ 19.016752, -7.988246 ], [ 18.464176, -7.847014 ], [ 18.134222, -7.987678 ], [ 17.47297, -8.068551 ], [ 17.089996, -7.545689 ], [ 16.860191, -7.222298 ], [ 16.57318, -6.622645 ], [ 16.326528, -5.87747 ], [ 13.375597, -5.864241 ], [ 13.024869, -5.984389 ], [ 12.735171, -5.965682 ], [ 12.322432, -6.100092 ], [ 12.182337, -5.789931 ], [ 12.436688, -5.684304 ], [ 12.468004, -5.248362 ], [ 12.631612, -4.991271 ], [ 12.995517, -4.781103 ], [ 13.25824, -4.882957 ], [ 13.600235, -4.500138 ], [ 14.144956, -4.510009 ], [ 14.209035, -4.793092 ], [ 14.582604, -4.970239 ], [ 15.170992, -4.343507 ], [ 15.75354, -3.855165 ], [ 16.00629, -3.535133 ], [ 15.972803, -2.712392 ], [ 16.407092, -1.740927 ], [ 16.865307, -1.225816 ], [ 17.523716, -0.74383 ], [ 17.638645, -0.424832 ], [ 17.663553, -0.058084 ], [ 17.82654, 0.288923 ], [ 17.774192, 0.855659 ], [ 17.898835, 1.741832 ], [ 18.094276, 2.365722 ], [ 18.393792, 2.900443 ], [ 18.453065, 3.504386 ], [ 18.542982, 4.201785 ], [ 18.932312, 4.709506 ], [ 19.467784, 5.031528 ], [ 20.290679, 4.691678 ], [ 20.927591, 4.322786 ], [ 21.659123, 4.224342 ], [ 22.405124, 4.02916 ], [ 22.704124, 4.633051 ], [ 22.84148, 4.710126 ], [ 23.297214, 4.609693 ], [ 24.410531, 5.108784 ], [ 24.805029, 4.897247 ], [ 25.128833, 4.927245 ], [ 25.278798, 5.170408 ], [ 25.650455, 5.256088 ], [ 26.402761, 5.150875 ], [ 27.044065, 5.127853 ], [ 27.374226, 5.233944 ], [ 27.979977, 4.408413 ], [ 28.428994, 4.287155 ], [ 28.696678, 4.455077 ], [ 29.159078, 4.389267 ], [ 29.715995, 4.600805 ], [ 29.9535, 4.173699 ], [ 30.83386, 3.509166 ] ] ] } },
{ "type": "Feature", "properties": { "name": "Republic of the Congo", "iso3": "COG", "name_with_flag": "🇨🇬 Republic of the Congo", "1960": null, "1961": 12.203148001564257, "1962": 6.948617542777269, "1963": 0.70826471421809867, "1964": 4.9194660111149702, "1965": 3.875017158007088, "1966": 8.1397797720468077, "1967": 4.5650228129186843, "1968": 2.7931426101289514, "1969": 2.4044812302850938, "1970": 0.66590861911335342, "1971": 13.625770859509757, "1972": 23.590152477178062, "1973": 27.910604864579547, "1974": 4.68734606318022, "1975": 27.444185972606761, "1976": -4.0077493025422406, "1977": -0.98134758861784244, "1978": 12.176520911099797, "1979": 33.327940074410733, "1980": 39.150072735144683, "1981": 14.318397273109396, "1982": 6.076236737944618, "1983": -4.9181244631670289, "1984": 2.0180744503694781, "1985": -4.3508856152073561, "1986": -16.893780530447632, "1987": 20.674331408165326, "1988": -6.4582471767362541, "1989": 4.9258286450958089, "1990": 13.825826177936772, "1991": -5.3698771564643639, "1992": 4.6460747305781869, "1993": -11.153555824862805, "1994": -36.009069415294881, "1995": 16.271615917017911, "1996": 16.786137567188586, "1997": -10.512975697729932, "1998": -17.894262124533288, "1999": 17.571188432153306, "2000": 31.926844590897097, "2001": -16.567706050600282, "2002": 5.9606741878365455, "2003": 12.289432571471725, "2004": 28.44915474201246, "2005": 37.742110550320554, "2006": 16.927283087667668, "2007": 4.8911273131906574, "2008": 28.353907840111535, "2009": -19.806546892953435, "2010": 29.738464527738916, "2011": 15.258721547340093, "2012": 9.8982914335903125, "2013": -0.9353497394690935, "2014": -2.6012883166825929, "2015": -32.263492296125904, "2016": -14.194123008448656, "2017": 5.6626726195844412, "2018": 21.830069076087533, "2019": -7.6457413534451462, "2020": -19.88559275395615, "2021": 26.212849778793078, "2022": 4.1601243740118976, "2023": -5.4509124917199721, "2024": 0.17233776410783275 }, "geometry": { "type": "Polygon", "coordinates": [ [ [ 12.995517, -4.781103 ], [ 12.62076, -4.438023 ], [ 12.318608, -4.60623 ], [ 11.914963, -5.037987 ], [ 11.093773, -3.978827 ], [ 11.855122, -3.426871 ], [ 11.478039, -2.765619 ], [ 11.820964, -2.514161 ], [ 12.495703, -2.391688 ], [ 12.575284, -1.948511 ], [ 13.109619, -2.42874 ], [ 13.992407, -2.470805 ], [ 14.29921, -1.998276 ], [ 14.425456, -1.333407 ], [ 14.316418, -0.552627 ], [ 13.843321, 0.038758 ], [ 14.276266, 1.19693 ], [ 14.026669, 1.395677 ], [ 13.282631, 1.314184 ], [ 13.003114, 1.830896 ], [ 13.075822, 2.267097 ], [ 14.337813, 2.227875 ], [ 15.146342, 1.964015 ], [ 15.940919, 1.727673 ], [ 16.012852, 2.26764 ], [ 16.537058, 3.198255 ], [ 17.133042, 3.728197 ], [ 17.8099, 3.560196 ], [ 18.453065, 3.504386 ], [ 18.393792, 2.900443 ], [ 18.094276, 2.365722 ], [ 17.898835, 1.741832 ], [ 17.774192, 0.855659 ], [ 17.82654, 0.288923 ], [ 17.663553, -0.058084 ], [ 17.638645, -0.424832 ], [ 17.523716, -0.74383 ], [ 16.865307, -1.225816 ], [ 16.407092, -1.740927 ], [ 15.972803, -2.712392 ], [ 16.00629, -3.535133 ], [ 15.75354, -3.855165 ], [ 15.170992, -4.343507 ], [ 14.582604, -4.970239 ], [ 14.209035, -4.793092 ], [ 14.144956, -4.510009 ], [ 13.600235, -4.500138 ], [ 13.25824, -4.882957 ], [ 12.995517, -4.781103 ] ] ] } },
{ "type": "Feature", "properties": { "name": "Colombia", "iso3": "COL", "name_with_flag": "🇨🇴 Colombia", "1960": null, "1961": 9.2120009559122593, "1962": 5.8292994844822754, "1963": -5.3444513464504517, "1964": 19.847813579398309, "1965": -6.3811359752523611, "1966": -8.4560624214766396, "1967": 4.3338415586360535, "1968": -0.43126315905391843, "1969": 5.4198536845737388, "1970": 8.8119072033689747, "1971": 6.0558924424483296, "1972": 8.3382908638780506, "1973": 16.268315810564182, "1974": 17.245546300001969, "1975": 3.571414495288483, "1976": 14.598140276024573, "1977": 24.135800453376199, "1978": 16.811471490577979, "1979": 17.443153482401328, "1980": 16.846072667456326, "1981": 6.4620619955368941, "1982": 4.6407881629162206, "1983": -2.9189648963883097, "1984": -3.4878237734048856, "1985": -10.730544018845, "1986": -1.9087649499378689, "1987": 1.9775044679660736, "1988": 5.6204748605525046, "1989": -1.2138975822058806, "1990": 18.525563830642788, "1991": 1.6859740649926236, "1992": 15.333149206381647, "1993": 11.58582217396582, "1994": 20.513137209222521, "1995": 11.065221144667525, "1996": 3.1395801540905932, "1997": 7.8343914334138898, "1998": -9.2997629863082807, "1999": -13.904735884693265, "2000": 13.877679859761383, "2001": -3.2100363583086322, "2002": -1.7816945345460522, "2003": -4.8164222382785615, "2004": 21.913600142952738, "2005": 22.617629245919169, "2006": 9.6580184788867651, "2007": 25.860432494712903, "2008": 16.182853269522134, "2009": -5.2485017014875623, "2010": 21.849720745232926, "2011": 15.671332635949886, "2012": 9.5609360881004246, "2013": 2.1027576647119517, "2014": -1.1099549365721328, "2015": -23.679541116057447, "2016": -4.6198561745038109, "2017": 8.7198580990692562, "2018": 5.207719537073574, "2019": -5.0524327618615139, "2020": -17.502516506846632, "2021": 16.535323355394826, "2022": 7.3574041740408047, "2023": 4.7959609453901875, "2024": 13.043461248352317 }, "geometry": { "type": "Polygon", "coordinates": [ [ [ -75.373223, -0.152032 ], [ -75.801466, 0.084801 ], [ -76.292314, 0.416047 ], [ -76.57638, 0.256936 ], [ -77.424984, 0.395687 ], [ -77.668613, 0.825893 ], [ -77.855061, 0.809925 ], [ -78.855259, 1.380924 ], [ -78.990935, 1.69137 ], [ -78.617831, 1.766404 ], [ -78.662118, 2.267355 ], [ -78.42761, 2.629556 ], [ -77.931543, 2.696606 ], [ -77.510431, 3.325017 ], [ -77.12769, 3.849636 ], [ -77.496272, 4.087606 ], [ -77.307601, 4.667984 ], [ -77.533221, 5.582812 ], [ -77.318815, 5.845354 ], [ -77.476661, 6.691116 ], [ -77.881571, 7.223771 ], [ -77.753414, 7.70984 ], [ -77.431108, 7.638061 ], [ -77.242566, 7.935278 ], [ -77.474723, 8.524286 ], [ -77.353361, 8.670505 ], [ -76.836674, 8.638749 ], [ -76.086384, 9.336821 ], [ -75.6746, 9.443248 ], [ -75.664704, 9.774003 ], [ -75.480426, 10.61899 ], [ -74.906895, 11.083045 ], [ -74.276753, 11.102036 ], [ -74.197223, 11.310473 ], [ -73.414764, 11.227015 ], [ -72.627835, 11.731972 ], [ -72.238195, 11.95555 ], [ -71.75409, 12.437303 ], [ -71.399822, 12.376041 ], [ -71.137461, 12.112982 ], [ -71.331584, 11.776284 ], [ -71.973922, 11.608672 ], [ -72.227575, 11.108702 ], [ -72.614658, 10.821975 ], [ -72.905286, 10.450344 ], [ -73.027604, 9.73677 ], [ -73.304952, 9.152 ], [ -72.78873, 9.085027 ], [ -72.660495, 8.625288 ], [ -72.439862, 8.405275 ], [ -72.360901, 8.002638 ], [ -72.479679, 7.632506 ], [ -72.444487, 7.423785 ], [ -72.198352, 7.340431 ], [ -71.960176, 6.991615 ], [ -70.674234, 7.087785 ], [ -70.093313, 6.960376 ], [ -69.38948, 6.099861 ], [ -68.985319, 6.206805 ], [ -68.265052, 6.153268 ], [ -67.695087, 6.267318 ], [ -67.34144, 6.095468 ], [ -67.521532, 5.55687 ], [ -67.744697, 5.221129 ], [ -67.823012, 4.503937 ], [ -67.621836, 3.839482 ], [ -67.337564, 3.542342 ], [ -67.303173, 3.318454 ], [ -67.809938, 2.820655 ], [ -67.447092, 2.600281 ], [ -67.181294, 2.250638 ], [ -66.876326, 1.253361 ], [ -67.065048, 1.130112 ], [ -67.259998, 1.719999 ], [ -67.53781, 2.037163 ], [ -67.868565, 1.692455 ], [ -69.816973, 1.714805 ], [ -69.804597, 1.089081 ], [ -69.218638, 0.985677 ], [ -69.252434, 0.602651 ], [ -69.452396, 0.706159 ], [ -70.015566, 0.541414 ], [ -70.020656, -0.185156 ], [ -69.577065, -0.549992 ], [ -69.420486, -1.122619 ], [ -69.444102, -1.556287 ], [ -69.893635, -4.298187 ], [ -70.394044, -3.766591 ], [ -70.692682, -3.742872 ], [ -70.047709, -2.725156 ], [ -70.813476, -2.256865 ], [ -71.413646, -2.342802 ], [ -71.774761, -2.16979 ], [ -72.325787, -2.434218 ], [ -73.070392, -2.308954 ], [ -73.659504, -1.260491 ], [ -74.122395, -1.002833 ], [ -74.441601, -0.53082 ], [ -75.106625, -0.057205 ], [ -75.373223, -0.152032 ] ] ] } },
{ "type": "Feature", "properties": { "name": "Costa Rica", "iso3": "CRI", "name_with_flag": "🇨🇷 Costa Rica", "1960": null, "1961": -6.9223234410232699, "1962": -5.7954701709620799, "1963": 3.0677558804721672, "1964": 2.3749349428310529, "1965": 5.6896164224172985, "1966": 5.7021865424329965, "1967": 4.7687937280015413, "1968": 7.441790059692055, "1969": 7.256229411364945, "1970": 12.253326058943625, "1971": 6.501955154346617, "1972": 12.008337631278621, "1973": 20.363700367816229, "1974": 6.2594843176191794, "1975": 14.676285168483494, "1976": 19.881531180194866, "1977": 24.045021337062146, "1978": 11.659604017880131, "1979": 11.489534110236367, "1980": 16.510768991339432, "1981": -47.152318150065476, "1982": -3.3370488296222689, "1983": 17.44974958876422, "1984": 13.165876697149725, "1985": 4.1667980815295769, "1986": 9.7375010210563282, "1987": -0.097671868690218933, "1988": -0.7843850967417354, "1989": 10.959956208688881, "1990": 6.059182795664686, "1991": 23.157919466557519, "1992": 15.931859888198341, "1993": 8.7276292136607694, "1994": 7.0122915000250252, "1995": 7.7540507247102042, "1996": -1.4743476277732648, "1997": 5.6031667990381617, "1998": 6.1530285366695692, "1999": 2.0319237962319603, "2000": 3.2997454319031227, "2001": 4.521035647966265, "2002": 2.0724210361975359, "2003": 2.5918718193949752, "2004": 6.1791032038507332, "2005": 6.13845131096451, "2006": 11.770961963293502, "2007": 16.762093228685092, "2008": 13.026525467505202, "2009": -1.5070010162056224, "2010": 20.973996520184702, "2011": 12.226333987229033, "2012": 9.1696007684651359, "2013": 6.677605941745135, "2014": 1.0020853018116505, "2015": 7.3611591067924476, "2016": 3.2123675561804843, "2017": 1.8696514151022248, "2018": 2.2177242748453008, "2019": 2.338608300663414, "2020": -3.8079049690642797, "2021": 3.5829221325785143, "2022": 6.1362754288640575, "2023": 24.336930082607555, "2024": 9.7103282074403339 }, "geometry": { "type": "Polygon", "coordinates": [ [ [ -82.965783, 8.225028 ], [ -83.508437, 8.446927 ], [ -83.711474, 8.656836 ], [ -83.596313, 8.830443 ], [ -83.632642, 9.051386 ], [ -83.909886, 9.290803 ], [ -84.303402, 9.487354 ], [ -84.647644, 9.615537 ], [ -84.713351, 9.908052 ], [ -84.97566, 10.086723 ], [ -84.911375, 9.795992 ], [ -85.110923, 9.55704 ], [ -85.339488, 9.834542 ], [ -85.660787, 9.933347 ], [ -85.797445, 10.134886 ], [ -85.791709, 10.439337 ], [ -85.659314, 10.754331 ], [ -85.941725, 10.895278 ], [ -85.71254, 11.088445 ], [ -85.561852, 11.217119 ], [ -84.903003, 10.952303 ], [ -84.673069, 11.082657 ], [ -84.355931, 10.999226 ], [ -84.190179, 10.79345 ], [ -83.895054, 10.726839 ], [ -83.655612, 10.938764 ], [ -83.40232, 10.395438 ], [ -83.015677, 9.992982 ], [ -82.546196, 9.566135 ], [ -82.932891, 9.476812 ], [ -82.927155, 9.07433 ], [ -82.719183, 8.925709 ], [ -82.868657, 8.807266 ], [ -82.829771, 8.626295 ], [ -82.913176, 8.423517 ], [ -82.965783, 8.225028 ] ] ] } },
{ "type": "Feature", "properties": { "name": "Cuba", "iso3": "CUB", "name_with_flag": "🇨🇺 Cuba", "1960": null, "1961": null, "1962": null, "1963": null, "1964": null, "1965": null, "1966": null, "1967": null, "1968": null, "1969": null, "1970": null, "1971": 19.366199506285973, "1972": 15.783554323440274, "1973": 21.02875612293591, "1974": 12.751991223652803, "1975": 12.944258087946503, "1976": 4.8383716796589482, "1977": 2.196688183061779, "1978": 24.79064821130541, "1979": 9.1718195359419497, "1980": 1.2473300853597991, "1981": 0.73457297229444496, "1982": 3.3216609066837099, "1983": 5.1414269128508661, "1984": 7.3772007071977175, "1985": -5.4422545772389697, "1986": 4.8004775322589399, "1987": 3.1582115293967927, "1988": 7.8889583144271969, "1989": -2.5265780390248516, "1990": 5.0194400126130745, "1991": -15.791833341442917, "1992": -9.7475548283618814, "1993": 0.75815882496206299, "1994": 26.661742907108454, "1995": 6.5800094654610009, "1996": -18.061478948255161, "1997": 1.0619957576287531, "1998": 1.1221578512592201, "1999": 9.8388971047706164, "2000": 7.4011812846646041, "2001": 3.3287009666137735, "2002": 5.7068547371412981, "2003": 6.5742489756968725, "2004": 6.133373597092362, "2005": 11.388448102139549, "2006": 14.358059647692567, "2007": 11.026746929334873, "2008": 3.7168538027848586, "2009": 2.0679554948129564, "2010": 3.5964610313946377, "2011": 15.784356255049214, "2012": 6.0017694997518189, "2013": 5.5252135578219175, "2014": 4.6620287801182769, "2015": 8.1326347578186464, "2016": 4.9513810820558835, "2017": 6.1654143907945658, "2018": 3.4939896695274753, "2019": 3.5998481232695445, "2020": 4.0401813259253849, "2021": 0.0, "2022": 0.0, "2023": 0.0, "2024": 0.0 }, "geometry": { "type": "Polygon", "coordinates": [ [ [ -82.268151, 23.188611 ], [ -81.404457, 23.117271 ], [ -80.618769, 23.10598 ], [ -79.679524, 22.765303 ], [ -79.281486, 22.399202 ], [ -78.347434, 22.512166 ], [ -77.993296, 22.277194 ], [ -77.146422, 21.657851 ], [ -76.523825, 21.20682 ], [ -76.19462, 21.220565 ], [ -75.598222, 21.016624 ], [ -75.67106, 20.735091 ], [ -74.933896, 20.693905 ], [ -74.178025, 20.284628 ], [ -74.296648, 20.050379 ], [ -74.961595, 19.923435 ], [ -75.63468, 19.873774 ], [ -76.323656, 19.952891 ], [ -77.755481, 19.855481 ], [ -77.085108, 20.413354 ], [ -77.492655, 20.673105 ], [ -78.137292, 20.739949 ], [ -78.482827, 21.028613 ], [ -78.719867, 21.598114 ], [ -79.285, 21.559175 ], [ -80.217475, 21.827324 ], [ -80.517535, 22.037079 ], [ -81.820943, 22.192057 ], [ -82.169992, 22.387109 ], [ -81.795002, 22.636965 ], [ -82.775898, 22.68815 ], [ -83.494459, 22.168518 ], [ -83.9088, 22.154565 ], [ -84.052151, 21.910575 ], [ -84.54703, 21.801228 ], [ -84.974911, 21.896028 ], [ -84.447062, 22.20495 ], [ -84.230357, 22.565755 ], [ -83.77824, 22.788118 ], [ -83.267548, 22.983042 ], [ -82.510436, 23.078747 ], [ -82.268151, 23.188611 ] ] ] } },
{ "type": "Feature", "properties": { "name": "Northern Cyprus", "iso3": "CYP", "name_with_flag": "🇨🇾 Northern Cyprus", "1960": null, "1961": null, "1962": null, "1963": null, "1964": null, "1965": null, "1966": null, "1967": null, "1968": null, "1969": null, "1970": null, "1971": null, "1972": null, "1973": null, "1974": null, "1975": null, "1976": 18.547186457974483, "1977": 27.547324710520972, "1978": 30.696188505815726, "1979": 32.643824144028422, "1980": 65.363198946215832, "1981": -4.6971028533721926, "1982": 2.2201549828259948, "1983": -0.76977301848767388, "1984": 4.0990730106668094, "1985": 5.3899336463917757, "1986": 25.719037355477781, "1987": 18.571951856805779, "1988": 14.27457747251848, "1989": 5.1439081634282235, "1990": 19.936288911068335, "1991": 0.56551354895835182, "1992": 16.645586589162885, "1993": -6.9312613186842453, "1994": 10.369904021507459, "1995": 31.363583139502094, "1996": -0.80068770236114695, "1997": -5.9777151673381486, "1998": 6.0318418195890011, "1999": 1.2925996515315008, "2000": -5.8841591871849346, "2001": 3.0100505148987544, "2002": 8.5805819848820306, "2003": 25.843375990695815, "2004": 17.481384684376255, "2005": 4.9033802089194944, "2006": 7.0916341644845948, "2007": 16.893823720942748, "2008": 13.289915384883688, "2009": -8.9296300432545443, "2010": -3.5097596119299634, "2011": 4.4390558349000742, "2012": -10.755042708568308, "2013": -4.1200371520339951, "2014": -1.989770028705129, "2015": -13.790466028365401, "2016": 5.2280573692767396, "2017": 8.0187075253282281, "2018": 10.873870306219423, "2019": 0.34819747924028643, "2020": -3.5485817528619679, "2021": 17.74936911554008, "2022": 0.47552586507066952, "2023": 7.8389494776926361, "2024": 5.7528547915644879 }, "geometry": { "type": "Polygon", "coordinates": [ [ [ 32.73178, 35.140026 ], [ 32.802474, 35.145504 ], [ 32.946961, 35.386703 ], [ 33.667227, 35.373216 ], [ 34.576474, 35.671596 ], [ 33.900804, 35.245756 ], [ 33.973617, 35.058506 ], [ 33.86644, 35.093595 ], [ 33.675392, 35.017863 ], [ 33.525685, 35.038688 ], [ 33.475817, 35.000345 ], [ 33.455922, 35.101424 ], [ 33.383833, 35.162712 ], [ 33.190977, 35.173125 ], [ 32.919572, 35.087833 ], [ 32.73178, 35.140026 ] ] ] } },
{ "type": "Feature", "properties": { "name": "Cyprus", "iso3": "CYP", "name_with_flag": "🇨🇾 Cyprus", "1960": null, "1961": null, "1962": null, "1963": null, "1964": null, "1965": null, "1966": null, "1967": null, "1968": null, "1969": null, "1970": null, "1971": null, "1972": null, "1973": null, "1974": null, "1975": null, "1976": 18.547186457974483, "1977": 27.547324710520972, "1978": 30.696188505815726, "1979": 32.643824144028422, "1980": 65.363198946215832, "1981": -4.6971028533721926, "1982": 2.2201549828259948, "1983": -0.76977301848767388, "1984": 4.0990730106668094, "1985": 5.3899336463917757, "1986": 25.719037355477781, "1987": 18.571951856805779, "1988": 14.27457747251848, "1989": 5.1439081634282235, "1990": 19.936288911068335, "1991": 0.56551354895835182, "1992": 16.645586589162885, "1993": -6.9312613186842453, "1994": 10.369904021507459, "1995": 31.363583139502094, "1996": -0.80068770236114695, "1997": -5.9777151673381486, "1998": 6.0318418195890011, "1999": 1.2925996515315008, "2000": -5.8841591871849346, "2001": 3.0100505148987544, "2002": 8.5805819848820306, "2003": 25.843375990695815, "2004": 17.481384684376255, "2005": 4.9033802089194944, "2006": 7.0916341644845948, "2007": 16.893823720942748, "2008": 13.289915384883688, "2009": -8.9296300432545443, "2010": -3.5097596119299634, "2011": 4.4390558349000742, "2012": -10.755042708568308, "2013": -4.1200371520339951, "2014": -1.989770028705129, "2015": -13.790466028365401, "2016": 5.2280573692767396, "2017": 8.0187075253282281, "2018": 10.873870306219423, "2019": 0.34819747924028643, "2020": -3.5485817528619679, "2021": 17.74936911554008, "2022": 0.47552586507066952, "2023": 7.8389494776926361, "2024": 5.7528547915644879 }, "geometry": { "type": "Polygon", "coordinates": [ [ [ 33.973617, 35.058506 ], [ 34.004881, 34.978098 ], [ 32.979827, 34.571869 ], [ 32.490296, 34.701655 ], [ 32.256667, 35.103232 ], [ 32.73178, 35.140026 ], [ 32.919572, 35.087833 ], [ 33.190977, 35.173125 ], [ 33.383833, 35.162712 ], [ 33.455922, 35.101424 ], [ 33.475817, 35.000345 ], [ 33.525685, 35.038688 ], [ 33.675392, 35.017863 ], [ 33.86644, 35.093595 ], [ 33.973617, 35.058506 ] ] ] } },
{ "type": "Feature", "properties": { "name": "Czech Republic", "iso3": "CZE", "name_with_flag": "🇨🇿 Czech Republic", "1960": null, "1961": null, "1962": null, "1963": null, "1964": null, "1965": null, "1966": null, "1967": null, "1968": null, "1969": null, "1970": null, "1971": null, "1972": null, "1973": null, "1974": null, "1975": null, "1976": null, "1977": null, "1978": null, "1979": null, "1980": null, "1981": null, "1982": null, "1983": null, "1984": null, "1985": null, "1986": null, "1987": null, "1988": null, "1989": null, "1990": null, "1991": -26.510037791163843, "1992": 16.441855960070463, "1993": 17.294283802936828, "1994": 17.046068362715204, "1995": 25.775982508433049, "1996": 12.069331097613212, "1997": -7.6645938250279215, "1998": 7.533029072899744, "1999": -2.2825871544644549, "2000": -4.9344351754201039, "2001": 9.9977117830882811, "2002": 21.475020875775861, "2003": 21.616347992734465, "2004": 19.590016290939904, "2005": 14.088090466341384, "2006": 13.513768414238193, "2007": 20.929012186689967, "2008": 23.422383548493219, "2009": -12.984945306208306, "2010": 1.7308706009129038, "2011": 9.3682131541277247, "2012": -9.2297278877333078, "2013": 1.2314363069545475, "2014": -1.0961192035627843, "2015": -10.513892502840793, "2016": 4.5861493747156423, "2017": 11.513450823068517, "2018": 13.35393753758758, "2019": 1.5050494763839684, "2020": -2.4512086762095819, "2021": 17.993396336093692, "2022": 2.1149333796874892, "2023": 11.699338738255992, "2024": 0.3658206244604445 }, "geometry": { "type": "Polygon", "coordinates": [ [ [ 16.960288, 48.596982 ], [ 16.499283, 48.785808 ], [ 16.029647, 48.733899 ], [ 15.253416, 49.039074 ], [ 14.901447, 48.964402 ], [ 14.338898, 48.555305 ], [ 13.595946, 48.877172 ], [ 13.031329, 49.307068 ], [ 12.521024, 49.547415 ], [ 12.415191, 49.969121 ], [ 12.240111, 50.266338 ], [ 12.966837, 50.484076 ], [ 13.338132, 50.733234 ], [ 14.056228, 50.926918 ], [ 14.307013, 51.117268 ], [ 14.570718, 51.002339 ], [ 15.016996, 51.106674 ], [ 15.490972, 50.78473 ], [ 16.238627, 50.697733 ], [ 16.176253, 50.422607 ], [ 16.719476, 50.215747 ], [ 16.868769, 50.473974 ], [ 17.554567, 50.362146 ], [ 17.649445, 50.049038 ], [ 18.392914, 49.988629 ], [ 18.853144, 49.49623 ], [ 18.554971, 49.495015 ], [ 18.399994, 49.315001 ], [ 18.170498, 49.271515 ], [ 18.104973, 49.043983 ], [ 17.913512, 48.996493 ], [ 17.886485, 48.903475 ], [ 17.545007, 48.800019 ], [ 17.101985, 48.816969 ], [ 16.960288, 48.596982 ] ] ] } },
{ "type": "Feature", "properties": { "name": "Germany", "iso3": "DEU", "name_with_flag": "🇩🇪 Germany", "1960": null, "1961": 13.233130565326334, "1962": 8.7098100637365441, "1963": 5.0075165715194325, "1964": 9.0071091933991543, "1965": 8.3509741458879674, "1966": 5.4450898302399464, "1967": 0.79166775645944654, "1968": 7.3962901825555871, "1969": 12.651064934841049, "1970": 21.479519654456848, "1971": 15.608139868840375, "1972": 19.355324738516245, "1973": 32.461408943731684, "1974": 11.736700147008383, "1975": 10.591825632217056, "1976": 6.3899147662426214, "1977": 15.796827093459132, "1978": 23.416632759400756, "1979": 18.972498836121421, "1980": 7.5993530066996495, "1981": -15.893771817545288, "1982": -2.8928724374332582, "1983": -0.49822485094548341, "1984": -5.5875532876868643, "1985": 1.2498409104065189, "1986": 42.761887646332376, "1987": 23.887387834487495, "1988": 7.5177378613628054, "1989": -0.93080846699082898, "1990": 25.554428620713399, "1991": 4.7247050774743782, "1992": 13.293839358726235, "1993": -3.5512375065961832, "1994": 6.188586032877641, "1995": 16.709405101739062, "1996": -3.6143477557899928, "1997": -11.610643936925126, "1998": 1.2903023443038508, "1999": -1.5712244939525943, "2000": -11.272318917477097, "2001": -0.19849589938795154, "2002": 6.7350930901210138, "2003": 20.499043572008581, "2004": 12.554527127394778, "2005": 1.4976839049419377, "2006": 5.4038167268959381, "2007": 14.522817943630928, "2008": 9.5285006968712782, "2009": -8.4057434950889132, "2010": -0.18188533427351272, "2011": 12.347687534313213, "2012": -6.1095543192101314, "2013": 5.5535694870767482, "2014": 3.7083267339240056, "2015": -14.416817294479456, "2016": 2.5053671595879345, "2017": 5.9718398912772974, "2018": 7.3545126328486532, "2019": -2.5595856603734646, "2020": -0.5125590075923725, "2021": 10.312184848208794, "2022": -4.9354375165775348, "2023": 8.5623354678673103, "2024": 3.4479014930467677 }, "geometry": { "type": "Polygon", "coordinates": [ [ [ 9.921906, 54.983104 ], [ 9.93958, 54.596642 ], [ 10.950112, 54.363607 ], [ 10.939467, 54.008693 ], [ 11.956252, 54.196486 ], [ 12.51844, 54.470371 ], [ 13.647467, 54.075511 ], [ 14.119686, 53.757029 ], [ 14.353315, 53.248171 ], [ 14.074521, 52.981263 ], [ 14.4376, 52.62485 ], [ 14.685026, 52.089947 ], [ 14.607098, 51.745188 ], [ 15.016996, 51.106674 ], [ 14.570718, 51.002339 ], [ 14.307013, 51.117268 ], [ 14.056228, 50.926918 ], [ 13.338132, 50.733234 ], [ 12.966837, 50.484076 ], [ 12.240111, 50.266338 ], [ 12.415191, 49.969121 ], [ 12.521024, 49.547415 ], [ 13.031329, 49.307068 ], [ 13.595946, 48.877172 ], [ 13.243357, 48.416115 ], [ 12.884103, 48.289146 ], [ 13.025851, 47.637584 ], [ 12.932627, 47.467646 ], [ 12.62076, 47.672388 ], [ 12.141357, 47.703083 ], [ 11.426414, 47.523766 ], [ 10.544504, 47.566399 ], [ 10.402084, 47.302488 ], [ 9.896068, 47.580197 ], [ 9.594226, 47.525058 ], [ 8.522612, 47.830828 ], [ 8.317301, 47.61358 ], [ 7.466759, 47.620582 ], [ 7.593676, 48.333019 ], [ 8.099279, 49.017784 ], [ 6.65823, 49.201958 ], [ 6.18632, 49.463803 ], [ 6.242751, 49.902226 ], [ 6.043073, 50.128052 ], [ 6.156658, 50.803721 ], [ 5.988658, 51.851616 ], [ 6.589397, 51.852029 ], [ 6.84287, 52.22844 ], [ 7.092053, 53.144043 ], [ 6.90514, 53.482162 ], [ 7.100425, 53.693932 ], [ 7.936239, 53.748296 ], [ 8.121706, 53.527792 ], [ 8.800734, 54.020786 ], [ 8.572118, 54.395646 ], [ 8.526229, 54.962744 ], [ 9.282049, 54.830865 ], [ 9.921906, 54.983104 ] ] ] } },
{ "type": "Feature", "properties": { "name": "Djibouti", "iso3": "DJI", "name_with_flag": "🇩🇯 Djibouti", "1960": null, "1961": null, "1962": null, "1963": null, "1964": null, "1965": null, "1966": null, "1967": null, "1968": null, "1969": null, "1970": null, "1971": null, "1972": null, "1973": null, "1974": null, "1975": null, "1976": null, "1977": null, "1978": null, "1979": null, "1980": null, "1981": null, "1982": null, "1983": null, "1984": null, "1985": null, "1986": 0.0, "1987": -2.9645012326269815, "1988": -0.58513548448277941, "1989": -4.2794542506412681, "1990": -0.18149235831609323, "1991": -6.119763917576293, "1992": 4.2206518149365158, "1993": -0.64496986038744542, "1994": 3.4033495305500594, "1995": 0.20975671654717143, "1996": -3.0854934715595861, "1997": -1.7994531631325805, "1998": -1.7218881093255312, "1999": 0.66229792733119019, "2000": -0.35220996145302053, "2001": 0.61300607057124257, "2002": 0.11850684119540933, "2003": 2.9099338686128018, "2004": 5.4440637472624953, "2005": 4.7362669806204183, "2006": 6.3966340005532363, "2007": 7.9144564881304946, "2008": 15.427314839428096, "2009": 2.8401184833046544, "2010": 5.4126253722841078, "2011": 7.6746974886361174, "2012": 7.1840143435204284, "2013": 48.261284438873673, "2014": 6.6801316137534705, "2015": 7.2926571787581995, "2016": 5.6522459675459436, "2017": 4.3229726987012551, "2018": 3.78502755923662, "2019": 4.3812355405793868, "2020": 0.27206990508916729, "2021": 6.3631029018232255, "2022": 3.5475770509683979, "2023": 8.4341084306293936, "2024": 2.912446619181952 }, "geometry": { "type": "Polygon", "coordinates": [ [ [ 43.081226, 12.699639 ], [ 43.317852, 12.390148 ], [ 43.286381, 11.974928 ], [ 42.715874, 11.735641 ], [ 43.145305, 11.46204 ], [ 42.776852, 10.926879 ], [ 42.55493, 11.10511 ], [ 42.31414, 11.0342 ], [ 41.75557, 11.05091 ], [ 41.73959, 11.35511 ], [ 41.66176, 11.6312 ], [ 42.0, 12.1 ], [ 42.35156, 12.54223 ], [ 42.779642, 12.455416 ], [ 43.081226, 12.699639 ] ] ] } },
{ "type": "Feature", "properties": { "name": "Denmark", "iso3": "DNK", "name_with_flag": "🇩🇰 Denmark", "1960": null, "1961": 10.188208496991692, "1962": 11.805023619255127, "1963": 5.6120638289308911, "1964": 13.398482609397288, "1965": 11.458552648006414, "1966": 8.8829889901109063, "1967": 8.5885968469673113, "1968": 2.7914159957979745, "1969": 13.507907133923137, "1970": 9.9431510982022964, "1971": 11.001553352765336, "1972": 21.020309098152289, "1973": 31.434249732269226, "1974": 10.576840946519294, "1975": 18.100450485954077, "1976": 9.8293457289110098, "1977": 11.35529992152895, "1978": 20.963508453655333, "1979": 16.412851754915824, "1980": 0.47192237001947301, "1981": -13.181353336319358, "1982": -2.1665492181045187, "1983": 0.47996786405775094, "1984": -2.3726138769205707, "1985": 6.0443210322663088, "1986": 40.31710515162483, "1987": 24.269924615656535, "1988": 5.7706660897162587, "1989": -2.8521177055554126, "1990": 22.865885084914762, "1991": 0.43557115601506879, "1992": 9.5422883687706452, "1993": -6.7538931974168381, "1994": 8.6510410700806784, "1995": 17.863380889669699, "1996": 0.85186968764643378, "1997": -7.9785237573502528, "1998": 1.7285279906483764, "1999": 0.23915465045876161, "2000": -8.0900905308802784, "2001": 0.15120215245143509, "2002": 8.0884233148330829, "2003": 21.835703165120446, "2004": 15.06932035896471, "2005": 4.9345953881679838, "2006": 6.5269666064518006, "2007": 12.495357745605418, "2008": 10.207811714083959, "2009": -9.6011121120277654, "2010": -0.5276291407914302, "2011": 6.3767702970804141, "2012": -5.4456842922838034, "2013": 5.0199005166627231, "2014": 1.862009961746991, "2015": -15.077366632812982, "2016": 2.649851821720195, "2017": 5.5423378603277618, "2018": 6.6118088024544885, "2019": -3.1316877164815793, "2020": 2.6617991151246523, "2021": 14.335375535980033, "2022": -2.3472185497103504, "2023": 0.53245820313942982, "2024": 4.963749954718466 }, "geometry": { "type": "MultiPolygon", "coordinates": [ [ [ [ 12.690006, 55.609991 ], [ 12.089991, 54.800015 ], [ 11.043543, 55.364864 ], [ 10.903914, 55.779955 ], [ 12.370904, 56.111407 ], [ 12.690006, 55.609991 ] ] ], [ [ [ 10.912182, 56.458621 ], [ 10.667804, 56.081383 ], [ 10.369993, 56.190007 ], [ 9.649985, 55.469999 ], [ 9.921906, 54.983104 ], [ 9.282049, 54.830865 ], [ 8.526229, 54.962744 ], [ 8.120311, 55.517723 ], [ 8.089977, 56.540012 ], [ 8.256582, 56.809969 ], [ 8.543438, 57.110003 ], [ 9.424469, 57.172066 ], [ 9.775559, 57.447941 ], [ 10.580006, 57.730017 ], [ 10.546106, 57.215733 ], [ 10.25, 56.890016 ], [ 10.369993, 56.609982 ], [ 10.912182, 56.458621 ] ] ] ] } },
{ "type": "Feature", "properties": { "name": "Dominican Republic", "iso3": "DOM", "name_with_flag": "🇩🇴 Dominican Republic", "1960": null, "1961": -5.7465776974069627, "1962": 22.126726312204536, "1963": 10.713717500788999, "1964": 5.7633815410689904, "1965": -15.916709823057641, "1966": 7.5982474445080772, "1967": 2.1245121831989122, "1968": 1.3145020622643333, "1969": 10.834991104420876, "1970": 17.368418003625784, "1971": 9.0862956323199295, "1972": 15.983508886041786, "1973": 14.767551428222214, "1974": 21.423182328132697, "1975": 19.788388327684146, "1976": 6.95630848646418, "1977": 13.135887062868058, "1978": 0.62821239984034438, "1979": 13.28220679552401, "1980": 19.968817435959817, "1981": 9.1752662288674394, "1982": 6.8145064271077027, "1983": 8.9871688870873037, "1984": 22.905266021713967, "1985": -57.446252344730134, "1986": 18.760079010682841, "1987": -6.8235197761551287, "1988": -9.6965352111959007, "1989": 21.813814967334523, "1990": 3.5866495480142424, "1991": 36.0590172002331, "1992": 15.785681829781995, "1993": 10.532141998003851, "1994": 9.8263257966488826, "1995": 11.497712945639037, "1996": 7.666343871028003, "1997": 7.839669133690319, "1998": 6.4911197486166694, "1999": 0.49984031498713222, "2000": 8.0342624155916873, "2001": 3.6883755965124276, "2002": 4.4180626601896034, "2003": -22.257986820965058, "2004": 2.8712708239532647, "2005": 58.189229093091029, "2006": 4.5594741488139912, "2007": 14.660467676640931, "2008": 8.0423236166886412, "2009": -0.98800483541862105, "2010": 10.146315187204946, "2011": 6.3498680033526211, "2012": 3.2147804500170629, "2013": 2.0415418222003323, "2014": 5.8641220067572331, "2015": 4.6871960221454678, "2016": 5.2858608330629941, "2017": 3.523158284725425, "2018": 6.3440514673636539, "2019": 3.8060978946656387, "2020": -12.804490095408427, "2021": 19.50678774063077, "2022": 18.496018379457425, "2023": 5.2075816878021541, "2024": 2.3068686803105143 }, "geometry": { "type": "Polygon", "coordinates": [ [ [ -71.712361, 19.714456 ], [ -71.587304, 19.884911 ], [ -70.806706, 19.880286 ], [ -70.214365, 19.622885 ], [ -69.950815, 19.648 ], [ -69.76925, 19.293267 ], [ -69.222126, 19.313214 ], [ -69.254346, 19.015196 ], [ -68.809412, 18.979074 ], [ -68.317943, 18.612198 ], [ -68.689316, 18.205142 ], [ -69.164946, 18.422648 ], [ -69.623988, 18.380713 ], [ -69.952934, 18.428307 ], [ -70.133233, 18.245915 ], [ -70.517137, 18.184291 ], [ -70.669298, 18.426886 ], [ -70.99995, 18.283329 ], [ -71.40021, 17.598564 ], [ -71.657662, 17.757573 ], [ -71.708305, 18.044997 ], [ -71.687738, 18.31666 ], [ -71.945112, 18.6169 ], [ -71.701303, 18.785417 ], [ -71.624873, 19.169838 ], [ -71.712361, 19.714456 ] ] ] } },
{ "type": "Feature", "properties": { "name": "Algeria", "iso3": "DZA", "name_with_flag": "🇩🇿 Algeria", "1960": null, "1961": -12.173959689055092, "1962": -18.993973429826827, "1963": 33.007578169034659, "1964": 5.8865444669871092, "1965": 6.1785244751624946, "1966": -4.7996969860904626, "1967": 8.4255785144695459, "1968": 11.705301343284781, "1969": 8.0286341099511596, "1970": 11.690217643704193, "1971": 2.0590625815896102, "1972": 30.246199113370054, "1973": 25.688521935886687, "1974": 48.068267548811264, "1975": 13.68017262046699, "1976": 8.8767498261307374, "1977": 14.079037564153495, "1978": 22.186557762297298, "1979": 22.389774960525386, "1980": 23.474357679829751, "1981": 1.386541612782155, "1982": -1.4066593548542339, "1983": 4.3495567388881051, "1984": 6.3423203798050665, "1985": 4.2836802094969428, "1986": 6.3697818458487099, "1987": 1.6739845633662709, "1988": -13.916207931225333, "1989": -8.2995813170427581, "1990": 8.7976218615638082, "1991": -28.058072506533748, "1992": 2.4774426598339172, "1993": 1.5729245981189965, "1994": -16.684837892421555, "1995": -3.8407728593154888, "1996": 10.217397801511297, "1997": 0.73780197921342605, "1998": -1.5591467083972299, "1999": -0.45204953637026923, "2000": 11.077529618864123, "2001": 6.9586282946941136, "2002": 2.1707483424546536, "2003": 17.874337738974845, "2004": 23.348242477294168, "2005": 14.772469126790755, "2006": 13.223322353318112, "2007": 13.844238659426411, "2008": 24.318628957918698, "2009": -18.249444631645751, "2010": 15.992613872333372, "2011": 20.426857962430269, "2012": 1.9832485280435685, "2013": -0.89576736500660559, "2014": 1.9247526054792408, "2015": -23.128887416401746, "2016": -5.5511304233213599, "2017": 2.9306820428921299, "2018": 0.49493738084585015, "2019": -2.376051481905106, "2020": -16.222871732036715, "2021": 11.139645832496402, "2022": 19.252058624910575, "2023": 8.1118836767813729, "2024": 4.9804371518959556 }, "geometry": { "type": "Polygon", "coordinates": [ [ [ 11.999506, 23.471668 ], [ 8.572893, 21.565661 ], [ 5.677566, 19.601207 ], [ 4.267419, 19.155265 ], [ 3.158133, 19.057364 ], [ 3.146661, 19.693579 ], [ 2.683588, 19.85623 ], [ 2.060991, 20.142233 ], [ 1.823228, 20.610809 ], [ -1.550055, 22.792666 ], [ -4.923337, 24.974574 ], [ -8.6844, 27.395744 ], [ -8.665124, 27.589479 ], [ -8.66559, 27.656426 ], [ -8.674116, 28.841289 ], [ -7.059228, 29.579228 ], [ -6.060632, 29.7317 ], [ -5.242129, 30.000443 ], [ -4.859646, 30.501188 ], [ -3.690441, 30.896952 ], [ -3.647498, 31.637294 ], [ -3.06898, 31.724498 ], [ -2.616605, 32.094346 ], [ -1.307899, 32.262889 ], [ -1.124551, 32.651522 ], [ -1.388049, 32.864015 ], [ -1.733455, 33.919713 ], [ -1.792986, 34.527919 ], [ -2.169914, 35.168396 ], [ -1.208603, 35.714849 ], [ -0.127454, 35.888662 ], [ 0.503877, 36.301273 ], [ 1.466919, 36.605647 ], [ 3.161699, 36.783905 ], [ 4.815758, 36.865037 ], [ 5.32012, 36.716519 ], [ 6.26182, 37.110655 ], [ 7.330385, 37.118381 ], [ 7.737078, 36.885708 ], [ 8.420964, 36.946427 ], [ 8.217824, 36.433177 ], [ 8.376368, 35.479876 ], [ 8.140981, 34.655146 ], [ 7.524482, 34.097376 ], [ 7.612642, 33.344115 ], [ 8.430473, 32.748337 ], [ 8.439103, 32.506285 ], [ 9.055603, 32.102692 ], [ 9.48214, 30.307556 ], [ 9.805634, 29.424638 ], [ 9.859998, 28.95999 ], [ 9.683885, 28.144174 ], [ 9.756128, 27.688259 ], [ 9.629056, 27.140953 ], [ 9.716286, 26.512206 ], [ 9.319411, 26.094325 ], [ 9.910693, 25.365455 ], [ 9.948261, 24.936954 ], [ 10.303847, 24.379313 ], [ 10.771364, 24.562532 ], [ 11.560669, 24.097909 ], [ 11.999506, 23.471668 ] ] ] } },
{ "type": "Feature", "properties": { "name": "Ecuador", "iso3": "ECU", "name_with_flag": "🇪🇨 Ecuador", "1960": null, "1961": -17.609873817309797, "1962": -15.875210545845508, "1963": 16.742079221779747, "1964": 19.471176525178024, "1965": 3.2784573982225229, "1966": -1.2057934360324318, "1967": 2.0291733991814054, "1968": -1.855479820935324, "1969": 16.98365720953241, "1970": -10.71408453923719, "1971": -6.5853299494652457, "1972": 12.328317009799218, "1973": 18.64510151432026, "1974": 64.753162559653489, "1975": 13.873257858787436, "1976": 14.337898472746913, "1977": 17.958581709909851, "1978": 5.2013727766029527, "1979": 15.712756660681148, "1980": 22.794426660185451, "1981": 18.759262022290478, "1982": -11.004811035610118, "1983": -16.166275214089321, "1984": -3.9454931597346143, "1985": -1.1752583615478041, "1986": -12.896882129960963, "1987": -11.109928309825401, "1988": -8.5719378882259676, "1989": 4.0268629257569799, "1990": 7.2792487927807237, "1991": 9.0963803425468939, "1992": 4.2892356185646241, "1993": 2.5638230486392466, "1994": 17.608343914371318, "1995": 5.5661435013182325, "1996": 1.3207240397866027, "1997": 9.5942252838594477, "1998": -2.4244316511933595, "1999": -31.029268858859627, "2000": -12.255941219178512, "2001": 29.594794720234052, "2002": 14.953074242579367, "2003": 12.454776645765575, "2004": 11.685282684946197, "2005": 12.482243129123427, "2006": 11.503645430833686, "2007": 7.2527346061706188, "2008": 20.576259678459575, "2009": -3.3707358531140152, "2010": 11.519971024856869, "2011": 14.011917532935115, "2012": 9.3213238742827276, "2013": 8.4344924380864263, "2014": 4.853419343454024, "2015": -6.7070487108964567, "2016": -0.97925709784169035, "2017": 5.3346411285719153, "2018": 1.1325648431537383, "2019": -1.568250102960056, "2020": -11.948519103393574, "2021": 10.939186779906329, "2022": 7.4944322346442993, "2023": 3.4112392044434614, "2024": 2.0311866111358157 }, "geometry": { "type": "Polygon", "coordinates": [ [ [ -80.302561, -3.404856 ], [ -79.770293, -2.657512 ], [ -79.986559, -2.220794 ], [ -80.368784, -2.685159 ], [ -80.967765, -2.246943 ], [ -80.764806, -1.965048 ], [ -80.933659, -1.057455 ], [ -80.58337, -0.906663 ], [ -80.399325, -0.283703 ], [ -80.020898, 0.36034 ], [ -80.09061, 0.768429 ], [ -79.542762, 0.982938 ], [ -78.855259, 1.380924 ], [ -77.855061, 0.809925 ], [ -77.668613, 0.825893 ], [ -77.424984, 0.395687 ], [ -76.57638, 0.256936 ], [ -76.292314, 0.416047 ], [ -75.801466, 0.084801 ], [ -75.373223, -0.152032 ], [ -75.233723, -0.911417 ], [ -75.544996, -1.56161 ], [ -76.635394, -2.608678 ], [ -77.837905, -3.003021 ], [ -78.450684, -3.873097 ], [ -78.639897, -4.547784 ], [ -79.205289, -4.959129 ], [ -79.624979, -4.454198 ], [ -80.028908, -4.346091 ], [ -80.442242, -4.425724 ], [ -80.469295, -4.059287 ], [ -80.184015, -3.821162 ], [ -80.302561, -3.404856 ] ] ] } },
{ "type": "Feature", "properties": { "name": "Egypt", "iso3": "EGY", "name_with_flag": "🇪🇬 Egypt", "1960": null, "1961": 4.1270887579020199, "1962": -12.547200407313275, "1963": 1.0665194137379652, "1964": 9.5798561943872826, "1965": 2.4414605754020435, "1966": 4.0151852891624928, "1967": 3.5992533639386703, "1968": 3.2572963747977246, "1969": 7.3374375822481852, "1970": 20.370327306193126, "1971": 4.6060460346880605, "1972": 5.5610510993910678, "1973": 6.1212266428052775, "1974": -10.69914991068136, "1975": 23.103638564618013, "1976": 11.828318191510668, "1977": 5.616664110779479, "1978": 0.35947900732629101, "1979": 18.660495169507875, "1980": 17.15431789522297, "1981": -0.55668928454424282, "1982": 21.539507751803711, "1983": 8.7419163517195475, "1984": 6.449562758967442, "1985": 11.589819086795284, "1986": 2.6562546403570808, "1987": -4.6164828075377695, "1988": -15.905446875746321, "1989": 10.601794660688002, "1990": 4.984784157129063, "1991": -15.374450226328861, "1992": 9.3074627749769601, "1993": 8.7448656419410575, "1994": 9.0458225898572877, "1995": 13.504595910034078, "1996": 10.110997192907266, "1997": 13.60045171581017, "1998": 5.8123169593625734, "1999": 4.5750213990338073, "2000": 7.7097311632855492, "2001": -5.1940342729808524, "2002": -13.7675407735655, "2003": -7.6603755029812426, "2004": -3.8806188381452111, "2005": 11.529166414401804, "2006": 17.49732561659243, "2007": 19.150633300372412, "2008": 22.515012271221035, "2009": 13.997546221652923, "2010": 13.574986991562188, "2011": 5.5216854436444862, "2012": 15.649540497468273, "2013": 0.98321971336541303, "2014": 3.5651784226983896, "2015": 5.5400226218459636, "2016": -1.0992748609823244, "2017": -26.769331023746791, "2018": 3.7409585664152312, "2019": 19.24921142838587, "2020": 18.499052976249963, "2021": 9.0068383017047893, "2022": 10.606640185321424, "2023": -18.343058967193947, "2024": -3.4227124413141241 }, "geometry": { "type": "Polygon", "coordinates": [ [ [ 34.9226, 29.50133 ], [ 34.64174, 29.09942 ], [ 34.42655, 28.34399 ], [ 34.15451, 27.8233 ], [ 33.92136, 27.6487 ], [ 33.58811, 27.97136 ], [ 33.13676, 28.41765 ], [ 32.42323, 29.85108 ], [ 32.32046, 29.76043 ], [ 32.73482, 28.70523 ], [ 33.34876, 27.69989 ], [ 34.10455, 26.14227 ], [ 34.47387, 25.59856 ], [ 34.79507, 25.03375 ], [ 35.69241, 23.92671 ], [ 35.49372, 23.75237 ], [ 35.52598, 23.10244 ], [ 36.69069, 22.20485 ], [ 36.86623, 22.0 ], [ 32.9, 22.0 ], [ 29.02, 22.0 ], [ 25.0, 22.0 ], [ 25.0, 25.6825 ], [ 25.0, 29.238655 ], [ 24.70007, 30.04419 ], [ 24.95762, 30.6616 ], [ 24.80287, 31.08929 ], [ 25.16482, 31.56915 ], [ 26.49533, 31.58568 ], [ 27.45762, 31.32126 ], [ 28.45048, 31.02577 ], [ 28.91353, 30.87005 ], [ 29.68342, 31.18686 ], [ 30.09503, 31.4734 ], [ 30.97693, 31.55586 ], [ 31.68796, 31.4296 ], [ 31.96041, 30.9336 ], [ 32.19247, 31.26034 ], [ 32.99392, 31.02407 ], [ 33.7734, 30.96746 ], [ 34.26544, 31.21936 ], [ 34.9226, 29.50133 ] ] ] } },
{ "type": "Feature", "properties": { "name": "Eritrea", "iso3": "ERI", "name_with_flag": "🇪🇷 Eritrea", "1960": null, "1961": null, "1962": null, "1963": null, "1964": null, "1965": null, "1966": null, "1967": null, "1968": null, "1969": null, "1970": null, "1971": null, "1972": null, "1973": null, "1974": null, "1975": null, "1976": null, "1977": null, "1978": null, "1979": null, "1980": null, "1981": null, "1982": null, "1983": null, "1984": null, "1985": null, "1986": null, "1987": null, "1988": null, "1989": null, "1990": null, "1991": null, "1992": null, "1993": -4.959711255339716, "1994": 10.201149326950997, "1995": 2.7360408341119635, "1996": 14.168259259744653, "1997": -2.1046439316655507, "1998": 7.1905241962632704, "1999": -8.9440192182721034, "2000": 0.97039387278596845, "2001": 3.51566874971867, "2002": -6.3407572646471237, "2003": 14.494122211360882, "2004": 22.321406448183879, "2005": -3.3004960647161963, "2006": 8.5388401211051512, "2007": 7.2433944002687989, "2008": 2.0021604593655429, "2009": 31.191404563032265, "2010": -16.055697748095788, "2011": 27.604647433499373, "2012": 0.0, "2013": 0.0, "2014": 0.0, "2015": 0.0, "2016": 0.0, "2017": 0.0, "2018": 0.0, "2019": 0.0, "2020": 0.0, "2021": 0.0, "2022": 0.0, "2023": 0.0, "2024": 0.0 }, "geometry": { "type": "Polygon", "coordinates": [ [ [ 42.35156, 12.54223 ], [ 42.00975, 12.86582 ], [ 41.59856, 13.45209 ], [ 41.155194, 13.77332 ], [ 40.8966, 14.11864 ], [ 40.026219, 14.519579 ], [ 39.34061, 14.53155 ], [ 39.0994, 14.74064 ], [ 38.51295, 14.50547 ], [ 37.90607, 14.95943 ], [ 37.59377, 14.2131 ], [ 36.42951, 14.42211 ], [ 36.323189, 14.822481 ], [ 36.75386, 16.291874 ], [ 36.85253, 16.95655 ], [ 37.16747, 17.26314 ], [ 37.904, 17.42754 ], [ 38.41009, 17.998307 ], [ 38.990623, 16.840626 ], [ 39.26611, 15.922723 ], [ 39.814294, 15.435647 ], [ 41.179275, 14.49108 ], [ 41.734952, 13.921037 ], [ 42.276831, 13.343992 ], [ 42.589576, 13.000421 ], [ 43.081226, 12.699639 ], [ 42.779642, 12.455416 ], [ 42.35156, 12.54223 ] ] ] } },
{ "type": "Feature", "properties": { "name": "Spain", "iso3": "ESP", "name_with_flag": "🇪🇸 Spain", "1960": null, "1961": 13.537357366984114, "1962": 15.587674573030363, "1963": 17.162668275297357, "1964": 10.788452198478748, "1965": 14.738423168846726, "1966": 14.8301440466035, "1967": 8.8401098249639034, "1968": -1.8342369904564726, "1969": 13.374733473926415, "1970": 9.2222259137396243, "1971": 12.363066608488182, "1972": 25.447941894742577, "1973": 31.527510758686674, "1974": 22.351914570648155, "1975": 16.724560109958976, "1976": 2.1644463083918764, "1977": 10.620455641979355, "1978": 20.0918094312321, "1979": 32.452546542348479, "1980": 7.5970028795115496, "1981": -13.487977688446872, "1982": -3.9369059512573301, "1983": -13.202457875166152, "1984": 0.25652955259458654, "1985": 4.6696512061062956, "1986": 38.595326600875943, "1987": 26.500493968367245, "1988": 17.761876310264245, "1989": 10.087961160633597, "1990": 29.235293389773421, "1991": 7.2947119538658844, "1992": 8.7786568900949611, "1993": -17.206106409316046, "1994": 0.56505963583497465, "1995": 15.330836397530945, "1996": 4.137599364894462, "1997": -8.5602273964596964, "1998": 4.4827226522454522, "1999": 2.1167947031211831, "2000": -6.1413511570020614, "2001": 4.2389973058594599, "2002": 11.340500999061387, "2003": 25.778335184694701, "2004": 15.811759974790562, "2005": 6.122064548922368, "2006": 7.45051988636245, "2007": 14.884159190256518, "2008": 9.0384396785842434, "2009": -9.3346187118425679, "2010": -5.0219566799228899, "2011": 3.8027642377013615, "2012": -10.583560450418361, "2013": 2.7143333499851874, "2014": 1.6385147071898976, "2015": -12.539899335418935, "2016": 2.9757191663378313, "2017": 6.0762459940798541, "2018": 7.8258409507915516, "2019": -2.6661181856469263, "2020": -8.5695862799818219, "2021": 13.092246664180118, "2022": -1.7182398318943859, "2023": 10.699423015961695, "2024": 5.3358680308181583 }, "geometry": { "type": "Polygon", "coordinates": [ [ [ -9.034818, 41.880571 ], [ -8.984433, 42.592775 ], [ -9.392884, 43.026625 ], [ -7.97819, 43.748338 ], [ -6.754492, 43.567909 ], [ -5.411886, 43.57424 ], [ -4.347843, 43.403449 ], [ -3.517532, 43.455901 ], [ -1.901351, 43.422802 ], [ -1.502771, 43.034014 ], [ 0.338047, 42.579546 ], [ 0.701591, 42.795734 ], [ 1.826793, 42.343385 ], [ 2.985999, 42.473015 ], [ 3.039484, 41.89212 ], [ 2.091842, 41.226089 ], [ 0.810525, 41.014732 ], [ 0.721331, 40.678318 ], [ 0.106692, 40.123934 ], [ -0.278711, 39.309978 ], [ 0.111291, 38.738514 ], [ -0.467124, 38.292366 ], [ -0.683389, 37.642354 ], [ -1.438382, 37.443064 ], [ -2.146453, 36.674144 ], [ -3.415781, 36.6589 ], [ -4.368901, 36.677839 ], [ -4.995219, 36.324708 ], [ -5.37716, 35.94685 ], [ -5.866432, 36.029817 ], [ -6.236694, 36.367677 ], [ -6.520191, 36.942913 ], [ -7.453726, 37.097788 ], [ -7.537105, 37.428904 ], [ -7.166508, 37.803894 ], [ -7.029281, 38.075764 ], [ -7.374092, 38.373059 ], [ -7.098037, 39.030073 ], [ -7.498632, 39.629571 ], [ -7.066592, 39.711892 ], [ -7.026413, 40.184524 ], [ -6.86402, 40.330872 ], [ -6.851127, 41.111083 ], [ -6.389088, 41.381815 ], [ -6.668606, 41.883387 ], [ -7.251309, 41.918346 ], [ -7.422513, 41.792075 ], [ -8.013175, 41.790886 ], [ -8.263857, 42.280469 ], [ -8.671946, 42.134689 ], [ -9.034818, 41.880571 ] ] ] } },
{ "type": "Feature", "properties": { "name": "Estonia", "iso3": "EST", "name_with_flag": "🇪🇪 Estonia", "1960": null, "1961": null, "1962": null, "1963": null, "1964": null, "1965": null, "1966": null, "1967": null, "1968": null, "1969": null, "1970": null, "1971": null, "1972": null, "1973": null, "1974": null, "1975": null, "1976": null, "1977": null, "1978": null, "1979": null, "1980": null, "1981": null, "1982": null, "1983": null, "1984": null, "1985": null, "1986": null, "1987": null, "1988": null, "1989": null, "1990": null, "1991": null, "1992": null, "1993": null, "1994": 4.9598565494590297, "1995": 11.183026899553528, "1996": 7.8655358257932573, "1997": 8.9332322570208724, "1998": 11.144325050238013, "1999": 1.1614846413254165, "2000": -1.6983495516488256, "2001": 10.614065936168915, "2002": 18.667094776672101, "2003": 34.852332177681575, "2004": 23.741417888839102, "2005": 16.80745906741501, "2006": 21.381846915697178, "2007": 32.464162991730831, "2008": 8.7216365322331235, "2009": -19.18859138689244, "2010": -0.33132022088021573, "2011": 19.721084127054045, "2012": 0.072161090132305539, "2013": 9.9166239279527613, "2014": 6.5840336437952951, "2015": -13.894001183699844, "2016": 5.327895193083898, "2017": 11.70633749347132, "2018": 13.268162052511334, "2019": 1.7067985963466148, "2020": -0.36324587067992908, "2021": 16.795245668689731, "2022": 1.779297792299106, "2023": 5.9124386854090938, "2024": 3.4406683158144213 }, "geometry": { "type": "Polygon", "coordinates": [ [ [ 24.312863, 57.793424 ], [ 24.428928, 58.383413 ], [ 24.061198, 58.257375 ], [ 23.42656, 58.612753 ], [ 23.339795, 59.18724 ], [ 24.604214, 59.465854 ], [ 25.864189, 59.61109 ], [ 26.949136, 59.445803 ], [ 27.981114, 59.475388 ], [ 28.131699, 59.300825 ], [ 27.420166, 58.724581 ], [ 27.716686, 57.791899 ], [ 27.288185, 57.474528 ], [ 26.463532, 57.476389 ], [ 25.60281, 57.847529 ], [ 25.164594, 57.970157 ], [ 24.312863, 57.793424 ] ] ] } },
{ "type": "Feature", "properties": { "name": "Ethiopia", "iso3": "ETH", "name_with_flag": "🇪🇹 Ethiopia", "1960": null, "1961": 1.8457589410560526, "1962": 1.3814487430993561, "1963": 1.7771514394321564, "1964": 5.8912154355653668, "1965": 5.9796660982808003, "1966": 4.8451501986110701, "1967": 3.1469375028085667, "1968": 3.5258764206187454, "1969": 2.8206388370971336, "1970": 6.9908840840774866, "1971": 3.0212865484357421, "1972": 6.300809272981911, "1973": 12.596390403343216, "1974": 9.5751010128359617, "1975": -2.4180226564322949, "1976": 5.3199475909957439, "1977": 12.140313273177616, "1978": 4.6350614997584749, "1979": 7.8824684063669048, "1980": 5.8891905469916628, "1981": 4.4048929300789519, "1982": 1.2195512841271627, "1983": 8.0986802041086658, "1984": -7.9312095846369779, "1985": 13.848984741446735, "1986": 0.85275461476488346, "1987": 3.3109164994687523, "1988": -0.34356303478119132, "1989": 1.239184350383371, "1990": 2.2319803494140311, "1991": 5.8971424172342246, "1992": -25.27670253489044, "1993": -18.748697870893871, "1994": -24.231177710520235, "1995": 6.9214329900390004, "1996": 7.9135316182627813, "1997": -2.686483147108143, "1998": -11.790814645813519, "1999": -4.5312615674536039, "2000": 1.2710281111063981, "2001": -3.1177093409940015, "2002": -7.4823567701068576, "2003": 6.5758068655571877, "2004": 14.01477103954174, "2005": 18.828325328757689, "2006": 19.654701569239631, "2007": 25.245098781002895, "2008": 33.424191661278613, "2009": 16.486254802374578, "2010": -10.297857722062009, "2011": 3.7522084526835364, "2012": 31.798296877774067, "2013": 7.064527387847086, "2014": 13.6242390539681, "2015": 13.065609183904625, "2016": 11.956408821319787, "2017": 7.1009231735010392, "2018": 0.31323338967903513, "2019": 10.794723364340776, "2020": 9.2437841616130889, "2021": 0.62240648583986591, "2022": 10.991346319674221, "2023": 0.0, "2024": 0.0 }, "geometry": { "type": "Polygon", "coordinates": [ [ [ 37.90607, 14.95943 ], [ 38.51295, 14.50547 ], [ 39.0994, 14.74064 ], [ 39.34061, 14.53155 ], [ 40.02625, 14.51959 ], [ 40.8966, 14.11864 ], [ 41.1552, 13.77333 ], [ 41.59856, 13.45209 ], [ 42.00975, 12.86582 ], [ 42.35156, 12.54223 ], [ 42.0, 12.1 ], [ 41.66176, 11.6312 ], [ 41.73959, 11.35511 ], [ 41.75557, 11.05091 ], [ 42.31414, 11.0342 ], [ 42.55493, 11.10511 ], [ 42.776852, 10.926879 ], [ 42.55876, 10.57258 ], [ 42.92812, 10.02194 ], [ 43.29699, 9.54048 ], [ 43.67875, 9.18358 ], [ 46.94834, 7.99688 ], [ 47.78942, 8.003 ], [ 44.9636, 5.00162 ], [ 43.66087, 4.95755 ], [ 42.76967, 4.25259 ], [ 42.12861, 4.23413 ], [ 41.855083, 3.918912 ], [ 41.1718, 3.91909 ], [ 40.76848, 4.25702 ], [ 39.85494, 3.83879 ], [ 39.559384, 3.42206 ], [ 38.89251, 3.50074 ], [ 38.67114, 3.61607 ], [ 38.43697, 3.58851 ], [ 38.120915, 3.598605 ], [ 36.855093, 4.447864 ], [ 36.159079, 4.447864 ], [ 35.817448, 4.776966 ], [ 35.817448, 5.338232 ], [ 35.298007, 5.506 ], [ 34.70702, 6.59422 ], [ 34.25032, 6.82607 ], [ 34.0751, 7.22595 ], [ 33.56829, 7.71334 ], [ 32.95418, 7.78497 ], [ 33.2948, 8.35458 ], [ 33.8255, 8.37916 ], [ 33.97498, 8.68456 ], [ 33.96162, 9.58358 ], [ 34.25745, 10.63009 ], [ 34.73115, 10.91017 ], [ 34.83163, 11.31896 ], [ 35.26049, 12.08286 ], [ 35.86363, 12.57828 ], [ 36.27022, 13.56333 ], [ 36.42951, 14.42211 ], [ 37.59377, 14.2131 ], [ 37.90607, 14.95943 ] ] ] } },
{ "type": "Feature", "properties": { "name": "Finland", "iso3": "FIN", "name_with_flag": "🇫🇮 Finland", "1960": null, "1961": 12.555546302502773, "1962": 6.3487603890819866, "1963": 7.8357056035073702, "1964": 12.164642673248105, "1965": 10.224451931906708, "1966": 6.8076878613797742, "1967": 1.192688934780306, "1968": -6.2487691347900771, "1969": 14.20802304271036, "1970": 12.027508879817074, "1971": 10.161453501205653, "1972": 16.989069394324119, "1973": 31.32908644528225, "1974": 26.944366867268734, "1975": 18.082443971359517, "1976": 7.7394672729480085, "1977": 4.8876847617386643, "1978": 7.9176945356107309, "1979": 22.328883747798734, "1980": 20.270496610557977, "1981": -2.6712155329505105, "1982": 0.093503462083543987, "1983": -4.0359930576542631, "1984": 3.2042791590016328, "1985": 5.2074072281989681, "1986": 31.180802314381761, "1987": 24.205764428999331, "1988": 18.738156542804795, "1989": 8.733908152159886, "1990": 18.345119910936504, "1991": -10.143617367720115, "1992": -12.431840581401509, "1993": -21.198075522612424, "1994": 15.291728581056674, "1995": 29.430405125883219, "1996": -1.8653947150297445, "1997": -4.1712944769453975, "1998": 5.338626571238092, "1999": 0.69394916429335041, "2000": -7.0453065736498344, "2001": 2.5858090577677961, "2002": 8.1080304632188636, "2003": 21.974178077740891, "2004": 14.726716516749949, "2005": 3.3936995073572618, "2006": 5.5420117340583053, "2007": 17.612951728882219, "2008": 10.926590042935548, "2009": -11.70017630064325, "2010": -2.047370304661833, "2011": 9.792292980378047, "2012": -6.8715783257543901, "2013": 4.4989802717600558, "2014": 0.77028324981898155, "2015": -15.00472101931145, "2016": 2.0932879029528451, "2017": 6.0614156122089868, "2018": 7.744886354118119, "2019": -2.6101873130721875, "2020": 0.97295618103572235, "2021": 8.745782281812664, "2022": -5.0068139679308672, "2023": 4.7203107944839395, "2024": 0.69499561916612773 }, "geometry": { "type": "Polygon", "coordinates": [ [ [ 28.59193, 69.064777 ], [ 28.445944, 68.364613 ], [ 29.977426, 67.698297 ], [ 29.054589, 66.944286 ], [ 30.21765, 65.80598 ], [ 29.54443, 64.948672 ], [ 30.444685, 64.204453 ], [ 30.035872, 63.552814 ], [ 31.516092, 62.867687 ], [ 31.139991, 62.357693 ], [ 30.211107, 61.780028 ], [ 28.069998, 60.503517 ], [ 26.255173, 60.423961 ], [ 24.496624, 60.057316 ], [ 22.869695, 59.846373 ], [ 22.290764, 60.391921 ], [ 21.322244, 60.72017 ], [ 21.544866, 61.705329 ], [ 21.059211, 62.607393 ], [ 21.536029, 63.189735 ], [ 22.442744, 63.81781 ], [ 24.730512, 64.902344 ], [ 25.398068, 65.111427 ], [ 25.294043, 65.534346 ], [ 23.903379, 66.006927 ], [ 23.56588, 66.396051 ], [ 23.539473, 67.936009 ], [ 21.978535, 68.616846 ], [ 20.645593, 69.106247 ], [ 21.244936, 69.370443 ], [ 22.356238, 68.841741 ], [ 23.66205, 68.891247 ], [ 24.735679, 68.649557 ], [ 25.689213, 69.092114 ], [ 26.179622, 69.825299 ], [ 27.732292, 70.164193 ], [ 29.015573, 69.766491 ], [ 28.59193, 69.064777 ] ] ] } },
{ "type": "Feature", "properties": { "name": "Fiji", "iso3": "FJI", "name_with_flag": "🇫🇯 Fiji", "1960": null, "1961": 1.0243360503991772, "1962": 1.8552266778659732, "1963": 2.0704232149886259, "1964": 4.8556715710297293, "1965": 1.8685001847752236, "1966": -0.53548970481449576, "1967": 5.3015158595333123, "1968": 0.42052996640031814, "1969": 6.85995043059342, "1970": 18.330669573572898, "1971": 10.607256747786575, "1972": 25.635965196912313, "1973": 32.416710377965764, "1974": 29.228582572000562, "1975": 20.711969673343276, "1976": -0.16981860641341884, "1977": 1.4674327204790227, "1978": 12.565818696621589, "1979": 20.065430628076399, "1980": 15.163018740181888, "1981": 0.32307351709264243, "1982": -5.6518734095307943, "1983": -8.1829179964626348, "1984": 2.3842472379135948, "1985": -5.4080561572771195, "1986": 10.688042364982376, "1987": -10.071615846641912, "1988": -6.7806491248270877, "1989": 5.4850568167118086, "1990": 12.029097211751161, "1991": 2.6635581451117663, "1992": 9.9304000728867248, "1993": 6.0879462306537624, "1994": 10.972344121375777, "1995": 7.3813725947712294, "1996": 7.3612917633609554, "1997": -2.8170334674090802, "1998": -21.883743543559721, "1999": 15.790172546938397, "2000": -14.27158939067178, "2001": -2.5416029772092674, "2002": 9.8493974921984631, "2003": 24.291895645748408, "2004": 16.629513639559978, "2005": 9.0566034206383428, "2006": 2.2919421392002537, "2007": 8.9039505271907728, "2008": 3.6456182107659663, "2009": -18.86677481207002, "2010": 9.0075795455907048, "2011": 20.01824949610933, "2012": 4.8748758502470402, "2013": 5.3217903828250535, "2014": 15.766470333305271, "2015": -3.6994615474576831, "2016": 5.2232972111369902, "2017": 8.6330347528252638, "2018": 4.4375903377610326, "2019": -2.2116983005932456, "2020": -18.592492890063539, "2021": -3.0602258513247049, "2022": 15.09440384999159, "2023": 8.9491937358809217, "2024": 6.7868886229930814 }, "geometry": { "type": "MultiPolygon", "coordinates": [ [ [ [ 178.3736, -17.33992 ], [ 178.71806, -17.62846 ], [ 178.55271, -18.15059 ], [ 177.93266, -18.28799 ], [ 177.38146, -18.16432 ], [ 177.28504, -17.72465 ], [ 177.67087, -17.38114 ], [ 178.12557, -17.50481 ], [ 178.3736, -17.33992 ] ] ], [ [ [ 179.364143, -16.801354 ], [ 178.725059, -17.012042 ], [ 178.596839, -16.63915 ], [ 179.096609, -16.433984 ], [ 179.413509, -16.379054 ], [ 180.0, -16.067133 ], [ 180.0, -16.555217 ], [ 179.364143, -16.801354 ] ] ], [ [ [ -179.917369, -16.501783 ], [ -180.0, -16.555217 ], [ -180.0, -16.067133 ], [ -179.79332, -16.020882 ], [ -179.917369, -16.501783 ] ] ] ] } },
{ "type": "Feature", "properties": { "name": "Falkland Islands", "iso3": "FLK", "name_with_flag": "🇫🇰 Falkland Islands", "1960": null, "1961": null, "1962": null, "1963": null, "1964": null, "1965": null, "1966": null, "1967": null, "1968": null, "1969": null, "1970": null, "1971": null, "1972": null, "1973": null, "1974": null, "1975": null, "1976": null, "1977": null, "1978": null, "1979": null, "1980": null, "1981": null, "1982": null, "1983": null, "1984": null, "1985": null, "1986": null, "1987": null, "1988": null, "1989": null, "1990": null, "1991": null, "1992": null, "1993": null, "1994": null, "1995": null, "1996": null, "1997": null, "1998": null, "1999": null, "2000": null, "2001": null, "2002": null, "2003": null, "2004": null, "2005": null, "2006": null, "2007": null, "2008": null, "2009": null, "2010": null, "2011": null, "2012": null, "2013": null, "2014": null, "2015": null, "2016": null, "2017": null, "2018": null, "2019": null, "2020": null, "2021": null, "2022": null, "2023": null, "2024": null }, "geometry": { "type": "Polygon", "coordinates": [ [ [ -61.2, -51.85 ], [ -60.0, -51.25 ], [ -59.15, -51.5 ], [ -58.55, -51.1 ], [ -57.75, -51.55 ], [ -58.05, -51.9 ], [ -59.4, -52.2 ], [ -59.85, -51.85 ], [ -60.7, -52.3 ], [ -61.2, -51.85 ] ] ] } },
{ "type": "Feature", "properties": { "name": "France", "iso3": "FRA", "name_with_flag": "🇫🇷 France", "1960": null, "1961": 7.0634817002880101, "1962": 10.977467403992414, "1963": 10.990004212232485, "1964": 9.6893378265072272, "1965": 6.9656204499015217, "1966": 7.4275322298715585, "1967": 7.2236088389167064, "1968": 8.234052432247374, "1969": 8.395504160475852, "1970": 3.7290217546610771, "1971": 10.734246855798069, "1972": 21.688555743503123, "1973": 29.069392668141035, "1974": 7.2010638519532044, "1975": 25.427346356421655, "1976": 2.8443229474190979, "1977": 9.8650212726415489, "1978": 22.795757300714993, "1979": 20.683624212306896, "1980": 13.582651533002732, "1981": -12.80734295290361, "1982": -5.4400662379403659, "1983": -4.8032119379416542, "1984": -5.5807579844903588, "1985": 3.7062826425218631, "1986": 39.07482137149649, "1987": 20.44026783825954, "1988": 8.4938162400680195, "1989": -0.013558716393891057, "1990": 23.018989140848745, "1991": -0.39695992536431524, "1992": 9.8333141060768838, "1993": -5.8276130102498662, "1994": 5.0410641997339578, "1995": 14.691488005481791, "1996": -0.12757645784575722, "1997": -9.6728814959902376, "1998": 2.8962334432965919, "1999": -1.1785077961183887, "2000": -9.0970564680732053, "2001": -0.039386228213744712, "2002": 8.1174750220463832, "2003": 22.095853896528659, "2004": 14.129828774800579, "2005": 3.1251177078513326, "2006": 5.0010821516882187, "2007": 13.874300400355889, "2008": 9.5902450443319687, "2009": -8.2189479142268933, "2010": -2.4761911842200113, "2011": 7.9493233406494834, "2012": -6.9797808248928117, "2013": 4.4185996583598675, "2014": 1.1222770700963558, "2015": -14.93836723483043, "2016": 0.87673573444877473, "2017": 4.4915115561761754, "2018": 7.0592253899069979, "2019": -2.4382816259158502, "2020": -3.0647780814563208, "2021": 11.629449996167596, "2022": -6.0429547855645698, "2023": 8.7825599995507098, "2024": 3.2658819102498349 }, "geometry": { "type": "MultiPolygon", "coordinates": [ [ [ [ 9.560016, 42.152492 ], [ 9.229752, 41.380007 ], [ 8.775723, 41.583612 ], [ 8.544213, 42.256517 ], [ 8.746009, 42.628122 ], [ 9.390001, 43.009985 ], [ 9.560016, 42.152492 ] ] ], [ [ [ 3.588184, 50.378992 ], [ 4.286023, 49.907497 ], [ 4.799222, 49.985373 ], [ 5.674052, 49.529484 ], [ 5.897759, 49.442667 ], [ 6.18632, 49.463803 ], [ 6.65823, 49.201958 ], [ 8.099279, 49.017784 ], [ 7.593676, 48.333019 ], [ 7.466759, 47.620582 ], [ 7.192202, 47.449766 ], [ 6.736571, 47.541801 ], [ 6.768714, 47.287708 ], [ 6.037389, 46.725779 ], [ 6.022609, 46.27299 ], [ 6.5001, 46.429673 ], [ 6.843593, 45.991147 ], [ 6.802355, 45.70858 ], [ 7.096652, 45.333099 ], [ 6.749955, 45.028518 ], [ 7.007562, 44.254767 ], [ 7.549596, 44.127901 ], [ 7.435185, 43.693845 ], [ 6.529245, 43.128892 ], [ 4.556963, 43.399651 ], [ 3.100411, 43.075201 ], [ 2.985999, 42.473015 ], [ 1.826793, 42.343385 ], [ 0.701591, 42.795734 ], [ 0.338047, 42.579546 ], [ -1.502771, 43.034014 ], [ -1.901351, 43.422802 ], [ -1.384225, 44.02261 ], [ -1.193798, 46.014918 ], [ -2.225724, 47.064363 ], [ -2.963276, 47.570327 ], [ -4.491555, 47.954954 ], [ -4.59235, 48.68416 ], [ -3.295814, 48.901692 ], [ -1.616511, 48.644421 ], [ -1.933494, 49.776342 ], [ -0.989469, 49.347376 ], [ 1.338761, 50.127173 ], [ 1.639001, 50.946606 ], [ 2.513573, 51.148506 ], [ 2.658422, 50.796848 ], [ 3.123252, 50.780363 ], [ 3.588184, 50.378992 ] ] ] ] } },
{ "type": "Feature", "properties": { "name": "Gabon", "iso3": "GAB", "name_with_flag": "🇬🇦 Gabon", "1960": null, "1961": 17.137571391407747, "1962": 7.7158470911116162, "1963": -16.572392677441893, "1964": 37.748974531918186, "1965": 3.5342550198931288, "1966": 6.9586511302830445, "1967": 8.7553790150864508, "1968": 6.7086985104366947, "1969": 5.9925791656805227, "1970": -0.36249332425570824, "1971": 15.45406539270604, "1972": 10.50008091777701, "1973": 64.438214608843666, "1974": 109.13150884319749, "1975": 36.66022058217586, "1976": 36.303720255937108, "1977": -8.8479933093493219, "1978": -17.009612185299638, "1979": 23.664118456328499, "1980": 37.642289097031579, "1981": -12.100982656714731, "1982": -8.804911205143517, "1983": -8.776975727509539, "1984": 2.1836346426861608, "1985": -8.7626801905142706, "1986": -0.86671669443134647, "1987": -6.2178011940558608, "1988": 13.636219537414229, "1989": 6.1982201657212688, "1990": 38.337308861016183, "1991": -11.661732470327223, "1992": 0.75941728863901936, "1993": -23.761143908630121, "1994": -6.7651415199973419, "1995": 15.324765901165915, "1996": 11.955107398006648, "1997": -8.7791523822999586, "1998": -17.937513845306096, "1999": 1.3880572409126657, "2000": 6.172519614241545, "2001": -3.6945137722911303, "2002": 3.4080060238333321, "2003": 18.763957098889694, "2004": 16.028095912160435, "2005": 19.797391052083668, "2006": 4.5684083041092283, "2007": 16.891067258342641, "2008": 21.054454528953649, "2009": -24.75134435453289, "2010": 14.623967534026217, "2011": 22.285793724139126, "2012": -9.0237574460475649, "2013": -1.0677119552653824, "2014": 0.039811070357798073, "2015": -23.412143122810068, "2016": -5.2511687550030324, "2017": 3.6642373213123358, "2018": 10.149824007795294, "2019": -2.4015242832858164, "2020": -11.226382620987607, "2021": 23.851840126940793, "2022": 2.78434031648227, "2023": -4.017140068811198, "2024": 1.8257717032426735 }, "geometry": { "type": "Polygon", "coordinates": [ [ [ 11.093773, -3.978827 ], [ 10.066135, -2.969483 ], [ 9.405245, -2.144313 ], [ 8.797996, -1.111301 ], [ 8.830087, -0.779074 ], [ 9.04842, -0.459351 ], [ 9.291351, 0.268666 ], [ 9.492889, 1.01012 ], [ 9.830284, 1.067894 ], [ 11.285079, 1.057662 ], [ 11.276449, 2.261051 ], [ 11.751665, 2.326758 ], [ 12.35938, 2.192812 ], [ 12.951334, 2.321616 ], [ 13.075822, 2.267097 ], [ 13.003114, 1.830896 ], [ 13.282631, 1.314184 ], [ 14.026669, 1.395677 ], [ 14.276266, 1.19693 ], [ 13.843321, 0.038758 ], [ 14.316418, -0.552627 ], [ 14.425456, -1.333407 ], [ 14.29921, -1.998276 ], [ 13.992407, -2.470805 ], [ 13.109619, -2.42874 ], [ 12.575284, -1.948511 ], [ 12.495703, -2.391688 ], [ 11.820964, -2.514161 ], [ 11.478039, -2.765619 ], [ 11.855122, -3.426871 ], [ 11.093773, -3.978827 ] ] ] } },
{ "type": "Feature", "properties": { "name": "United Kingdom", "iso3": "GBR", "name_with_flag": "🇬🇧 United Kingdom", "1960": null, "1961": 5.3514016092872652, "1962": 3.6260973005328934, "1963": 5.7466521617738575, "1964": 8.3566679245961275, "1965": 7.1658472924400973, "1966": 6.0408481556881055, "1967": 3.6257619883024894, "1968": -5.1983790532623146, "1969": 7.6294923473675391, "1970": 11.752283778056283, "1971": 12.875462833692941, "1972": 14.364509879508347, "1973": 13.062284163717308, "1974": 6.9926229445358867, "1975": 17.291504219925624, "1976": -3.7578462712153371, "1977": 13.128325674491247, "1978": 27.673071878777211, "1979": 30.581275225363115, "1980": 28.53770526926094, "1981": -4.3137278691428911, "1982": -4.7214752265329007, "1983": -4.9699835919773445, "1984": -5.8945321690508372, "1985": 5.7832358095699421, "1986": 22.640391141429884, "1987": 23.630645637196302, "1988": 21.866544351920968, "1989": 1.5769779694712494, "1990": 17.588122232725766, "1991": 4.2170199456812885, "1992": 2.9468478467144621, "1993": -10.241293147635078, "1994": 7.1793850999431141, "1995": 17.553772715033269, "1996": 5.3409722165011386, "1997": 9.6679776524358765, "1998": 5.6358759993472507, "1999": 1.7244752948695208, "2000": -1.6729123239123456, "2001": -1.3237093888979645, "2002": 7.7801462805857424, "2003": 14.512213684274911, "2004": 17.20017091565882, "2005": 4.3052606477155919, "2006": 5.7182821278341178, "2007": 13.221526273934071, "2008": -5.9557601864316023, "2009": -18.254634507768653, "2010": 2.2063352284535265, "2011": 6.3402800039668694, "2012": 0.90360461355936117, "2013": 2.1861273472611797, "2014": 9.2300201953315444, "2015": -5.1505576603086967, "2016": -8.8826944430897008, "2017": -0.87554765856402428, "2018": 6.6116270198466331, "2019": -1.2039231600552869, "2020": -5.5830161108753051, "2021": 16.140826108833227, "2022": -1.8400792187998949, "2023": 6.8120168680618987, "2024": 6.9835769596328534 }, "geometry": { "type": "MultiPolygon", "coordinates": [ [ [ [ -5.661949, 54.554603 ], [ -6.197885, 53.867565 ], [ -6.95373, 54.073702 ], [ -7.572168, 54.059956 ], [ -7.366031, 54.595841 ], [ -7.572168, 55.131622 ], [ -6.733847, 55.17286 ], [ -5.661949, 54.554603 ] ] ], [ [ [ -3.005005, 58.635 ], [ -4.073828, 57.553025 ], [ -3.055002, 57.690019 ], [ -1.959281, 57.6848 ], [ -2.219988, 56.870017 ], [ -3.119003, 55.973793 ], [ -2.085009, 55.909998 ], [ -2.005676, 55.804903 ], [ -1.114991, 54.624986 ], [ -0.430485, 54.464376 ], [ 0.184981, 53.325014 ], [ 0.469977, 52.929999 ], [ 1.681531, 52.73952 ], [ 1.559988, 52.099998 ], [ 1.050562, 51.806761 ], [ 1.449865, 51.289428 ], [ 0.550334, 50.765739 ], [ -0.787517, 50.774989 ], [ -2.489998, 50.500019 ], [ -2.956274, 50.69688 ], [ -3.617448, 50.228356 ], [ -4.542508, 50.341837 ], [ -5.245023, 49.96 ], [ -5.776567, 50.159678 ], [ -4.30999, 51.210001 ], [ -3.414851, 51.426009 ], [ -3.422719, 51.426848 ], [ -4.984367, 51.593466 ], [ -5.267296, 51.9914 ], [ -4.222347, 52.301356 ], [ -4.770013, 52.840005 ], [ -4.579999, 53.495004 ], [ -3.093831, 53.404547 ], [ -3.09208, 53.404441 ], [ -2.945009, 53.985 ], [ -3.614701, 54.600937 ], [ -3.630005, 54.615013 ], [ -4.844169, 54.790971 ], [ -5.082527, 55.061601 ], [ -4.719112, 55.508473 ], [ -5.047981, 55.783986 ], [ -5.586398, 55.311146 ], [ -5.644999, 56.275015 ], [ -6.149981, 56.78501 ], [ -5.786825, 57.818848 ], [ -5.009999, 58.630013 ], [ -4.211495, 58.550845 ], [ -3.005005, 58.635 ] ] ] ] } },
{ "type": "Feature", "properties": { "name": "Georgia", "iso3": "GEO", "name_with_flag": "🇬🇪 Georgia", "1960": null, "1961": null, "1962": null, "1963": null, "1964": null, "1965": null, "1966": null, "1967": null, "1968": null, "1969": null, "1970": null, "1971": null, "1972": null, "1973": null, "1974": null, "1975": null, "1976": null, "1977": null, "1978": null, "1979": null, "1980": null, "1981": null, "1982": null, "1983": null, "1984": null, "1985": null, "1986": null, "1987": null, "1988": 19.456135338169013, "1989": 0.51724379166491197, "1990": -13.081649154334475, "1991": -18.818159955629998, "1992": -42.100475278452762, "1993": -27.364178822110041, "1994": -5.4907473434284597, "1995": 11.258097492828778, "1996": 19.140695709001633, "1997": 17.12506828398206, "1998": 5.511955033746796, "1999": -20.901293128638432, "2000": 11.33874803270951, "2001": 6.9442204822682374, "2002": 6.4268545582364167, "2003": 18.336326359747112, "2004": 29.208590474639372, "2005": 25.879219898871785, "2006": 21.50231715444373, "2007": 32.031058182071924, "2008": 26.15906429022472, "2009": -15.100797412982647, "2010": 16.262501755385571, "2011": 25.533454916745811, "2012": 9.9771907046137152, "2013": 4.0017468923141397, "2014": 2.5113011517603034, "2015": -15.396707193170933, "2016": 1.3893848134497011, "2017": 6.6455260191742305, "2018": 8.7197139117357825, "2019": -1.306632368498839, "2020": -9.2891783394341676, "2021": 18.199859692701349, "2022": 32.383299084281859, "2023": 23.088535292628265, "2024": 10.985397780420225 }, "geometry": { "type": "Polygon", "coordinates": [ [ [ 41.554084, 41.535656 ], [ 41.703171, 41.962943 ], [ 41.45347, 42.645123 ], [ 40.875469, 43.013628 ], [ 40.321394, 43.128634 ], [ 39.955009, 43.434998 ], [ 40.076965, 43.553104 ], [ 40.922185, 43.382159 ], [ 42.394395, 43.220308 ], [ 43.756017, 42.740828 ], [ 43.9312, 42.554974 ], [ 44.537623, 42.711993 ], [ 45.470279, 42.502781 ], [ 45.77641, 42.092444 ], [ 46.404951, 41.860675 ], [ 46.145432, 41.722802 ], [ 46.637908, 41.181673 ], [ 46.501637, 41.064445 ], [ 45.962601, 41.123873 ], [ 45.217426, 41.411452 ], [ 44.97248, 41.248129 ], [ 43.582746, 41.092143 ], [ 42.619549, 41.583173 ], [ 41.554084, 41.535656 ] ] ] } },
{ "type": "Feature", "properties": { "name": "Ghana", "iso3": "GHA", "name_with_flag": "🇬🇭 Ghana", "1960": null, "1961": 4.009607771857282, "1962": 3.6020262146577053, "1963": 8.8187647101663167, "1964": 9.7205338269303443, "1965": 15.796653948064732, "1966": 1.0859629224964973, "1967": -19.790523146850436, "1968": -6.8889182703627538, "1969": 14.798526201827023, "1970": 9.9158380017740466, "1971": 6.1447962995314631, "1972": -15.03591598759102, "1973": 38.295617402050631, "1974": -6.4888774303130674, "1975": -5.6833697614080858, "1976": -4.388073674021542, "1977": 11.989159616693135, "1978": 11.395771867623994, "1979": 6.4665312056331414, "1980": 7.3845005735698521, "1981": -7.6434505692686283, "1982": -7.1530770432332913, "1983": -2.4509094012903687, "1984": 5.9783046967638143, "1985": -0.086146934335751268, "1986": 24.565806985429319, "1987": -13.527235551915972, "1988": -0.0089763908092233002, "1989": -1.4521503229048882, "1990": 9.3087957868852378, "1991": 9.33534471508748, "1992": -5.2187683504507749, "1993": -9.2389313216998161, "1994": -10.921858942153095, "1995": 15.922844949705951, "1996": 4.7731486405470758, "1997": -2.9360842527789366, "1998": 5.9614515729094597, "1999": 0.66701999816847213, "2000": -37.041330975083333, "2001": 3.8602319452872402, "2002": 12.870611914246076, "2003": 20.485877026921639, "2004": 13.318340107003612, "2005": 17.846361543529543, "2006": 89.389568073430453, "2007": 15.851399408781376, "2008": 12.620692381298749, "2009": -11.411021261864708, "2010": 20.634468759593293, "2011": 19.269297902290351, "2012": 2.4106838917899331, "2013": 48.648312524616259, "2014": -15.029115472701216, "2015": -11.648522009806573, "2016": 11.011729575899576, "2017": 5.218706471836243, "2018": 9.0958728914985354, "2019": -0.39463161571491323, "2020": 0.40228462161218115, "2021": 11.374946403148268, "2022": -8.8048657140668336, "2023": 6.9067439939393127, "2024": 0.91826508047272437 }, "geometry": { "type": "Polygon", "coordinates": [ [ [ 1.060122, 5.928837 ], [ -0.507638, 5.343473 ], [ -1.063625, 5.000548 ], [ -1.964707, 4.710462 ], [ -2.856125, 4.994476 ], [ -2.810701, 5.389051 ], [ -3.24437, 6.250472 ], [ -2.983585, 7.379705 ], [ -2.56219, 8.219628 ], [ -2.827496, 9.642461 ], [ -2.963896, 10.395335 ], [ -2.940409, 10.96269 ], [ -1.203358, 11.009819 ], [ -0.761576, 10.93693 ], [ -0.438702, 11.098341 ], [ 0.023803, 11.018682 ], [ -0.049785, 10.706918 ], [ 0.36758, 10.191213 ], [ 0.365901, 9.465004 ], [ 0.461192, 8.677223 ], [ 0.712029, 8.312465 ], [ 0.490957, 7.411744 ], [ 0.570384, 6.914359 ], [ 0.836931, 6.279979 ], [ 1.060122, 5.928837 ] ] ] } },
{ "type": "Feature", "properties": { "name": "Guinea", "iso3": "GIN", "name_with_flag": "🇬🇳 Guinea", "1960": null, "1961": null, "1962": null, "1963": null, "1964": null, "1965": null, "1966": null, "1967": null, "1968": null, "1969": null, "1970": null, "1971": 9.6261035153474062, "1972": 14.928988315586, "1973": 20.538022504829989, "1974": 8.6791906772665239, "1975": 5.5371967939380928, "1976": 9.1002106640581069, "1977": 0.66355971366347521, "1978": 15.123779321287145, "1979": 7.9634794440245127, "1980": 7.8769074813194395, "1981": -2.8716938949596482, "1982": 21.172216527985753, "1983": 24.210083136723526, "1984": 19.083228518845232, "1985": 20.828933416564134, "1986": -87.545187739189316, "1987": -0.27004105769673492, "1988": 13.773788182431757, "1989": -0.6110979703737196, "1990": 5.926624856612861, "1991": 8.6246776516318171, "1992": 5.5183976060205753, "1993": -3.1626498125932656, "1994": 0.12443042253840186, "1995": 6.172801251238802, "1996": 1.8223574616097249, "1997": -4.193200202074876, "1998": -6.9297134322403924, "1999": -5.6790574911130376, "2000": -15.141750497441297, "2001": -6.7685937234216116, "2002": 2.656043998793578, "2003": 14.230095793210218, "2004": 3.2502751997249613, "2005": -20.810484508817616, "2006": -3.4969587645913514, "2007": 45.453436237935676, "2008": 8.2110847439146983, "2009": -5.8770407866465257, "2010": -0.44558308911625266, "2011": -3.4191686287821321, "2012": 9.841199086575859, "2013": 7.0210061483179986, "2014": 2.2301912740396057, "2015": -2.325047689402282, "2016": -4.7314012647069248, "2017": 17.079032023061956, "2018": 11.957192748276558, "2019": 10.507941886584305, "2020": 2.1641243873576688, "2021": 18.156174708698636, "2022": 13.785973561488586, "2023": 9.8050274159602537, "2024": 10.38444688712552 }, "geometry": { "type": "Polygon", "coordinates": [ [ [ -8.439298, 7.686043 ], [ -8.722124, 7.711674 ], [ -8.926065, 7.309037 ], [ -9.208786, 7.313921 ], [ -9.403348, 7.526905 ], [ -9.33728, 7.928534 ], [ -9.755342, 8.541055 ], [ -10.016567, 8.428504 ], [ -10.230094, 8.406206 ], [ -10.505477, 8.348896 ], [ -10.494315, 8.715541 ], [ -10.65477, 8.977178 ], [ -10.622395, 9.26791 ], [ -10.839152, 9.688246 ], [ -11.117481, 10.045873 ], [ -11.917277, 10.046984 ], [ -12.150338, 9.858572 ], [ -12.425929, 9.835834 ], [ -12.596719, 9.620188 ], [ -12.711958, 9.342712 ], [ -13.24655, 8.903049 ], [ -13.685154, 9.494744 ], [ -14.074045, 9.886167 ], [ -14.330076, 10.01572 ], [ -14.579699, 10.214467 ], [ -14.693232, 10.656301 ], [ -14.839554, 10.876572 ], [ -15.130311, 11.040412 ], [ -14.685687, 11.527824 ], [ -14.382192, 11.509272 ], [ -14.121406, 11.677117 ], [ -13.9008, 11.678719 ], [ -13.743161, 11.811269 ], [ -13.828272, 12.142644 ], [ -13.718744, 12.247186 ], [ -13.700476, 12.586183 ], [ -13.217818, 12.575874 ], [ -12.499051, 12.33209 ], [ -12.278599, 12.35444 ], [ -12.203565, 12.465648 ], [ -11.658301, 12.386583 ], [ -11.513943, 12.442988 ], [ -11.456169, 12.076834 ], [ -11.297574, 12.077971 ], [ -11.036556, 12.211245 ], [ -10.87083, 12.177887 ], [ -10.593224, 11.923975 ], [ -10.165214, 11.844084 ], [ -9.890993, 12.060479 ], [ -9.567912, 12.194243 ], [ -9.327616, 12.334286 ], [ -9.127474, 12.30806 ], [ -8.905265, 12.088358 ], [ -8.786099, 11.812561 ], [ -8.376305, 11.393646 ], [ -8.581305, 11.136246 ], [ -8.620321, 10.810891 ], [ -8.407311, 10.909257 ], [ -8.282357, 10.792597 ], [ -8.335377, 10.494812 ], [ -8.029944, 10.206535 ], [ -8.229337, 10.12902 ], [ -8.309616, 9.789532 ], [ -8.079114, 9.376224 ], [ -7.8321, 8.575704 ], [ -8.203499, 8.455453 ], [ -8.299049, 8.316444 ], [ -8.221792, 8.123329 ], [ -8.280703, 7.68718 ], [ -8.439298, 7.686043 ] ] ] } },
{ "type": "Feature", "properties": { "name": "Gambia", "iso3": "GMB", "name_with_flag": "🇬🇲 Gambia", "1960": null, "1961": null, "1962": null, "1963": null, "1964": null, "1965": null, "1966": null, "1967": 2.7491538195627552, "1968": -14.288296247394449, "1969": 6.685058171689362, "1970": 12.54140946783413, "1971": 3.5443679510978265, "1972": 3.1033043538149174, "1973": 23.397953877429135, "1974": 23.711941099299104, "1975": 16.720167958429411, "1976": -5.5289599682633135, "1977": 19.255934806851194, "1978": 20.453600311949337, "1979": 16.56856631467074, "1980": 12.467258332403318, "1981": -12.351611479015578, "1982": -4.6762149300592526, "1983": -4.7820035213546941, "1984": -20.046559757869854, "1985": 22.357318851106101, "1986": -20.98885858659072, "1987": 14.110171891954494, "1988": 16.002909769090202, "1989": 2.2029487287261507, "1990": 7.0160180643552339, "1991": 108.74771718946286, "1992": -0.65218754314945171, "1993": 1.9046524412855925, "1994": -4.2627214760763703, "1995": 2.2035831823465246, "1996": 4.8422801257910653, "1997": -7.9107261769820862, "1998": 1.667825289492475, "1999": -5.69859722125784, "2000": -6.5001612184521935, "2001": -14.543334580826306, "2002": -18.110370970761291, "2003": -18.009645598670744, "2004": 92.176415804874082, "2005": 3.9101440280640221, "2006": -0.31458254183076573, "2007": 17.929073285810393, "2008": 18.545103755800518, "2009": -9.8052528519726003, "2010": 3.3740799655667342, "2011": -11.288538571115048, "2012": -2.5371286842496898, "2013": -5.5902111007675064, "2014": -13.130918148606764, "2015": 9.0724326090841245, "2016": 4.9262866210943335, "2017": -1.1589546465485046, "2018": 8.3572410080283923, "2019": 6.0278298042218736, "2020": -2.4183052035662178, "2021": 8.5454364382311567, "2022": 6.9516026677653109, "2023": 6.2078146455728511, "2024": 2.2933172136376356 }, "geometry": { "type": "Polygon", "coordinates": [ [ [ -16.841525, 13.151394 ], [ -16.713729, 13.594959 ], [ -15.624596, 13.623587 ], [ -15.39877, 13.860369 ], [ -15.081735, 13.876492 ], [ -14.687031, 13.630357 ], [ -14.376714, 13.62568 ], [ -14.046992, 13.794068 ], [ -13.844963, 13.505042 ], [ -14.277702, 13.280585 ], [ -14.712197, 13.298207 ], [ -15.141163, 13.509512 ], [ -15.511813, 13.27857 ], [ -15.691001, 13.270353 ], [ -15.931296, 13.130284 ], [ -16.841525, 13.151394 ] ] ] } },
{ "type": "Feature", "properties": { "name": "Guinea Bissau", "iso3": "GNB", "name_with_flag": "🇬🇼 Guinea Bissau", "1960": null, "1961": null, "1962": null, "1963": null, "1964": null, "1965": null, "1966": null, "1967": null, "1968": null, "1969": null, "1970": null, "1971": -0.55524427100216434, "1972": 11.590415284172195, "1973": 0.84211161058458384, "1974": 6.819445786228151, "1975": 3.959146897666832, "1976": -3.3006168660240642, "1977": -4.2642804738622697, "1978": -0.032032760519884462, "1979": -6.6866182472426257, "1980": -7.7132496473569789, "1981": 37.655011037974063, "1982": 5.2922053000753699, "1983": -2.7327415828346635, "1984": -16.678009463454423, "1985": 2.2424670544729075, "1986": -10.907625214904293, "1987": 31.366905718850369, "1988": -6.9212064043127182, "1989": 27.474980172640741, "1990": 12.59253067099435, "1991": 3.1836388540266158, "1992": -14.54494446337743, "1993": 1.2695990647668909, "1994": -3.5641002894450491, "1995": 5.0997407651204973, "1996": 4.2821755838941655, "1997": -2.5663990721366714, "1998": -16.901010791573722, "1999": -3.8155841202823448, "2000": -33.794961159415507, "2001": 3.215990476074726, "2002": 10.667087442939472, "2003": 15.951595677360707, "2004": 2.7613409837180303, "2005": 7.3479665079744461, "2006": -3.1443977323644012, "2007": 15.731250254220729, "2008": 23.33800650485076, "2009": -8.9064965359950001, "2010": 2.915735491773086, "2011": 19.884439963580071, "2012": -11.684961229610657, "2013": 2.9652270923931967, "2014": -0.34877236209701623, "2015": -1.0667827891565951, "2016": 5.3635603978001711, "2017": 15.221872705430229, "2018": 3.2444993394627364, "2019": -0.13680211479505378, "2020": 3.5720680701824659, "2021": 9.1139267502086341, "2022": -4.2791148488621644, "2023": 10.474665266632211, "2024": -0.2014582658063202 }, "geometry": { "type": "Polygon", "coordinates": [ [ [ -15.130311, 11.040412 ], [ -15.66418, 11.458474 ], [ -16.085214, 11.524594 ], [ -16.314787, 11.806515 ], [ -16.308947, 11.958702 ], [ -16.613838, 12.170911 ], [ -16.677452, 12.384852 ], [ -16.147717, 12.547762 ], [ -15.816574, 12.515567 ], [ -15.548477, 12.62817 ], [ -13.700476, 12.586183 ], [ -13.718744, 12.247186 ], [ -13.828272, 12.142644 ], [ -13.743161, 11.811269 ], [ -13.9008, 11.678719 ], [ -14.121406, 11.677117 ], [ -14.382192, 11.509272 ], [ -14.685687, 11.527824 ], [ -15.130311, 11.040412 ] ] ] } },
{ "type": "Feature", "properties": { "name": "Equatorial Guinea", "iso3": "GNQ", "name_with_flag": "🇬🇶 Equatorial Guinea", "1960": null, "1961": null, "1962": null, "1963": 16.466280438056646, "1964": 14.876803092201097, "1965": 22.086975832760668, "1966": 4.4182130464246461, "1967": 2.3100126153259959, "1968": -8.7042401545181942, "1969": -1.5598660599231651, "1970": -0.80309644041853812, "1971": -0.5801167025502818, "1972": 2.8493784632988017, "1973": 27.059337718982523, "1974": 18.836693952330009, "1975": 13.477561667357584, "1976": 1.813381680396664, "1977": 1.8638832948873141, "1978": 0.0, "1979": 0.0, "1980": -53.300978302422266, "1981": -30.963588289683074, "1982": 13.493260345637626, "1983": -5.8615460152360743, "1984": 6.5625585327907077, "1985": 16.833737510281122, "1986": 17.173128660111779, "1987": 17.023635207837739, "1988": 3.5051603567505696, "1989": -15.50093830818302, "1990": 22.346590560843673, "1991": -4.6881164394561576, "1992": 17.048763768808286, "1993": -2.6733510067995625, "1994": -28.612543165307681, "1995": 35.513860077406669, "1996": 57.737966676911597, "1997": 83.06497861584657, "1998": -19.409331232556493, "1999": 61.094177736646273, "2000": 59.769739036050119, "2001": 31.015247440130111, "2002": 16.196106989664738, "2003": 29.431500992435499, "2004": 67.245553847299377, "2005": 76.971422967251172, "2006": 17.419857985184507, "2007": 23.879203136067062, "2008": 44.33401529218348, "2009": -27.336087659300656, "2010": 3.6853494282787391, "2011": 25.349896108191693, "2012": 0.6416871412804559, "2013": -5.803488872677864, "2014": -4.63325288003269, "2015": -41.674018248100317, "2016": -17.815945324535441, "2017": 4.775221026589449, "2018": 3.7567199402197993, "2019": -16.023774005523006, "2020": -15.286175631048938, "2021": 20.499035190411362, "2022": 9.2672498602441866, "2023": -12.010412763404988, "2024": 1.0124107269462224 }, "geometry": { "type": "Polygon", "coordinates": [ [ [ 9.492889, 1.01012 ], [ 9.305613, 1.160911 ], [ 9.649158, 2.283866 ], [ 11.276449, 2.261051 ], [ 11.285079, 1.057662 ], [ 9.830284, 1.067894 ], [ 9.492889, 1.01012 ] ] ] } },
{ "type": "Feature", "properties": { "name": "Greece", "iso3": "GRC", "name_with_flag": "🇬🇷 Greece", "1960": null, "1961": 13.541133422852525, "1962": 4.4479291461816395, "1963": 12.668343192227072, "1964": 12.726283643016245, "1965": 14.747321310166516, "1966": 10.91416533811913, "1967": 7.0866557053229418, "1968": 8.0818975372630941, "1969": 14.692936244364564, "1970": 12.864149300565163, "1971": 10.568737376403625, "1972": 14.969745915838772, "1973": 31.749553810039789, "1974": 13.022743250971946, "1975": 11.471033340575399, "1976": 7.5258989515099461, "1977": 14.623874858786913, "1978": 20.797272876126961, "1979": 21.541937909659413, "1980": 3.2897713342571633, "1981": -8.7109488215474933, "1982": 3.6980873759026922, "1983": -10.025683907595761, "1984": -3.3330025496892901, "1985": -0.80070375352753187, "1986": 17.508198561885479, "1987": 16.059019893368042, "1988": 15.737421298088773, "1989": 3.2725612468994303, "1990": 22.347124088688087, "1991": 6.1268056146525973, "1992": 9.6982003728844912, "1993": -6.9295236239246609, "1994": 6.6266291661691623, "1995": 16.842418773580814, "1996": 5.1133935341725945, "1997": -3.1014919075363356, "1998": 0.054144264458821922, "1999": -2.1533071869944576, "2000": -8.6665557342787469, "2001": 4.4573573664252297, "2002": 13.368792213088154, "2003": 30.752838729338094, "2004": 19.026230791134434, "2005": 2.8200340360017284, "2006": 10.709520405430538, "2007": 16.484008009437279, "2008": 11.445088972422823, "2009": -7.1630102965622449, "2010": -9.4218026554742309, "2011": -4.3081831216734141, "2012": -15.2145581594479, "2013": -0.23585025945588312, "2014": -0.45713478368658578, "2015": -16.270270155579659, "2016": -0.34196157058951071, "2017": 3.9775697535611609, "2018": 6.6627789635083312, "2019": -2.7073438984959064, "2020": -7.4921129994701356, "2021": 15.474972457380654, "2022": 1.5354119243376596, "2023": 11.581690226587904, "2024": 5.7749441180920735 }, "geometry": { "type": "MultiPolygon", "coordinates": [ [ [ [ 23.69998, 35.705004 ], [ 24.246665, 35.368022 ], [ 25.025015, 35.424996 ], [ 25.769208, 35.354018 ], [ 25.745023, 35.179998 ], [ 26.290003, 35.29999 ], [ 26.164998, 35.004995 ], [ 24.724982, 34.919988 ], [ 24.735007, 35.084991 ], [ 23.514978, 35.279992 ], [ 23.69998, 35.705004 ] ] ], [ [ [ 26.604196, 41.562115 ], [ 26.294602, 40.936261 ], [ 26.056942, 40.824123 ], [ 25.447677, 40.852545 ], [ 24.925848, 40.947062 ], [ 23.714811, 40.687129 ], [ 24.407999, 40.124993 ], [ 23.899968, 39.962006 ], [ 23.342999, 39.960998 ], [ 22.813988, 40.476005 ], [ 22.626299, 40.256561 ], [ 22.849748, 39.659311 ], [ 23.350027, 39.190011 ], [ 22.973099, 38.970903 ], [ 23.530016, 38.510001 ], [ 24.025025, 38.219993 ], [ 24.040011, 37.655015 ], [ 23.115003, 37.920011 ], [ 23.409972, 37.409991 ], [ 22.774972, 37.30501 ], [ 23.154225, 36.422506 ], [ 22.490028, 36.41 ], [ 21.670026, 36.844986 ], [ 21.295011, 37.644989 ], [ 21.120034, 38.310323 ], [ 20.730032, 38.769985 ], [ 20.217712, 39.340235 ], [ 20.150016, 39.624998 ], [ 20.615, 40.110007 ], [ 20.674997, 40.435 ], [ 20.99999, 40.580004 ], [ 21.02004, 40.842727 ], [ 21.674161, 40.931275 ], [ 22.055378, 41.149866 ], [ 22.597308, 41.130487 ], [ 22.76177, 41.3048 ], [ 22.952377, 41.337994 ], [ 23.692074, 41.309081 ], [ 24.492645, 41.583896 ], [ 25.197201, 41.234486 ], [ 26.106138, 41.328899 ], [ 26.117042, 41.826905 ], [ 26.604196, 41.562115 ] ] ] ] } },
{ "type": "Feature", "properties": { "name": "Greenland", "iso3": "GRL", "name_with_flag": "🇬🇱 Greenland", "1960": null, "1961": null, "1962": null, "1963": null, "1964": null, "1965": null, "1966": null, "1967": null, "1968": null, "1969": null, "1970": null, "1971": 25.096761578063397, "1972": 17.202141944440164, "1973": 30.207221497830684, "1974": 20.012912762280255, "1975": 24.038457434443018, "1976": 13.781066793218777, "1977": 17.943610185546866, "1978": 26.628708130111821, "1979": 17.210181416947123, "1980": 11.818982917196408, "1981": -9.9018702477303382, "1982": -8.5491369097535301, "1983": 2.2336121514342056, "1984": -9.8829813724474302, "1985": 7.8087133207724868, "1986": 45.233517307527357, "1987": 29.127157520647785, "1988": 12.666994085947714, "1989": 2.535629461723099, "1990": 8.9997104850476628, "1991": -0.063365437909657096, "1992": 2.476129570516461, "1993": -10.503957731212187, "1994": 7.8985159437701791, "1995": 19.541548255294238, "1996": -1.1232827792258426, "1997": -10.628312483922297, "1998": 7.0562575358278146, "1999": -1.5917584256677997, "2000": -5.7571975255188201, "2001": 1.3490486685719949, "2002": 7.2275835123905452, "2003": 32.959217210983624, "2004": 16.617787134341079, "2005": 1.432140603747234, "2006": 9.1348935005098664, "2007": 12.19290293395041, "2008": 11.527734777151588, "2009": 1.2442990935387588, "2010": -1.4284474473513442, "2011": 6.57150113423417, "2012": -2.6488715108995753, "2013": 3.4798389507133765, "2014": 6.2053344456219905, "2015": -11.783387143659407, "2016": 8.1852014741672807, "2017": 5.3630355094417714, "2018": 7.4447564173539371, "2019": -2.2658890620080196, "2020": 2.8202683314210386, "2021": 6.0630654294030029, "2022": -4.3019705525020324, "2023": 5.1477911956602895, "2024": 0.0 }, "geometry": { "type": "Polygon", "coordinates": [ [ [ -46.76379, 82.62796 ], [ -43.40644, 83.22516 ], [ -39.89753, 83.18018 ], [ -38.62214, 83.54905 ], [ -35.08787, 83.64513 ], [ -27.10046, 83.51966 ], [ -20.84539, 82.72669 ], [ -22.69182, 82.34165 ], [ -26.51753, 82.29765 ], [ -31.9, 82.2 ], [ -31.39646, 82.02154 ], [ -27.85666, 82.13178 ], [ -24.84448, 81.78697 ], [ -22.90328, 82.09317 ], [ -22.07175, 81.73449 ], [ -23.16961, 81.15271 ], [ -20.62363, 81.52462 ], [ -15.76818, 81.91245 ], [ -12.77018, 81.71885 ], [ -12.20855, 81.29154 ], [ -16.28533, 80.58004 ], [ -16.85, 80.35 ], [ -20.04624, 80.17708 ], [ -17.73035, 80.12912 ], [ -18.9, 79.4 ], [ -19.70499, 78.75128 ], [ -19.67353, 77.63859 ], [ -18.47285, 76.98565 ], [ -20.03503, 76.94434 ], [ -21.67944, 76.62795 ], [ -19.83407, 76.09808 ], [ -19.59896, 75.24838 ], [ -20.66818, 75.15585 ], [ -19.37281, 74.29561 ], [ -21.59422, 74.22382 ], [ -20.43454, 73.81713 ], [ -20.76234, 73.46436 ], [ -22.17221, 73.30955 ], [ -23.56593, 73.30663 ], [ -22.31311, 72.62928 ], [ -22.29954, 72.18409 ], [ -24.27834, 72.59788 ], [ -24.79296, 72.3302 ], [ -23.44296, 72.08016 ], [ -22.13281, 71.46898 ], [ -21.75356, 70.66369 ], [ -23.53603, 70.471 ], [ -24.30702, 70.85649 ], [ -25.54341, 71.43094 ], [ -25.20135, 70.75226 ], [ -26.36276, 70.22646 ], [ -23.72742, 70.18401 ], [ -22.34902, 70.12946 ], [ -25.02927, 69.2588 ], [ -27.74737, 68.47046 ], [ -30.67371, 68.12503 ], [ -31.77665, 68.12078 ], [ -32.81105, 67.73547 ], [ -34.20196, 66.67974 ], [ -36.35284, 65.9789 ], [ -37.04378, 65.93768 ], [ -38.37505, 65.69213 ], [ -39.81222, 65.45848 ], [ -40.66899, 64.83997 ], [ -40.68281, 64.13902 ], [ -41.1887, 63.48246 ], [ -42.81938, 62.68233 ], [ -42.41666, 61.90093 ], [ -42.86619, 61.07404 ], [ -43.3784, 60.09772 ], [ -44.7875, 60.03676 ], [ -46.26364, 60.85328 ], [ -48.26294, 60.85843 ], [ -49.23308, 61.40681 ], [ -49.90039, 62.38336 ], [ -51.63325, 63.62691 ], [ -52.14014, 64.27842 ], [ -52.27659, 65.1767 ], [ -53.66166, 66.09957 ], [ -53.30161, 66.8365 ], [ -53.96911, 67.18899 ], [ -52.9804, 68.35759 ], [ -51.47536, 68.72958 ], [ -51.08041, 69.14781 ], [ -50.87122, 69.9291 ], [ -52.013585, 69.574925 ], [ -52.55792, 69.42616 ], [ -53.45629, 69.283625 ], [ -54.68336, 69.61003 ], [ -54.75001, 70.28932 ], [ -54.35884, 70.821315 ], [ -53.431315, 70.835755 ], [ -51.39014, 70.56978 ], [ -53.10937, 71.20485 ], [ -54.00422, 71.54719 ], [ -55.0, 71.406537 ], [ -55.83468, 71.65444 ], [ -54.71819, 72.58625 ], [ -55.32634, 72.95861 ], [ -56.12003, 73.64977 ], [ -57.32363, 74.71026 ], [ -58.59679, 75.09861 ], [ -58.58516, 75.51727 ], [ -61.26861, 76.10238 ], [ -63.39165, 76.1752 ], [ -66.06427, 76.13486 ], [ -68.50438, 76.06141 ], [ -69.66485, 76.37975 ], [ -71.40257, 77.00857 ], [ -68.77671, 77.32312 ], [ -66.76397, 77.37595 ], [ -71.04293, 77.63595 ], [ -73.297, 78.04419 ], [ -73.15938, 78.43271 ], [ -69.37345, 78.91388 ], [ -65.7107, 79.39436 ], [ -65.3239, 79.75814 ], [ -68.02298, 80.11721 ], [ -67.15129, 80.51582 ], [ -63.68925, 81.21396 ], [ -62.23444, 81.3211 ], [ -62.65116, 81.77042 ], [ -60.28249, 82.03363 ], [ -57.20744, 82.19074 ], [ -54.13442, 82.19962 ], [ -53.04328, 81.88833 ], [ -50.39061, 82.43883 ], [ -48.00386, 82.06481 ], [ -46.59984, 81.985945 ], [ -44.523, 81.6607 ], [ -46.9007, 82.19979 ], [ -46.76379, 82.62796 ] ] ] } },
{ "type": "Feature", "properties": { "name": "Guatemala", "iso3": "GTM", "name_with_flag": "🇬🇹 Guatemala", "1960": null, "1961": 0.15148576133985348, "1962": 3.1136991784413759, "1963": 7.234570828927156, "1964": -0.070160233532956529, "1965": -0.42939386015922176, "1966": 1.5196278382301198, "1967": 1.6208462437037108, "1968": 7.7869248137126368, "1969": 3.6978335386240069, "1970": 8.1176382088138155, "1971": 1.5824538167747093, "1972": 3.1780237975828518, "1973": 19.147443288353848, "1974": 19.976771533873759, "1975": 12.545757128679957, "1976": 17.176046584615733, "1977": 22.8186718114898, "1978": 8.0659356118536696, "1979": 10.895415509797225, "1980": 11.289012581613566, "1981": 6.541473061002856, "1982": -1.0300885865909493, "1983": 1.3098421914463643, "1984": 1.746851927800086, "1985": -0.20684012750482594, "1986": -27.647878529994298, "1987": -4.7049681301466588, "1988": 7.6316562517049658, "1989": 4.2822271328427197, "1990": -11.554229470520683, "1991": 19.666920435553379, "1992": 8.0891903449833222, "1993": 6.3125578460462073, "1994": 10.894774508500715, "1995": 9.9321210532381734, "1996": 4.2220605981722725, "1997": 10.627723731124327, "1998": 6.2704091999845168, "1999": -7.8999132882925043, "2000": 2.8259340583177917, "2001": -6.7484210180168258, "2002": 8.5614673270241646, "2003": 3.1876069717598154, "2004": 6.8715006568338399, "2005": 11.165894108243624, "2006": 8.7300423612733713, "2007": 10.502440264143885, "2008": 12.373604808433702, "2009": -5.4799230011971627, "2010": 7.4134568905320997, "2011": 12.965791237150714, "2012": 3.7121013610779352, "2013": 4.7933785706168353, "2014": 7.1130558954467293, "2015": 5.5395089759578742, "2016": 4.2797510045911258, "2017": 6.5233881510489367, "2018": 0.64625344849607025, "2019": 3.6538706143044442, "2020": -0.76196702722877152, "2021": 9.7150912910159093, "2022": 9.080262930395012, "2023": 7.4571704512240489, "2024": 6.8026434637861177 }, "geometry": { "type": "Polygon", "coordinates": [ [ [ -90.095555, 13.735338 ], [ -90.608624, 13.909771 ], [ -91.23241, 13.927832 ], [ -91.689747, 14.126218 ], [ -92.22775, 14.538829 ], [ -92.20323, 14.830103 ], [ -92.087216, 15.064585 ], [ -92.229249, 15.251447 ], [ -91.74796, 16.066565 ], [ -90.464473, 16.069562 ], [ -90.438867, 16.41011 ], [ -90.600847, 16.470778 ], [ -90.711822, 16.687483 ], [ -91.08167, 16.918477 ], [ -91.453921, 17.252177 ], [ -91.002269, 17.254658 ], [ -91.00152, 17.817595 ], [ -90.067934, 17.819326 ], [ -89.14308, 17.808319 ], [ -89.150806, 17.015577 ], [ -89.229122, 15.886938 ], [ -88.930613, 15.887273 ], [ -88.604586, 15.70638 ], [ -88.518364, 15.855389 ], [ -88.225023, 15.727722 ], [ -88.68068, 15.346247 ], [ -89.154811, 15.066419 ], [ -89.22522, 14.874286 ], [ -89.145535, 14.678019 ], [ -89.353326, 14.424133 ], [ -89.587343, 14.362586 ], [ -89.534219, 14.244816 ], [ -89.721934, 14.134228 ], [ -90.064678, 13.88197 ], [ -90.095555, 13.735338 ] ] ] } },
{ "type": "Feature", "properties": { "name": "French Guiana", "iso3": "GUF", "name_with_flag": "🇬🇫 French Guiana", "1960": null, "1961": null, "1962": null, "1963": null, "1964": null, "1965": null, "1966": null, "1967": null, "1968": null, "1969": null, "1970": null, "1971": null, "1972": null, "1973": null, "1974": null, "1975": null, "1976": null, "1977": null, "1978": null, "1979": null, "1980": null, "1981": null, "1982": null, "1983": null, "1984": null, "1985": null, "1986": null, "1987": null, "1988": null, "1989": null, "1990": null, "1991": null, "1992": null, "1993": null, "1994": null, "1995": null, "1996": null, "1997": null, "1998": null, "1999": null, "2000": null, "2001": null, "2002": null, "2003": null, "2004": null, "2005": null, "2006": null, "2007": null, "2008": null, "2009": null, "2010": null, "2011": null, "2012": null, "2013": null, "2014": null, "2015": null, "2016": null, "2017": null, "2018": null, "2019": null, "2020": null, "2021": null, "2022": null, "2023": null, "2024": null }, "geometry": { "type": "Polygon", "coordinates": [ [ [ -52.556425, 2.504705 ], [ -52.939657, 2.124858 ], [ -53.418465, 2.053389 ], [ -53.554839, 2.334897 ], [ -53.778521, 2.376703 ], [ -54.088063, 2.105557 ], [ -54.524754, 2.311849 ], [ -54.27123, 2.738748 ], [ -54.184284, 3.194172 ], [ -54.011504, 3.62257 ], [ -54.399542, 4.212611 ], [ -54.478633, 4.896756 ], [ -53.958045, 5.756548 ], [ -53.618453, 5.646529 ], [ -52.882141, 5.409851 ], [ -51.823343, 4.565768 ], [ -51.657797, 4.156232 ], [ -52.249338, 3.241094 ], [ -52.556425, 2.504705 ] ] ] } },
{ "type": "Feature", "properties": { "name": "Guyana", "iso3": "GUY", "name_with_flag": "🇬🇾 Guyana", "1960": null, "1961": 6.668271380491464, "1962": 2.6251907038959521, "1963": -11.78163197416211, "1964": 8.4622735306249641, "1965": 7.1744530501876236, "1966": 5.0199386796921708, "1967": 7.1309368120814787, "1968": -10.045778066836608, "1969": 6.2984193922584808, "1970": 5.5126856603774588, "1971": 3.8496346002770077, "1972": -0.074639127222408952, "1973": 6.3365473554522378, "1974": 39.814932045109416, "1975": 12.897084967303151, "1976": -8.9928411897816858, "1977": -1.8386976558442791, "1978": 11.840012151539693, "1979": 3.8628973284407397, "1980": 13.084718781632088, "1981": -5.6988064615961402, "1982": -15.519721289553068, "1983": 1.6288621753244747, "1984": -10.360102065702737, "1985": 3.9771077485187822, "1986": 11.771595708660554, "1987": -29.369455426987734, "1988": 17.382221075000537, "1989": -7.6381546602881762, "1990": 5.1166000333129347, "1991": -11.876907679159576, "1992": 6.8914045544575808, "1993": 21.063190245808716, "1994": 18.658619606202407, "1995": 14.540992244899398, "1996": 13.158404910625855, "1997": 5.9600523221159385, "1998": -4.3873684441287031, "1999": -3.2877869422142991, "2000": 2.531498403755017, "2001": -0.023817199908648945, "2002": 2.0709244389582659, "2003": 2.4057693881255338, "2004": 6.1173980769377634, "2005": 4.9118937867953072, "2006": 189.2450487867153, "2007": 15.074642259678095, "2008": 11.104328207490344, "2009": 4.9930479707119391, "2010": 8.8528813916433755, "2011": 7.9764056963575136, "2012": 10.049596375418645, "2013": 2.0666160403359557, "2014": -1.515663777374987, "2015": 3.0648082789311637, "2016": 4.0859157908684773, "2017": 5.2426024467740362, "2018": -2.1085148815088273, "2019": 5.9096328377749918, "2020": 5.7741975338639229, "2021": 45.532660557957286, "2022": 81.662394263415877, "2023": 14.292061520341569, "2024": 45.961080779024968 }, "geometry": { "type": "Polygon", "coordinates": [ [ [ -59.758285, 8.367035 ], [ -59.101684, 7.999202 ], [ -58.482962, 7.347691 ], [ -58.454876, 6.832787 ], [ -58.078103, 6.809094 ], [ -57.542219, 6.321268 ], [ -57.147436, 5.97315 ], [ -57.307246, 5.073567 ], [ -57.914289, 4.812626 ], [ -57.86021, 4.576801 ], [ -58.044694, 4.060864 ], [ -57.601569, 3.334655 ], [ -57.281433, 3.333492 ], [ -57.150098, 2.768927 ], [ -56.539386, 1.899523 ], [ -56.782704, 1.863711 ], [ -57.335823, 1.948538 ], [ -57.660971, 1.682585 ], [ -58.11345, 1.507195 ], [ -58.429477, 1.463942 ], [ -58.540013, 1.268088 ], [ -59.030862, 1.317698 ], [ -59.646044, 1.786894 ], [ -59.718546, 2.24963 ], [ -59.974525, 2.755233 ], [ -59.815413, 3.606499 ], [ -59.53804, 3.958803 ], [ -59.767406, 4.423503 ], [ -60.111002, 4.574967 ], [ -59.980959, 5.014061 ], [ -60.213683, 5.244486 ], [ -60.733574, 5.200277 ], [ -61.410303, 5.959068 ], [ -61.139415, 6.234297 ], [ -61.159336, 6.696077 ], [ -60.543999, 6.856584 ], [ -60.295668, 7.043911 ], [ -60.637973, 7.415 ], [ -60.550588, 7.779603 ], [ -59.758285, 8.367035 ] ] ] } },
{ "type": "Feature", "properties": { "name": "Honduras", "iso3": "HND", "name_with_flag": "🇭🇳 Honduras", "1960": null, "1961": 3.1616652616047958, "1962": 5.8231352857789576, "1963": 2.8297050289977754, "1964": 8.2750940775597073, "1965": 8.1507912386845405, "1966": 5.044241345271705, "1967": 5.6508254876250108, "1968": 5.039252189928134, "1969": 0.290611760012216, "1970": 5.0689696287351094, "1971": -1.886122123845857, "1972": 6.5615913268991966, "1973": 10.263516110985993, "1974": 10.137724612867615, "1975": 5.4736047598306081, "1976": 16.243978705425889, "1977": 20.053077219158567, "1978": 79.866563121969406, "1979": 10.966651694566609, "1980": 8.5893869848125739, "1981": -1.1314958068431746, "1982": 2.3879514074246044, "1983": 1.8533977087999753, "1984": 6.6167229674857664, "1985": 4.3139593259515996, "1986": 4.5370000159609569, "1987": 5.9802858132392167, "1988": -7.2977093885275295, "1989": -10.518806071873465, "1990": -11.898825280264159, "1991": -8.2136069116637742, "1992": 3.3681005561596589, "1993": -3.1330772793209727, "1994": -8.4080990794517803, "1995": 11.971038032589609, "1996": -5.1904988847873978, "1997": 6.9758935662165955, "1998": 8.0670608117633833, "1999": -1.8568972503225645, "2000": 9.0169635065990406, "2001": 3.6245810405519663, "2002": 0.029569732073575494, "2003": 2.0822940906422227, "2004": 5.1084911259097421, "2005": 7.370380432840884, "2006": 9.2854581608445841, "2007": 10.652616036569352, "2008": 9.8085198968204779, "2009": 2.8090431405215277, "2010": 6.2976025244957823, "2011": 9.5247129880604131, "2012": 2.5256553823490568, "2013": -2.1122096735155083, "2014": 4.7451797216925717, "2015": 4.1892612430504572, "2016": 1.5913165455017531, "2017": 4.5794186511662671, "2018": 2.1398506088568414, "2019": 1.5290261876252931, "2020": -7.7812558307849278, "2021": 18.527032558243729, "2022": 9.8035828689233995, "2023": 7.4640697103031117, "2024": 6.1651377432241583 }, "geometry": { "type": "Polygon", "coordinates": [ [ [ -87.316654, 12.984686 ], [ -87.489409, 13.297535 ], [ -87.793111, 13.38448 ], [ -87.723503, 13.78505 ], [ -87.859515, 13.893312 ], [ -88.065343, 13.964626 ], [ -88.503998, 13.845486 ], [ -88.541231, 13.980155 ], [ -88.843073, 14.140507 ], [ -89.058512, 14.340029 ], [ -89.353326, 14.424133 ], [ -89.145535, 14.678019 ], [ -89.22522, 14.874286 ], [ -89.154811, 15.066419 ], [ -88.68068, 15.346247 ], [ -88.225023, 15.727722 ], [ -88.121153, 15.688655 ], [ -87.901813, 15.864458 ], [ -87.61568, 15.878799 ], [ -87.522921, 15.797279 ], [ -87.367762, 15.84694 ], [ -86.903191, 15.756713 ], [ -86.440946, 15.782835 ], [ -86.119234, 15.893449 ], [ -86.001954, 16.005406 ], [ -85.683317, 15.953652 ], [ -85.444004, 15.885749 ], [ -85.182444, 15.909158 ], [ -84.983722, 15.995923 ], [ -84.52698, 15.857224 ], [ -84.368256, 15.835158 ], [ -84.063055, 15.648244 ], [ -83.773977, 15.424072 ], [ -83.410381, 15.270903 ], [ -83.147219, 14.995829 ], [ -83.489989, 15.016267 ], [ -83.628585, 14.880074 ], [ -83.975721, 14.749436 ], [ -84.228342, 14.748764 ], [ -84.449336, 14.621614 ], [ -84.649582, 14.666805 ], [ -84.820037, 14.819587 ], [ -84.924501, 14.790493 ], [ -85.052787, 14.551541 ], [ -85.148751, 14.560197 ], [ -85.165365, 14.35437 ], [ -85.514413, 14.079012 ], [ -85.698665, 13.960078 ], [ -85.801295, 13.836055 ], [ -86.096264, 14.038187 ], [ -86.312142, 13.771356 ], [ -86.520708, 13.778487 ], [ -86.755087, 13.754845 ], [ -86.733822, 13.263093 ], [ -86.880557, 13.254204 ], [ -87.005769, 13.025794 ], [ -87.316654, 12.984686 ] ] ] } },
{ "type": "Feature", "properties": { "name": "Croatia", "iso3": "HRV", "name_with_flag": "🇭🇷 Croatia", "1960": null, "1961": null, "1962": null, "1963": null, "1964": null, "1965": null, "1966": null, "1967": null, "1968": null, "1969": null, "1970": null, "1971": null, "1972": null, "1973": null, "1974": null, "1975": null, "1976": null, "1977": null, "1978": null, "1979": null, "1980": null, "1981": null, "1982": null, "1983": null, "1984": null, "1985": null, "1986": null, "1987": null, "1988": null, "1989": null, "1990": null, "1991": -25.482678994791407, "1992": -41.984495749866248, "1993": 5.443467206925634, "1994": 32.29508645818828, "1995": 52.228834654715861, "1996": 7.5183402731010096, "1997": 0.59216057561763957, "1998": 7.1574702756974196, "1999": -7.7645327488456761, "2000": -5.9855822090456146, "2001": 8.3006778278682738, "2002": 15.932323682167526, "2003": 31.682672952956924, "2004": 18.667168373954681, "2005": 7.4550530216597188, "2006": 10.1424088263961, "2007": 19.602720370865477, "2008": 15.495640061716331, "2009": -8.8956683521184345, "2010": -5.1442294817107932, "2011": 7.0183722205555465, "2012": -8.0729205583994208, "2013": 4.6467374761987701, "2014": 0.36482200555847388, "2015": -13.410419307862764, "2016": 4.3618830122224894, "2017": 8.4349315452562745, "2018": 11.204981816772541, "2019": 0.66879438790929946, "2020": -4.8532743186975758, "2021": 20.133545610534775, "2022": 3.8008303326040771, "2023": 18.408659956830007, "2024": 9.4486779859021652 }, "geometry": { "type": "Polygon", "coordinates": [ [ [ 18.829838, 45.908878 ], [ 19.072769, 45.521511 ], [ 19.390476, 45.236516 ], [ 19.005486, 44.860234 ], [ 18.553214, 45.08159 ], [ 17.861783, 45.06774 ], [ 17.002146, 45.233777 ], [ 16.534939, 45.211608 ], [ 16.318157, 45.004127 ], [ 15.959367, 45.233777 ], [ 15.750026, 44.818712 ], [ 16.23966, 44.351143 ], [ 16.456443, 44.04124 ], [ 16.916156, 43.667722 ], [ 17.297373, 43.446341 ], [ 17.674922, 43.028563 ], [ 18.56, 42.65 ], [ 18.450016, 42.479991 ], [ 17.50997, 42.849995 ], [ 16.930006, 43.209998 ], [ 16.015385, 43.507215 ], [ 15.174454, 44.243191 ], [ 15.37625, 44.317915 ], [ 14.920309, 44.738484 ], [ 14.901602, 45.07606 ], [ 14.258748, 45.233777 ], [ 13.952255, 44.802124 ], [ 13.656976, 45.136935 ], [ 13.679403, 45.484149 ], [ 13.71506, 45.500324 ], [ 14.411968, 45.466166 ], [ 14.595109, 45.634941 ], [ 14.935244, 45.471695 ], [ 15.327675, 45.452316 ], [ 15.323954, 45.731783 ], [ 15.67153, 45.834154 ], [ 15.768733, 46.238108 ], [ 16.564808, 46.503751 ], [ 16.882515, 46.380632 ], [ 17.630066, 45.951769 ], [ 18.456062, 45.759481 ], [ 18.829838, 45.908878 ] ] ] } },
{ "type": "Feature", "properties": { "name": "Haiti", "iso3": "HTI", "name_with_flag": "🇭🇹 Haiti", "1960": null, "1961": -2.559064633630781, "1962": 2.1102836340816555, "1963": 2.7707390824409206, "1964": 8.3616084487176057, "1965": 6.604337074530453, "1966": 2.5302404985090288, "1967": -1.7867257472508613, "1968": -2.1509792051566112, "1969": 4.5157135303736107, "1970": -17.035987124603192, "1971": 7.4973914493394744, "1972": 0.60525116100553777, "1973": 23.108781814050428, "1974": 18.82086994921961, "1975": 18.217149810780843, "1976": 26.535673492698653, "1977": 5.6803580076366211, "1978": 0.90899233747538943, "1979": 8.806901178600036, "1980": 25.620182811429082, "1981": 4.8682626619423575, "1982": -2.2675114776003591, "1983": 8.0031132890975734, "1984": 9.6851892648136761, "1985": 8.4638957501431911, "1986": 13.070066321211883, "1987": -13.450185496298882, "1988": 25.10103889399371, "1989": 2.5501398493274374, "1990": 10.851946460168115, "1991": 9.9233403363007575, "1992": -36.304688560900104, "1993": -18.404825669369028, "1994": 13.201197745015403, "1995": 27.340815839760737, "1996": 1.4041060873314581, "1997": 12.692969476811001, "1998": 9.4686357794082845, "1999": 9.5012388002313273, "2000": 61.035033746171649, "2001": -8.7471219627899046, "2002": -3.7193916645983482, "2003": -19.692131714835426, "2004": 17.994966225247101, "2005": 13.562997645271778, "2006": 6.8260990498167917, "2007": 18.793461857768111, "2008": 11.181931003038969, "2009": 9.3355226139349767, "2010": 1.0756931570606865, "2011": 8.4574595883271328, "2012": 3.7616572532660264, "2013": 7.083786790595048, "2014": 0.16166293513133478, "2015": -3.3599855317977823, "2016": -6.5709305974024463, "2017": 5.8280198631874391, "2018": 7.249009316876176, "2019": -9.6371510306843984, "2020": -4.5738747233591281, "2021": 42.246596071113743, "2022": -4.0762663699328128, "2023": -3.1164063782962659, "2024": 25.611206219654402 }, "geometry": { "type": "Polygon", "coordinates": [ [ [ -73.189791, 19.915684 ], [ -72.579673, 19.871501 ], [ -71.712361, 19.714456 ], [ -71.624873, 19.169838 ], [ -71.701303, 18.785417 ], [ -71.945112, 18.6169 ], [ -71.687738, 18.31666 ], [ -71.708305, 18.044997 ], [ -72.372476, 18.214961 ], [ -72.844411, 18.145611 ], [ -73.454555, 18.217906 ], [ -73.922433, 18.030993 ], [ -74.458034, 18.34255 ], [ -74.369925, 18.664908 ], [ -73.449542, 18.526053 ], [ -72.694937, 18.445799 ], [ -72.334882, 18.668422 ], [ -72.79165, 19.101625 ], [ -72.784105, 19.483591 ], [ -73.415022, 19.639551 ], [ -73.189791, 19.915684 ] ] ] } },
{ "type": "Feature", "properties": { "name": "Hungary", "iso3": "HUN", "name_with_flag": "🇭🇺 Hungary", "1960": null, "1961": null, "1962": null, "1963": null, "1964": null, "1965": null, "1966": null, "1967": null, "1968": null, "1969": 10.661965798571305, "1970": 6.0628901372234312, "1971": 8.5221557787419577, "1972": 16.939820402167882, "1973": 23.43816117162627, "1974": 9.1203024615785324, "1975": 13.349091812030878, "1976": 15.258664978948545, "1977": 11.17847150141853, "1978": 16.528683740388605, "1979": 15.254133687884309, "1980": 15.742711993701942, "1981": 2.5405573744298193, "1982": 1.8983452274949908, "1983": -9.1060773650955991, "1984": -2.8529428540251534, "1985": 1.4455280600576881, "1986": 15.386905894645754, "1987": 10.087858355387414, "1988": 9.5972774415194362, "1989": 3.2073227727111409, "1990": 14.508665286915988, "1991": 1.1338215191507128, "1992": 11.487099198282014, "1993": 3.7182856258167085, "1994": 7.7280911007887143, "1995": 7.6996376496310193, "1996": 0.72281241765841386, "1997": 1.4100564836574847, "1998": 3.1635794028263664, "1999": 1.0561584119178624, "2000": -3.5827434168307692, "2001": 14.06140080338789, "2002": 26.076678542497046, "2003": 26.314744848458481, "2004": 22.368089223581954, "2005": 8.9487038236780059, "2006": 2.3749518881364118, "2007": 21.397557302377912, "2008": 13.118611763602228, "2009": -17.201753048148817, "2010": 1.0624340174392399, "2011": 7.7454837054025338, "2012": -8.8752391344707462, "2013": 6.0949254674861786, "2014": 4.4618913561412565, "2015": -10.93579808003209, "2016": 3.3866952937575245, "2017": 11.503649609129685, "2018": 12.682336314681496, "2019": 2.4558952304352344, "2020": -3.6791519974716413, "2021": 16.1329614875402, "2022": -2.8742689935377874, "2023": 20.713144318763298, "2024": 4.4754581931359505 }, "geometry": { "type": "Polygon", "coordinates": [ [ [ 16.202298, 46.852386 ], [ 16.534268, 47.496171 ], [ 16.340584, 47.712902 ], [ 16.903754, 47.714866 ], [ 16.979667, 48.123497 ], [ 17.488473, 47.867466 ], [ 17.857133, 47.758429 ], [ 18.696513, 47.880954 ], [ 18.777025, 48.081768 ], [ 19.174365, 48.111379 ], [ 19.661364, 48.266615 ], [ 19.769471, 48.202691 ], [ 20.239054, 48.327567 ], [ 20.473562, 48.56285 ], [ 20.801294, 48.623854 ], [ 21.872236, 48.319971 ], [ 22.085608, 48.422264 ], [ 22.64082, 48.15024 ], [ 22.710531, 47.882194 ], [ 22.099768, 47.672439 ], [ 21.626515, 46.994238 ], [ 21.021952, 46.316088 ], [ 20.220192, 46.127469 ], [ 19.596045, 46.17173 ], [ 18.829838, 45.908878 ], [ 18.456062, 45.759481 ], [ 17.630066, 45.951769 ], [ 16.882515, 46.380632 ], [ 16.564808, 46.503751 ], [ 16.370505, 46.841327 ], [ 16.202298, 46.852386 ] ] ] } },
{ "type": "Feature", "properties": { "name": "Indonesia", "iso3": "IDN", "name_with_flag": "🇮🇩 Indonesia", "1960": null, "1961": null, "1962": null, "1963": null, "1964": null, "1965": null, "1966": null, "1967": null, "1968": 21.51968083525815, "1969": 14.606869533418676, "1970": 6.7747538393715612, "1971": -0.72799881452142445, "1972": 14.733253364964716, "1973": 44.13425549766081, "1974": 54.52829970680051, "1975": 15.120814760774671, "1976": 19.325293818237689, "1977": 19.932688275231868, "1978": 9.6209347928153157, "1979": -2.4993129232434241, "1980": 37.68729060014229, "1981": 15.250120787960286, "1982": 3.0161165691344749, "1983": -12.126908989200015, "1984": 2.3816276582355744, "1985": -1.6109267621442047, "1986": -8.1279958044899736, "1987": -6.8593746526628863, "1988": 8.9248967984631555, "1989": 9.9610406880574978, "1990": 10.35539747424734, "1991": 7.9470565717526087, "1992": 7.893102364688942, "1993": 21.33445976347619, "1994": 10.080665381641207, "1995": 12.384185848915052, "1996": 10.649960845225115, "1997": -6.641627066001476, "1998": -56.454636970167904, "1999": 44.493517494687929, "2000": 16.194617556028511, "2001": -4.1120301275216935, "2002": 20.305118099005526, "2003": 18.411706454049479, "2004": 8.0165464095098606, "2005": 9.8837836274592981, "2006": 25.851834096997116, "2007": 16.999388906784297, "2008": 16.527633302629319, "2009": 4.4211887398812433, "2010": 38.188128629186039, "2011": 16.759099352643283, "2012": 1.4753077381619351, "2013": -1.8079506566169301, "2014": -3.5197291617298787, "2015": -4.441800732364376, "2016": 7.0933984342070433, "2017": 7.877786030050915, "2018": 1.6339083063448001, "2019": 6.3713543487926128, "2020": -6.1662733307581767, "2021": 11.248149243377936, "2022": 10.348583878633777, "2023": 3.0749941907579403, "2024": 1.0073757638702219 }, "geometry": { "type": "MultiPolygon", "coordinates": [ [ [ [ 120.715609, -10.239581 ], [ 120.295014, -10.25865 ], [ 118.967808, -9.557969 ], [ 119.90031, -9.36134 ], [ 120.425756, -9.665921 ], [ 120.775502, -9.969675 ], [ 120.715609, -10.239581 ] ] ], [ [ [ 124.43595, -10.140001 ], [ 123.579982, -10.359987 ], [ 123.459989, -10.239995 ], [ 123.550009, -9.900016 ], [ 123.980009, -9.290027 ], [ 124.968682, -8.89279 ], [ 125.07002, -9.089987 ], [ 125.08852, -9.393173 ], [ 124.43595, -10.140001 ] ] ], [ [ [ 117.900018, -8.095681 ], [ 118.260616, -8.362383 ], [ 118.87846, -8.280683 ], [ 119.126507, -8.705825 ], [ 117.970402, -8.906639 ], [ 117.277731, -9.040895 ], [ 116.740141, -9.032937 ], [ 117.083737, -8.457158 ], [ 117.632024, -8.449303 ], [ 117.900018, -8.095681 ] ] ], [ [ [ 122.903537, -8.094234 ], [ 122.756983, -8.649808 ], [ 121.254491, -8.933666 ], [ 119.924391, -8.810418 ], [ 119.920929, -8.444859 ], [ 120.715092, -8.236965 ], [ 121.341669, -8.53674 ], [ 122.007365, -8.46062 ], [ 122.903537, -8.094234 ] ] ], [ [ [ 108.623479, -6.777674 ], [ 110.539227, -6.877358 ], [ 110.759576, -6.465186 ], [ 112.614811, -6.946036 ], [ 112.978768, -7.594213 ], [ 114.478935, -7.776528 ], [ 115.705527, -8.370807 ], [ 114.564511, -8.751817 ], [ 113.464734, -8.348947 ], [ 112.559672, -8.376181 ], [ 111.522061, -8.302129 ], [ 110.58615, -8.122605 ], [ 109.427667, -7.740664 ], [ 108.693655, -7.6416 ], [ 108.277763, -7.766657 ], [ 106.454102, -7.3549 ], [ 106.280624, -6.9249 ], [ 105.365486, -6.851416 ], [ 106.051646, -5.895919 ], [ 107.265009, -5.954985 ], [ 108.072091, -6.345762 ], [ 108.486846, -6.421985 ], [ 108.623479, -6.777674 ] ] ], [ [ [ 134.724624, -6.214401 ], [ 134.210134, -6.895238 ], [ 134.112776, -6.142467 ], [ 134.290336, -5.783058 ], [ 134.499625, -5.445042 ], [ 134.727002, -5.737582 ], [ 134.724624, -6.214401 ] ] ], [ [ [ 127.249215, -3.459065 ], [ 126.874923, -3.790983 ], [ 126.183802, -3.607376 ], [ 125.989034, -3.177273 ], [ 127.000651, -3.129318 ], [ 127.249215, -3.459065 ] ] ], [ [ [ 130.471344, -3.093764 ], [ 130.834836, -3.858472 ], [ 129.990547, -3.446301 ], [ 129.155249, -3.362637 ], [ 128.590684, -3.428679 ], [ 127.898891, -3.393436 ], [ 128.135879, -2.84365 ], [ 129.370998, -2.802154 ], [ 130.471344, -3.093764 ] ] ], [ [ [ 134.143368, -1.151867 ], [ 134.422627, -2.769185 ], [ 135.457603, -3.367753 ], [ 136.293314, -2.307042 ], [ 137.440738, -1.703513 ], [ 138.329727, -1.702686 ], [ 139.184921, -2.051296 ], [ 139.926684, -2.409052 ], [ 141.00021, -2.600151 ], [ 141.017057, -5.859022 ], [ 141.033852, -9.117893 ], [ 140.143415, -8.297168 ], [ 139.127767, -8.096043 ], [ 138.881477, -8.380935 ], [ 137.614474, -8.411683 ], [ 138.039099, -7.597882 ], [ 138.668621, -7.320225 ], [ 138.407914, -6.232849 ], [ 137.92784, -5.393366 ], [ 135.98925, -4.546544 ], [ 135.164598, -4.462931 ], [ 133.66288, -3.538853 ], [ 133.367705, -4.024819 ], [ 132.983956, -4.112979 ], [ 132.756941, -3.746283 ], [ 132.753789, -3.311787 ], [ 131.989804, -2.820551 ], [ 133.066845, -2.460418 ], [ 133.780031, -2.479848 ], [ 133.696212, -2.214542 ], [ 132.232373, -2.212526 ], [ 131.836222, -1.617162 ], [ 130.94284, -1.432522 ], [ 130.519558, -0.93772 ], [ 131.867538, -0.695461 ], [ 132.380116, -0.369538 ], [ 133.985548, -0.78021 ], [ 134.143368, -1.151867 ] ] ], [ [ [ 125.240501, 1.419836 ], [ 124.437035, 0.427881 ], [ 123.685505, 0.235593 ], [ 122.723083, 0.431137 ], [ 121.056725, 0.381217 ], [ 120.183083, 0.237247 ], [ 120.04087, -0.519658 ], [ 120.935905, -1.408906 ], [ 121.475821, -0.955962 ], [ 123.340565, -0.615673 ], [ 123.258399, -1.076213 ], [ 122.822715, -0.930951 ], [ 122.38853, -1.516858 ], [ 121.508274, -1.904483 ], [ 122.454572, -3.186058 ], [ 122.271896, -3.5295 ], [ 123.170963, -4.683693 ], [ 123.162333, -5.340604 ], [ 122.628515, -5.634591 ], [ 122.236394, -5.282933 ], [ 122.719569, -4.464172 ], [ 121.738234, -4.851331 ], [ 121.489463, -4.574553 ], [ 121.619171, -4.188478 ], [ 120.898182, -3.602105 ], [ 120.972389, -2.627643 ], [ 120.305453, -2.931604 ], [ 120.390047, -4.097579 ], [ 120.430717, -5.528241 ], [ 119.796543, -5.6734 ], [ 119.366906, -5.379878 ], [ 119.653606, -4.459417 ], [ 119.498835, -3.494412 ], [ 119.078344, -3.487022 ], [ 118.767769, -2.801999 ], [ 119.180974, -2.147104 ], [ 119.323394, -1.353147 ], [ 119.825999, 0.154254 ], [ 120.035702, 0.566477 ], [ 120.885779, 1.309223 ], [ 121.666817, 1.013944 ], [ 122.927567, 0.875192 ], [ 124.077522, 0.917102 ], [ 125.065989, 1.643259 ], [ 125.240501, 1.419836 ] ] ], [ [ [ 128.688249, 1.132386 ], [ 128.635952, 0.258486 ], [ 128.12017, 0.356413 ], [ 127.968034, -0.252077 ], [ 128.379999, -0.780004 ], [ 128.100016, -0.899996 ], [ 127.696475, -0.266598 ], [ 127.39949, 1.011722 ], [ 127.600512, 1.810691 ], [ 127.932378, 2.174596 ], [ 128.004156, 1.628531 ], [ 128.594559, 1.540811 ], [ 128.688249, 1.132386 ] ] ], [ [ [ 117.875627, 1.827641 ], [ 118.996747, 0.902219 ], [ 117.811858, 0.784242 ], [ 117.478339, 0.102475 ], [ 117.521644, -0.803723 ], [ 116.560048, -1.487661 ], [ 116.533797, -2.483517 ], [ 116.148084, -4.012726 ], [ 116.000858, -3.657037 ], [ 114.864803, -4.106984 ], [ 114.468652, -3.495704 ], [ 113.755672, -3.43917 ], [ 113.256994, -3.118776 ], [ 112.068126, -3.478392 ], [ 111.703291, -2.994442 ], [ 111.04824, -3.049426 ], [ 110.223846, -2.934032 ], [ 110.070936, -1.592874 ], [ 109.571948, -1.314907 ], [ 109.091874, -0.459507 ], [ 108.952658, 0.415375 ], [ 109.069136, 1.341934 ], [ 109.66326, 2.006467 ], [ 109.830227, 1.338136 ], [ 110.514061, 0.773131 ], [ 111.159138, 0.976478 ], [ 111.797548, 0.904441 ], [ 112.380252, 1.410121 ], [ 112.859809, 1.49779 ], [ 113.80585, 1.217549 ], [ 114.621355, 1.430688 ], [ 115.134037, 2.821482 ], [ 115.519078, 3.169238 ], [ 115.865517, 4.306559 ], [ 117.015214, 4.306094 ], [ 117.882035, 4.137551 ], [ 117.313232, 3.234428 ], [ 118.04833, 2.28769 ], [ 117.875627, 1.827641 ] ] ], [ [ [ 105.817655, -5.852356 ], [ 104.710384, -5.873285 ], [ 103.868213, -5.037315 ], [ 102.584261, -4.220259 ], [ 102.156173, -3.614146 ], [ 101.399113, -2.799777 ], [ 100.902503, -2.050262 ], [ 100.141981, -0.650348 ], [ 99.26374, 0.183142 ], [ 98.970011, 1.042882 ], [ 98.601351, 1.823507 ], [ 97.699598, 2.453184 ], [ 97.176942, 3.308791 ], [ 96.424017, 3.86886 ], [ 95.380876, 4.970782 ], [ 95.293026, 5.479821 ], [ 95.936863, 5.439513 ], [ 97.484882, 5.246321 ], [ 98.369169, 4.26837 ], [ 99.142559, 3.59035 ], [ 99.693998, 3.174329 ], [ 100.641434, 2.099381 ], [ 101.658012, 2.083697 ], [ 102.498271, 1.3987 ], [ 103.07684, 0.561361 ], [ 103.838396, 0.104542 ], [ 103.437645, -0.711946 ], [ 104.010789, -1.059212 ], [ 104.369991, -1.084843 ], [ 104.53949, -1.782372 ], [ 104.887893, -2.340425 ], [ 105.622111, -2.428844 ], [ 106.108593, -3.061777 ], [ 105.857446, -4.305525 ], [ 105.817655, -5.852356 ] ] ] ] } },
{ "type": "Feature", "properties": { "name": "India", "iso3": "IND", "name_with_flag": "🇮🇳 India", "1960": null, "1961": 3.4392514742068503, "1962": 4.9469618629102152, "1963": 12.18554010160422, "1964": 13.942482279057034, "1965": 3.0985905750136933, "1966": -25.085215745445133, "1967": 7.6542123423731123, "1968": 3.63452116564702, "1969": 7.7994399847708618, "1970": 4.4553888349955661, "1971": 5.5312472727294448, "1972": 3.8035198628538991, "1973": 17.001410231537072, "1974": 13.734990937161552, "1975": -3.3671140505922903, "1976": 1.8830267662127698, "1977": 15.516432506207734, "1978": 10.445676415240502, "1979": 8.8682359923961016, "1980": 18.91696367473925, "1981": 1.4325554314366551, "1982": 1.3405563564698797, "1983": 6.2262217463723735, "1984": -5.0506476042279536, "1985": 7.0729052066046627, "1986": 4.6419229261644102, "1987": 9.5408659926015318, "1988": 3.9263266001255959, "1989": -2.3904474732423076, "1990": 6.0502612927920696, "1991": -17.654099464227603, "1992": 4.4533940083260948, "1993": -5.1060655824990082, "1994": 14.807414425837706, "1995": 7.8915992358221665, "1996": 6.8956300323110842, "1997": 3.785434329852877, "1998": -0.62399728557276379, "1999": 6.8411547199380029, "2000": 0.18605463260974453, "2001": 1.7182784449267574, "2002": 4.1726876420611569, "2003": 15.984912272094288, "2004": 14.723275554930449, "2005": 13.813061223491152, "2006": 12.833469802560371, "2007": 27.470053221397773, "2008": -2.8738490586147081, "2009": 10.320215602435233, "2010": 23.066779608432665, "2011": 7.2683098159223247, "2012": -1.1165487405815244, "2013": 0.24640913198432646, "2014": 8.4475342557048361, "2015": 1.9379953129902372, "2016": 7.7974061607706702, "2017": 14.207583313248605, "2018": 0.82815394734943037, "2019": 3.8232122694097592, "2020": -6.5829448149402729, "2021": 17.439114463478699, "2022": 4.8148680173575098, "2023": 7.7817270299740615, "2024": 6.582437452528378 }, "geometry": { "type": "Polygon", "coordinates": [ [ [ 77.837451, 35.49401 ], [ 78.912269, 34.321936 ], [ 78.811086, 33.506198 ], [ 79.208892, 32.994395 ], [ 79.176129, 32.48378 ], [ 78.458446, 32.618164 ], [ 78.738894, 31.515906 ], [ 79.721367, 30.882715 ], [ 81.111256, 30.183481 ], [ 80.476721, 29.729865 ], [ 80.088425, 28.79447 ], [ 81.057203, 28.416095 ], [ 81.999987, 27.925479 ], [ 83.304249, 27.364506 ], [ 84.675018, 27.234901 ], [ 85.251779, 26.726198 ], [ 86.024393, 26.630985 ], [ 87.227472, 26.397898 ], [ 88.060238, 26.414615 ], [ 88.174804, 26.810405 ], [ 88.043133, 27.445819 ], [ 88.120441, 27.876542 ], [ 88.730326, 28.086865 ], [ 88.814248, 27.299316 ], [ 88.835643, 27.098966 ], [ 89.744528, 26.719403 ], [ 90.373275, 26.875724 ], [ 91.217513, 26.808648 ], [ 92.033484, 26.83831 ], [ 92.103712, 27.452614 ], [ 91.696657, 27.771742 ], [ 92.503119, 27.896876 ], [ 93.413348, 28.640629 ], [ 94.56599, 29.277438 ], [ 95.404802, 29.031717 ], [ 96.117679, 29.452802 ], [ 96.586591, 28.83098 ], [ 96.248833, 28.411031 ], [ 97.327114, 28.261583 ], [ 97.402561, 27.882536 ], [ 97.051989, 27.699059 ], [ 97.133999, 27.083774 ], [ 96.419366, 27.264589 ], [ 95.124768, 26.573572 ], [ 95.155153, 26.001307 ], [ 94.603249, 25.162495 ], [ 94.552658, 24.675238 ], [ 94.106742, 23.850741 ], [ 93.325188, 24.078556 ], [ 93.286327, 23.043658 ], [ 93.060294, 22.703111 ], [ 93.166128, 22.27846 ], [ 92.672721, 22.041239 ], [ 92.146035, 23.627499 ], [ 91.869928, 23.624346 ], [ 91.706475, 22.985264 ], [ 91.158963, 23.503527 ], [ 91.46773, 24.072639 ], [ 91.915093, 24.130414 ], [ 92.376202, 24.976693 ], [ 91.799596, 25.147432 ], [ 90.872211, 25.132601 ], [ 89.920693, 25.26975 ], [ 89.832481, 25.965082 ], [ 89.355094, 26.014407 ], [ 88.563049, 26.446526 ], [ 88.209789, 25.768066 ], [ 88.931554, 25.238692 ], [ 88.306373, 24.866079 ], [ 88.084422, 24.501657 ], [ 88.69994, 24.233715 ], [ 88.52977, 23.631142 ], [ 88.876312, 22.879146 ], [ 89.031961, 22.055708 ], [ 88.888766, 21.690588 ], [ 88.208497, 21.703172 ], [ 86.975704, 21.495562 ], [ 87.033169, 20.743308 ], [ 86.499351, 20.151638 ], [ 85.060266, 19.478579 ], [ 83.941006, 18.30201 ], [ 83.189217, 17.671221 ], [ 82.192792, 17.016636 ], [ 82.191242, 16.556664 ], [ 81.692719, 16.310219 ], [ 80.791999, 15.951972 ], [ 80.324896, 15.899185 ], [ 80.025069, 15.136415 ], [ 80.233274, 13.835771 ], [ 80.286294, 13.006261 ], [ 79.862547, 12.056215 ], [ 79.857999, 10.357275 ], [ 79.340512, 10.308854 ], [ 78.885345, 9.546136 ], [ 79.18972, 9.216544 ], [ 78.277941, 8.933047 ], [ 77.941165, 8.252959 ], [ 77.539898, 7.965535 ], [ 76.592979, 8.899276 ], [ 76.130061, 10.29963 ], [ 75.746467, 11.308251 ], [ 75.396101, 11.781245 ], [ 74.864816, 12.741936 ], [ 74.616717, 13.992583 ], [ 74.443859, 14.617222 ], [ 73.534199, 15.990652 ], [ 73.119909, 17.92857 ], [ 72.820909, 19.208234 ], [ 72.824475, 20.419503 ], [ 72.630533, 21.356009 ], [ 71.175273, 20.757441 ], [ 70.470459, 20.877331 ], [ 69.16413, 22.089298 ], [ 69.644928, 22.450775 ], [ 69.349597, 22.84318 ], [ 68.176645, 23.691965 ], [ 68.842599, 24.359134 ], [ 71.04324, 24.356524 ], [ 70.844699, 25.215102 ], [ 70.282873, 25.722229 ], [ 70.168927, 26.491872 ], [ 69.514393, 26.940966 ], [ 70.616496, 27.989196 ], [ 71.777666, 27.91318 ], [ 72.823752, 28.961592 ], [ 73.450638, 29.976413 ], [ 74.42138, 30.979815 ], [ 74.405929, 31.692639 ], [ 75.258642, 32.271105 ], [ 74.451559, 32.7649 ], [ 74.104294, 33.441473 ], [ 73.749948, 34.317699 ], [ 74.240203, 34.748887 ], [ 75.757061, 34.504923 ], [ 76.871722, 34.653544 ], [ 77.837451, 35.49401 ] ] ] } },
{ "type": "Feature", "properties": { "name": "Ireland", "iso3": "IRL", "name_with_flag": "🇮🇪 Ireland", "1960": null, "1961": 7.8268002558822047, "1962": 7.8089712329772354, "1963": 6.9170110913159499, "1964": 13.260819113002986, "1965": 6.0756555354677166, "1966": 4.9554679741735663, "1967": 7.212468812435513, "1968": -2.3861282901752712, "1969": 14.835999650935271, "1970": 11.70222322248331, "1971": 14.626002735062894, "1972": 22.097884423763393, "1973": 16.525338112470433, "1974": 3.8221268839176314, "1975": 18.136096618699593, "1976": -1.8099493453435533, "1977": 17.382288287377957, "1978": 28.389043527140736, "1979": 23.408597368321548, "1980": 17.356949725023838, "1981": -6.0617879707388962, "1982": 2.9148014184111393, "1983": -3.9833020171178291, "1984": -3.7735462773578532, "1985": 5.6167712973101303, "1986": 34.938925714904869, "1987": 18.117735150829795, "1988": 11.834354189473938, "1989": 4.2921942752863984, "1990": 25.550580017284517, "1991": 0.39843222120370392, "1992": 11.550741452966196, "1993": -6.7283779202911065, "1994": 8.5001220460383173, "1995": 20.471239377270088, "1996": 8.7556160448548646, "1997": 8.2320262792450638, "1998": 7.7323934448799037, "1999": 8.4102292709426827, "2000": -0.013442686789189029, "2001": 7.3965243546867621, "2002": 15.638782879320456, "2003": 25.983739838368681, "2004": 15.898329101133513, "2005": 6.6566273453204872, "2006": 6.6678554365722897, "2007": 13.008217611436779, "2008": -0.070543038200998609, "2009": -15.02778939107754, "2010": -6.624752495111375, "2011": 8.244510841143704, "2012": -6.2267401417990147, "2013": 6.4913190836735524, "2014": 8.8542692037321338, "2015": 12.279640633118705, "2016": -0.18485195517169428, "2017": 12.47047676752009, "2018": 11.829749360573105, "2019": 1.3267816756788564, "2020": 5.8822915839914947, "2021": 20.017279897638574, "2022": 1.224039078148742, "2023": -1.2797238847363723, "2024": 3.3002305429822743 }, "geometry": { "type": "Polygon", "coordinates": [ [ [ -6.197885, 53.867565 ], [ -6.032985, 53.153164 ], [ -6.788857, 52.260118 ], [ -8.561617, 51.669301 ], [ -9.977086, 51.820455 ], [ -9.166283, 52.864629 ], [ -9.688525, 53.881363 ], [ -8.327987, 54.664519 ], [ -7.572168, 55.131622 ], [ -7.366031, 54.595841 ], [ -7.572168, 54.059956 ], [ -6.95373, 54.073702 ], [ -6.197885, 53.867565 ] ] ] } },
{ "type": "Feature", "properties": { "name": "Iran", "iso3": "IRN", "name_with_flag": "🇮🇷 Iran", "1960": null, "1961": 2.3029241377747089, "1962": 2.8514777863287932, "1963": 1.8332402466681996, "1964": 5.8085454122303704, "1965": 11.63340400107813, "1966": 6.201759167777765, "1967": 7.9337362042429582, "1968": 10.767755210858464, "1969": 9.6460813438925097, "1970": 9.2875899508955584, "1971": 21.422008817903681, "1972": 21.313772899468809, "1973": 53.323693789065338, "1974": 65.651503195448456, "1975": 8.7113866965049738, "1976": 27.538801728666449, "1977": 14.821242860979122, "1978": -6.3433756358484246, "1979": 11.979244749381568, "1980": 0.67871644144958942, "1981": 1.0579747519259719, "1982": 18.860903101539648, "1983": 19.409818363822161, "1984": -0.050762245475688417, "1985": 7.0300863142408909, "1986": 11.841243171404203, "1987": -38.165926337978419, "1988": -11.089216342735252, "1989": -4.9000692779952004, "1990": 0.61036466790067578, "1991": 2.6425803235275991, "1992": -10.79792980074763, "1993": -46.967163708900529, "1994": 12.489320612252786, "1995": 32.733265257149057, "1996": 23.533507046638636, "1997": -6.5132787134074892, "1998": -4.5178684395391073, "1999": 1.7786916395983843, "2000": -5.1495193571401092, "2001": 14.000416230189238, "2002": 0.54411330368000499, "2003": 16.800398379391822, "2004": 20.97904309947085, "2005": 17.198931895381222, "2006": 15.544613498187188, "2007": 29.54132245509582, "2008": 14.706080859488191, "2009": 0.70872943672164457, "2010": 16.169660112703376, "2011": 27.570169935466417, "2012": 1.1013830952931514, "2013": -23.309343970159912, "2014": -8.8494464981209937, "2015": -12.681983278296116, "2016": 10.586145261417968, "2017": 5.0406509294996571, "2018": -19.490802276403251, "2019": -17.282921838776243, "2020": -21.989986503244175, "2021": 45.035462993798056, "2022": 1.6217668057421308, "2023": 1.3744262493593506, "2024": 6.8470091938660271 }, "geometry": { "type": "Polygon", "coordinates": [ [ [ 53.921598, 37.198918 ], [ 54.800304, 37.392421 ], [ 55.511578, 37.964117 ], [ 56.180375, 37.935127 ], [ 56.619366, 38.121394 ], [ 57.330434, 38.029229 ], [ 58.436154, 37.522309 ], [ 59.234762, 37.412988 ], [ 60.377638, 36.527383 ], [ 61.123071, 36.491597 ], [ 61.210817, 35.650072 ], [ 60.803193, 34.404102 ], [ 60.52843, 33.676446 ], [ 60.9637, 33.528832 ], [ 60.536078, 32.981269 ], [ 60.863655, 32.18292 ], [ 60.941945, 31.548075 ], [ 61.699314, 31.379506 ], [ 61.781222, 30.73585 ], [ 60.874248, 29.829239 ], [ 61.369309, 29.303276 ], [ 61.771868, 28.699334 ], [ 62.72783, 28.259645 ], [ 62.755426, 27.378923 ], [ 63.233898, 27.217047 ], [ 63.316632, 26.756532 ], [ 61.874187, 26.239975 ], [ 61.497363, 25.078237 ], [ 59.616134, 25.380157 ], [ 58.525761, 25.609962 ], [ 57.397251, 25.739902 ], [ 56.970766, 26.966106 ], [ 56.492139, 27.143305 ], [ 55.72371, 26.964633 ], [ 54.71509, 26.480658 ], [ 53.493097, 26.812369 ], [ 52.483598, 27.580849 ], [ 51.520763, 27.86569 ], [ 50.852948, 28.814521 ], [ 50.115009, 30.147773 ], [ 49.57685, 29.985715 ], [ 48.941333, 30.31709 ], [ 48.567971, 29.926778 ], [ 48.014568, 30.452457 ], [ 48.004698, 30.985137 ], [ 47.685286, 30.984853 ], [ 47.849204, 31.709176 ], [ 47.334661, 32.469155 ], [ 46.109362, 33.017287 ], [ 45.416691, 33.967798 ], [ 45.64846, 34.748138 ], [ 46.151788, 35.093259 ], [ 46.07634, 35.677383 ], [ 45.420618, 35.977546 ], [ 44.77267, 37.17045 ], [ 44.225756, 37.971584 ], [ 44.421403, 38.281281 ], [ 44.109225, 39.428136 ], [ 44.79399, 39.713003 ], [ 44.952688, 39.335765 ], [ 45.457722, 38.874139 ], [ 46.143623, 38.741201 ], [ 46.50572, 38.770605 ], [ 47.685079, 39.508364 ], [ 48.060095, 39.582235 ], [ 48.355529, 39.288765 ], [ 48.010744, 38.794015 ], [ 48.634375, 38.270378 ], [ 48.883249, 38.320245 ], [ 49.199612, 37.582874 ], [ 50.147771, 37.374567 ], [ 50.842354, 36.872814 ], [ 52.264025, 36.700422 ], [ 53.82579, 36.965031 ], [ 53.921598, 37.198918 ] ] ] } },
{ "type": "Feature", "properties": { "name": "Iraq", "iso3": "IRQ", "name_with_flag": "🇮🇶 Iraq", "1960": null, "1961": 6.1551913567414296, "1962": 3.5546871274794611, "1963": -2.1357760958319871, "1964": 14.398092428990683, "1965": 5.6990207554187711, "1966": 4.7152926163269715, "1967": -2.5358345335571797, "1968": 9.6987794758324419, "1969": 0.3222979105864221, "1970": 5.371963264265478, "1971": 13.798650761539765, "1972": 2.8335413528818743, "1973": 20.579162729363443, "1974": 116.83777181314383, "1975": 13.055100116264118, "1976": 27.675340414375359, "1977": 8.0785083705956939, "1978": 15.814450544086544, "1979": 54.105967172535884, "1980": 34.698751148662119, "1981": -30.179423325763921, "1982": 8.9454038992470721, "1983": -6.7512583555803811, "1984": 11.750699202529624, "1985": 0.71585567020797658, "1986": -4.7692272376878009, "1987": 16.870800893346939, "1988": 7.8781891789050151, "1989": 2.2648270273035953, "1990": 170.6661802055697, "1991": -99.776325866971533, "1992": 31.81302834908697, "1993": 77.642492339978816, "1994": 268.7535306703349, "1995": 212.40738949058056, "1996": -21.623220030961143, "1997": 92.957193914299395, "1998": -3.7811034534524279, "1999": 73.193510778178236, "2000": 26.905537028381477, "2001": -27.497043590127735, "2002": -11.808635559217063, "2003": -35.404047462655697, "2004": 62.414878272329858, "2005": 32.673239604070559, "2006": 29.174002445955672, "2007": 37.444120016885684, "2008": 45.189532101192206, "2009": -18.23156972990877, "2010": 20.110304370922428, "2011": 29.445615544968049, "2012": 12.155635927462161, "2013": 2.6669868427046106, "2014": -6.0291621119599847, "2015": -28.95082112243378, "2016": -2.3810259005417778, "2017": 9.802086207811044, "2018": 18.645757580479749, "2019": 0.44570439627897862, "2020": -24.271899754578019, "2021": 13.347603548284347, "2022": 33.937335227651921, "2023": -8.5176516000341493, "2024": 1.8153594876517243 }, "geometry": { "type": "Polygon", "coordinates": [ [ [ 45.420618, 35.977546 ], [ 46.07634, 35.677383 ], [ 46.151788, 35.093259 ], [ 45.64846, 34.748138 ], [ 45.416691, 33.967798 ], [ 46.109362, 33.017287 ], [ 47.334661, 32.469155 ], [ 47.849204, 31.709176 ], [ 47.685286, 30.984853 ], [ 48.004698, 30.985137 ], [ 48.014568, 30.452457 ], [ 48.567971, 29.926778 ], [ 47.974519, 29.975819 ], [ 47.302622, 30.05907 ], [ 46.568713, 29.099025 ], [ 44.709499, 29.178891 ], [ 41.889981, 31.190009 ], [ 40.399994, 31.889992 ], [ 39.195468, 32.161009 ], [ 38.792341, 33.378686 ], [ 41.006159, 34.419372 ], [ 41.383965, 35.628317 ], [ 41.289707, 36.358815 ], [ 41.837064, 36.605854 ], [ 42.349591, 37.229873 ], [ 42.779126, 37.385264 ], [ 43.942259, 37.256228 ], [ 44.293452, 37.001514 ], [ 44.772699, 37.170445 ], [ 45.420618, 35.977546 ] ] ] } },
{ "type": "Feature", "properties": { "name": "Iceland", "iso3": "ISL", "name_with_flag": "🇮🇸 Iceland", "1960": null, "1961": 0.22216534984342839, "1962": 10.161641065898873, "1963": 17.2493678499251, "1964": 25.452505750736719, "1965": 18.521105502300795, "1966": 18.071211391721032, "1967": -2.8001632371626228, "1968": -24.672295058926043, "1969": -13.390800854683215, "1970": 24.469999611895176, "1971": 26.228766671185856, "1972": 23.453883494022577, "1973": 35.431021607523384, "1974": 29.485203687136963, "1975": -8.3285617711686406, "1976": 17.494068103951356, "1977": 31.305458960509249, "1978": 12.849739947564709, "1979": 12.493887111633907, "1980": 17.255250827318648, "1981": 2.1282059427616851, "1982": -9.4172799372626024, "1983": -14.877233650083054, "1984": 2.4651772097170177, "1985": 3.3583818932886311, "1986": 32.722269282084284, "1987": 36.859213770175955, "1988": 8.9020101222242474, "1989": -8.2513853696299257, "1990": 13.15201322662778, "1991": 5.5862881233731398, "1992": 1.1986909971506865, "1993": -13.067553831743162, "1994": 1.8610680404737012, "1995": 10.887214746936792, "1996": 3.684391028225753, "1997": 1.1019729294574176, "1998": 11.14310031703447, "1999": 4.3550308602407384, "2000": -0.88090999819625537, "2001": -9.9666351562380679, "2002": 12.152535763417616, "2003": 21.807012138036242, "2004": 19.906003372490822, "2005": 19.985071013025891, "2006": 1.2291327277419883, "2007": 20.876987136622425, "2008": -18.062054863036558, "2009": -27.46956687738852, "2010": 4.6870219203159591, "2011": 10.355740980072504, "2012": -3.6027644197079267, "2013": 8.2821822862426906, "2014": 9.5808923718066374, "2015": -2.9775746228278832, "2016": 17.065076297994676, "2017": 16.168023771378735, "2018": 3.3912442542597176, "2019": -8.0587997811456198, "2020": -13.7740859856758, "2021": 17.204718349092161, "2022": 8.5902682463882218, "2023": 6.4417139608833551, "2024": 3.4314138828840379 }, "geometry": { "type": "Polygon", "coordinates": [ [ [ -14.508695, 66.455892 ], [ -14.739637, 65.808748 ], [ -13.609732, 65.126671 ], [ -14.909834, 64.364082 ], [ -17.794438, 63.678749 ], [ -18.656246, 63.496383 ], [ -19.972755, 63.643635 ], [ -22.762972, 63.960179 ], [ -21.778484, 64.402116 ], [ -23.955044, 64.89113 ], [ -22.184403, 65.084968 ], [ -22.227423, 65.378594 ], [ -24.326184, 65.611189 ], [ -23.650515, 66.262519 ], [ -22.134922, 66.410469 ], [ -20.576284, 65.732112 ], [ -19.056842, 66.276601 ], [ -17.798624, 65.993853 ], [ -16.167819, 66.526792 ], [ -14.508695, 66.455892 ] ] ] } },
{ "type": "Feature", "properties": { "name": "Israel", "iso3": "ISR", "name_with_flag": "🇮🇱 Israel", "1960": null, "1961": 16.854333287476052, "1962": -23.786364797620617, "1963": 14.900499323886818, "1964": 9.3977587047140219, "1965": 3.8789291133697779, "1966": 5.916752011147719, "1967": -3.0226725613500482, "1968": 12.243749828480865, "1969": 12.410831034478109, "1970": 13.771086132353204, "1971": -7.7291820091096692, "1972": 27.487537875085266, "1973": 23.941086993950435, "1974": 40.046810848458556, "1975": -8.1248928591768905, "1976": -3.3310788566126681, "1977": 11.885616515804799, "1978": -5.0676325385606074, "1979": 24.490583868213545, "1980": 9.6553485352764099, "1981": 3.7673327947563617, "1982": 6.8036484570309197, "1983": 9.678356661898956, "1984": -7.4307306435610787, "1985": -7.3263096722394172, "1986": 22.065786100680597, "1987": 18.21069914724265, "1988": 20.293217545779708, "1989": -2.0695786928874194, "1990": 14.650953742999228, "1991": 7.7979088625840021, "1992": 8.1130890990818383, "1993": -2.135084208453053, "1994": 10.725426461637788, "1995": 13.202061550789868, "1996": 6.2998778632368024, "1997": 1.2123596336925946, "1998": -1.3710943904756356, "1999": -1.8109050777121216, "2000": 9.5005054613302988, "2001": -3.4101005555214114, "2002": -9.0137332873703961, "2003": 2.9723054220346823, "2004": 4.7069098081255589, "2005": 3.4945888235173861, "2006": 5.8271832837988757, "2007": 14.178365000840131, "2008": 17.681709490441612, "2009": -5.8168793723622603, "2010": 10.279725142831575, "2011": 9.8076408139497815, "2012": -3.4791534747564468, "2013": 11.142637065981088, "2014": 3.5345287617164267, "2015": -5.5555996885792158, "2016": 4.027367440569507, "2017": 9.2030539509360345, "2018": 2.9757895285190017, "2019": 4.4566744682213999, "2020": 0.734318430572789, "2021": 17.263563406712066, "2022": 5.1246818516730519, "2023": -5.3610951267500706, "2024": 4.1784786978320998 }, "geometry": { "type": "Polygon", "coordinates": [ [ [ 35.719918, 32.709192 ], [ 35.545665, 32.393992 ], [ 35.18393, 32.532511 ], [ 34.974641, 31.866582 ], [ 35.225892, 31.754341 ], [ 34.970507, 31.616778 ], [ 34.927408, 31.353435 ], [ 35.397561, 31.489086 ], [ 35.420918, 31.100066 ], [ 34.922603, 29.501326 ], [ 34.265433, 31.219361 ], [ 34.556372, 31.548824 ], [ 34.488107, 31.605539 ], [ 34.752587, 32.072926 ], [ 34.955417, 32.827376 ], [ 35.098457, 33.080539 ], [ 35.126053, 33.0909 ], [ 35.460709, 33.08904 ], [ 35.552797, 33.264275 ], [ 35.821101, 33.277426 ], [ 35.836397, 32.868123 ], [ 35.700798, 32.716014 ], [ 35.719918, 32.709192 ] ] ] } },
{ "type": "Feature", "properties": { "name": "Italy", "iso3": "ITA", "name_with_flag": "🇮🇹 Italy", "1960": null, "1961": 10.297685628703391, "1962": 11.59913732692559, "1963": 13.709446405395243, "1964": 8.572250963466189, "1965": 6.6999011852557855, "1966": 7.5118441559397064, "1967": 9.3587107279238921, "1968": 7.7099203528903759, "1969": 9.7732853412871634, "1970": 11.941468550880941, "1971": 9.4332539053461737, "1972": 15.853831946248764, "1973": 19.995780077460989, "1974": 12.975384490025599, "1975": 13.416969919105682, "1976": -1.7992360183755052, "1977": 14.145457073947231, "1978": 21.871980601753815, "1979": 24.592962247391871, "1980": 20.981018652617635, "1981": -9.8627602147602254, "1982": -0.8698852879611696, "1983": 3.6531610533230952, "1984": -1.1855630320738664, "1985": 3.2426424129637477, "1986": 41.602540442614398, "1987": 25.803884795849562, "1988": 10.607385947318004, "1989": 4.0775787666316621, "1990": 27.089848521864866, "1991": 5.4295460718061905, "1992": 5.8613305661433523, "1993": -19.380538989897644, "1994": 3.1958725172646751, "1995": 6.8618610852375195, "1996": 11.639305317561233, "1997": -5.3580850516059764, "1998": 2.1988520278586332, "1999": -1.4092649796568657, "2000": -8.4353540931478506, "2001": 1.8842742002457502, "2002": 9.1439851306901243, "2003": 22.832315166760697, "2004": 13.672778811859621, "2005": 2.2793457782640747, "2006": 4.5985015914637994, "2007": 12.788950403284272, "2008": 7.9373715858347405, "2009": -9.1332253108781014, "2010": -3.3497676485435668, "2011": 7.1827581957579989, "2012": -9.3098056121944879, "2013": 2.4309119621718445, "2014": 0.91501254676484844, "2015": -14.956184550484618, "2016": 2.4532936867854627, "2017": 4.6271862275602649, "2018": 6.2720292215091566, "2019": -3.1266218334537577, "2020": -5.0906835184091008, "2021": 14.835884449615811, "2022": -3.2525254663120284, "2023": 9.5684338132694826, "2024": 2.9709719574113391 }, "geometry": { "type": "MultiPolygon", "coordinates": [ [ [ [ 15.520376, 38.231155 ], [ 15.160243, 37.444046 ], [ 15.309898, 37.134219 ], [ 15.099988, 36.619987 ], [ 14.335229, 36.996631 ], [ 13.826733, 37.104531 ], [ 12.431004, 37.61295 ], [ 12.570944, 38.126381 ], [ 13.741156, 38.034966 ], [ 14.761249, 38.143874 ], [ 15.520376, 38.231155 ] ] ], [ [ [ 9.210012, 41.209991 ], [ 9.809975, 40.500009 ], [ 9.669519, 39.177376 ], [ 9.214818, 39.240473 ], [ 8.806936, 38.906618 ], [ 8.428302, 39.171847 ], [ 8.388253, 40.378311 ], [ 8.159998, 40.950007 ], [ 8.709991, 40.899984 ], [ 9.210012, 41.209991 ] ] ], [ [ [ 12.376485, 46.767559 ], [ 13.806475, 46.509306 ], [ 13.69811, 46.016778 ], [ 13.93763, 45.591016 ], [ 13.141606, 45.736692 ], [ 12.328581, 45.381778 ], [ 12.383875, 44.885374 ], [ 12.261453, 44.600482 ], [ 12.589237, 44.091366 ], [ 13.526906, 43.587727 ], [ 14.029821, 42.761008 ], [ 15.14257, 41.95514 ], [ 15.926191, 41.961315 ], [ 16.169897, 41.740295 ], [ 15.889346, 41.541082 ], [ 16.785002, 41.179606 ], [ 17.519169, 40.877143 ], [ 18.376687, 40.355625 ], [ 18.480247, 40.168866 ], [ 18.293385, 39.810774 ], [ 17.73838, 40.277671 ], [ 16.869596, 40.442235 ], [ 16.448743, 39.795401 ], [ 17.17149, 39.4247 ], [ 17.052841, 38.902871 ], [ 16.635088, 38.843572 ], [ 16.100961, 37.985899 ], [ 15.684087, 37.908849 ], [ 15.687963, 38.214593 ], [ 15.891981, 38.750942 ], [ 16.109332, 38.964547 ], [ 15.718814, 39.544072 ], [ 15.413613, 40.048357 ], [ 14.998496, 40.172949 ], [ 14.703268, 40.60455 ], [ 14.060672, 40.786348 ], [ 13.627985, 41.188287 ], [ 12.888082, 41.25309 ], [ 12.106683, 41.704535 ], [ 11.191906, 42.355425 ], [ 10.511948, 42.931463 ], [ 10.200029, 43.920007 ], [ 9.702488, 44.036279 ], [ 8.888946, 44.366336 ], [ 8.428561, 44.231228 ], [ 7.850767, 43.767148 ], [ 7.435185, 43.693845 ], [ 7.549596, 44.127901 ], [ 7.007562, 44.254767 ], [ 6.749955, 45.028518 ], [ 7.096652, 45.333099 ], [ 6.802355, 45.70858 ], [ 6.843593, 45.991147 ], [ 7.273851, 45.776948 ], [ 7.755992, 45.82449 ], [ 8.31663, 46.163642 ], [ 8.489952, 46.005151 ], [ 8.966306, 46.036932 ], [ 9.182882, 46.440215 ], [ 9.922837, 46.314899 ], [ 10.363378, 46.483571 ], [ 10.442701, 46.893546 ], [ 11.048556, 46.751359 ], [ 11.164828, 46.941579 ], [ 12.153088, 47.115393 ], [ 12.376485, 46.767559 ] ] ] ] } },
{ "type": "Feature", "properties": { "name": "Jamaica", "iso3": "JAM", "name_with_flag": "🇯🇲 Jamaica", "1960": null, "1961": 5.5191420898094812, "1962": 2.5179601807617802, "1963": 4.8051122202299457, "1964": 7.09502851067767, "1965": 6.8188031156103168, "1966": 11.413564743363702, "1967": 3.4382490285524758, "1968": -6.6661220817617277, "1969": 8.6435945236876357, "1970": 16.472585703317755, "1971": 8.1503330455143121, "1972": 20.020163908849, "1973": 0.10296702002066116, "1974": 22.760095520463718, "1975": 18.75879780902936, "1976": 2.3435198575602723, "1977": 8.2376007194010725, "1978": -19.562497583369687, "1979": -9.3652832746968109, "1980": 9.1392627738970269, "1981": 9.74321792052395, "1982": 9.0475881220144707, "1983": 8.3696600076319516, "1984": -35.279530896502642, "1985": -12.523375289765648, "1986": 29.936281980225289, "1987": 18.42416267090443, "1988": 15.676326939398976, "1989": 14.27500268838604, "1990": 3.4645825251543805, "1991": -11.364969914490707, "1992": -14.745894148704753, "1993": 52.28811098495818, "1994": -0.79517010377453401, "1995": 19.428895695463822, "1996": 11.328948647631677, "1997": 12.565120289787668, "1998": 3.7179342056715692, "1999": 0.35311094741559135, "2000": 0.62724656699546522, "2001": 1.4612333285926704, "2002": 5.0547369638836104, "2003": -3.5574719900741347, "2004": 7.2641292613935704, "2005": 9.8981113177862632, "2006": 5.5577696572714164, "2007": 6.7802754782060992, "2008": 6.642971463459868, "2009": -11.957121665917835, "2010": 8.6170499109862178, "2011": 8.787132151584176, "2012": 2.0677317102201442, "2013": -4.0559273194179513, "2014": -2.9097104102043359, "2015": 1.7644280873954088, "2016": -1.0488279379395338, "2017": 4.9806202841652158, "2018": 6.0614404909397068, "2019": 0.52239112338108296, "2020": -12.979689588702758, "2021": 5.8592286915787106, "2022": 16.58779360142859, "2023": 13.576067764180145, "2024": 2.631996507007206 }, "geometry": { "type": "Polygon", "coordinates": [ [ [ -77.569601, 18.490525 ], [ -76.896619, 18.400867 ], [ -76.365359, 18.160701 ], [ -76.199659, 17.886867 ], [ -76.902561, 17.868238 ], [ -77.206341, 17.701116 ], [ -77.766023, 17.861597 ], [ -78.337719, 18.225968 ], [ -78.217727, 18.454533 ], [ -77.797365, 18.524218 ], [ -77.569601, 18.490525 ] ] ] } },
{ "type": "Feature", "properties": { "name": "Jordan", "iso3": "JOR", "name_with_flag": "🇯🇴 Jordan", "1960": null, "1961": null, "1962": null, "1963": null, "1964": null, "1965": null, "1966": 2.3627482833997293, "1967": -11.01001193376565, "1968": -17.725168365175005, "1969": 16.041766172359662, "1970": -13.876003362769296, "1971": 0.88658700943640145, "1972": 11.560710739125435, "1973": 15.419378979683929, "1974": 22.66683859851193, "1975": 10.239373932804142, "1976": 21.558883016231036, "1977": 19.027522752698257, "1978": 20.257721919129445, "1979": 21.612663008916975, "1980": 15.227137518593569, "1981": 7.7167341710595805, "1982": 2.3195772775181256, "1983": 0.54231838215597072, "1984": -3.5190279565037508, "1985": -3.9582248132103426, "1986": 22.430025453455492, "1987": 0.76213118859129736, "1988": -11.317311458181646, "1989": -35.897025348023391, "1990": -8.8602773304442, "1991": -3.3897567212724411, "1992": 15.949009997692244, "1993": 0.21605254103516103, "1994": 6.031626917996169, "1995": 3.5492065405369866, "1996": -0.39113011124223274, "1997": 1.8225901318343896, "1998": 6.70238026204657, "1999": 0.81414983283629727, "2000": 1.6847555334404518, "2001": 3.9274237109151011, "2002": 4.5318355187045967, "2003": 4.0678741319670531, "2004": 9.2590165057049987, "2005": 7.6174122083133122, "2006": 12.202086637702724, "2007": 6.9823693114096752, "2008": 29.345010754423086, "2009": 5.9901963795438995, "2010": 8.226007920597711, "2011": 6.1420311428171503, "2012": 5.6411917796818312, "2013": 3.3988321578252156, "2014": -2.7843322648895774, "2015": -3.541334472333546, "2016": -1.3861830899828176, "2017": 1.9790600119096613, "2018": 1.9633827590751052, "2019": 0.595220392250706, "2020": -3.5508441859699702, "2021": 4.0143768388959611, "2022": 3.5556738689031198, "2023": 3.0891913834821594, "2024": 3.4037159198279099 }, "geometry": { "type": "Polygon", "coordinates": [ [ [ 35.545665, 32.393992 ], [ 35.719918, 32.709192 ], [ 36.834062, 32.312938 ], [ 38.792341, 33.378686 ], [ 39.195468, 32.161009 ], [ 39.004886, 32.010217 ], [ 37.002166, 31.508413 ], [ 37.998849, 30.5085 ], [ 37.66812, 30.338665 ], [ 37.503582, 30.003776 ], [ 36.740528, 29.865283 ], [ 36.501214, 29.505254 ], [ 36.068941, 29.197495 ], [ 34.956037, 29.356555 ], [ 34.922603, 29.501326 ], [ 35.420918, 31.100066 ], [ 35.397561, 31.489086 ], [ 35.545252, 31.782505 ], [ 35.545665, 32.393992 ] ] ] } },
{ "type": "Feature", "properties": { "name": "Japan", "iso3": "JPN", "name_with_flag": "🇯🇵 Japan", "1960": null, "1961": 19.689650996722396, "1962": 12.433130616729503, "1963": 13.296990862036772, "1964": 16.410120042156471, "1965": 10.064043550196789, "1966": 15.082040770650785, "1967": 15.980402299954811, "1968": 17.107736731135347, "1969": 16.076320456070746, "1970": 16.515310396962548, "1971": 10.503061169836837, "1972": 30.58716534044763, "1973": 33.963240485442682, "1974": 9.5371827067094905, "1975": 7.364126336953869, "1976": 11.1922763339805, "1977": 21.888172331481659, "1978": 39.231137049849643, "1979": 3.2069231301131707, "1980": 3.9521781766295172, "1981": 9.4570857681073548, "1982": -7.5889944141434906, "1983": 8.9165853508147652, "1984": 5.21439043272236, "1985": 5.3714972298034569, "1986": 47.778428729788388, "1987": 21.143240630996772, "1988": 20.61404232224411, "1989": -0.9173862897814189, "1990": 2.1192407433243021, "1991": 14.057510685416762, "1992": 8.7138913067330783, "1993": 13.604483652487364, "1994": 9.872738556247441, "1995": 10.678008281694451, "1996": -11.420478236627641, "1997": -8.9701254666192938, "1998": -9.0197413449419663, "1999": 12.911560131584764, "2000": 6.9903837418029191, "2001": -12.160467157525655, "2002": -4.607860294153121, "2003": 7.8189571066523911, "2004": 8.2288401718393587, "2005": -1.2691856259938739, "2006": -4.8167404695401146, "2007": -0.59047605568932626, "2008": 11.451624183216635, "2009": 3.5928426807254166, "2010": 8.858020475192907, "2011": 8.4324620618934745, "2012": 0.7899935555841342, "2013": -16.780110851037755, "2014": -5.925018979660468, "2015": -9.1350740891841582, "2016": 12.628012117299491, "2017": -1.3750189762212317, "2018": 2.3615360614154257, "2019": 1.6724646943774735, "2020": -0.95809334548332403, "2021": 0.16444638635977338, "2022": -15.036743354595616, "2023": -0.67360614051437118, "2024": -4.0202035328444019 }, "geometry": { "type": "MultiPolygon", "coordinates": [ [ [ [ 134.638428, 34.149234 ], [ 134.766379, 33.806335 ], [ 134.203416, 33.201178 ], [ 133.79295, 33.521985 ], [ 133.280268, 33.28957 ], [ 133.014858, 32.704567 ], [ 132.363115, 32.989382 ], [ 132.371176, 33.463642 ], [ 132.924373, 34.060299 ], [ 133.492968, 33.944621 ], [ 133.904106, 34.364931 ], [ 134.638428, 34.149234 ] ] ], [ [ [ 140.976388, 37.142074 ], [ 140.59977, 36.343983 ], [ 140.774074, 35.842877 ], [ 140.253279, 35.138114 ], [ 138.975528, 34.6676 ], [ 137.217599, 34.606286 ], [ 135.792983, 33.464805 ], [ 135.120983, 33.849071 ], [ 135.079435, 34.596545 ], [ 133.340316, 34.375938 ], [ 132.156771, 33.904933 ], [ 130.986145, 33.885761 ], [ 132.000036, 33.149992 ], [ 131.33279, 31.450355 ], [ 130.686318, 31.029579 ], [ 130.20242, 31.418238 ], [ 130.447676, 32.319475 ], [ 129.814692, 32.61031 ], [ 129.408463, 33.296056 ], [ 130.353935, 33.604151 ], [ 130.878451, 34.232743 ], [ 131.884229, 34.749714 ], [ 132.617673, 35.433393 ], [ 134.608301, 35.731618 ], [ 135.677538, 35.527134 ], [ 136.723831, 37.304984 ], [ 137.390612, 36.827391 ], [ 138.857602, 37.827485 ], [ 139.426405, 38.215962 ], [ 140.05479, 39.438807 ], [ 139.883379, 40.563312 ], [ 140.305783, 41.195005 ], [ 141.368973, 41.37856 ], [ 141.914263, 39.991616 ], [ 141.884601, 39.180865 ], [ 140.959489, 38.174001 ], [ 140.976388, 37.142074 ] ] ], [ [ [ 143.910162, 44.1741 ], [ 144.613427, 43.960883 ], [ 145.320825, 44.384733 ], [ 145.543137, 43.262088 ], [ 144.059662, 42.988358 ], [ 143.18385, 41.995215 ], [ 141.611491, 42.678791 ], [ 141.067286, 41.584594 ], [ 139.955106, 41.569556 ], [ 139.817544, 42.563759 ], [ 140.312087, 43.333273 ], [ 141.380549, 43.388825 ], [ 141.671952, 44.772125 ], [ 141.967645, 45.551483 ], [ 143.14287, 44.510358 ], [ 143.910162, 44.1741 ] ] ] ] } },
{ "type": "Feature", "properties": { "name": "Kazakhstan", "iso3": "KAZ", "name_with_flag": "🇰🇿 Kazakhstan", "1960": null, "1961": null, "1962": null, "1963": null, "1964": null, "1965": null, "1966": null, "1967": null, "1968": null, "1969": null, "1970": null, "1971": null, "1972": null, "1973": null, "1974": null, "1975": null, "1976": null, "1977": null, "1978": null, "1979": null, "1980": null, "1981": null, "1982": null, "1983": null, "1984": null, "1985": null, "1986": null, "1987": null, "1988": null, "1989": null, "1990": null, "1991": -8.1263412783586624, "1992": -0.33458071557532776, "1993": -5.7362012764408661, "1994": -7.9917213647949676, "1995": -2.3294911914625738, "1996": 5.2225809689398384, "1997": 7.8230893316218797, "1998": 2.3853580229115323, "1999": -22.836649335489589, "2000": 8.1074984975706865, "2001": 20.527096287696956, "2002": 10.636414203055701, "2003": 24.433145802676059, "2004": 39.042163967459921, "2005": 31.40099549568005, "2006": 40.610330049326883, "2007": 28.216029565252732, "2008": 25.957415322999111, "2009": -14.593813437517689, "2010": 26.737690973283602, "2011": 28.364028938389897, "2012": 6.4821534891461363, "2013": 12.144834603493649, "2014": -7.7957733965796301, "2015": -17.956541707805208, "2016": -26.682257938657827, "2017": 19.630849449001197, "2018": 5.9196703890675995, "2019": -0.16214463536359247, "2020": -7.1440113859517762, "2021": 13.688913805248637, "2022": 12.73827553267337, "2023": 14.429487988890809, "2024": 8.7420128587383914 }, "geometry": { "type": "Polygon", "coordinates": [ [ [ 70.962315, 42.266154 ], [ 70.388965, 42.081308 ], [ 69.070027, 41.384244 ], [ 68.632483, 40.668681 ], [ 68.259896, 40.662325 ], [ 67.985856, 41.135991 ], [ 66.714047, 41.168444 ], [ 66.510649, 41.987644 ], [ 66.023392, 41.994646 ], [ 66.098012, 42.99766 ], [ 64.900824, 43.728081 ], [ 63.185787, 43.650075 ], [ 62.0133, 43.504477 ], [ 61.05832, 44.405817 ], [ 60.239972, 44.784037 ], [ 58.689989, 45.500014 ], [ 58.503127, 45.586804 ], [ 55.928917, 44.995858 ], [ 55.968191, 41.308642 ], [ 55.455251, 41.259859 ], [ 54.755345, 42.043971 ], [ 54.079418, 42.324109 ], [ 52.944293, 42.116034 ], [ 52.50246, 41.783316 ], [ 52.446339, 42.027151 ], [ 52.692112, 42.443895 ], [ 52.501426, 42.792298 ], [ 51.342427, 43.132975 ], [ 50.891292, 44.031034 ], [ 50.339129, 44.284016 ], [ 50.305643, 44.609836 ], [ 51.278503, 44.514854 ], [ 51.316899, 45.245998 ], [ 52.16739, 45.408391 ], [ 53.040876, 45.259047 ], [ 53.220866, 46.234646 ], [ 53.042737, 46.853006 ], [ 52.042023, 46.804637 ], [ 51.191945, 47.048705 ], [ 50.034083, 46.60899 ], [ 49.10116, 46.39933 ], [ 48.593241, 46.561034 ], [ 48.694734, 47.075628 ], [ 48.057253, 47.743753 ], [ 47.315231, 47.715847 ], [ 46.466446, 48.394152 ], [ 47.043672, 49.152039 ], [ 46.751596, 49.356006 ], [ 47.54948, 50.454698 ], [ 48.577841, 49.87476 ], [ 48.702382, 50.605128 ], [ 50.766648, 51.692762 ], [ 52.328724, 51.718652 ], [ 54.532878, 51.02624 ], [ 55.716941, 50.621717 ], [ 56.777961, 51.043551 ], [ 58.363291, 51.063653 ], [ 59.642282, 50.545442 ], [ 59.932807, 50.842194 ], [ 61.337424, 50.79907 ], [ 61.588003, 51.272659 ], [ 59.967534, 51.96042 ], [ 60.927269, 52.447548 ], [ 60.739993, 52.719986 ], [ 61.699986, 52.979996 ], [ 60.978066, 53.664993 ], [ 61.436591, 54.006265 ], [ 65.178534, 54.354228 ], [ 65.666876, 54.601267 ], [ 68.1691, 54.970392 ], [ 69.068167, 55.38525 ], [ 70.865267, 55.169734 ], [ 71.180131, 54.133285 ], [ 72.22415, 54.376655 ], [ 73.508516, 54.035617 ], [ 73.425679, 53.48981 ], [ 74.384845, 53.546861 ], [ 76.8911, 54.490524 ], [ 76.525179, 54.177003 ], [ 77.800916, 53.404415 ], [ 80.03556, 50.864751 ], [ 80.568447, 51.388336 ], [ 81.945986, 50.812196 ], [ 83.383004, 51.069183 ], [ 83.935115, 50.889246 ], [ 84.416377, 50.3114 ], [ 85.11556, 50.117303 ], [ 85.54127, 49.692859 ], [ 86.829357, 49.826675 ], [ 87.35997, 49.214981 ], [ 86.598776, 48.549182 ], [ 85.768233, 48.455751 ], [ 85.720484, 47.452969 ], [ 85.16429, 47.000956 ], [ 83.180484, 47.330031 ], [ 82.458926, 45.53965 ], [ 81.947071, 45.317027 ], [ 79.966106, 44.917517 ], [ 80.866206, 43.180362 ], [ 80.18015, 42.920068 ], [ 80.25999, 42.349999 ], [ 79.643645, 42.496683 ], [ 79.142177, 42.856092 ], [ 77.658392, 42.960686 ], [ 76.000354, 42.988022 ], [ 75.636965, 42.8779 ], [ 74.212866, 43.298339 ], [ 73.645304, 43.091272 ], [ 73.489758, 42.500894 ], [ 71.844638, 42.845395 ], [ 71.186281, 42.704293 ], [ 70.962315, 42.266154 ] ] ] } },
{ "type": "Feature", "properties": { "name": "Kenya", "iso3": "KEN", "name_with_flag": "🇰🇪 Kenya", "1960": null, "1961": -3.4551343409585433, "1962": 5.3678545445190018, "1963": 2.6703516891807055, "1964": 3.6379139997248844, "1965": -3.9846556821868884, "1966": 12.134751394704102, "1967": 1.7262836323469255, "1968": 5.5392831403760834, "1969": 3.6191045747971051, "1970": 5.7974284677339227, "1971": 6.9580477224150172, "1972": 14.44390811254992, "1973": 15.023014311143168, "1974": 14.430272281328516, "1975": 6.1570972799665169, "1976": 3.1964764823681824, "1977": 25.1274901200389, "1978": 14.015298879926096, "1979": 13.543906383404325, "1980": 12.478086024930857, "1981": -8.968022153874788, "1982": -9.4672829507373883, "1983": -10.368705036352443, "1984": -0.1893270565290206, "1985": -4.4554720096988358, "1986": 13.846950468587682, "1987": 6.2917166723581497, "1988": 1.1917932204389192, "1989": -4.2811650467621813, "1990": -0.0080645281760882703, "1991": -7.9411501211064444, "1992": -2.3326701986121856, "1993": -31.983758833028386, "1994": 20.720631766409614, "1995": 23.012284282839879, "1996": 29.542082640116508, "1997": 5.9466800082015325, "1998": 4.5336073779887354, "1999": -11.10142750848404, "2000": -4.4025675938102466, "2001": -0.94685552733574374, "2002": -1.890445170597399, "2003": 9.9177123426030569, "2004": 4.6882809607158515, "2005": 12.895909170470654, "2006": 33.68878242770792, "2007": 20.062674082655075, "2008": 8.9672442487357173, "2009": 14.463906311850527, "2010": 4.1557476493995882, "2011": 0.42383762489599519, "2012": 17.229505582721959, "2013": 6.682734017300862, "2014": 8.1653320578331634, "2015": 0.42513276580105064, "2016": 4.3654321297374787, "2017": 7.2940264586496495, "2018": 10.133124822905648, "2019": 6.7497153358256456, "2020": -1.6702388886118746, "2021": 6.9354197453062927, "2022": 2.3385896987024202, "2023": -7.4545445856770698, "2024": 13.001577823104027 }, "geometry": { "type": "Polygon", "coordinates": [ [ [ 40.993, -0.85829 ], [ 41.58513, -1.68325 ], [ 40.88477, -2.08255 ], [ 40.63785, -2.49979 ], [ 40.26304, -2.57309 ], [ 40.12119, -3.27768 ], [ 39.80006, -3.68116 ], [ 39.60489, -4.34653 ], [ 39.20222, -4.67677 ], [ 37.7669, -3.67712 ], [ 37.69869, -3.09699 ], [ 34.07262, -1.05982 ], [ 33.903711, -0.95 ], [ 33.893569, 0.109814 ], [ 34.18, 0.515 ], [ 34.6721, 1.17694 ], [ 35.03599, 1.90584 ], [ 34.59607, 3.05374 ], [ 34.47913, 3.5556 ], [ 34.005, 4.249885 ], [ 34.620196, 4.847123 ], [ 35.298007, 5.506 ], [ 35.817448, 5.338232 ], [ 35.817448, 4.776966 ], [ 36.159079, 4.447864 ], [ 36.855093, 4.447864 ], [ 38.120915, 3.598605 ], [ 38.43697, 3.58851 ], [ 38.67114, 3.61607 ], [ 38.89251, 3.50074 ], [ 39.559384, 3.42206 ], [ 39.85494, 3.83879 ], [ 40.76848, 4.25702 ], [ 41.1718, 3.91909 ], [ 41.855083, 3.918912 ], [ 40.98105, 2.78452 ], [ 40.993, -0.85829 ] ] ] } },
{ "type": "Feature", "properties": { "name": "Kyrgyzstan", "iso3": "KGZ", "name_with_flag": "🇰🇬 Kyrgyzstan", "1960": null, "1961": null, "1962": null, "1963": null, "1964": null, "1965": null, "1966": null, "1967": null, "1968": null, "1969": null, "1970": null, "1971": null, "1972": null, "1973": null, "1974": null, "1975": null, "1976": null, "1977": null, "1978": null, "1979": null, "1980": null, "1981": null, "1982": null, "1983": null, "1984": null, "1985": null, "1986": null, "1987": null, "1988": null, "1989": null, "1990": null, "1991": -5.9837688894617713, "1992": -9.9696223476459132, "1993": -12.522760368945363, "1994": -16.959473899986723, "1995": -2.2098785969345447, "1996": 8.4026036141816576, "1997": -4.6672479335820078, "1998": -8.3125829612572097, "1999": -25.233162054128677, "2000": 8.3603352286668819, "2001": 10.29589372958737, "2002": 4.3174423438910869, "2003": 18.26986683922145, "2004": 13.85735525737517, "2005": 9.9979071409040277, "2006": 13.968223932124978, "2007": 32.89516113471398, "2008": 33.891192094094166, "2009": -9.9535195129879064, "2010": 0.77632618655012475, "2011": 27.418443433631023, "2012": 4.5839111627021811, "2013": 8.6461275983216623, "2014": -0.40454406125263187, "2015": -12.563969687153321, "2016": -0.21499027640073942, "2017": 10.705906061910486, "2018": 5.086811899639021, "2019": 10.788997329892247, "2020": -13.535985031102904, "2021": 9.7989352902473126, "2022": 28.868418852268007, "2023": 22.906092742148076, "2024": 13.143790504853946 }, "geometry": { "type": "Polygon", "coordinates": [ [ [ 70.962315, 42.266154 ], [ 71.186281, 42.704293 ], [ 71.844638, 42.845395 ], [ 73.489758, 42.500894 ], [ 73.645304, 43.091272 ], [ 74.212866, 43.298339 ], [ 75.636965, 42.8779 ], [ 76.000354, 42.988022 ], [ 77.658392, 42.960686 ], [ 79.142177, 42.856092 ], [ 79.643645, 42.496683 ], [ 80.25999, 42.349999 ], [ 80.11943, 42.123941 ], [ 78.543661, 41.582243 ], [ 78.187197, 41.185316 ], [ 76.904484, 41.066486 ], [ 76.526368, 40.427946 ], [ 75.467828, 40.562072 ], [ 74.776862, 40.366425 ], [ 73.822244, 39.893973 ], [ 73.960013, 39.660008 ], [ 73.675379, 39.431237 ], [ 71.784694, 39.279463 ], [ 70.549162, 39.604198 ], [ 69.464887, 39.526683 ], [ 69.55961, 40.103211 ], [ 70.648019, 39.935754 ], [ 71.014198, 40.244366 ], [ 71.774875, 40.145844 ], [ 73.055417, 40.866033 ], [ 71.870115, 41.3929 ], [ 71.157859, 41.143587 ], [ 70.420022, 41.519998 ], [ 71.259248, 42.167711 ], [ 70.962315, 42.266154 ] ] ] } },
{ "type": "Feature", "properties": { "name": "Cambodia", "iso3": "KHM", "name_with_flag": "🇰🇭 Cambodia", "1960": null, "1961": null, "1962": null, "1963": null, "1964": null, "1965": null, "1966": null, "1967": null, "1968": null, "1969": null, "1970": null, "1971": null, "1972": null, "1973": null, "1974": null, "1975": null, "1976": 13.179779588666896, "1977": -1.9178006009480941, "1978": 16.41732284708295, "1979": -3.3174059205432815, "1980": 0.65580811859546895, "1981": 7.7535371326398206, "1982": 3.2108068158991365, "1983": 4.6772958734251358, "1984": 4.8319731169064184, "1985": 4.4308852582156888, "1986": 1.8159510230425058, "1987": -14.877057859019715, "1988": 54.378208150750076, "1989": -21.634581314452806, "1990": -0.58339624911569743, "1991": 40.569061053189692, "1992": 14.872134707373519, "1993": -4.2447949175889228, "1994": 2.7448241764153281, "1995": 13.687595298256937, "1996": -5.4818525910639737, "1997": -8.3366585341654638, "1998": -13.041235154603005, "1999": 10.80939030058703, "2000": 3.3733111644005165, "2001": 10.482961924725265, "2002": 6.9148776353314956, "2003": 10.436707561673053, "2004": 14.871803369205105, "2005": 18.369749861418395, "2006": 16.442708872647316, "2007": 19.50822864669124, "2008": 18.394577278041702, "2009": 1.0925904675737952, "2010": 8.7383126564853253, "2011": 14.355828619534726, "2012": 9.5337799121888889, "2013": 9.4615373888333743, "2014": 9.642928331402878, "2015": 8.0859914470021046, "2016": 8.2643179197303915, "2017": 9.0233262101728116, "2018": 11.515832546665795, "2019": 9.2898176159424537, "2020": -6.4755558764111427, "2021": 4.1150256441655264, "2022": 7.2726318467189799, "2023": 4.5039423827590852, "2024": 8.154389644798222 }, "geometry": { "type": "Polygon", "coordinates": [ [ [ 103.49728, 10.632555 ], [ 103.09069, 11.153661 ], [ 102.584932, 12.186595 ], [ 102.348099, 13.394247 ], [ 102.988422, 14.225721 ], [ 104.281418, 14.416743 ], [ 105.218777, 14.273212 ], [ 106.043946, 13.881091 ], [ 106.496373, 14.570584 ], [ 107.382727, 14.202441 ], [ 107.614548, 13.535531 ], [ 107.491403, 12.337206 ], [ 105.810524, 11.567615 ], [ 106.24967, 10.961812 ], [ 105.199915, 10.88931 ], [ 104.334335, 10.486544 ], [ 103.49728, 10.632555 ] ] ] } },
{ "type": "Feature", "properties": { "name": "South Korea", "iso3": "KOR", "name_with_flag": "🇰🇷 South Korea", "1960": null, "1961": -40.715908716198776, "1962": 13.138801930115296, "1963": 37.813585341678447, "1964": -15.513145193670486, "1965": -12.040853161256294, "1966": 22.770431635231404, "1967": 20.736921773683825, "1968": 23.129541996192238, "1969": 22.673056401498815, "1970": 14.740655621870037, "1971": 7.8300413584241113, "1972": 7.6413344377967318, "1973": 25.510831671128976, "1974": 38.450847827516597, "1975": 9.6038605463486739, "1976": 35.092075270845143, "1977": 26.583951490579484, "1978": 33.142243403069529, "1979": 26.873945478491336, "1980": -3.8236745890445123, "1981": 9.7954638064098543, "1982": 5.7904617348655041, "1983": 10.359888312489772, "1984": 9.7473000445995837, "1985": 2.8642989980111055, "1986": 14.199580656517274, "1987": 25.387778116341941, "1988": 33.591194976654968, "1989": 22.49959521562872, "1990": 13.631129076664127, "1991": 15.536326820272638, "1992": 6.4124306444775181, "1993": 9.3304901383120189, "1994": 16.887840112387174, "1995": 20.984612239375267, "1996": 6.6716165466536026, "1997": -7.4946247460847886, "1998": -33.20380805058933, "1999": 28.867532653719863, "2000": 14.847326209344903, "2001": -5.6768566105699918, "2002": 13.872915053321311, "2003": 11.452431081537839, "2004": 12.426565807119117, "2005": 17.618500365862634, "2006": 12.065324100711727, "2007": 10.775337077412628, "2008": -11.35902946707108, "2009": -10.335045164461132, "2010": 20.557036283027475, "2011": 8.7452339896177733, "2012": 1.4406697817143321, "2013": 6.7572830883030344, "2014": 7.6285911262363504, "2015": -1.7621894465755128, "2016": 1.8895251700420834, "2017": 7.9243875160719179, "2018": 5.8429664955724103, "2019": -4.6184475765248312, "2020": -0.56772498201034249, "2021": 10.731665161303416, "2022": -7.7745153145286512, "2023": 2.2432320380292747, "2024": 0.0 }, "geometry": { "type": "Polygon", "coordinates": [ [ [ 128.349716, 38.612243 ], [ 129.21292, 37.432392 ], [ 129.46045, 36.784189 ], [ 129.468304, 35.632141 ], [ 129.091377, 35.082484 ], [ 128.18585, 34.890377 ], [ 127.386519, 34.475674 ], [ 126.485748, 34.390046 ], [ 126.37392, 34.93456 ], [ 126.559231, 35.684541 ], [ 126.117398, 36.725485 ], [ 126.860143, 36.893924 ], [ 126.174759, 37.749686 ], [ 126.237339, 37.840378 ], [ 126.68372, 37.804773 ], [ 127.073309, 38.256115 ], [ 127.780035, 38.304536 ], [ 128.205746, 38.370397 ], [ 128.349716, 38.612243 ] ] ] } },
{ "type": "Feature", "properties": { "name": "Kosovo", "iso3": "XKX", "name_with_flag": " Kosovo", "1960": null, "1961": null, "1962": null, "1963": null, "1964": null, "1965": null, "1966": null, "1967": null, "1968": null, "1969": null, "1970": null, "1971": null, "1972": null, "1973": null, "1974": null, "1975": null, "1976": null, "1977": null, "1978": null, "1979": null, "1980": null, "1981": null, "1982": null, "1983": null, "1984": null, "1985": null, "1986": null, "1987": null, "1988": null, "1989": null, "1990": null, "1991": null, "1992": null, "1993": null, "1994": null, "1995": null, "1996": null, "1997": null, "1998": null, "1999": null, "2000": null, "2001": null, "2002": null, "2003": null, "2004": null, "2005": null, "2006": null, "2007": null, "2008": null, "2009": -2.8680931068489901, "2010": 6.8940025188036991, "2011": 18.456704970573192, "2012": -3.6251480793645707, "2013": 8.6172062724558351, "2014": 5.3430254541921851, "2015": -9.7851710413421671, "2016": 6.7834786658937052, "2017": 6.6464091824741001, "2018": 9.3499255480256274, "2019": 0.72558323205489383, "2020": -2.380130732728114, "2021": 22.258486101678244, "2022": 0.38930069652407528, "2023": 17.582033931609242, "2024": 17.331554937004068 }, "geometry": { "type": "Polygon", "coordinates": [ [ [ 20.76216, 42.05186 ], [ 20.71731, 41.84711 ], [ 20.59023, 41.85541 ], [ 20.52295, 42.21787 ], [ 20.28374, 42.32025 ], [ 20.0707, 42.58863 ], [ 20.25758, 42.81275 ], [ 20.49679, 42.88469 ], [ 20.63508, 43.21671 ], [ 20.81448, 43.27205 ], [ 20.95651, 43.13094 ], [ 21.143395, 43.068685 ], [ 21.27421, 42.90959 ], [ 21.43866, 42.86255 ], [ 21.63302, 42.67717 ], [ 21.77505, 42.6827 ], [ 21.66292, 42.43922 ], [ 21.54332, 42.32025 ], [ 21.576636, 42.245224 ], [ 21.3527, 42.2068 ], [ 20.76216, 42.05186 ] ] ] } },
{ "type": "Feature", "properties": { "name": "Kuwait", "iso3": "KWT", "name_with_flag": "🇰🇼 Kuwait", "1960": null, "1961": null, "1962": null, "1963": -6.3994232942272351, "1964": -1.4790965595629202, "1965": -8.1025667379117099, "1966": 3.7803272325633852, "1967": -6.9146822048813616, "1968": -0.39615793638093644, "1969": -4.5708445657255297, "1970": -3.8803580362389622, "1971": 26.29870228611577, "1972": 7.8045737757894029, "1973": 14.408308720660635, "1974": 126.42126284343553, "1975": -13.131105891836592, "1976": 2.3845169489365992, "1977": 0.86703939523982143, "1978": 2.9300107947467291, "1979": 50.305144176461795, "1980": 9.4675078208293471, "1981": -16.849144843682062, "1982": -17.98586035997759, "1983": -7.8092622455710252, "1984": -0.39047918591106345, "1985": -5.0085789653382395, "1986": -19.828841327363754, "1987": 20.039655401939815, "1988": -11.043879703702197, "1989": 13.127318804762012, "1990": -0.24762555033756017, "1991": -25.512437568574818, "1992": 49.085969482451745, "1993": 17.878239860786582, "1994": 4.2745851215507669, "1995": 8.2949947576483432, "1996": 12.573660540186715, "1997": -6.7232561605699122, "1998": -17.143027755745933, "1999": 12.701227796714122, "2000": 21.715667011873329, "2001": -9.9610319327752883, "2002": 6.5529253086794803, "2003": 22.567702538474066, "2004": 21.425681750081193, "2005": 31.105704071874829, "2006": 18.891277039083221, "2007": 6.433043525221338, "2008": 21.605562041808525, "2009": -31.803595780324002, "2010": 3.4430280409131875, "2011": 25.393476823632689, "2012": 6.0720765660559506, "2013": -4.8013956280066772, "2014": -10.638774485774949, "2015": -32.650364148017253, "2016": -8.562028686250212, "2017": 6.3094134684273495, "2018": 10.397771985648463, "2019": -1.122892119918617, "2020": -20.410697501135346, "2021": 34.80160264140877, "2022": 17.529024709674101, "2023": -14.77153259453341, "2024": -5.464241880956811 }, "geometry": { "type": "Polygon", "coordinates": [ [ [ 47.974519, 29.975819 ], [ 48.183189, 29.534477 ], [ 48.093943, 29.306299 ], [ 48.416094, 28.552004 ], [ 47.708851, 28.526063 ], [ 47.459822, 29.002519 ], [ 46.568713, 29.099025 ], [ 47.302622, 30.05907 ], [ 47.974519, 29.975819 ] ] ] } },
{ "type": "Feature", "properties": { "name": "Laos", "iso3": "LAO", "name_with_flag": "🇱🇦 Laos", "1960": null, "1961": null, "1962": null, "1963": null, "1964": null, "1965": null, "1966": null, "1967": null, "1968": null, "1969": null, "1970": null, "1971": null, "1972": null, "1973": null, "1974": null, "1975": null, "1976": null, "1977": null, "1978": null, "1979": null, "1980": null, "1981": null, "1982": null, "1983": null, "1984": null, "1985": 31.009897005315224, "1986": -27.005254317419848, "1987": -40.523335272276761, "1988": -46.467016735620788, "1989": 15.847014641307556, "1990": 17.817872014426307, "1991": 15.478783813286201, "1992": 6.7034689994105001, "1993": 14.576904899604436, "1994": 13.255991415140445, "1995": 11.462207591116403, "1996": 3.7968992575837301, "1997": -8.6843656997374623, "1998": -28.065803764310637, "1999": 11.643523772147102, "2000": 17.047459063593529, "2001": 0.49134240898041082, "2002": -2.1744740110250071, "2003": 13.322575439015271, "2004": 15.263167286993951, "2005": 13.868976814986912, "2006": 24.316627471130637, "2007": 20.354281200166625, "2008": 27.021101945582139, "2009": 5.5642272361786427, "2010": 20.414665227201368, "2011": 20.927930786313475, "2012": 14.837389136303392, "2013": 15.92211739399978, "2014": 9.2976394461880432, "2015": 7.0657000829844829, "2016": 8.5906185295868021, "2017": 5.6099264028966367, "2018": 4.6322779995431329, "2019": 1.737186642993982, "2020": -0.21409102220546483, "2021": -2.2341808104161531, "2022": -18.988002938179129, "2023": 1.0039753231424919, "2024": 2.7591040870919015 }, "geometry": { "type": "Polygon", "coordinates": [ [ [ 105.218777, 14.273212 ], [ 105.544338, 14.723934 ], [ 105.589039, 15.570316 ], [ 104.779321, 16.441865 ], [ 104.716947, 17.428859 ], [ 103.956477, 18.240954 ], [ 103.200192, 18.309632 ], [ 102.998706, 17.961695 ], [ 102.413005, 17.932782 ], [ 102.113592, 18.109102 ], [ 101.059548, 17.512497 ], [ 101.035931, 18.408928 ], [ 101.282015, 19.462585 ], [ 100.606294, 19.508344 ], [ 100.548881, 20.109238 ], [ 100.115988, 20.41785 ], [ 100.329101, 20.786122 ], [ 101.180005, 21.436573 ], [ 101.270026, 21.201652 ], [ 101.80312, 21.174367 ], [ 101.652018, 22.318199 ], [ 102.170436, 22.464753 ], [ 102.754896, 21.675137 ], [ 103.203861, 20.766562 ], [ 104.435, 20.758733 ], [ 104.822574, 19.886642 ], [ 104.183388, 19.624668 ], [ 103.896532, 19.265181 ], [ 105.094598, 18.666975 ], [ 105.925762, 17.485315 ], [ 106.556008, 16.604284 ], [ 107.312706, 15.908538 ], [ 107.564525, 15.202173 ], [ 107.382727, 14.202441 ], [ 106.496373, 14.570584 ], [ 106.043946, 13.881091 ], [ 105.218777, 14.273212 ] ] ] } },
{ "type": "Feature", "properties": { "name": "Lebanon", "iso3": "LBN", "name_with_flag": "🇱🇧 Lebanon", "1960": null, "1961": null, "1962": null, "1963": null, "1964": null, "1965": null, "1966": null, "1967": null, "1968": null, "1969": null, "1970": null, "1971": null, "1972": null, "1973": null, "1974": null, "1975": null, "1976": null, "1977": null, "1978": null, "1979": null, "1980": null, "1981": null, "1982": null, "1983": null, "1984": null, "1985": null, "1986": null, "1987": null, "1988": null, "1989": -19.616537059964411, "1990": 2.4027484174458769, "1991": 61.922559785641297, "1992": 21.97708675363814, "1993": 33.298958611044881, "1994": 18.720463343575979, "1995": 19.895424870579113, "1996": 14.678811942271919, "1997": 12.997393298330451, "1998": 7.5845518861233696, "1999": -0.91922136573221458, "2000": -2.4493537865590498, "2001": 0.56997987893023794, "2002": 7.0155725267928126, "2003": 3.4227006282026018, "2004": 3.6723357978540649, "2005": 0.03291537396636901, "2006": 0.7182082351966157, "2007": 10.571307666524943, "2008": 15.351172825191028, "2009": 19.939116581756956, "2010": 7.5443029307495024, "2011": 2.7426862384377193, "2012": 7.3008834413827994, "2013": -2.9095423618684779, "2014": -7.1638175872878573, "2015": 1.8009386258353466, "2016": 4.8599525840363755, "2017": 6.4185682504931618, "2018": 6.5789026558905173, "2019": -2.9282852853439123, "2020": -37.555955894580293, "2021": -27.257067350401833, "2022": -9.6657432402715067, "2023": -4.8335038579319756, "2024": 0.0 }, "geometry": { "type": "Polygon", "coordinates": [ [ [ 35.821101, 33.277426 ], [ 35.552797, 33.264275 ], [ 35.460709, 33.08904 ], [ 35.126053, 33.0909 ], [ 35.482207, 33.90545 ], [ 35.979592, 34.610058 ], [ 35.998403, 34.644914 ], [ 36.448194, 34.593935 ], [ 36.61175, 34.201789 ], [ 36.06646, 33.824912 ], [ 35.821101, 33.277426 ] ] ] } },
{ "type": "Feature", "properties": { "name": "Liberia", "iso3": "LBR", "name_with_flag": "🇱🇷 Liberia", "1960": null, "1961": -5.7825716897027419, "1962": 1.762257747386653, "1963": 1.7787218656722281, "1964": 6.6175076678093525, "1965": 2.0905051008188069, "1966": 3.9542467618975508, "1967": 4.0995268186262424, "1968": 3.3808652511792436, "1969": 8.0901288593504983, "1970": 2.5968660452116543, "1971": 3.079683511815734, "1972": 5.0787694032711661, "1973": 2.4100937296041236, "1974": 22.528868664011714, "1975": 15.441939043283991, "1976": 0.53508656669010168, "1977": 9.6664165327521765, "1978": 3.5107205154769616, "1979": 10.198971311286421, "1980": 1.9156686702099579, "1981": -3.8309686133209508, "1982": -0.84702626722855667, "1983": -7.5006995268026344, "1984": -0.090021739930057354, "1985": -2.6783475634538423, "1986": -4.12231765447636, "1987": 12.332876282298443, "1988": 3.6923730935016996, "1989": -26.403411068530847, "1990": -44.6450343266212, "1991": 2.8920377064480807, "1992": -39.368855724401229, "1993": -30.985469675513411, "1994": -17.381778515002377, "1995": 1.0625763088630613, "1996": 14.905282124929542, "1997": 71.732196693968035, "1998": 9.8243469855695977, "1999": 16.259669304146328, "2000": 90.636330861512235, "2001": 0.66284260935562944, "2002": -0.3086504833829995, "2003": -19.949788999758145, "2004": 18.50060444273285, "2005": 1.1779780426340869, "2006": 11.50337733071356, "2007": 16.737441428365287, "2008": 20.710904908680703, "2009": -0.73663652585702621, "2010": 9.7831790246378336, "2011": 15.405713537562038, "2012": 12.37148163299462, "2013": 11.337619408847189, "2014": -0.56702239147528033, "2015": -1.998601685945478, "2016": 3.1798001957574096, "2017": -2.1471714147951015, "2018": -1.0104791761544663, "2019": -4.9174794255018366, "2020": -6.2866249748433027, "2021": 8.2975429437100559, "2022": 11.475293357552175, "2023": 7.3295777759699643, "2024": 5.8912942858849293 }, "geometry": { "type": "Polygon", "coordinates": [ [ [ -7.712159, 4.364566 ], [ -7.974107, 4.355755 ], [ -9.004794, 4.832419 ], [ -9.91342, 5.593561 ], [ -10.765384, 6.140711 ], [ -11.438779, 6.785917 ], [ -11.199802, 7.105846 ], [ -11.146704, 7.396706 ], [ -10.695595, 7.939464 ], [ -10.230094, 8.406206 ], [ -10.016567, 8.428504 ], [ -9.755342, 8.541055 ], [ -9.33728, 7.928534 ], [ -9.403348, 7.526905 ], [ -9.208786, 7.313921 ], [ -8.926065, 7.309037 ], [ -8.722124, 7.711674 ], [ -8.439298, 7.686043 ], [ -8.485446, 7.395208 ], [ -8.385452, 6.911801 ], [ -8.60288, 6.467564 ], [ -8.311348, 6.193033 ], [ -7.993693, 6.12619 ], [ -7.570153, 5.707352 ], [ -7.539715, 5.313345 ], [ -7.635368, 5.188159 ], [ -7.712159, 4.364566 ] ] ] } },
{ "type": "Feature", "properties": { "name": "Libya", "iso3": "LBY", "name_with_flag": "🇱🇾 Libya", "1960": null, "1961": 6.0599258686970803, "1962": 33.904250668748936, "1963": 38.153191660949261, "1964": 44.905008710981285, "1965": 30.806229249430039, "1966": 24.993179869795902, "1967": 14.87428565143103, "1968": 37.257522931147392, "1969": 10.299082095399559, "1970": 1.5922532180619786, "1971": 10.545058720298561, "1972": 15.852835873888305, "1973": 31.718976121779473, "1974": 66.698622316811452, "1975": -7.9322980887897465, "1976": 22.674376708932755, "1977": 10.911152483391007, "1978": -6.8301570716345239, "1979": 30.211953571201168, "1980": 26.652833644612684, "1981": -16.016369397615549, "1982": -9.7604389625479016, "1983": -1.5041771814566673, "1984": -12.504194977975324, "1985": 3.537207024041189, "1986": -25.576317007163706, "1987": 7.4069745573386081, "1988": -11.268066573977976, "1989": 0.98141477164224167, "1990": 12.251877489046837, "1991": 8.2671793252544035, "1992": 3.7338262533511468, "1993": -11.294726073955786, "1994": -8.4067620179976039, "1995": -12.270325584085139, "1996": 7.4110309429654686, "1997": 8.4205272328917289, "1998": -12.549546310835103, "1999": 30.058669953742445, "2000": 4.6353002981591507, "2001": -12.493589613891121, "2002": -41.099129271860505, "2003": 25.705471268437051, "2004": 23.52675454035662, "2005": 39.930390427203477, "2006": 24.378482831504389, "2007": 10.907686066875932, "2008": 24.775321724572063, "2009": -31.317723669322149, "2010": 21.462058720894618, "2011": -34.540986829957042, "2012": 97.211054627694281, "2013": -20.193636641756896, "2014": -25.312627254739017, "2015": -16.444794729430722, "2016": 0.90251274642731971, "2017": 32.422179752224743, "2018": 12.349727232272789, "2019": -11.015774338732509, "2020": -33.250948328186681, "2021": -25.780797984487293, "2022": 21.289418957591376, "2023": 3.1098515325203691, "2024": 2.3585791991820315 }, "geometry": { "type": "Polygon", "coordinates": [ [ [ 14.8513, 22.86295 ], [ 14.143871, 22.491289 ], [ 13.581425, 23.040506 ], [ 11.999506, 23.471668 ], [ 11.560669, 24.097909 ], [ 10.771364, 24.562532 ], [ 10.303847, 24.379313 ], [ 9.948261, 24.936954 ], [ 9.910693, 25.365455 ], [ 9.319411, 26.094325 ], [ 9.716286, 26.512206 ], [ 9.629056, 27.140953 ], [ 9.756128, 27.688259 ], [ 9.683885, 28.144174 ], [ 9.859998, 28.95999 ], [ 9.805634, 29.424638 ], [ 9.48214, 30.307556 ], [ 9.970017, 30.539325 ], [ 10.056575, 30.961831 ], [ 9.950225, 31.37607 ], [ 10.636901, 31.761421 ], [ 10.94479, 32.081815 ], [ 11.432253, 32.368903 ], [ 11.488787, 33.136996 ], [ 12.66331, 32.79278 ], [ 13.08326, 32.87882 ], [ 13.91868, 32.71196 ], [ 15.24563, 32.26508 ], [ 15.71394, 31.37626 ], [ 16.61162, 31.18218 ], [ 18.02109, 30.76357 ], [ 19.08641, 30.26639 ], [ 19.57404, 30.52582 ], [ 20.05335, 30.98576 ], [ 19.82033, 31.75179 ], [ 20.13397, 32.2382 ], [ 20.85452, 32.7068 ], [ 21.54298, 32.8432 ], [ 22.89576, 32.63858 ], [ 23.2368, 32.19149 ], [ 23.60913, 32.18726 ], [ 23.9275, 32.01667 ], [ 24.92114, 31.89936 ], [ 25.16482, 31.56915 ], [ 24.80287, 31.08929 ], [ 24.95762, 30.6616 ], [ 24.70007, 30.04419 ], [ 25.0, 29.238655 ], [ 25.0, 25.6825 ], [ 25.0, 22.0 ], [ 25.0, 20.00304 ], [ 23.85, 20.0 ], [ 23.83766, 19.58047 ], [ 19.84926, 21.49509 ], [ 15.86085, 23.40972 ], [ 14.8513, 22.86295 ] ] ] } },
{ "type": "Feature", "properties": { "name": "Sri Lanka", "iso3": "LKA", "name_with_flag": "🇱🇰 Sri Lanka", "1960": null, "1961": -0.019020360985277929, "1962": -3.0964482771375534, "1963": -15.582378826711929, "1964": 3.0074625055913184, "1965": 26.537087767531233, "1966": 0.66790998317372008, "1967": 3.632549021478515, "1968": -5.4266521960757981, "1969": 6.5926688918906962, "1970": 14.237943221483818, "1971": 0.99518590854323907, "1972": 5.6272756798581236, "1973": 10.425842471595859, "1974": 22.019627162479981, "1975": 4.158064382984028, "1976": -6.9759049350887281, "1977": 12.234850009321253, "1978": -34.623610026979257, "1979": 20.82688012519618, "1980": 17.454320699957513, "1981": 7.8936181906574809, "1982": 6.670004594186385, "1983": 7.6501587042264951, "1984": 16.540392040156405, "1985": -1.7267768312280496, "1986": 5.8638549692291431, "1987": 3.1092607204382894, "1988": 3.3802568449217807, "1989": -0.91970506973403365, "1990": 14.229394682599672, "1991": 11.212804299929612, "1992": 6.1070948432330185, "1993": 4.7574374220780147, "1994": 11.698359573246876, "1995": 9.3724371703609357, "1996": 4.6309442144557567, "1997": 6.550358763738906, "1998": 2.7010750800435135, "1999": -2.7023864730337244, "2000": 2.424863313667136, "2001": -5.0701445362857029, "2002": 3.9066917602151641, "2003": 13.34787794911081, "2004": 8.6897684050880599, "2005": 17.362986138480309, "2006": 15.099676620968317, "2007": 13.611184161262258, "2008": 25.01847355695066, "2009": 2.6892501060743479, "2010": 38.571276113648459, "2011": 14.833867988246286, "2012": 3.1882207775347116, "2013": 12.405875697503355, "2014": 6.1835602634680686, "2015": 2.1600818219437157, "2016": 2.2543735653515862, "2017": 6.0179518923785258, "2018": -0.9167616691636904, "2019": -6.346434854041183, "2020": -5.7410424122023791, "2021": 3.881925609218051, "2022": -16.370579257541472, "2023": 13.649514772098637, "2024": 18.865449545300738 }, "geometry": { "type": "Polygon", "coordinates": [ [ [ 81.787959, 7.523055 ], [ 81.637322, 6.481775 ], [ 81.21802, 6.197141 ], [ 80.348357, 5.96837 ], [ 79.872469, 6.763463 ], [ 79.695167, 8.200843 ], [ 80.147801, 9.824078 ], [ 80.838818, 9.268427 ], [ 81.304319, 8.564206 ], [ 81.787959, 7.523055 ] ] ] } },
{ "type": "Feature", "properties": { "name": "Lesotho", "iso3": "LSO", "name_with_flag": "🇱🇸 Lesotho", "1960": null, "1961": 0.20166086103574621, "1962": 13.806907685830883, "1963": 9.0873687157159146, "1964": 7.2132085780274302, "1965": 2.6105286504868985, "1966": 0.061733959121634818, "1967": 0.84634700237633531, "1968": -0.046382124369670485, "1969": 3.5269416700699496, "1970": 0.51443678780225266, "1971": 7.3657065478030415, "1972": 2.13924145925104, "1973": 44.66763587890712, "1974": 20.258962674967339, "1975": -4.2242837119547687, "1976": -4.3871112505932119, "1977": 27.188933957297667, "1978": 34.021617967221474, "1979": 5.7385053816265019, "1980": 44.471540363639804, "1981": -2.2737565810882265, "1982": -21.978249198416723, "1983": 7.7275643244788972, "1984": -16.276334886847909, "1985": -21.623174820597246, "1986": 15.723057182241584, "1987": 23.553283278791739, "1988": 14.343810253267474, "1989": 3.2060601292596358, "1990": 18.108297126594742, "1991": 15.999167674563598, "1992": 16.043540054645721, "1993": -0.96002102252222832, "1994": 3.6935487245804755, "1995": 12.691105481527609, "1996": -6.57210173391144, "1997": 4.6510995913498165, "1998": -7.4300848950514586, "1999": -1.9440514645567508, "2000": -2.824647662030888, "2001": -6.7984333037096834, "2002": -5.7560989733290713, "2003": 49.970434128786387, "2004": 31.446118151862713, "2005": 12.351301263417479, "2006": 7.439907793999323, "2007": -6.9455778414898806, "2008": 4.3305385996799339, "2009": -2.1853032144791396, "2010": 27.379892875144929, "2011": 14.404810123996171, "2012": -4.9036881564192054, "2013": -5.4923776239643622, "2014": 1.9547961971844163, "2015": -4.4599568734967177, "2016": -11.479383107058094, "2017": 7.7456447142585372, "2018": 9.4718641862274069, "2019": -7.5682909567647449, "2020": -15.107751265771963, "2021": 16.11219962328525, "2022": -3.4184420954486261, "2023": -11.051351809131571, "2024": 6.0605349870014091 }, "geometry": { "type": "Polygon", "coordinates": [ [ [ 28.978263, -28.955597 ], [ 29.325166, -29.257387 ], [ 29.018415, -29.743766 ], [ 28.8484, -30.070051 ], [ 28.291069, -30.226217 ], [ 28.107205, -30.545732 ], [ 27.749397, -30.645106 ], [ 26.999262, -29.875954 ], [ 27.532511, -29.242711 ], [ 28.074338, -28.851469 ], [ 28.5417, -28.647502 ], [ 28.978263, -28.955597 ] ] ] } },
{ "type": "Feature", "properties": { "name": "Lithuania", "iso3": "LTU", "name_with_flag": "🇱🇹 Lithuania", "1960": null, "1961": null, "1962": null, "1963": null, "1964": null, "1965": null, "1966": null, "1967": null, "1968": null, "1969": null, "1970": null, "1971": null, "1972": null, "1973": null, "1974": null, "1975": null, "1976": null, "1977": null, "1978": null, "1979": null, "1980": null, "1981": null, "1982": null, "1983": null, "1984": null, "1985": null, "1986": null, "1987": null, "1988": null, "1989": null, "1990": null, "1991": null, "1992": null, "1993": null, "1994": null, "1995": null, "1996": 7.2380309067030746, "1997": 21.510346775685065, "1998": 11.830620579657891, "1999": -1.6705171159330012, "2000": 5.5355373705911814, "2001": 7.025661109168424, "2002": 17.426700177307165, "2003": 32.770022328851248, "2004": 22.280639955280044, "2005": 16.667074593562447, "2006": 17.221131117000233, "2007": 33.4960499844805, "2008": 21.63795873351464, "2009": -20.735891661935923, "2010": -0.21298891040472112, "2011": 20.565521633283357, "2012": 0.18470242507775403, "2013": 9.436747048887284, "2014": 5.1778732561826413, "2015": -13.233241717040977, "2016": 4.6564500590263291, "2017": 12.493953203463249, "2018": 14.565824489328572, "2019": 1.8785187732965891, "2020": 4.1810496080870063, "2021": 16.847966152615502, "2022": 5.0913329887167569, "2023": 10.763951856531628, "2024": 5.7593094329316807 }, "geometry": { "type": "Polygon", "coordinates": [ [ [ 22.731099, 54.327537 ], [ 22.651052, 54.582741 ], [ 22.757764, 54.856574 ], [ 22.315724, 55.015299 ], [ 21.268449, 55.190482 ], [ 21.0558, 56.031076 ], [ 22.201157, 56.337802 ], [ 23.878264, 56.273671 ], [ 24.860684, 56.372528 ], [ 25.000934, 56.164531 ], [ 25.533047, 56.100297 ], [ 26.494331, 55.615107 ], [ 26.588279, 55.167176 ], [ 25.768433, 54.846963 ], [ 25.536354, 54.282423 ], [ 24.450684, 53.905702 ], [ 23.484128, 53.912498 ], [ 23.243987, 54.220567 ], [ 22.731099, 54.327537 ] ] ] } },
{ "type": "Feature", "properties": { "name": "Luxembourg", "iso3": "LUX", "name_with_flag": "🇱🇺 Luxembourg", "1960": null, "1961": -0.87641889533975892, "1962": 4.0242006865766733, "1963": 5.5904390826803985, "1964": 12.887734220734103, "1965": 0.88762187485316169, "1966": 4.328650579072657, "1967": 0.31813905833557587, "1968": 9.1318807690639723, "1969": 15.227633781491523, "1970": 16.472459816221029, "1971": 3.1959755109937094, "1972": 23.703005180182444, "1973": 35.731587644719774, "1974": 20.403820023388029, "1975": -2.9601009310957327, "1976": 9.0720369514755141, "1977": 10.490759307337139, "1978": 24.298787203611759, "1979": 16.647828625455595, "1980": 8.7263562955684826, "1981": -16.296450262813543, "1982": -9.0058645652014597, "1983": -1.7230305138438706, "1984": -1.9968532175405174, "1985": 2.9275865925047828, "1986": 45.408739902167184, "1987": 23.656160571358352, "1988": 12.368531164278874, "1989": 5.5461979077481738, "1990": 25.72466275394769, "1991": 6.8185476899825126, "1992": 10.695967875618418, "1993": 1.2531005534063278, "1994": 9.6501804503710034, "1995": 16.158869523359275, "1996": -1.1521917291723693, "1997": -7.5384409955750691, "1998": 1.7232245492030396, "1999": 7.2231861335283698, "2000": -4.349801169315648, "2001": -0.45100425252194709, "2002": 9.4252240308374766, "2003": 23.928708451988623, "2004": 16.525662608357173, "2005": 5.8047231682245792, "2006": 12.101356016038256, "2007": 18.379491435884333, "2008": 12.046316866312988, "2009": -9.1365185586277047, "2010": 1.3400181104815445, "2011": 7.3400307140215393, "2012": -5.4109454629362901, "2013": 6.5865664000793078, "2014": 3.0654642494934103, "2015": -14.729043273553433, "2016": 1.362842344752857, "2017": 3.0813302298852374, "2018": 6.1106719412574284, "2019": -3.6177437473870699, "2020": 3.69432378639869, "2021": 15.493567435297063, "2022": -8.3325962869282844, "2023": 6.2140669606411958, "2024": 4.6488195335460336 }, "geometry": { "type": "Polygon", "coordinates": [ [ [ 6.043073, 50.128052 ], [ 6.242751, 49.902226 ], [ 6.18632, 49.463803 ], [ 5.897759, 49.442667 ], [ 5.674052, 49.529484 ], [ 5.782417, 50.090328 ], [ 6.043073, 50.128052 ] ] ] } },
{ "type": "Feature", "properties": { "name": "Latvia", "iso3": "LVA", "name_with_flag": "🇱🇻 Latvia", "1960": null, "1961": null, "1962": null, "1963": null, "1964": null, "1965": null, "1966": null, "1967": null, "1968": null, "1969": null, "1970": null, "1971": null, "1972": null, "1973": null, "1974": null, "1975": null, "1976": null, "1977": null, "1978": null, "1979": null, "1980": null, "1981": null, "1982": null, "1983": null, "1984": null, "1985": null, "1986": null, "1987": null, "1988": null, "1989": null, "1990": null, "1991": null, "1992": null, "1993": null, "1994": null, "1995": null, "1996": 4.5816681643842783, "1997": 10.580655147104, "1998": 10.878104609375971, "1999": 5.8780136701172214, "2000": 6.9937387663618678, "2001": 6.9074731024278302, "2002": 14.238100165626143, "2003": 22.753732670616156, "2004": 24.318512284126513, "2005": 19.216139171802403, "2006": 26.469060182819049, "2007": 45.15154195883153, "2008": 17.25101169214749, "2009": -23.483019815089555, "2010": -6.7323351963537004, "2011": 15.320796058665653, "2012": 3.3076806071862919, "2013": 8.6660004852581416, "2014": 4.8420341167201508, "2015": -12.273554752060567, "2016": 3.8774382633815829, "2017": 9.3504834782985213, "2018": 14.007439571112723, "2019": 0.24810858371393518, "2020": 1.556851006411053, "2021": 15.358807604909597, "2022": -0.17105037004090384, "2023": 12.104216921591116, "2024": 3.0518297268668615 }, "geometry": { "type": "Polygon", "coordinates": [ [ [ 21.0558, 56.031076 ], [ 21.090424, 56.783873 ], [ 21.581866, 57.411871 ], [ 22.524341, 57.753374 ], [ 23.318453, 57.006236 ], [ 24.12073, 57.025693 ], [ 24.312863, 57.793424 ], [ 25.164594, 57.970157 ], [ 25.60281, 57.847529 ], [ 26.463532, 57.476389 ], [ 27.288185, 57.474528 ], [ 27.770016, 57.244258 ], [ 27.855282, 56.759326 ], [ 28.176709, 56.16913 ], [ 27.10246, 55.783314 ], [ 26.494331, 55.615107 ], [ 25.533047, 56.100297 ], [ 25.000934, 56.164531 ], [ 24.860684, 56.372528 ], [ 23.878264, 56.273671 ], [ 22.201157, 56.337802 ], [ 21.0558, 56.031076 ] ] ] } },
{ "type": "Feature", "properties": { "name": "Morocco", "iso3": "MAR", "name_with_flag": "🇲🇦 Morocco", "1960": null, "1961": -3.1271134970219827, "1962": 14.369006023816766, "1963": 8.7725436085994488, "1964": 2.6716254408612361, "1965": 2.6378297066647294, "1966": -5.0202191192267209, "1967": 3.0735876218369595, "1968": 4.5174249039148906, "1969": 8.6644559243237662, "1970": 5.4560387361106466, "1971": 7.262632194107943, "1972": 13.578538202609636, "1973": 20.012275402908951, "1974": 19.989269504259877, "1975": 14.289852491948697, "1976": 4.1257061999864675, "1977": 12.400774205230558, "1978": 16.721933888397245, "1979": 17.10421907186932, "1980": 32.949936545709171, "1981": -20.311972244204068, "1982": -3.1515277572857547, "1983": -10.511713698387236, "1984": -11.039348359213019, "1985": -1.2640514682195736, "1986": 27.013510063833657, "1987": 9.6224035039662148, "1988": 15.849057684797518, "1989": 0.48257795133375136, "1990": 12.626940284024268, "1991": 5.1390617318280984, "1992": 2.6926843516317245, "1993": -7.5807656057488737, "1994": 10.792612143085623, "1995": 7.9477639695974656, "1996": 8.8659145705674689, "1997": -10.679345576351974, "1998": 16.980734507853491, "1999": -1.9682869862979624, "2000": -8.3482868508056427, "2001": 0.47613781898847574, "2002": 5.9602107469057364, "2003": 21.669640243706279, "2004": 12.445866246915305, "2005": 2.7218389231561835, "2006": 8.6999198892381724, "2007": 13.02063191691718, "2008": 15.518097118070017, "2009": -1.9983603802586347, "2010": -1.6541691139384751, "2011": 7.6272664681913849, "2012": -4.1735915248755866, "2013": 6.8127004653380618, "2014": 1.6469836806318527, "2015": -8.4170283511402104, "2016": -0.17138936035786534, "2017": 4.9563293862765478, "2018": 6.2238656291656369, "2019": 0.18275871324966442, "2020": -6.8432354608144337, "2021": 15.847650190664142, "2022": -8.7307343462179823, "2023": 9.1465645863723744, "2024": 5.8847758949405637 }, "geometry": { "type": "Polygon", "coordinates": [ [ [ -5.193863, 35.755182 ], [ -4.591006, 35.330712 ], [ -3.640057, 35.399855 ], [ -2.604306, 35.179093 ], [ -2.169914, 35.168396 ], [ -1.792986, 34.527919 ], [ -1.733455, 33.919713 ], [ -1.388049, 32.864015 ], [ -1.124551, 32.651522 ], [ -1.307899, 32.262889 ], [ -2.616605, 32.094346 ], [ -3.06898, 31.724498 ], [ -3.647498, 31.637294 ], [ -3.690441, 30.896952 ], [ -4.859646, 30.501188 ], [ -5.242129, 30.000443 ], [ -6.060632, 29.7317 ], [ -7.059228, 29.579228 ], [ -8.674116, 28.841289 ], [ -8.66559, 27.656426 ], [ -8.817809, 27.656426 ], [ -8.817828, 27.656426 ], [ -8.794884, 27.120696 ], [ -9.413037, 27.088476 ], [ -9.735343, 26.860945 ], [ -10.189424, 26.860945 ], [ -10.551263, 26.990808 ], [ -11.392555, 26.883424 ], [ -11.71822, 26.104092 ], [ -12.030759, 26.030866 ], [ -12.500963, 24.770116 ], [ -13.89111, 23.691009 ], [ -14.221168, 22.310163 ], [ -14.630833, 21.86094 ], [ -14.750955, 21.5006 ], [ -17.002962, 21.420734 ], [ -17.020428, 21.42231 ], [ -16.973248, 21.885745 ], [ -16.589137, 22.158234 ], [ -16.261922, 22.67934 ], [ -16.326414, 23.017768 ], [ -15.982611, 23.723358 ], [ -15.426004, 24.359134 ], [ -15.089332, 24.520261 ], [ -14.824645, 25.103533 ], [ -14.800926, 25.636265 ], [ -14.43994, 26.254418 ], [ -13.773805, 26.618892 ], [ -13.139942, 27.640148 ], [ -13.121613, 27.654148 ], [ -12.618837, 28.038186 ], [ -11.688919, 28.148644 ], [ -10.900957, 28.832142 ], [ -10.399592, 29.098586 ], [ -9.564811, 29.933574 ], [ -9.814718, 31.177736 ], [ -9.434793, 32.038096 ], [ -9.300693, 32.564679 ], [ -8.657476, 33.240245 ], [ -7.654178, 33.697065 ], [ -6.912544, 34.110476 ], [ -6.244342, 35.145865 ], [ -5.929994, 35.759988 ], [ -5.193863, 35.755182 ] ] ] } },
{ "type": "Feature", "properties": { "name": "Moldova", "iso3": "MDA", "name_with_flag": "🇲🇩 Moldova", "1960": null, "1961": null, "1962": null, "1963": null, "1964": null, "1965": null, "1966": null, "1967": null, "1968": null, "1969": null, "1970": null, "1971": null, "1972": null, "1973": null, "1974": null, "1975": null, "1976": null, "1977": null, "1978": null, "1979": null, "1980": null, "1981": null, "1982": null, "1983": null, "1984": null, "1985": null, "1986": null, "1987": null, "1988": null, "1989": null, "1990": null, "1991": -13.974495817044385, "1992": -25.039209971718613, "1993": 2.4384692305439382, "1994": -28.004230014849597, "1995": 3.4497344921261108, "1996": -3.1078055852744813, "1997": 14.282765989879076, "1998": -11.951688282989759, "1999": -30.970120056725925, "2000": 10.272561706843408, "2001": 15.178097793433686, "2002": 12.49414281486505, "2003": 19.537360883020671, "2004": 31.489577245409038, "2005": 15.293888955594802, "2006": 14.369101868187295, "2007": 29.432296536113899, "2008": 37.835079916409555, "2009": -10.050128617854813, "2010": 28.358002506959103, "2011": 20.705967827179794, "2012": 3.5169483850473249, "2013": 9.072345653304815, "2014": -0.93604277678193126, "2015": -16.42593258634427, "2016": 3.5473633337548049, "2017": 21.291204930526654, "2018": 20.362818337452325, "2019": 5.9879072973156866, "2020": -0.67089776508770793, "2021": 20.540958555475086, "2022": 8.9047481128527117, "2023": 18.371088959122982, "2024": 12.029117521191711 }, "geometry": { "type": "Polygon", "coordinates": [ [ [ 26.619337, 48.220726 ], [ 26.857824, 48.368211 ], [ 27.522537, 48.467119 ], [ 28.259547, 48.155562 ], [ 28.670891, 48.118149 ], [ 29.122698, 47.849095 ], [ 29.050868, 47.510227 ], [ 29.415135, 47.346645 ], [ 29.559674, 46.928583 ], [ 29.908852, 46.674361 ], [ 29.83821, 46.525326 ], [ 30.024659, 46.423937 ], [ 29.759972, 46.349988 ], [ 29.170654, 46.379262 ], [ 29.072107, 46.517678 ], [ 28.862972, 46.437889 ], [ 28.933717, 46.25883 ], [ 28.659987, 45.939987 ], [ 28.485269, 45.596907 ], [ 28.233554, 45.488283 ], [ 28.054443, 45.944586 ], [ 28.160018, 46.371563 ], [ 28.12803, 46.810476 ], [ 27.551166, 47.405117 ], [ 27.233873, 47.826771 ], [ 26.924176, 48.123264 ], [ 26.619337, 48.220726 ] ] ] } },
{ "type": "Feature", "properties": { "name": "Madagascar", "iso3": "MDG", "name_with_flag": "🇲🇬 Madagascar", "1960": null, "1961": 1.1991725643256457, "1962": 3.0289915882731444, "1963": 0.091441292951000008, "1964": 2.9840640764205117, "1965": 1.2089284616955576, "1966": 5.196915172685701, "1967": 3.4312860198653317, "1968": 4.9581437189441857, "1969": -0.41795894382320453, "1970": 2.2963060052467066, "1971": 4.7910371540764496, "1972": 8.5957182440282498, "1973": 19.604483404128857, "1974": 12.573230626440534, "1975": 15.530974300864431, "1976": -7.2782182766021002, "1977": 4.8894091215626378, "1978": 9.7899199937251815, "1979": 25.847556320971734, "1980": 45.710034763217202, "1981": -11.197989667800156, "1982": -2.3924721674393523, "1983": -4.898491515436298, "1984": -19.052075835327653, "1985": -5.4329617608555143, "1986": 11.109355854124892, "1987": -28.182523131916483, "1988": -3.5426463848183376, "1989": -3.2874443851897417, "1990": 20.196026969668047, "1991": -19.648879967806444, "1992": 10.757640799192147, "1993": 6.0905661640231701, "1994": -15.968098802125553, "1995": 5.575771209566649, "1996": 24.428963666499715, "1997": -16.33102368538988, "1998": -0.062917912299842449, "1999": -5.922875194240584, "2000": 4.8333142219296965, "2001": 13.914645489397781, "2002": -4.4917794995287474, "2003": 15.635220224083014, "2004": -22.806229199027605, "2005": 12.347991881033549, "2006": 5.9954467012949264, "2007": 29.431450352193767, "2008": 22.174291930618928, "2009": -12.927657640877833, "2010": 0.82770045867577302, "2011": 12.478472884359682, "2012": -2.4996910813813389, "2013": 4.4153867420929416, "2014": -1.8662210745956087, "2015": -11.937245968107268, "2016": 1.9425679718379163, "2017": 8.3477045950703488, "2018": 1.746476070221914, "2019": -0.12755295059865279, "2020": -9.8129999770167338, "2021": 7.2537504685702414, "2022": 4.1460881484753909, "2023": 1.0335142060276636, "2024": 7.1314253645195169 }, "geometry": { "type": "Polygon", "coordinates": [ [ [ 49.543519, -12.469833 ], [ 49.808981, -12.895285 ], [ 50.056511, -13.555761 ], [ 50.217431, -14.758789 ], [ 50.476537, -15.226512 ], [ 50.377111, -15.706069 ], [ 50.200275, -16.000263 ], [ 49.860606, -15.414253 ], [ 49.672607, -15.710204 ], [ 49.863344, -16.451037 ], [ 49.774564, -16.875042 ], [ 49.498612, -17.106036 ], [ 49.435619, -17.953064 ], [ 49.041792, -19.118781 ], [ 48.548541, -20.496888 ], [ 47.930749, -22.391501 ], [ 47.547723, -23.781959 ], [ 47.095761, -24.94163 ], [ 46.282478, -25.178463 ], [ 45.409508, -25.601434 ], [ 44.833574, -25.346101 ], [ 44.03972, -24.988345 ], [ 43.763768, -24.460677 ], [ 43.697778, -23.574116 ], [ 43.345654, -22.776904 ], [ 43.254187, -22.057413 ], [ 43.433298, -21.336475 ], [ 43.893683, -21.163307 ], [ 43.89637, -20.830459 ], [ 44.374325, -20.072366 ], [ 44.464397, -19.435454 ], [ 44.232422, -18.961995 ], [ 44.042976, -18.331387 ], [ 43.963084, -17.409945 ], [ 44.312469, -16.850496 ], [ 44.446517, -16.216219 ], [ 44.944937, -16.179374 ], [ 45.502732, -15.974373 ], [ 45.872994, -15.793454 ], [ 46.312243, -15.780018 ], [ 46.882183, -15.210182 ], [ 47.70513, -14.594303 ], [ 48.005215, -14.091233 ], [ 47.869047, -13.663869 ], [ 48.293828, -13.784068 ], [ 48.84506, -13.089175 ], [ 48.863509, -12.487868 ], [ 49.194651, -12.040557 ], [ 49.543519, -12.469833 ] ] ] } },
{ "type": "Feature", "properties": { "name": "Mexico", "iso3": "MEX", "name_with_flag": "🇲🇽 Mexico", "1960": null, "1961": 5.2487522235822759, "1962": 3.9454116685208707, "1963": 8.0048468002518192, "1964": 14.575580248852283, "1965": 5.2319501900951915, "1966": 7.7258264805422971, "1967": 5.6581307879997045, "1968": 6.9739551759108176, "1969": 7.1104019447757683, "1970": 5.955479159767374, "1971": 6.9964286950996657, "1972": 11.853970741165298, "1973": 18.704145161958397, "1974": 26.490288776300332, "1975": 18.777736899293519, "1976": -1.7742782268683976, "1977": -10.295357185482001, "1978": 22.043530575765512, "1979": 27.727058841269336, "1980": 49.05939870698397, "1981": 25.355767362885452, "1982": -31.552386722753855, "1983": -17.211458272469272, "1984": 15.505870562713863, "1985": 3.8064294775139285, "1986": -32.469921170288352, "1987": 7.4748048199409389, "1988": 20.682979781292655, "1989": 19.582284587390287, "1990": 15.757970640759012, "1991": 17.574203948858024, "1992": 13.797416400906947, "1993": 43.306555991782346, "1994": 2.546438623621694, "1995": -32.54382995606823, "1996": 11.723319707447732, "1997": 19.103931947835239, "1998": 4.7659503920416624, "1999": 11.440313443638317, "2000": 15.754765333851427, "2001": 5.6982470854219702, "2002": 0.38061214546611932, "2003": -6.876575179496502, "2004": 5.5903789742330456, "2005": 10.472944392231099, "2006": 9.6967275322584747, "2007": 6.5354858066233978, "2008": 3.8427377591174094, "2009": -19.956721796803233, "2010": 15.494992665989127, "2011": 9.6177693754942126, "2012": 0.74676881358630709, "2013": 4.3993061691474766, "2014": 1.5563840480358193, "2015": -12.027858409038627, "2016": -9.2135779953723347, "2017": 6.0602198082274183, "2018": 4.5134525098528666, "2019": 2.8236730474306304, "2020": -14.738188423263388, "2021": 16.658011760090162, "2022": 10.549592971955036, "2023": 21.259074164812432, "2024": 2.3999044620946375 }, "geometry": { "type": "Polygon", "coordinates": [ [ [ -97.140008, 25.869997 ], [ -97.528072, 24.992144 ], [ -97.702946, 24.272343 ], [ -97.776042, 22.93258 ], [ -97.872367, 22.444212 ], [ -97.699044, 21.898689 ], [ -97.38896, 21.411019 ], [ -97.189333, 20.635433 ], [ -96.525576, 19.890931 ], [ -96.292127, 19.320371 ], [ -95.900885, 18.828024 ], [ -94.839063, 18.562717 ], [ -94.42573, 18.144371 ], [ -93.548651, 18.423837 ], [ -92.786114, 18.524839 ], [ -92.037348, 18.704569 ], [ -91.407903, 18.876083 ], [ -90.77187, 19.28412 ], [ -90.53359, 19.867418 ], [ -90.451476, 20.707522 ], [ -90.278618, 20.999855 ], [ -89.601321, 21.261726 ], [ -88.543866, 21.493675 ], [ -87.658417, 21.458846 ], [ -87.05189, 21.543543 ], [ -86.811982, 21.331515 ], [ -86.845908, 20.849865 ], [ -87.383291, 20.255405 ], [ -87.621054, 19.646553 ], [ -87.43675, 19.472403 ], [ -87.58656, 19.04013 ], [ -87.837191, 18.259816 ], [ -88.090664, 18.516648 ], [ -88.300031, 18.499982 ], [ -88.490123, 18.486831 ], [ -88.848344, 17.883198 ], [ -89.029857, 18.001511 ], [ -89.150909, 17.955468 ], [ -89.14308, 17.808319 ], [ -90.067934, 17.819326 ], [ -91.00152, 17.817595 ], [ -91.002269, 17.254658 ], [ -91.453921, 17.252177 ], [ -91.08167, 16.918477 ], [ -90.711822, 16.687483 ], [ -90.600847, 16.470778 ], [ -90.438867, 16.41011 ], [ -90.464473, 16.069562 ], [ -91.74796, 16.066565 ], [ -92.229249, 15.251447 ], [ -92.087216, 15.064585 ], [ -92.20323, 14.830103 ], [ -92.22775, 14.538829 ], [ -93.359464, 15.61543 ], [ -93.875169, 15.940164 ], [ -94.691656, 16.200975 ], [ -95.250227, 16.128318 ], [ -96.053382, 15.752088 ], [ -96.557434, 15.653515 ], [ -97.263592, 15.917065 ], [ -98.01303, 16.107312 ], [ -98.947676, 16.566043 ], [ -99.697397, 16.706164 ], [ -100.829499, 17.171071 ], [ -101.666089, 17.649026 ], [ -101.918528, 17.91609 ], [ -102.478132, 17.975751 ], [ -103.50099, 18.292295 ], [ -103.917527, 18.748572 ], [ -104.99201, 19.316134 ], [ -105.493038, 19.946767 ], [ -105.731396, 20.434102 ], [ -105.397773, 20.531719 ], [ -105.500661, 20.816895 ], [ -105.270752, 21.076285 ], [ -105.265817, 21.422104 ], [ -105.603161, 21.871146 ], [ -105.693414, 22.26908 ], [ -106.028716, 22.773752 ], [ -106.90998, 23.767774 ], [ -107.915449, 24.548915 ], [ -108.401905, 25.172314 ], [ -109.260199, 25.580609 ], [ -109.444089, 25.824884 ], [ -109.291644, 26.442934 ], [ -109.801458, 26.676176 ], [ -110.391732, 27.162115 ], [ -110.641019, 27.859876 ], [ -111.178919, 27.941241 ], [ -111.759607, 28.467953 ], [ -112.228235, 28.954409 ], [ -112.271824, 29.266844 ], [ -112.809594, 30.021114 ], [ -113.163811, 30.786881 ], [ -113.148669, 31.170966 ], [ -113.871881, 31.567608 ], [ -114.205737, 31.524045 ], [ -114.776451, 31.799532 ], [ -114.9367, 31.393485 ], [ -114.771232, 30.913617 ], [ -114.673899, 30.162681 ], [ -114.330974, 29.750432 ], [ -113.588875, 29.061611 ], [ -113.424053, 28.826174 ], [ -113.271969, 28.754783 ], [ -113.140039, 28.411289 ], [ -112.962298, 28.42519 ], [ -112.761587, 27.780217 ], [ -112.457911, 27.525814 ], [ -112.244952, 27.171727 ], [ -111.616489, 26.662817 ], [ -111.284675, 25.73259 ], [ -110.987819, 25.294606 ], [ -110.710007, 24.826004 ], [ -110.655049, 24.298595 ], [ -110.172856, 24.265548 ], [ -109.771847, 23.811183 ], [ -109.409104, 23.364672 ], [ -109.433392, 23.185588 ], [ -109.854219, 22.818272 ], [ -110.031392, 22.823078 ], [ -110.295071, 23.430973 ], [ -110.949501, 24.000964 ], [ -111.670568, 24.484423 ], [ -112.182036, 24.738413 ], [ -112.148989, 25.470125 ], [ -112.300711, 26.012004 ], [ -112.777297, 26.32196 ], [ -113.464671, 26.768186 ], [ -113.59673, 26.63946 ], [ -113.848937, 26.900064 ], [ -114.465747, 27.14209 ], [ -115.055142, 27.722727 ], [ -114.982253, 27.7982 ], [ -114.570366, 27.741485 ], [ -114.199329, 28.115003 ], [ -114.162018, 28.566112 ], [ -114.931842, 29.279479 ], [ -115.518654, 29.556362 ], [ -115.887365, 30.180794 ], [ -116.25835, 30.836464 ], [ -116.721526, 31.635744 ], [ -117.12776, 32.53534 ], [ -115.99135, 32.61239 ], [ -114.72139, 32.72083 ], [ -114.815, 32.52528 ], [ -113.30498, 32.03914 ], [ -111.02361, 31.33472 ], [ -109.035, 31.34194 ], [ -108.24194, 31.34222 ], [ -108.24, 31.754854 ], [ -106.50759, 31.75452 ], [ -106.1429, 31.39995 ], [ -105.63159, 31.08383 ], [ -105.03737, 30.64402 ], [ -104.70575, 30.12173 ], [ -104.45697, 29.57196 ], [ -103.94, 29.27 ], [ -103.11, 28.97 ], [ -102.48, 29.76 ], [ -101.6624, 29.7793 ], [ -100.9576, 29.38071 ], [ -100.45584, 28.69612 ], [ -100.11, 28.11 ], [ -99.52, 27.54 ], [ -99.3, 26.84 ], [ -99.02, 26.37 ], [ -98.24, 26.06 ], [ -97.53, 25.84 ], [ -97.140008, 25.869997 ] ] ] } },
{ "type": "Feature", "properties": { "name": "Macedonia", "iso3": "MKD", "name_with_flag": "🇲🇰 Macedonia", "1960": null, "1961": null, "1962": null, "1963": null, "1964": null, "1965": null, "1966": null, "1967": null, "1968": null, "1969": null, "1970": null, "1971": null, "1972": null, "1973": null, "1974": null, "1975": null, "1976": null, "1977": null, "1978": null, "1979": null, "1980": null, "1981": null, "1982": null, "1983": null, "1984": null, "1985": null, "1986": null, "1987": null, "1988": null, "1989": null, "1990": null, "1991": 5.4815460999797283, "1992": -50.089057844878802, "1993": 11.486880252026976, "1994": 33.644400686444541, "1995": 31.846537083138781, "1996": -2.0682919041665082, "1997": -15.04304646973582, "1998": -4.2736164715709073, "1999": 2.1098108777175772, "2000": -2.7928377149166961, "2001": -2.0879930128260615, "2002": 9.1119379883088936, "2003": 22.935969950621061, "2004": 15.262299007581671, "2005": 10.72889190983204, "2006": 10.23578110068355, "2007": 22.196926449954745, "2008": 19.5595826070454, "2009": -4.5088364644730987, "2010": 0.69958600908581747, "2011": 12.072350359992278, "2012": -6.7758763329812126, "2013": 11.41493898107746, "2014": 5.3165816019349998, "2015": -11.184068204110742, "2016": 6.3807618580503433, "2017": 6.3733506835633502, "2018": 12.739781381604786, "2019": 0.072520407473053439, "2020": -0.88202121993820048, "2021": 14.433403848443849, "2022": -0.19112742388365245, "2023": 13.384363472012971, "2024": 7.9513139600555061 }, "geometry": { "type": "Polygon", "coordinates": [ [ [ 20.59023, 41.85541 ], [ 20.71731, 41.84711 ], [ 20.76216, 42.05186 ], [ 21.3527, 42.2068 ], [ 21.576636, 42.245224 ], [ 21.91708, 42.30364 ], [ 22.380526, 42.32026 ], [ 22.881374, 41.999297 ], [ 22.952377, 41.337994 ], [ 22.76177, 41.3048 ], [ 22.597308, 41.130487 ], [ 22.055378, 41.149866 ], [ 21.674161, 40.931275 ], [ 21.02004, 40.842727 ], [ 20.60518, 41.08622 ], [ 20.46315, 41.51509 ], [ 20.59023, 41.85541 ] ] ] } },
{ "type": "Feature", "properties": { "name": "Mali", "iso3": "MLI", "name_with_flag": "🇲🇱 Mali", "1960": null, "1961": null, "1962": null, "1963": null, "1964": null, "1965": null, "1966": null, "1967": null, "1968": 22.894870770606566, "1969": -2.6384145713880591, "1970": 4.1766429339549882, "1971": 8.104696134843369, "1972": 21.117296485142646, "1973": 13.846358344680887, "1974": -6.1079313799770274, "1975": 51.445605922912833, "1976": 11.053720831967762, "1977": 9.7275292995045106, "1978": 14.231841277370204, "1979": 27.907100767777848, "1980": 8.0223529144112469, "1981": -14.387626988641667, "1982": -15.180789228962354, "1983": -4.8080609065628384, "1984": -7.0118935335822252, "1985": 10.678416220854192, "1986": 30.596702251108042, "1987": 10.92615192153934, "1988": 1.9556432280855685, "1989": -1.2654167639369218, "1990": 20.525083289340216, "1991": -0.42254738695406413, "1992": 1.8373761228388519, "1993": -2.4918031515282268, "1994": -27.703656021269197, "1995": 27.214474915132868, "1996": 0.54353335633787747, "1997": -5.1761107817328122, "1998": 5.5696814897089109, "1999": 14.588123383533969, "2000": -16.399625970174327, "2001": 13.645590811457286, "2002": 9.233061026936106, "2003": 16.848250092594007, "2004": 46.083929234974597, "2005": 8.9784825608217886, "2006": 7.0299892842768053, "2007": 12.389576337627762, "2008": 15.321624535734424, "2009": -0.60033183433451098, "2010": 1.4500044319914585, "2011": 13.769315243047654, "2012": -6.7289141154368348, "2013": 2.8436334278834741, "2014": 4.1024356958718311, "2015": -10.861379706438989, "2016": 4.098306104492111, "2017": 5.9129858976207039, "2018": 7.826543041337497, "2019": -2.451874872511195, "2020": -1.9246245651294736, "2021": 7.7661744976586844, "2022": -5.6023299193864728, "2023": 6.8205327563049867, "2024": 4.8571885722582531 }, "geometry": { "type": "Polygon", "coordinates": [ [ [ -12.17075, 14.616834 ], [ -11.834208, 14.799097 ], [ -11.666078, 15.388208 ], [ -11.349095, 15.411256 ], [ -10.650791, 15.132746 ], [ -10.086846, 15.330486 ], [ -9.700255, 15.264107 ], [ -9.550238, 15.486497 ], [ -5.537744, 15.50169 ], [ -5.315277, 16.201854 ], [ -5.488523, 16.325102 ], [ -5.971129, 20.640833 ], [ -6.453787, 24.956591 ], [ -4.923337, 24.974574 ], [ -1.550055, 22.792666 ], [ 1.823228, 20.610809 ], [ 2.060991, 20.142233 ], [ 2.683588, 19.85623 ], [ 3.146661, 19.693579 ], [ 3.158133, 19.057364 ], [ 4.267419, 19.155265 ], [ 4.27021, 16.852227 ], [ 3.723422, 16.184284 ], [ 3.638259, 15.56812 ], [ 2.749993, 15.409525 ], [ 1.385528, 15.323561 ], [ 1.015783, 14.968182 ], [ 0.374892, 14.928908 ], [ -0.266257, 14.924309 ], [ -0.515854, 15.116158 ], [ -1.066363, 14.973815 ], [ -2.001035, 14.559008 ], [ -2.191825, 14.246418 ], [ -2.967694, 13.79815 ], [ -3.103707, 13.541267 ], [ -3.522803, 13.337662 ], [ -4.006391, 13.472485 ], [ -4.280405, 13.228444 ], [ -4.427166, 12.542646 ], [ -5.220942, 11.713859 ], [ -5.197843, 11.375146 ], [ -5.470565, 10.95127 ], [ -5.404342, 10.370737 ], [ -5.816926, 10.222555 ], [ -6.050452, 10.096361 ], [ -6.205223, 10.524061 ], [ -6.493965, 10.411303 ], [ -6.666461, 10.430811 ], [ -6.850507, 10.138994 ], [ -7.622759, 10.147236 ], [ -7.89959, 10.297382 ], [ -8.029944, 10.206535 ], [ -8.335377, 10.494812 ], [ -8.282357, 10.792597 ], [ -8.407311, 10.909257 ], [ -8.620321, 10.810891 ], [ -8.581305, 11.136246 ], [ -8.376305, 11.393646 ], [ -8.786099, 11.812561 ], [ -8.905265, 12.088358 ], [ -9.127474, 12.30806 ], [ -9.327616, 12.334286 ], [ -9.567912, 12.194243 ], [ -9.890993, 12.060479 ], [ -10.165214, 11.844084 ], [ -10.593224, 11.923975 ], [ -10.87083, 12.177887 ], [ -11.036556, 12.211245 ], [ -11.297574, 12.077971 ], [ -11.456169, 12.076834 ], [ -11.513943, 12.442988 ], [ -11.467899, 12.754519 ], [ -11.553398, 13.141214 ], [ -11.927716, 13.422075 ], [ -12.124887, 13.994727 ], [ -12.17075, 14.616834 ] ] ] } },
{ "type": "Feature", "properties": { "name": "Malta", "iso3": "MLT", "name_with_flag": "🇲🇹 Malta", "1960": null, "1961": null, "1962": null, "1963": null, "1964": null, "1965": null, "1966": null, "1967": null, "1968": null, "1969": null, "1970": null, "1971": 5.5063421512967503, "1972": 11.630603180143861, "1973": 17.21255619643842, "1974": 8.8882036418542754, "1975": 25.277632111167534, "1976": 10.669425257097087, "1977": 18.030351789820887, "1978": 25.559621006566701, "1979": 24.886511196135231, "1980": 23.556502531805435, "1981": -1.2637747904480023, "1982": -2.8332894084973859, "1983": -6.890398117813012, "1984": -5.5032181161560612, "1985": -0.3153901792086633, "1986": 26.253610350677214, "1987": 21.200610618755888, "1988": 14.372038802050247, "1989": 3.8936248508363747, "1990": 19.062734673697257, "1991": 5.0938460177331057, "1992": 8.7524262187021797, "1993": -11.240211450779947, "1994": 9.6485792233551582, "1995": 22.847550913183888, "1996": 2.3755112078782448, "1997": -1.6735463963075237, "1998": 5.2030414121589263, "1999": 1.9324763349608753, "2000": -2.457417056679434, "2001": 0.089062539316198119, "2002": 8.6264288327761776, "2003": 20.822451938832277, "2004": 11.903450871384692, "2005": 4.0705189280754839, "2006": 5.1938726869160901, "2007": 16.756556482285511, "2008": 14.766047989602038, "2009": -5.1040688666006524, "2010": 3.6374841884881715, "2011": 7.1553753530332109, "2012": -2.7157241183032754, "2013": 11.090168846719205, "2014": 7.9046856280732047, "2015": -6.9094785154470317, "2016": 3.6404523853013959, "2017": 14.581639035822146, "2018": 10.109835117340138, "2019": -2.8768260506728982, "2020": -1.8145798570666893, "2021": 19.576041265459821, "2022": -4.8366089915540922, "2023": 10.926784940456491, "2024": 5.38761823491134 }, "geometry": { "type": "MultiPolygon", "coordinates": [ [ [ [ 14.566171, 35.852721 ], [ 14.532684, 35.820191 ], [ 14.436463, 35.821664 ], [ 14.352334, 35.872281 ], [ 14.3513, 35.978399 ], [ 14.448348, 35.957444 ], [ 14.537025, 35.886285 ], [ 14.566171, 35.852721 ] ] ], [ [ [ 14.313473, 36.027569 ], [ 14.253632, 36.012143 ], [ 14.194204, 36.042245 ], [ 14.180354, 36.060383 ], [ 14.263243, 36.075809 ], [ 14.303758, 36.062295 ], [ 14.320914, 36.03625 ], [ 14.313473, 36.027569 ] ] ] ] } },
{ "type": "Feature", "properties": { "name": "Myanmar", "iso3": "MMR", "name_with_flag": "🇲🇲 Myanmar", "1960": null, "1961": 8.6932345904173758, "1962": 2.4996827270747923, "1963": -7.6681548278980216, "1964": -32.831301045640316, "1965": -12.775858294499631, "1966": -21.937898945850488, "1967": 40.199386089418311, "1968": 30.219676436146358, "1969": -0.16255462344081373, "1970": -3.654245251334165, "1971": 1.9372132971859246, "1972": 10.264148460570555, "1973": 6.4498334668206425, "1974": 66.989384117598888, "1975": -15.080158968393532, "1976": 11.383225582713429, "1977": -28.866668119303363, "1978": 5.0112707799467859, "1979": -0.14545728182987494, "1980": 6.957575339446409, "1981": 5.0135305622041715, "1982": 30.904917965403598, "1983": -8.5270567850534782, "1984": -7.5470252407343619, "1985": 11.167240188319472, "1986": 5.0448843606037297, "1987": -2.9975922773841313, "1988": -2.9751394397695363, "1989": 28.606430966091768, "1990": 3.4633067717873001, "1991": -3.5420803383331534, "1992": 14.927094047105815, "1993": 29.416388923609539, "1994": 38.285743828441831, "1995": 17.792619331294279, "1996": 14.301022602242774, "1997": -23.860570302496352, "1998": 35.089911788270747, "1999": 29.831502397642584, "2000": 3.7624248839060126, "2001": -28.020566285592718, "2002": 3.5843179487248245, "2003": 52.99805704197027, "2004": 0.09635735429722736, "2005": 12.550234206855881, "2006": 20.10798236456781, "2007": 38.182065715039059, "2008": 57.005367856806075, "2009": 15.18742342710695, "2010": 33.237996657247159, "2011": 20.097767986369487, "2012": -0.90333134305352614, "2013": -0.29686382949830614, "2014": 7.8313026722498957, "2015": -9.7654544637991396, "2016": 5.3537593199291411, "2017": 3.5490876035486618, "2018": 1.9948332569130089, "2019": 9.8424856901730085, "2020": 4.504050798942183, "2021": -16.608018738921139, "2022": -6.813377290743361, "2023": 6.4890642444250135, "2024": 10.222453216402382 }, "geometry": { "type": "Polygon", "coordinates": [ [ [ 99.543309, 20.186598 ], [ 98.959676, 19.752981 ], [ 98.253724, 19.708203 ], [ 97.797783, 18.62708 ], [ 97.375896, 18.445438 ], [ 97.859123, 17.567946 ], [ 98.493761, 16.837836 ], [ 98.903348, 16.177824 ], [ 98.537376, 15.308497 ], [ 98.192074, 15.123703 ], [ 98.430819, 14.622028 ], [ 99.097755, 13.827503 ], [ 99.212012, 13.269294 ], [ 99.196354, 12.804748 ], [ 99.587286, 11.892763 ], [ 99.038121, 10.960546 ], [ 98.553551, 9.93296 ], [ 98.457174, 10.675266 ], [ 98.764546, 11.441292 ], [ 98.428339, 12.032987 ], [ 98.509574, 13.122378 ], [ 98.103604, 13.64046 ], [ 97.777732, 14.837286 ], [ 97.597072, 16.100568 ], [ 97.16454, 16.928734 ], [ 96.505769, 16.427241 ], [ 95.369352, 15.71439 ], [ 94.808405, 15.803454 ], [ 94.188804, 16.037936 ], [ 94.533486, 17.27724 ], [ 94.324817, 18.213514 ], [ 93.540988, 19.366493 ], [ 93.663255, 19.726962 ], [ 93.078278, 19.855145 ], [ 92.368554, 20.670883 ], [ 92.303234, 21.475485 ], [ 92.652257, 21.324048 ], [ 92.672721, 22.041239 ], [ 93.166128, 22.27846 ], [ 93.060294, 22.703111 ], [ 93.286327, 23.043658 ], [ 93.325188, 24.078556 ], [ 94.106742, 23.850741 ], [ 94.552658, 24.675238 ], [ 94.603249, 25.162495 ], [ 95.155153, 26.001307 ], [ 95.124768, 26.573572 ], [ 96.419366, 27.264589 ], [ 97.133999, 27.083774 ], [ 97.051989, 27.699059 ], [ 97.402561, 27.882536 ], [ 97.327114, 28.261583 ], [ 97.911988, 28.335945 ], [ 98.246231, 27.747221 ], [ 98.68269, 27.508812 ], [ 98.712094, 26.743536 ], [ 98.671838, 25.918703 ], [ 97.724609, 25.083637 ], [ 97.60472, 23.897405 ], [ 98.660262, 24.063286 ], [ 98.898749, 23.142722 ], [ 99.531992, 22.949039 ], [ 99.240899, 22.118314 ], [ 99.983489, 21.742937 ], [ 100.416538, 21.558839 ], [ 101.150033, 21.849984 ], [ 101.180005, 21.436573 ], [ 100.329101, 20.786122 ], [ 100.115988, 20.41785 ], [ 99.543309, 20.186598 ] ] ] } },
{ "type": "Feature", "properties": { "name": "Montenegro", "iso3": "MNE", "name_with_flag": "🇲🇪 Montenegro", "1960": null, "1961": null, "1962": null, "1963": null, "1964": null, "1965": null, "1966": null, "1967": null, "1968": null, "1969": null, "1970": null, "1971": null, "1972": null, "1973": null, "1974": null, "1975": null, "1976": null, "1977": null, "1978": null, "1979": null, "1980": null, "1981": null, "1982": null, "1983": null, "1984": null, "1985": null, "1986": null, "1987": null, "1988": null, "1989": null, "1990": null, "1991": null, "1992": null, "1993": null, "1994": null, "1995": null, "1996": null, "1997": null, "1998": 2.2169401899385655, "1999": -2.6969208300919201, "2000": 18.945979839340808, "2001": 17.3646143243948, "2002": 10.318208029697896, "2003": 32.398776921729656, "2004": 21.189399485125794, "2005": 8.7111958247399812, "2006": 20.439157601549994, "2007": 35.039037307951261, "2008": 23.280890297916624, "2009": -8.6952458530409444, "2010": -0.57536123543943107, "2011": 9.5276007514171202, "2012": -10.209426841546543, "2013": 9.048529173410591, "2014": 2.6772440313118651, "2015": -11.863912291957135, "2016": 7.8251104595190579, "2017": 10.847530700785679, "2018": 13.308367678651933, "2019": 0.58701468991078087, "2020": -13.908497309623257, "2021": 23.183324234008307, "2022": 6.5338990242920003, "2023": 20.892167668289964, "2024": 7.1048351349995098 }, "geometry": { "type": "Polygon", "coordinates": [ [ [ 19.801613, 42.500093 ], [ 19.738051, 42.688247 ], [ 19.30449, 42.19574 ], [ 19.37177, 41.87755 ], [ 19.16246, 41.95502 ], [ 18.88214, 42.28151 ], [ 18.45, 42.48 ], [ 18.56, 42.65 ], [ 18.70648, 43.20011 ], [ 19.03165, 43.43253 ], [ 19.21852, 43.52384 ], [ 19.48389, 43.35229 ], [ 19.63, 43.21378 ], [ 19.95857, 43.10604 ], [ 20.3398, 42.89852 ], [ 20.25758, 42.81275 ], [ 20.0707, 42.58863 ], [ 19.801613, 42.500093 ] ] ] } },
{ "type": "Feature", "properties": { "name": "Mongolia", "iso3": "MNG", "name_with_flag": "🇲🇳 Mongolia", "1960": null, "1961": null, "1962": null, "1963": null, "1964": null, "1965": null, "1966": null, "1967": null, "1968": null, "1969": null, "1970": null, "1971": null, "1972": null, "1973": null, "1974": null, "1975": null, "1976": null, "1977": null, "1978": null, "1979": null, "1980": null, "1981": 7.3127152735218637, "1982": 7.858266402482661, "1983": 4.2379950256898669, "1984": -24.86215712567531, "1985": 1.6248581795405892, "1986": 29.133657487207067, "1987": 1.6238099677757134, "1988": 3.3518894345988759, "1989": 9.109410648853844, "1990": -27.540017333332866, "1991": -9.9568892098735091, "1992": -44.677856323016421, "1993": -41.610599784861421, "1994": 19.15074722440395, "1995": 54.346083750356811, "1996": -8.7476287791142582, "1997": -13.479779911066569, "1998": -6.0974307237338206, "1999": -7.2782174284146901, "2000": 6.0997548303727944, "2001": 10.172926470572374, "2002": 8.7320860919271261, "2003": 12.787190929712967, "2004": 23.475432064484036, "2005": 25.277895420302965, "2006": 33.670886512440212, "2007": 22.392504607192066, "2008": 30.702379457524231, "2009": -19.934844331591218, "2010": 54.122956940139268, "2011": 42.313547144803685, "2012": 15.868344151292035, "2013": 0.25995315978004641, "2014": -4.9284860485573461, "2015": -6.9632039085458892, "2016": -5.7052747546353144, "2017": 0.72009781921325011, "2018": 12.662643068662472, "2019": 5.8404107797074278, "2020": -7.9652788988458845, "2021": 12.905057175706158, "2022": 10.534297682732884, "2023": 16.924275333531511, "2024": 14.607037260876222 }, "geometry": { "type": "Polygon", "coordinates": [ [ [ 87.751264, 49.297198 ], [ 88.805567, 49.470521 ], [ 90.713667, 50.331812 ], [ 92.234712, 50.802171 ], [ 93.104219, 50.49529 ], [ 94.147566, 50.480537 ], [ 94.815949, 50.013433 ], [ 95.814028, 49.977467 ], [ 97.259728, 49.726061 ], [ 98.231762, 50.422401 ], [ 97.82574, 51.010995 ], [ 98.861491, 52.047366 ], [ 99.981732, 51.634006 ], [ 100.88948, 51.516856 ], [ 102.065223, 51.259921 ], [ 102.255909, 50.510561 ], [ 103.676545, 50.089966 ], [ 104.621552, 50.275329 ], [ 105.886591, 50.406019 ], [ 106.888804, 50.274296 ], [ 107.868176, 49.793705 ], [ 108.475167, 49.282548 ], [ 109.402449, 49.292961 ], [ 110.662011, 49.130128 ], [ 111.581231, 49.377968 ], [ 112.89774, 49.543565 ], [ 114.362456, 50.248303 ], [ 114.96211, 50.140247 ], [ 115.485695, 49.805177 ], [ 116.678801, 49.888531 ], [ 116.191802, 49.134598 ], [ 115.485282, 48.135383 ], [ 115.742837, 47.726545 ], [ 116.308953, 47.85341 ], [ 117.295507, 47.697709 ], [ 118.064143, 48.06673 ], [ 118.866574, 47.74706 ], [ 119.772824, 47.048059 ], [ 119.66327, 46.69268 ], [ 118.874326, 46.805412 ], [ 117.421701, 46.672733 ], [ 116.717868, 46.388202 ], [ 115.985096, 45.727235 ], [ 114.460332, 45.339817 ], [ 113.463907, 44.808893 ], [ 112.436062, 45.011646 ], [ 111.873306, 45.102079 ], [ 111.348377, 44.457442 ], [ 111.667737, 44.073176 ], [ 111.829588, 43.743118 ], [ 111.129682, 43.406834 ], [ 110.412103, 42.871234 ], [ 109.243596, 42.519446 ], [ 107.744773, 42.481516 ], [ 106.129316, 42.134328 ], [ 104.964994, 41.59741 ], [ 104.522282, 41.908347 ], [ 103.312278, 41.907468 ], [ 101.83304, 42.514873 ], [ 100.845866, 42.663804 ], [ 99.515817, 42.524691 ], [ 97.451757, 42.74889 ], [ 96.349396, 42.725635 ], [ 95.762455, 43.319449 ], [ 95.306875, 44.241331 ], [ 94.688929, 44.352332 ], [ 93.480734, 44.975472 ], [ 92.133891, 45.115076 ], [ 90.94554, 45.286073 ], [ 90.585768, 45.719716 ], [ 90.970809, 46.888146 ], [ 90.280826, 47.693549 ], [ 88.854298, 48.069082 ], [ 88.013832, 48.599463 ], [ 87.751264, 49.297198 ] ] ] } },
{ "type": "Feature", "properties": { "name": "Mozambique", "iso3": "MOZ", "name_with_flag": "🇲🇿 Mozambique", "1960": null, "1961": null, "1962": null, "1963": null, "1964": null, "1965": null, "1966": null, "1967": null, "1968": null, "1969": null, "1970": null, "1971": null, "1972": null, "1973": null, "1974": null, "1975": null, "1976": null, "1977": null, "1978": null, "1979": null, "1980": null, "1981": null, "1982": null, "1983": null, "1984": null, "1985": null, "1986": null, "1987": null, "1988": null, "1989": null, "1990": null, "1991": null, "1992": -28.791321956737036, "1993": -0.19231531379956257, "1994": -4.1067827043535292, "1995": -2.5091316567516508, "1996": 27.387594811486625, "1997": 17.666136901045082, "1998": 11.335440882671953, "1999": 10.708664104796783, "2000": -7.6973829500195272, "2001": -6.8273646234819569, "2002": 2.9838443801092351, "2003": 8.1564714916717804, "2004": 17.841014624898577, "2005": 9.1779135145865673, "2006": 4.7424522721113416, "2007": 11.013909625707473, "2008": 16.595461461302421, "2009": -7.5084493594232304, "2010": -9.405070913201385, "2011": 24.585678145218679, "2012": 10.920708909267729, "2013": 0.11957727282376762, "2014": 1.5494421026073457, "2015": -12.419108478966923, "2016": -27.691462692618384, "2017": 6.6703313600161573, "2018": 9.8884867071296512, "2019": 0.30633206087353759, "2020": -10.914946541609394, "2021": 10.266106228420169, "2022": 13.403174127781515, "2023": 7.7360703606172976, "2024": 3.9006004998919597 }, "geometry": { "type": "Polygon", "coordinates": [ [ [ 34.559989, -11.52002 ], [ 35.312398, -11.439146 ], [ 36.514082, -11.720938 ], [ 36.775151, -11.594537 ], [ 37.471284, -11.568751 ], [ 37.827645, -11.268769 ], [ 38.427557, -11.285202 ], [ 39.52103, -10.896854 ], [ 40.316589, -10.317096 ], [ 40.478387, -10.765441 ], [ 40.437253, -11.761711 ], [ 40.560811, -12.639177 ], [ 40.59962, -14.201975 ], [ 40.775475, -14.691764 ], [ 40.477251, -15.406294 ], [ 40.089264, -16.100774 ], [ 39.452559, -16.720891 ], [ 38.538351, -17.101023 ], [ 37.411133, -17.586368 ], [ 36.281279, -18.659688 ], [ 35.896497, -18.84226 ], [ 35.1984, -19.552811 ], [ 34.786383, -19.784012 ], [ 34.701893, -20.497043 ], [ 35.176127, -21.254361 ], [ 35.373428, -21.840837 ], [ 35.385848, -22.14 ], [ 35.562546, -22.09 ], [ 35.533935, -23.070788 ], [ 35.371774, -23.535359 ], [ 35.60747, -23.706563 ], [ 35.458746, -24.12261 ], [ 35.040735, -24.478351 ], [ 34.215824, -24.816314 ], [ 33.01321, -25.357573 ], [ 32.574632, -25.727318 ], [ 32.660363, -26.148584 ], [ 32.915955, -26.215867 ], [ 32.83012, -26.742192 ], [ 32.071665, -26.73382 ], [ 31.985779, -26.29178 ], [ 31.837778, -25.843332 ], [ 31.752408, -25.484284 ], [ 31.930589, -24.369417 ], [ 31.670398, -23.658969 ], [ 31.191409, -22.25151 ], [ 32.244988, -21.116489 ], [ 32.508693, -20.395292 ], [ 32.659743, -20.30429 ], [ 32.772708, -19.715592 ], [ 32.611994, -19.419383 ], [ 32.654886, -18.67209 ], [ 32.849861, -17.979057 ], [ 32.847639, -16.713398 ], [ 32.328239, -16.392074 ], [ 31.852041, -16.319417 ], [ 31.636498, -16.07199 ], [ 31.173064, -15.860944 ], [ 30.338955, -15.880839 ], [ 30.274256, -15.507787 ], [ 30.179481, -14.796099 ], [ 33.214025, -13.97186 ], [ 33.7897, -14.451831 ], [ 34.064825, -14.35995 ], [ 34.459633, -14.61301 ], [ 34.517666, -15.013709 ], [ 34.307291, -15.478641 ], [ 34.381292, -16.18356 ], [ 35.03381, -16.8013 ], [ 35.339063, -16.10744 ], [ 35.771905, -15.896859 ], [ 35.686845, -14.611046 ], [ 35.267956, -13.887834 ], [ 34.907151, -13.565425 ], [ 34.559989, -13.579998 ], [ 34.280006, -12.280025 ], [ 34.559989, -11.52002 ] ] ] } },
{ "type": "Feature", "properties": { "name": "Mauritania", "iso3": "MRT", "name_with_flag": "🇲🇷 Mauritania", "1960": null, "1961": null, "1962": 0.44470244640941736, "1963": -0.39461254860176931, "1964": 29.771817130145205, "1965": 10.506808647181209, "1966": 1.3491508699619681, "1967": 2.8979854837378083, "1968": 6.8937304194331528, "1969": -8.0890337252318858, "1970": 1.7096665857264215, "1971": 5.2134142761941504, "1972": 13.256223281804381, "1973": 22.22034217178923, "1974": 20.640201712740549, "1975": 11.405117742176651, "1976": 7.0052125550330802, "1977": 0.16784920730610331, "1978": -2.1151061058314768, "1979": 14.996438716954863, "1980": 7.0042867033360379, "1981": 2.5147127148495985, "1982": -2.5490863942734476, "1983": 2.1057809535045768, "1984": -10.410367940068422, "1985": -8.6906521630560452, "1986": 14.184234933969408, "1987": 10.101499840850337, "1988": 2.2307622769115465, "1989": -0.019456023855668469, "1990": 1.2800503847420153, "1991": 37.517038279987467, "1992": -2.3738541712415295, "1993": -18.027852915592469, "1994": 1.7630436371256941, "1995": 4.6402632328019777, "1996": -0.066129943157178239, "1997": -4.9591733389005688, "1998": -4.4243325226893226, "1999": -4.8619237352859557, "2000": -12.853092502916208, "2001": -4.2726904156446199, "2002": -0.45076953769995765, "2003": 12.812572817611589, "2004": 12.504700531415324, "2005": 21.299305164874461, "2006": 30.195011220829748, "2007": 8.0383043477324279, "2008": 16.397742142038219, "2009": -12.236333700916058, "2010": 15.642251591744527, "2011": 16.33987891912254, "2012": -3.732520293776509, "2013": 4.040826087650129, "2014": -11.437684057957565, "2015": -9.2270213393671359, "2016": 0.69563559043919199, "2017": 3.1446757485281918, "2018": 6.6830344928210828, "2019": 2.5617573900673873, "2020": 1.6236957808070551, "2021": 8.4657303375284663, "2022": 0.64499880404811361, "2023": 8.185813090537275, "2024": -1.793616755202232 }, "geometry": { "type": "Polygon", "coordinates": [ [ [ -12.17075, 14.616834 ], [ -12.830658, 15.303692 ], [ -13.435738, 16.039383 ], [ -14.099521, 16.304302 ], [ -14.577348, 16.598264 ], [ -15.135737, 16.587282 ], [ -15.623666, 16.369337 ], [ -16.12069, 16.455663 ], [ -16.463098, 16.135036 ], [ -16.549708, 16.673892 ], [ -16.270552, 17.166963 ], [ -16.146347, 18.108482 ], [ -16.256883, 19.096716 ], [ -16.377651, 19.593817 ], [ -16.277838, 20.092521 ], [ -16.536324, 20.567866 ], [ -17.063423, 20.999752 ], [ -16.845194, 21.333323 ], [ -12.929102, 21.327071 ], [ -13.118754, 22.77122 ], [ -12.874222, 23.284832 ], [ -11.937224, 23.374594 ], [ -11.969419, 25.933353 ], [ -8.687294, 25.881056 ], [ -8.6844, 27.395744 ], [ -4.923337, 24.974574 ], [ -6.453787, 24.956591 ], [ -5.971129, 20.640833 ], [ -5.488523, 16.325102 ], [ -5.315277, 16.201854 ], [ -5.537744, 15.50169 ], [ -9.550238, 15.486497 ], [ -9.700255, 15.264107 ], [ -10.086846, 15.330486 ], [ -10.650791, 15.132746 ], [ -11.349095, 15.411256 ], [ -11.666078, 15.388208 ], [ -11.834208, 14.799097 ], [ -12.17075, 14.616834 ] ] ] } },
{ "type": "Feature", "properties": { "name": "Malawi", "iso3": "MWI", "name_with_flag": "🇲🇼 Malawi", "1960": null, "1961": null, "1962": null, "1963": null, "1964": null, "1965": null, "1966": null, "1967": null, "1968": null, "1969": null, "1970": null, "1971": null, "1972": null, "1973": null, "1974": null, "1975": null, "1976": null, "1977": null, "1978": null, "1979": null, "1980": null, "1981": -3.8486548334250248, "1982": -8.3443471350638116, "1983": -0.3554960582868083, "1984": -5.0283950998264544, "1985": -9.882929125865104, "1986": 0.84055498249240301, "1987": -4.7111976227388608, "1988": 10.508347661884553, "1989": 9.9267197522707527, "1990": 13.69359713336058, "1991": 13.609336510108093, "1992": -20.678046186353704, "1993": 13.399509455320224, "1994": -42.257072308870924, "1995": 18.419907107437329, "1996": 60.041396769033462, "1997": 14.436266076957249, "1998": -35.674448913652853, "1999": -0.89368085232631733, "2000": -4.1514891194969099, "2001": -3.9021817799448466, "2002": 98.729033068012242, "2003": -10.476587867097942, "2004": 5.562991952461549, "2005": 2.3937459762411128, "2006": 6.3859820903732656, "2007": 7.7940985296538701, "2008": 16.597608339491799, "2009": 12.962920744449447, "2010": 9.1480642240200361, "2011": 11.701568732032342, "2012": -26.81291691765869, "2013": -11.015021672215763, "2014": 6.5532041887721881, "2015": 1.9059046073244268, "2016": -16.511929606271416, "2017": 10.047272901026115, "2018": 7.5505807586497165, "2019": 8.9434280839615798, "2020": 3.7214737651458663, "2021": 2.4796443475812779, "2022": -2.1342331411117965, "2023": -0.31875356518955567, "2024": -15.601119226149141 }, "geometry": { "type": "Polygon", "coordinates": [ [ [ 34.559989, -11.52002 ], [ 34.280006, -12.280025 ], [ 34.559989, -13.579998 ], [ 34.907151, -13.565425 ], [ 35.267956, -13.887834 ], [ 35.686845, -14.611046 ], [ 35.771905, -15.896859 ], [ 35.339063, -16.10744 ], [ 35.03381, -16.8013 ], [ 34.381292, -16.18356 ], [ 34.307291, -15.478641 ], [ 34.517666, -15.013709 ], [ 34.459633, -14.61301 ], [ 34.064825, -14.35995 ], [ 33.7897, -14.451831 ], [ 33.214025, -13.97186 ], [ 32.688165, -13.712858 ], [ 32.991764, -12.783871 ], [ 33.306422, -12.435778 ], [ 33.114289, -11.607198 ], [ 33.31531, -10.79655 ], [ 33.485688, -10.525559 ], [ 33.231388, -9.676722 ], [ 32.759375, -9.230599 ], [ 33.739729, -9.417151 ], [ 33.940838, -9.693674 ], [ 34.280006, -10.16 ], [ 34.559989, -11.52002 ] ] ] } },
{ "type": "Feature", "properties": { "name": "Malaysia", "iso3": "MYS", "name_with_flag": "🇲🇾 Malaysia", "1960": null, "1961": -3.28159874617725, "1962": 2.5296106404965935, "1963": 22.175715803872698, "1964": 3.815608322335784, "1965": 7.758144940789502, "1966": 3.7171493752827578, "1967": -0.92875616370234892, "1968": 2.0926047965196259, "1969": 7.5752047742198014, "1970": 3.0514512763319956, "1971": 7.2623867169679057, "1972": 16.003758625712749, "1973": 48.345207026377388, "1974": 20.989320415948054, "1975": -4.3920151095841025, "1976": 16.021635919402687, "1977": 16.085130500951262, "1978": 21.542321491818271, "1979": 26.602861474432004, "1980": 12.277416830649779, "1981": -1.0614854252421591, "1982": 3.8393796781240441, "1983": 9.6267907724615132, "1984": 8.2623477870074069, "1985": -11.054571171024518, "1986": -13.973718871171103, "1987": 12.353997476550127, "1988": 6.2123202161159963, "1989": 6.8405057040070272, "1990": 10.032465095791366, "1991": 8.5272002307180461, "1992": 17.252614003191269, "1993": 10.204317578267009, "1994": 8.5401013821556404, "1995": 16.113559880374062, "1996": 10.864283319612511, "1997": -3.2788821897126619, "1998": -29.587158486148336, "1999": 7.0881624568031043, "2000": 15.752322694141885, "2001": -3.421778429020661, "2002": 6.0913898473415662, "2003": 6.7229488754283917, "2004": 10.613491672902398, "2005": 12.478280423707755, "2006": 10.850817746455398, "2007": 16.408826564121505, "2008": 16.779229087714608, "2009": -14.099544285945409, "2010": 23.749261286551793, "2011": 14.807402059883245, "2012": 3.7531912977924131, "2013": 1.0666057834684661, "2014": 2.7970880875573201, "2015": -12.39074219112436, "2016": -1.7841373051320719, "2017": 4.0733665285976661, "2018": 10.537377585916063, "2019": 0.16868558553531088, "2020": -8.8154632977410543, "2021": 9.4961876099055367, "2022": 7.7499003577992553, "2023": -3.1409929426196359, "2024": 4.2900940008471666 }, "geometry": { "type": "MultiPolygon", "coordinates": [ [ [ [ 101.075516, 6.204867 ], [ 101.154219, 5.691384 ], [ 101.814282, 5.810808 ], [ 102.141187, 6.221636 ], [ 102.371147, 6.128205 ], [ 102.961705, 5.524495 ], [ 103.381215, 4.855001 ], [ 103.438575, 4.181606 ], [ 103.332122, 3.726698 ], [ 103.429429, 3.382869 ], [ 103.502448, 2.791019 ], [ 103.854674, 2.515454 ], [ 104.247932, 1.631141 ], [ 104.228811, 1.293048 ], [ 103.519707, 1.226334 ], [ 102.573615, 1.967115 ], [ 101.390638, 2.760814 ], [ 101.27354, 3.270292 ], [ 100.695435, 3.93914 ], [ 100.557408, 4.76728 ], [ 100.196706, 5.312493 ], [ 100.30626, 6.040562 ], [ 100.085757, 6.464489 ], [ 100.259596, 6.642825 ], [ 101.075516, 6.204867 ] ] ], [ [ [ 118.618321, 4.478202 ], [ 117.882035, 4.137551 ], [ 117.015214, 4.306094 ], [ 115.865517, 4.306559 ], [ 115.519078, 3.169238 ], [ 115.134037, 2.821482 ], [ 114.621355, 1.430688 ], [ 113.80585, 1.217549 ], [ 112.859809, 1.49779 ], [ 112.380252, 1.410121 ], [ 111.797548, 0.904441 ], [ 111.159138, 0.976478 ], [ 110.514061, 0.773131 ], [ 109.830227, 1.338136 ], [ 109.66326, 2.006467 ], [ 110.396135, 1.663775 ], [ 111.168853, 1.850637 ], [ 111.370081, 2.697303 ], [ 111.796928, 2.885897 ], [ 112.995615, 3.102395 ], [ 113.712935, 3.893509 ], [ 114.204017, 4.525874 ], [ 114.659596, 4.007637 ], [ 114.869557, 4.348314 ], [ 115.347461, 4.316636 ], [ 115.4057, 4.955228 ], [ 115.45071, 5.44773 ], [ 116.220741, 6.143191 ], [ 116.725103, 6.924771 ], [ 117.129626, 6.928053 ], [ 117.643393, 6.422166 ], [ 117.689075, 5.98749 ], [ 118.347691, 5.708696 ], [ 119.181904, 5.407836 ], [ 119.110694, 5.016128 ], [ 118.439727, 4.966519 ], [ 118.618321, 4.478202 ] ] ] ] } },
{ "type": "Feature", "properties": { "name": "Namibia", "iso3": "NAM", "name_with_flag": "🇳🇦 Namibia", "1960": null, "1961": null, "1962": null, "1963": null, "1964": null, "1965": null, "1966": null, "1967": null, "1968": null, "1969": null, "1970": null, "1971": null, "1972": null, "1973": null, "1974": null, "1975": null, "1976": null, "1977": null, "1978": null, "1979": null, "1980": null, "1981": -8.1407174727337264, "1982": -7.4911207852284889, "1983": 5.5908440302847584, "1984": -17.335624290471795, "1985": -19.901452638532234, "1986": 9.0861068802608571, "1987": 23.135318808968353, "1988": 4.7301313769362086, "1989": -4.6423871441805042, "1990": 3.5920222974660465, "1991": 3.8984329490201697, "1992": 10.862879884904398, "1993": -8.1767763913077154, "1994": 9.324501546066033, "1995": 5.4034057729438034, "1996": -2.408390717788611, "1997": 1.4957024211284642, "1998": -9.123265846109863, "1999": -2.5705377714329791, "2000": -0.9693980788246459, "2001": -11.178621628091822, "2002": -7.4918779889245108, "2003": 44.985197747396796, "2004": 32.457270209349517, "2005": 8.3045891576469586, "2006": 8.9916137479029388, "2007": 9.0077953293488999, "2008": -3.9793529580547382, "2009": 2.3337263218480286, "2010": 25.919706022035903, "2011": 7.6884237961021284, "2012": 1.8484814283624473, "2013": -10.0296301860895, "2014": 0.59293428626019384, "2015": -11.234295974305597, "2016": -7.9264831303560772, "2017": 17.02288702440913, "2018": 3.2007905914352541, "2019": -10.863244896548107, "2020": -18.033504705463155, "2021": 13.774226272692868, "2022": -1.4284802454578527, "2023": -3.7287717951637434, "2024": 5.3854754249222703 }, "geometry": { "type": "Polygon", "coordinates": [ [ [ 16.344977, -28.576705 ], [ 15.601818, -27.821247 ], [ 15.210472, -27.090956 ], [ 14.989711, -26.117372 ], [ 14.743214, -25.39292 ], [ 14.408144, -23.853014 ], [ 14.385717, -22.656653 ], [ 14.257714, -22.111208 ], [ 13.868642, -21.699037 ], [ 13.352498, -20.872834 ], [ 12.826845, -19.673166 ], [ 12.608564, -19.045349 ], [ 11.794919, -18.069129 ], [ 11.734199, -17.301889 ], [ 12.215461, -17.111668 ], [ 12.814081, -16.941343 ], [ 13.462362, -16.971212 ], [ 14.058501, -17.423381 ], [ 14.209707, -17.353101 ], [ 18.263309, -17.309951 ], [ 18.956187, -17.789095 ], [ 21.377176, -17.930636 ], [ 23.215048, -17.523116 ], [ 24.033862, -17.295843 ], [ 24.682349, -17.353411 ], [ 25.07695, -17.578823 ], [ 25.084443, -17.661816 ], [ 24.520705, -17.887125 ], [ 24.217365, -17.889347 ], [ 23.579006, -18.281261 ], [ 23.196858, -17.869038 ], [ 21.65504, -18.219146 ], [ 20.910641, -18.252219 ], [ 20.881134, -21.814327 ], [ 19.895458, -21.849157 ], [ 19.895768, -24.76779 ], [ 19.894734, -28.461105 ], [ 19.002127, -28.972443 ], [ 18.464899, -29.045462 ], [ 17.836152, -28.856378 ], [ 17.387497, -28.783514 ], [ 17.218929, -28.355943 ], [ 16.824017, -28.082162 ], [ 16.344977, -28.576705 ] ] ] } },
{ "type": "Feature", "properties": { "name": "New Caledonia", "iso3": "NCL", "name_with_flag": "🇳🇨 New Caledonia", "1960": null, "1961": null, "1962": null, "1963": null, "1964": null, "1965": null, "1966": 0.032516014159433837, "1967": 6.5632068937390375, "1968": 16.333992022327415, "1969": 18.119870531004189, "1970": 30.776329296848637, "1971": 10.160663962299843, "1972": 16.892332151052038, "1973": 2.1841856056918907, "1974": 12.292482280129757, "1975": 22.52006766438619, "1976": -5.4302032689558466, "1977": 3.103854136450046, "1978": -0.23605580785428515, "1979": 22.330848944026084, "1980": 11.644002635895223, "1981": -18.633061242914472, "1982": -7.9365043061479179, "1983": -10.102016208650522, "1984": -4.9553633907084782, "1985": 5.6040652208897423, "1986": 38.236601439215967, "1987": 21.813426799486457, "1988": 36.933133121590721, "1989": 3.2568929764805521, "1990": 12.855249043749595, "1991": 2.1474997580885891, "1992": 7.3156945201501067, "1993": -5.8961427158891748, "1994": 5.0522883735029778, "1995": 16.567062594079296, "1996": -2.8486911394710157, "1997": -10.726952781377474, "1998": 5.7920464019509676, "1999": 0.46998206793402719, "2000": -8.1649771346827613, "2001": -5.5276192674139963, "2002": 11.201153293814325, "2003": 28.957987135701057, "2004": 17.852098208858514, "2005": 4.3007766081691434, "2006": 10.439248889753628, "2007": 24.773301545544534, "2008": 1.5528318082498105, "2009": -5.2833231076199976, "2010": 5.7996977779193548, "2011": 8.4835874574501027, "2012": -8.4364456452030723, "2013": 3.1259926994474663, "2014": 3.1245242543449736, "2015": -18.399768029052431, "2016": -0.24586001490067844, "2017": 5.1062705793943897, "2018": 7.8757824514628316, "2019": -4.2734590187438641, "2020": -0.42202827932891207, "2021": 6.1352674314971045, "2022": -5.0838636305388318, "2023": 0.0, "2024": 0.0 }, "geometry": { "type": "Polygon", "coordinates": [ [ [ 165.77999, -21.080005 ], [ 166.599991, -21.700019 ], [ 167.120011, -22.159991 ], [ 166.740035, -22.399976 ], [ 166.189732, -22.129708 ], [ 165.474375, -21.679607 ], [ 164.829815, -21.14982 ], [ 164.167995, -20.444747 ], [ 164.029606, -20.105646 ], [ 164.459967, -20.120012 ], [ 165.020036, -20.459991 ], [ 165.460009, -20.800022 ], [ 165.77999, -21.080005 ] ] ] } },
{ "type": "Feature", "properties": { "name": "Niger", "iso3": "NER", "name_with_flag": "🇳🇪 Niger", "1960": null, "1961": 4.977647649760808, "1962": 6.3250446821218276, "1963": 7.1072300951526834, "1964": -3.4205885937396818, "1965": 12.290487331699506, "1966": 1.3930892843458498, "1967": -7.8387547257122936, "1968": -6.2880908559463267, "1969": -5.0263916231138346, "1970": 1.061195621222244, "1971": 3.9031785789536366, "1972": 4.2862075354873408, "1973": 24.047111351172234, "1974": 5.5547092105232787, "1975": -0.53270298497141155, "1976": -1.2387906628106404, "1977": 17.977783371414667, "1978": 33.514701355595733, "1979": 15.429395269909429, "1980": 15.431315587479277, "1981": -16.005952282764657, "1982": -9.7824780370503355, "1983": -13.24181259919307, "1984": -21.320542909520658, "1985": -4.3013751246455678, "1986": 28.259316594951002, "1987": 13.778740480491125, "1988": -0.92723738995034166, "1989": -7.287151013840143, "1990": 56.262336143519256, "1991": -9.3053811368504764, "1992": -0.10754763886703378, "1993": -12.655292235260928, "1994": -38.522232903158724, "1995": 14.93850089805704, "1996": 1.0440147473872896, "1997": -7.9047973796621429, "1998": 11.57397372480653, "1999": -7.2409028527802066, "2000": -14.675363900674876, "2001": 5.4658669695168083, "2002": 9.6761049214347583, "2003": 17.723908749640891, "2004": 6.8782706557005913, "2005": 12.40873931179598, "2006": 4.6139255768854026, "2007": 16.146327319141875, "2008": 22.697349615954444, "2009": -2.9288641587644215, "2010": 2.8829428048730898, "2011": 7.658495315162317, "2012": 3.475322644125689, "2013": 4.4641019526272085, "2014": 2.3920454970385308, "2015": -14.089143585707998, "2016": 3.5094121180965221, "2017": 3.7989673002616797, "2018": 10.878393326420731, "2019": -2.9169830150281406, "2020": 3.1727732422653032, "2021": 5.040433821423207, "2022": 0.16800893171566855, "2023": 4.6889972263427282, "2024": 13.223844327788981 }, "geometry": { "type": "Polygon", "coordinates": [ [ [ 2.154474, 11.94015 ], [ 2.177108, 12.625018 ], [ 1.024103, 12.851826 ], [ 0.993046, 13.33575 ], [ 0.429928, 13.988733 ], [ 0.295646, 14.444235 ], [ 0.374892, 14.928908 ], [ 1.015783, 14.968182 ], [ 1.385528, 15.323561 ], [ 2.749993, 15.409525 ], [ 3.638259, 15.56812 ], [ 3.723422, 16.184284 ], [ 4.27021, 16.852227 ], [ 4.267419, 19.155265 ], [ 5.677566, 19.601207 ], [ 8.572893, 21.565661 ], [ 11.999506, 23.471668 ], [ 13.581425, 23.040506 ], [ 14.143871, 22.491289 ], [ 14.8513, 22.86295 ], [ 15.096888, 21.308519 ], [ 15.471077, 21.048457 ], [ 15.487148, 20.730415 ], [ 15.903247, 20.387619 ], [ 15.685741, 19.95718 ], [ 15.300441, 17.92795 ], [ 15.247731, 16.627306 ], [ 13.972202, 15.684366 ], [ 13.540394, 14.367134 ], [ 13.956699, 13.996691 ], [ 13.954477, 13.353449 ], [ 14.595781, 13.330427 ], [ 14.495787, 12.859396 ], [ 14.213531, 12.802035 ], [ 14.181336, 12.483657 ], [ 13.995353, 12.461565 ], [ 13.318702, 13.556356 ], [ 13.083987, 13.596147 ], [ 12.302071, 13.037189 ], [ 11.527803, 13.32898 ], [ 10.989593, 13.387323 ], [ 10.701032, 13.246918 ], [ 10.114814, 13.277252 ], [ 9.524928, 12.851102 ], [ 9.014933, 12.826659 ], [ 7.804671, 13.343527 ], [ 7.330747, 13.098038 ], [ 6.820442, 13.115091 ], [ 6.445426, 13.492768 ], [ 5.443058, 13.865924 ], [ 4.368344, 13.747482 ], [ 4.107946, 13.531216 ], [ 3.967283, 12.956109 ], [ 3.680634, 12.552903 ], [ 3.61118, 11.660167 ], [ 2.848643, 12.235636 ], [ 2.490164, 12.233052 ], [ 2.154474, 11.94015 ] ] ] } },
{ "type": "Feature", "properties": { "name": "Nigeria", "iso3": "NGA", "name_with_flag": "🇳🇬 Nigeria", "1960": null, "1961": 4.2953054999773865, "1962": 7.6128840862421443, "1963": 3.0069556925293561, "1964": 5.2208642745177336, "1965": 3.5216016131697891, "1966": 6.0494339781097972, "1967": -20.003586905455549, "1968": -2.1751257398328172, "1969": 24.758728595343094, "1970": 84.839512122631675, "1971": -28.505231775098849, "1972": 30.518287361527484, "1973": 20.488554578586626, "1974": 59.622199232355769, "1975": 8.7484054724669811, "1976": 27.006755415830973, "1977": -3.6708767889371829, "1978": -1.6921720037790022, "1979": 25.450606071484994, "1980": 31.67439959731011, "1981": 148.427101041893, "1982": -15.755976835172714, "1983": -33.733071298125992, "1984": -26.232004503565864, "1985": -2.4475214536847201, "1986": -27.674518469798116, "1987": -6.413360836141047, "1988": -8.2348159593159327, "1989": -13.724923421258772, "1990": 19.525388864418815, "1991": 7.2904499540161982, "1992": -14.812722956406244, "1993": 6.1074385811111132, "1994": 38.050637796615085, "1995": 70.71325892512354, "1996": 28.397603591952691, "1997": 5.3622460742384748, "1998": 5.9405938413569448, "1999": -73.625389278103555, "2000": 13.865858729794844, "2001": 3.491557462603323, "2002": 25.729053052017182, "2003": 7.1927016813726929, "2004": 26.080067041640188, "2005": 25.859833310893656, "2006": 32.043027834495177, "2007": 13.503145049678821, "2008": 18.649045955922116, "2009": -15.487593662543532, "2010": 20.970791317783522, "2011": 9.8152244142386316, "2012": 8.8812027506571347, "2013": 9.098956725723383, "2014": 7.5164010142200421, "2015": -16.284658130223097, "2016": -19.92938759892461, "2017": -9.3736123072725839, "2018": 9.6751733796255337, "2019": 10.072298624667475, "2020": -10.838027541465367, "2021": -0.11795064074522355, "2022": 6.0527160717709361, "2023": -25.36899225621848, "2024": -49.459663366225158 }, "geometry": { "type": "Polygon", "coordinates": [ [ [ 8.500288, 4.771983 ], [ 7.462108, 4.412108 ], [ 7.082596, 4.464689 ], [ 6.698072, 4.240594 ], [ 5.898173, 4.262453 ], [ 5.362805, 4.887971 ], [ 5.033574, 5.611802 ], [ 4.325607, 6.270651 ], [ 3.57418, 6.2583 ], [ 2.691702, 6.258817 ], [ 2.749063, 7.870734 ], [ 2.723793, 8.506845 ], [ 2.912308, 9.137608 ], [ 3.220352, 9.444153 ], [ 3.705438, 10.06321 ], [ 3.60007, 10.332186 ], [ 3.797112, 10.734746 ], [ 3.572216, 11.327939 ], [ 3.61118, 11.660167 ], [ 3.680634, 12.552903 ], [ 3.967283, 12.956109 ], [ 4.107946, 13.531216 ], [ 4.368344, 13.747482 ], [ 5.443058, 13.865924 ], [ 6.445426, 13.492768 ], [ 6.820442, 13.115091 ], [ 7.330747, 13.098038 ], [ 7.804671, 13.343527 ], [ 9.014933, 12.826659 ], [ 9.524928, 12.851102 ], [ 10.114814, 13.277252 ], [ 10.701032, 13.246918 ], [ 10.989593, 13.387323 ], [ 11.527803, 13.32898 ], [ 12.302071, 13.037189 ], [ 13.083987, 13.596147 ], [ 13.318702, 13.556356 ], [ 13.995353, 12.461565 ], [ 14.181336, 12.483657 ], [ 14.577178, 12.085361 ], [ 14.468192, 11.904752 ], [ 14.415379, 11.572369 ], [ 13.57295, 10.798566 ], [ 13.308676, 10.160362 ], [ 13.1676, 9.640626 ], [ 12.955468, 9.417772 ], [ 12.753672, 8.717763 ], [ 12.218872, 8.305824 ], [ 12.063946, 7.799808 ], [ 11.839309, 7.397042 ], [ 11.745774, 6.981383 ], [ 11.058788, 6.644427 ], [ 10.497375, 7.055358 ], [ 10.118277, 7.03877 ], [ 9.522706, 6.453482 ], [ 9.233163, 6.444491 ], [ 8.757533, 5.479666 ], [ 8.500288, 4.771983 ] ] ] } },
{ "type": "Feature", "properties": { "name": "Nicaragua", "iso3": "NIC", "name_with_flag": "🇳🇮 Nicaragua", "1960": null, "1961": 4.2826575237768783, "1962": 7.0405968667731633, "1963": 7.1382454289424802, "1964": 13.26227161935889, "1965": 57.661063670296087, "1966": 4.3152527434499266, "1967": 4.9107368366994919, "1968": 2.1802266135685811, "1969": 4.9023087140358079, "1970": 0.61042963561028785, "1971": 3.1542216852460392, "1972": 2.995792421181398, "1973": 20.840869658308293, "1974": 34.98885051017939, "1975": 0.82489716998404017, "1976": 12.665928405322324, "1977": 17.644035504718047, "1978": -7.1815524004694815, "1979": -28.284782611260805, "1980": 33.092773424061846, "1981": 12.190939006349799, "1982": -3.5007217653885259, "1983": 9.2570714274582855, "1984": 10.46042616414633, "1985": -15.94702294347533, "1986": 5.0457578258420011, "1987": 30.428133054823991, "1988": -33.236680535986672, "1989": -62.380735231708769, "1990": -2.6678456465893952, "1991": 44.124629162182472, "1992": 17.727174171906725, "1993": -4.1546451171502019, "1994": 115.32113149868586, "1995": 5.0166106700488156, "1996": 2.1397998908440741, "1997": 0.20813082642521241, "1998": 3.9876907619004864, "1999": 3.2728436300262231, "2000": 3.7841207560298296, "2001": 3.397362592389519, "2002": -3.5688992420372601, "2003": 0.69190849279237021, "2004": 7.5653650577727438, "2005": 7.7079301318290439, "2006": 5.4822495014290817, "2007": 8.1885830845420227, "2008": 12.833626555183164, "2009": -3.7147779040052065, "2010": 4.0545895378595542, "2011": 10.031976608862191, "2012": 6.2502645856272965, "2013": 2.8431473123899709, "2014": 6.6976046394196631, "2015": 5.9276695592891837, "2016": 2.7588358703743765, "2017": 2.3890355629139659, "2018": -6.755584308091156, "2019": -3.7611181426451812, "2020": -1.0299834796862251, "2021": 10.31438219599654, "2022": 8.6282207655750334, "2023": 12.336112106563913, "2024": 9.1243444448380053 }, "geometry": { "type": "Polygon", "coordinates": [ [ [ -85.71254, 11.088445 ], [ -86.058488, 11.403439 ], [ -86.52585, 11.806877 ], [ -86.745992, 12.143962 ], [ -87.167516, 12.458258 ], [ -87.668493, 12.90991 ], [ -87.557467, 13.064552 ], [ -87.392386, 12.914018 ], [ -87.316654, 12.984686 ], [ -87.005769, 13.025794 ], [ -86.880557, 13.254204 ], [ -86.733822, 13.263093 ], [ -86.755087, 13.754845 ], [ -86.520708, 13.778487 ], [ -86.312142, 13.771356 ], [ -86.096264, 14.038187 ], [ -85.801295, 13.836055 ], [ -85.698665, 13.960078 ], [ -85.514413, 14.079012 ], [ -85.165365, 14.35437 ], [ -85.148751, 14.560197 ], [ -85.052787, 14.551541 ], [ -84.924501, 14.790493 ], [ -84.820037, 14.819587 ], [ -84.649582, 14.666805 ], [ -84.449336, 14.621614 ], [ -84.228342, 14.748764 ], [ -83.975721, 14.749436 ], [ -83.628585, 14.880074 ], [ -83.489989, 15.016267 ], [ -83.147219, 14.995829 ], [ -83.233234, 14.899866 ], [ -83.284162, 14.676624 ], [ -83.182126, 14.310703 ], [ -83.4125, 13.970078 ], [ -83.519832, 13.567699 ], [ -83.552207, 13.127054 ], [ -83.498515, 12.869292 ], [ -83.473323, 12.419087 ], [ -83.626104, 12.32085 ], [ -83.719613, 11.893124 ], [ -83.650858, 11.629032 ], [ -83.85547, 11.373311 ], [ -83.808936, 11.103044 ], [ -83.655612, 10.938764 ], [ -83.895054, 10.726839 ], [ -84.190179, 10.79345 ], [ -84.355931, 10.999226 ], [ -84.673069, 11.082657 ], [ -84.903003, 10.952303 ], [ -85.561852, 11.217119 ], [ -85.71254, 11.088445 ] ] ] } },
{ "type": "Feature", "properties": { "name": "Netherlands", "iso3": "NLD", "name_with_flag": "🇳🇱 Netherlands", "1960": null, "1961": 8.4776456364880524, "1962": 7.0110464943264894, "1963": 7.0412114879258025, "1964": 16.107290155278807, "1965": 10.775269963759481, "1966": 7.4764556774918445, "1967": 8.473643181004654, "1968": 9.7364568173560873, "1969": 11.947692728105274, "1970": 10.749963624540504, "1971": 15.426394911881269, "1972": 21.483250061210835, "1973": 30.238499751852622, "1974": 20.491768049435201, "1975": 13.888115954823267, "1976": 8.0455104947823273, "1977": 15.659462303374273, "1978": 21.955093860725029, "1979": 14.483381039740006, "1980": 7.7611888771367932, "1981": -16.469236684868815, "1982": -3.8869092429711594, "1983": -3.5429564236342026, "1984": -6.5840371817025627, "1985": -0.51147057301340615, "1986": 38.864292117591084, "1987": 21.225633622418314, "1988": 6.1937101398709782, "1989": -1.9544627740640363, "1990": 22.377501284705104, "1991": 2.0730512465050532, "1992": 9.9934819591690029, "1993": -3.2698516930108945, "1994": 6.590590783977035, "1995": 18.712007116186346, "1996": -0.81078742246751823, "1997": -7.9778886112307656, "1998": 4.4095099464427134, "1999": 1.4126230623937808, "2000": -7.3929009147627678, "2001": 2.7856560553269238, "2002": 9.2404170583118663, "2003": 21.904844813695611, "2004": 13.133754201759107, "2005": 3.8266520586482056, "2006": 7.0155799329886692, "2007": 15.462563191774748, "2008": 11.796177996891277, "2009": -8.712384217528701, "2010": -3.509913839269263, "2011": 6.619219129323306, "2012": -7.7288694427023463, "2013": 4.2167139610943316, "2014": 1.6252857024298795, "2015": -14.335592915534679, "2016": 2.215835562193047, "2017": 5.7791873287935447, "2018": 8.9700363862885943, "2019": -0.74168414820551254, "2020": -0.1623997179663661, "2021": 12.482362103237232, "2022": -1.6937742947878198, "2023": 9.2158010281385714, "2024": 5.6475249484221779 }, "geometry": { "type": "Polygon", "coordinates": [ [ [ 6.074183, 53.510403 ], [ 6.90514, 53.482162 ], [ 7.092053, 53.144043 ], [ 6.84287, 52.22844 ], [ 6.589397, 51.852029 ], [ 5.988658, 51.851616 ], [ 6.156658, 50.803721 ], [ 5.606976, 51.037298 ], [ 4.973991, 51.475024 ], [ 4.047071, 51.267259 ], [ 3.314971, 51.345755 ], [ 3.830289, 51.620545 ], [ 4.705997, 53.091798 ], [ 6.074183, 53.510403 ] ] ] } },
{ "type": "Feature", "properties": { "name": "Norway", "iso3": "NOR", "name_with_flag": "🇳🇴 Norway", "1960": null, "1961": 8.2239504538379915, "1962": 6.8525790026038091, "1963": 6.4978493135834592, "1964": 9.140771786170653, "1965": 11.692347825438375, "1966": 7.0560526818586489, "1967": 8.4951373617488493, "1968": 5.8898624210374617, "1969": 8.0055952870369929, "1970": 14.234462111672741, "1971": 13.009700793744683, "1972": 18.12536788625674, "1973": 28.911096221036757, "1974": 19.719149624926935, "1975": 20.449513100047078, "1976": 8.8092435527139745, "1977": 14.998194287712852, "1978": 11.654586556867574, "1979": 13.818360379071537, "1980": 20.892161959382282, "1981": -1.6467805973111593, "1982": -1.854070394557894, "1983": -1.9532249959849035, "1984": 0.41512790089597296, "1985": 5.097352974745184, "1986": 19.866506519630136, "1987": 19.184367647096522, "1988": 7.5598934480263225, "1989": 0.30506910191974157, "1990": 16.316583831055166, "1991": 1.2532373823219034, "1992": 6.7386668773448344, "1993": -8.3877879694754789, "1994": 4.8352379165699899, "1995": 18.965518081537724, "1996": 7.0142522172834676, "1997": -1.8566630264088335, "1998": -4.9839361095567414, "1999": 4.568020494669045, "2000": 4.9045964128666908, "2001": 1.1096917934699801, "2002": 11.835323687882426, "2003": 16.399539663846419, "2004": 14.961828710633984, "2005": 16.061418494469137, "2006": 11.018107367570028, "2007": 14.869137392280262, "2008": 14.0362044109549, "2009": -17.595228415861264, "2010": 9.7272867370519442, "2011": 14.811853030173694, "2012": 0.94258914058069632, "2013": 1.3485768912137708, "2014": -5.6851053933877687, "2015": -23.402787752624686, "2016": -5.2701598851043201, "2017": 7.4286347510792439, "2018": 8.7493018003455667, "2019": -7.6845456148661899, "2020": -10.585514197121604, "2021": 36.190909945584607, "2022": 17.402089514151232, "2023": -19.925219342903546, "2024": -0.78585740662233672 }, "geometry": { "type": "MultiPolygon", "coordinates": [ [ [ [ 28.165547, 71.185474 ], [ 31.293418, 70.453788 ], [ 30.005435, 70.186259 ], [ 31.101079, 69.55808 ], [ 29.399581, 69.156916 ], [ 28.59193, 69.064777 ], [ 29.015573, 69.766491 ], [ 27.732292, 70.164193 ], [ 26.179622, 69.825299 ], [ 25.689213, 69.092114 ], [ 24.735679, 68.649557 ], [ 23.66205, 68.891247 ], [ 22.356238, 68.841741 ], [ 21.244936, 69.370443 ], [ 20.645593, 69.106247 ], [ 20.025269, 69.065139 ], [ 19.87856, 68.407194 ], [ 17.993868, 68.567391 ], [ 17.729182, 68.010552 ], [ 16.768879, 68.013937 ], [ 16.108712, 67.302456 ], [ 15.108411, 66.193867 ], [ 13.55569, 64.787028 ], [ 13.919905, 64.445421 ], [ 13.571916, 64.049114 ], [ 12.579935, 64.066219 ], [ 11.930569, 63.128318 ], [ 11.992064, 61.800362 ], [ 12.631147, 61.293572 ], [ 12.300366, 60.117933 ], [ 11.468272, 59.432393 ], [ 11.027369, 58.856149 ], [ 10.356557, 59.469807 ], [ 8.382, 58.313288 ], [ 7.048748, 58.078884 ], [ 5.665835, 58.588155 ], [ 5.308234, 59.663232 ], [ 4.992078, 61.970998 ], [ 5.9129, 62.614473 ], [ 8.553411, 63.454008 ], [ 10.527709, 64.486038 ], [ 12.358347, 65.879726 ], [ 14.761146, 67.810642 ], [ 16.435927, 68.563205 ], [ 19.184028, 69.817444 ], [ 21.378416, 70.255169 ], [ 23.023742, 70.202072 ], [ 24.546543, 71.030497 ], [ 26.37005, 70.986262 ], [ 28.165547, 71.185474 ] ] ], [ [ [ 24.72412, 77.85385 ], [ 22.49032, 77.44493 ], [ 20.72601, 77.67704 ], [ 21.41611, 77.93504 ], [ 20.8119, 78.25463 ], [ 22.88426, 78.45494 ], [ 23.28134, 78.07954 ], [ 24.72412, 77.85385 ] ] ], [ [ [ 18.25183, 79.70175 ], [ 21.54383, 78.95611 ], [ 19.02737, 78.5626 ], [ 18.47172, 77.82669 ], [ 17.59441, 77.63796 ], [ 17.1182, 76.80941 ], [ 15.91315, 76.77045 ], [ 13.76259, 77.38035 ], [ 14.66956, 77.73565 ], [ 13.1706, 78.02493 ], [ 11.22231, 78.8693 ], [ 10.44453, 79.65239 ], [ 13.17077, 80.01046 ], [ 13.71852, 79.66039 ], [ 15.14282, 79.67431 ], [ 15.52255, 80.01608 ], [ 16.99085, 80.05086 ], [ 18.25183, 79.70175 ] ] ], [ [ [ 25.447625, 80.40734 ], [ 27.407506, 80.056406 ], [ 25.924651, 79.517834 ], [ 23.024466, 79.400012 ], [ 20.075188, 79.566823 ], [ 19.897266, 79.842362 ], [ 18.462264, 79.85988 ], [ 17.368015, 80.318896 ], [ 20.455992, 80.598156 ], [ 21.907945, 80.357679 ], [ 22.919253, 80.657144 ], [ 25.447625, 80.40734 ] ] ] ] } },
{ "type": "Feature", "properties": { "name": "Nepal", "iso3": "NPL", "name_with_flag": "🇳🇵 Nepal", "1960": null, "1961": 2.6725577796178124, "1962": 5.8406693987190339, "1963": -15.121147037945393, "1964": -2.1459848675923987, "1965": 45.198520370702596, "1966": 20.787318983588719, "1967": -9.094357400026654, "1968": -10.236384583301117, "1969": -0.06371023963421818, "1970": 7.4293803124030555, "1971": -0.25766239890804288, "1972": 13.518059312018682, "1973": -7.123315353270721, "1974": 22.583382499269856, "1975": 26.560722778517821, "1976": -9.8016889073068274, "1977": -6.9551981543082402, "1978": 13.379085737880537, "1979": 12.737148869740178, "1980": 2.6636460284676033, "1981": 14.229024639130161, "1982": 2.8406466693378984, "1983": -0.23385334830295923, "1984": 3.031538229384001, "1985": -0.7795524420431299, "1986": 6.4344230902419364, "1987": 1.5614487644256325, "1988": 15.45812691838664, "1989": -1.1274894684305647, "1990": 0.44286100733934575, "1991": 5.3403171763507284, "1992": -15.679315871105137, "1993": 4.7116448983750336, "1994": 8.3637375788572434, "1995": 5.6525302640250352, "1996": 0.49478935238385091, "1997": 6.5450343584694703, "1998": -3.19098706279759, "1999": 1.741517648767732, "2000": 7.2771932670461892, "2001": 7.5793251322255673, "2002": -0.79059394008219597, "2003": 3.155535751029781, "2004": 13.455375943080149, "2005": 10.528507880000548, "2006": 10.163486004144362, "2007": 13.223785702073055, "2008": 20.590912458601895, "2009": 1.7773343793082264, "2010": 23.716926727669918, "2011": 34.212800740136416, "2012": 0.34172083692503019, "2013": 1.911520188773963, "2014": 2.2639509319077877, "2015": 6.5844624177712863, "2016": 0.1956292242299762, "2017": 17.899816357123388, "2018": 14.011114741573261, "2019": 2.0305755598284625, "2020": -4.0666631841401397, "2021": 8.5370209649007212, "2022": 10.629400428429436, "2023": -0.258321488657276, "2024": 4.7007198480578216 }, "geometry": { "type": "Polygon", "coordinates": [ [ [ 88.120441, 27.876542 ], [ 88.043133, 27.445819 ], [ 88.174804, 26.810405 ], [ 88.060238, 26.414615 ], [ 87.227472, 26.397898 ], [ 86.024393, 26.630985 ], [ 85.251779, 26.726198 ], [ 84.675018, 27.234901 ], [ 83.304249, 27.364506 ], [ 81.999987, 27.925479 ], [ 81.057203, 28.416095 ], [ 80.088425, 28.79447 ], [ 80.476721, 29.729865 ], [ 81.111256, 30.183481 ], [ 81.525804, 30.422717 ], [ 82.327513, 30.115268 ], [ 83.337115, 29.463732 ], [ 83.898993, 29.320226 ], [ 84.23458, 28.839894 ], [ 85.011638, 28.642774 ], [ 85.82332, 28.203576 ], [ 86.954517, 27.974262 ], [ 88.120441, 27.876542 ] ] ] } },
{ "type": "Feature", "properties": { "name": "New Zealand", "iso3": "NZL", "name_with_flag": "🇳🇿 New Zealand", "1960": null, "1961": 1.3118407607330296, "1962": 4.4952319432558063, "1963": 7.0893411839046516, "1964": 7.2963627930991537, "1965": -23.537977308366699, "1966": 1.8601640567765809, "1967": -0.13295243185169614, "1968": -13.856840898768096, "1969": 10.224054441707754, "1970": 10.21023654556239, "1971": 19.986389309852282, "1972": 18.815205982579553, "1973": 31.218731033173654, "1974": 6.6472548600213788, "1975": -9.5172754364300509, "1976": 4.8437778412311783, "1977": 13.186286555735705, "1978": 19.924845574938942, "1979": 12.315230269168943, "1980": 11.982794772408866, "1981": 4.6432530227035196, "1982": -2.0145133916701474, "1983": -0.75966666221523038, "1984": -11.641426453631553, "1985": 13.208769651862017, "1986": 24.037537216224347, "1987": 30.796566199078889, "1988": 11.582583993313179, "1989": -3.2470745720762917, "1990": 2.6339083281379683, "1991": -10.487783768222336, "1992": -3.5726213327653022, "1993": 11.033586409716856, "1994": 16.69397941524673, "1995": 13.874764413882822, "1996": 8.0113919076057361, "1997": -7.0246801069309246, "1998": -15.655901214051216, "1999": 3.9609215289815092, "2000": -10.971782776799843, "2001": 1.772247548217587, "2002": 21.546938805662496, "2003": 29.865264224541942, "2004": 16.00152143775, "2005": 9.1691937492904394, "2006": -3.951099715928641, "2007": 21.855102016087912, "2008": -3.5567813730622788, "2009": -9.7303737421962957, "2010": 19.398198756422946, "2011": 13.831791402490602, "2012": 4.2202641016062081, "2013": 7.357037161483948, "2014": 3.7622902468202213, "2015": -13.34183301095152, "2016": 3.7458510036354919, "2017": 7.0715572266158766, "2018": 0.714062886031952, "2019": -1.1046680484640858, "2020": -2.170000470728628, "2021": 18.729762081841073, "2022": -1.8705359800760601, "2023": -0.21561502002559463, "2024": 0.18931176474126232 }, "geometry": { "type": "MultiPolygon", "coordinates": [ [ [ [ 173.020375, -40.919052 ], [ 173.247234, -41.331999 ], [ 173.958405, -40.926701 ], [ 174.247587, -41.349155 ], [ 174.248517, -41.770008 ], [ 173.876447, -42.233184 ], [ 173.22274, -42.970038 ], [ 172.711246, -43.372288 ], [ 173.080113, -43.853344 ], [ 172.308584, -43.865694 ], [ 171.452925, -44.242519 ], [ 171.185138, -44.897104 ], [ 170.616697, -45.908929 ], [ 169.831422, -46.355775 ], [ 169.332331, -46.641235 ], [ 168.411354, -46.619945 ], [ 167.763745, -46.290197 ], [ 166.676886, -46.219917 ], [ 166.509144, -45.852705 ], [ 167.046424, -45.110941 ], [ 168.303763, -44.123973 ], [ 168.949409, -43.935819 ], [ 169.667815, -43.555326 ], [ 170.52492, -43.031688 ], [ 171.12509, -42.512754 ], [ 171.569714, -41.767424 ], [ 171.948709, -41.514417 ], [ 172.097227, -40.956104 ], [ 172.79858, -40.493962 ], [ 173.020375, -40.919052 ] ] ], [ [ [ 174.612009, -36.156397 ], [ 175.336616, -37.209098 ], [ 175.357596, -36.526194 ], [ 175.808887, -36.798942 ], [ 175.95849, -37.555382 ], [ 176.763195, -37.881253 ], [ 177.438813, -37.961248 ], [ 178.010354, -37.579825 ], [ 178.517094, -37.695373 ], [ 178.274731, -38.582813 ], [ 177.97046, -39.166343 ], [ 177.206993, -39.145776 ], [ 176.939981, -39.449736 ], [ 177.032946, -39.879943 ], [ 176.885824, -40.065978 ], [ 176.508017, -40.604808 ], [ 176.01244, -41.289624 ], [ 175.239567, -41.688308 ], [ 175.067898, -41.425895 ], [ 174.650973, -41.281821 ], [ 175.22763, -40.459236 ], [ 174.900157, -39.908933 ], [ 173.824047, -39.508854 ], [ 173.852262, -39.146602 ], [ 174.574802, -38.797683 ], [ 174.743474, -38.027808 ], [ 174.697017, -37.381129 ], [ 174.292028, -36.711092 ], [ 174.319004, -36.534824 ], [ 173.840997, -36.121981 ], [ 173.054171, -35.237125 ], [ 172.636005, -34.529107 ], [ 173.007042, -34.450662 ], [ 173.551298, -35.006183 ], [ 174.32939, -35.265496 ], [ 174.612009, -36.156397 ] ] ] ] } },
{ "type": "Feature", "properties": { "name": "Oman", "iso3": "OMN", "name_with_flag": "🇴🇲 Oman", "1960": null, "1961": 1.3741678305615901, "1962": 21.051082523821908, "1963": 4.4010583269144421, "1964": 1.1517766887623404, "1965": 0.062492516047618629, "1966": 4.6533819360160766, "1967": 54.392201893118283, "1968": 71.933531278685095, "1969": 23.824060298570735, "1970": 3.9917214945373258, "1971": 14.256388435937751, "1972": 18.495994004738247, "1973": 27.909218612150745, "1974": 228.95024999653421, "1975": 22.174335590360663, "1976": 16.735929535749406, "1977": 1.9838349097926145, "1978": -5.0273032233483006, "1979": 29.232149302509789, "1980": 51.882460584498837, "1981": 14.918565082188252, "1982": -1.5481000951614643, "1983": -0.66733911037940574, "1984": 5.3004402944159423, "1985": 6.7697027865760262, "1986": -31.353973156894799, "1987": 0.42687477506466731, "1988": 1.4432008948858543, "1989": 5.9124259976996774, "1990": 34.956114828945985, "1991": -7.5324254894489906, "1992": 4.8795117163620061, "1993": -3.8106869667805632, "1994": 0.4185268265576747, "1995": 4.8937993479241992, "1996": 8.8167153964462628, "1997": 2.0654419172597471, "1998": -12.333401759314977, "1999": 9.6468976395335027, "2000": 23.225562503826524, "2001": -1.45464596600684, "2002": 2.6754876624035751, "2003": 6.0229427596238505, "2004": 12.78064429200445, "2005": 22.320484422110674, "2006": 17.291467298164378, "2007": 10.996474186090776, "2008": 41.421108286607542, "2009": -22.278324859393127, "2010": 14.108604547590197, "2011": 6.8638746635475867, "2012": -2.1665450916132478, "2013": -4.8058606335019132, "2014": -1.2676820799547017, "2015": -18.79196996086462, "2016": -9.0285530463037773, "2017": 4.1488519146473113, "2018": 11.681748889886157, "2019": -3.6256848249021645, "2020": -12.48853009252363, "2021": 15.600943202133077, "2022": 19.687843927929084, "2023": -9.6931634437638294, "2024": -3.4524585054703905 }, "geometry": { "type": "MultiPolygon", "coordinates": [ [ [ [ 58.861141, 21.114035 ], [ 58.487986, 20.428986 ], [ 58.034318, 20.481437 ], [ 57.826373, 20.243002 ], [ 57.665762, 19.736005 ], [ 57.7887, 19.06757 ], [ 57.694391, 18.94471 ], [ 57.234264, 18.947991 ], [ 56.609651, 18.574267 ], [ 56.512189, 18.087113 ], [ 56.283521, 17.876067 ], [ 55.661492, 17.884128 ], [ 55.269939, 17.632309 ], [ 55.2749, 17.228354 ], [ 54.791002, 16.950697 ], [ 54.239253, 17.044981 ], [ 53.570508, 16.707663 ], [ 53.108573, 16.651051 ], [ 52.782184, 17.349742 ], [ 52.00001, 19.000003 ], [ 54.999982, 19.999994 ], [ 55.666659, 22.000001 ], [ 55.208341, 22.70833 ], [ 55.234489, 23.110993 ], [ 55.525841, 23.524869 ], [ 55.528632, 23.933604 ], [ 55.981214, 24.130543 ], [ 55.804119, 24.269604 ], [ 55.886233, 24.920831 ], [ 56.396847, 24.924732 ], [ 56.84514, 24.241673 ], [ 57.403453, 23.878594 ], [ 58.136948, 23.747931 ], [ 58.729211, 23.565668 ], [ 59.180502, 22.992395 ], [ 59.450098, 22.660271 ], [ 59.80806, 22.533612 ], [ 59.806148, 22.310525 ], [ 59.442191, 21.714541 ], [ 59.282408, 21.433886 ], [ 58.861141, 21.114035 ] ] ], [ [ [ 56.391421, 25.895991 ], [ 56.261042, 25.714606 ], [ 56.070821, 26.055464 ], [ 56.362017, 26.395934 ], [ 56.485679, 26.309118 ], [ 56.391421, 25.895991 ] ] ] ] } },
{ "type": "Feature", "properties": { "name": "Pakistan", "iso3": "PAK", "name_with_flag": "🇵🇰 Pakistan", "1960": null, "1961": 7.0146757951899952, "1962": 1.966473747428954, "1963": 4.6332258706834883, "1964": 9.4060959762815912, "1965": 10.840784862685538, "1966": 7.627331527813408, "1967": 10.603934971516971, "1968": 4.7102663993625615, "1969": 4.9239120649745782, "1970": 12.208799915428092, "1971": 3.4750561560498383, "1972": -14.136948801389682, "1973": -34.145320434557448, "1974": 35.370962562121264, "1975": 22.481408344154087, "1976": 13.717042960848168, "1977": 11.322777880460965, "1978": 14.041695879760496, "1979": 6.7738558770176205, "1980": 15.334996133301203, "1981": 13.93513405301039, "1982": 5.3082300397000015, "1983": -9.7977475264148239, "1984": 5.2225488185582591, "1985": -3.1410609996927019, "1986": -0.98313913413520249, "1987": 1.048698412771909, "1988": 11.542057008403916, "1989": 1.0572856547400589, "1990": -3.6746299610464606, "1991": 10.324808924553142, "1992": 4.1201441250624971, "1993": 3.0860842695150437, "1994": -1.9447030535688525, "1995": 12.649981735073389, "1996": 1.4308464076620897, "1997": -4.1501411905935592, "1998": -3.0996086254960864, "1999": -1.4617473649799928, "2000": 53.577881051649022, "2001": -5.0438899952595984, "2002": -1.6398611776926253, "2003": 12.085335492412707, "2004": 14.79093991738254, "2005": 7.2182214823613311, "2006": 8.8511292720260037, "2007": 10.791364403544801, "2008": 6.9085076061245365, "2009": -9.6767567461090831, "2010": 2.4400078761316779, "2011": 14.628775298209584, "2012": 6.4175454231219176, "2013": 1.7494083015928252, "2014": 3.3603928223990831, "2015": 8.989072681494136, "2016": 3.2033580520071325, "2017": 6.6360314323396619, "2018": 3.2979469583742871, "2019": -11.401063363692343, "2020": -8.0565445484404812, "2021": 13.839349037024773, "2022": 5.703462736107201, "2023": -11.255995016674659, "2024": 8.7593961280716606 }, "geometry": { "type": "Polygon", "coordinates": [ [ [ 75.158028, 37.133031 ], [ 75.896897, 36.666806 ], [ 76.192848, 35.898403 ], [ 77.837451, 35.49401 ], [ 76.871722, 34.653544 ], [ 75.757061, 34.504923 ], [ 74.240203, 34.748887 ], [ 73.749948, 34.317699 ], [ 74.104294, 33.441473 ], [ 74.451559, 32.7649 ], [ 75.258642, 32.271105 ], [ 74.405929, 31.692639 ], [ 74.42138, 30.979815 ], [ 73.450638, 29.976413 ], [ 72.823752, 28.961592 ], [ 71.777666, 27.91318 ], [ 70.616496, 27.989196 ], [ 69.514393, 26.940966 ], [ 70.168927, 26.491872 ], [ 70.282873, 25.722229 ], [ 70.844699, 25.215102 ], [ 71.04324, 24.356524 ], [ 68.842599, 24.359134 ], [ 68.176645, 23.691965 ], [ 67.443667, 23.944844 ], [ 67.145442, 24.663611 ], [ 66.372828, 25.425141 ], [ 64.530408, 25.237039 ], [ 62.905701, 25.218409 ], [ 61.497363, 25.078237 ], [ 61.874187, 26.239975 ], [ 63.316632, 26.756532 ], [ 63.233898, 27.217047 ], [ 62.755426, 27.378923 ], [ 62.72783, 28.259645 ], [ 61.771868, 28.699334 ], [ 61.369309, 29.303276 ], [ 60.874248, 29.829239 ], [ 62.549857, 29.318572 ], [ 63.550261, 29.468331 ], [ 64.148002, 29.340819 ], [ 64.350419, 29.560031 ], [ 65.046862, 29.472181 ], [ 66.346473, 29.887943 ], [ 66.381458, 30.738899 ], [ 66.938891, 31.304911 ], [ 67.683394, 31.303154 ], [ 67.792689, 31.58293 ], [ 68.556932, 31.71331 ], [ 68.926677, 31.620189 ], [ 69.317764, 31.901412 ], [ 69.262522, 32.501944 ], [ 69.687147, 33.105499 ], [ 70.323594, 33.358533 ], [ 69.930543, 34.02012 ], [ 70.881803, 33.988856 ], [ 71.156773, 34.348911 ], [ 71.115019, 34.733126 ], [ 71.613076, 35.153203 ], [ 71.498768, 35.650563 ], [ 71.262348, 36.074388 ], [ 71.846292, 36.509942 ], [ 72.920025, 36.720007 ], [ 74.067552, 36.836176 ], [ 74.575893, 37.020841 ], [ 75.158028, 37.133031 ] ] ] } },
{ "type": "Feature", "properties": { "name": "Panama", "iso3": "PAN", "name_with_flag": "🇵🇦 Panama", "1960": null, "1961": 8.2638976878768311, "1962": 5.6365627883313341, "1963": 7.5235456646651766, "1964": 4.173751878140175, "1965": 6.5833286752822406, "1966": 5.7598336826447882, "1967": 8.1359069977839038, "1968": 4.5088095555759322, "1969": 6.6595589919241638, "1970": 7.5357865949587932, "1971": 9.6808443299856819, "1972": 6.814162906195631, "1973": 11.30562877259289, "1974": 11.347334789243057, "1975": 8.430838622729663, "1976": 3.6102533016552751, "1977": 3.210774727121013, "1978": 15.64744721729905, "1979": 11.475114001117049, "1980": 21.626126814480749, "1981": 10.536884045999773, "1982": 7.9046122142222952, "1983": 0.28259334349929333, "1984": 1.9719797569635045, "1985": 3.3820568120825234, "1986": 1.5914509696233203, "1987": -1.7708943265498545, "1988": -15.415572955692502, "1989": -1.8603474822781796, "1990": 6.418398596748065, "1991": 7.6487262554953306, "1992": 11.322421672862081, "1993": 6.9592860022055225, "1994": 4.4598902355610814, "1995": 0.16252450947953356, "1996": -5.8542712163283213, "1997": 7.1880038054117357, "1998": 7.3847631982101758, "1999": 3.7423528106394155, "2000": 0.62656954542852361, "2001": 0.4197039096675903, "2002": 2.4753254882337483, "2003": 4.2555787139442636, "2004": 8.9081228759666509, "2005": 8.0346642276314828, "2006": 10.18438283308647, "2007": 14.271721710138952, "2008": 16.299509010112033, "2009": 6.1154152086745128, "2010": 6.8557535558166682, "2011": 15.973563284206138, "2012": 14.51529170449799, "2013": 10.922162609592112, "2014": 7.6578812273154995, "2015": 6.5802073283763418, "2016": 5.3236148902121805, "2017": 5.8134276482433744, "2018": 2.9098972694854952, "2019": 2.0219965436133025, "2020": -19.343147559066932, "2021": 16.69791142609176, "2022": 11.751462631235409, "2023": 7.8117641168483409, "2024": 2.2286100262256081 }, "geometry": { "type": "Polygon", "coordinates": [ [ [ -77.881571, 7.223771 ], [ -78.214936, 7.512255 ], [ -78.429161, 8.052041 ], [ -78.182096, 8.319182 ], [ -78.435465, 8.387705 ], [ -78.622121, 8.718124 ], [ -79.120307, 8.996092 ], [ -79.557877, 8.932375 ], [ -79.760578, 8.584515 ], [ -80.164481, 8.333316 ], [ -80.382659, 8.298409 ], [ -80.480689, 8.090308 ], [ -80.00369, 7.547524 ], [ -80.276671, 7.419754 ], [ -80.421158, 7.271572 ], [ -80.886401, 7.220541 ], [ -81.059543, 7.817921 ], [ -81.189716, 7.647906 ], [ -81.519515, 7.70661 ], [ -81.721311, 8.108963 ], [ -82.131441, 8.175393 ], [ -82.390934, 8.292362 ], [ -82.820081, 8.290864 ], [ -82.850958, 8.073823 ], [ -82.965783, 8.225028 ], [ -82.913176, 8.423517 ], [ -82.829771, 8.626295 ], [ -82.868657, 8.807266 ], [ -82.719183, 8.925709 ], [ -82.927155, 9.07433 ], [ -82.932891, 9.476812 ], [ -82.546196, 9.566135 ], [ -82.187123, 9.207449 ], [ -82.207586, 8.995575 ], [ -81.808567, 8.950617 ], [ -81.714154, 9.031955 ], [ -81.439287, 8.786234 ], [ -80.947302, 8.858504 ], [ -80.521901, 9.111072 ], [ -79.9146, 9.312765 ], [ -79.573303, 9.61161 ], [ -79.021192, 9.552931 ], [ -79.05845, 9.454565 ], [ -78.500888, 9.420459 ], [ -78.055928, 9.24773 ], [ -77.729514, 8.946844 ], [ -77.353361, 8.670505 ], [ -77.474723, 8.524286 ], [ -77.242566, 7.935278 ], [ -77.431108, 7.638061 ], [ -77.753414, 7.70984 ], [ -77.881571, 7.223771 ] ] ] } },
{ "type": "Feature", "properties": { "name": "Peru", "iso3": "PER", "name_with_flag": "🇵🇪 Peru", "1960": null, "1961": 9.4323263154898029, "1962": 10.083963345518686, "1963": 6.4259957309631854, "1964": 17.542966304772744, "1965": 15.231128798241711, "1966": 14.996932060450474, "1967": -1.4343938354074659, "1968": -9.9667360067651636, "1969": 8.8547427951430446, "1970": 12.882797405068169, "1971": 8.8208384649017155, "1972": 7.9523174693401533, "1973": 16.583928136314306, "1974": 22.900880755083321, "1975": 19.165251681115315, "1976": -7.0412667488259579, "1977": -12.037388228156843, "1978": -16.227703968261554, "1979": 24.569347081967653, "1980": 10.880626854133135, "1981": 16.424161787451673, "1982": -1.7942918271004027, "1983": -22.369404149866657, "1984": -1.0096839949346403, "1985": -16.391872512067142, "1986": 41.589565355245917, "1987": 64.944379762758714, "1988": -59.086118534717578, "1989": 42.493872138129518, "1990": 14.810827329914256, "1991": 27.317765511263058, "1992": 2.6201785073156625, "1993": -5.0870614519403778, "1994": 26.329190607522747, "1995": 16.50384450134559, "1996": 1.707326936181075, "1997": 3.3119864490399165, "1998": -6.2711342921896174, "1999": -11.123191202331151, "2000": 1.5068561911516509, "2001": -0.81425645852913897, "2002": 4.0318493650872478, "2003": 6.081137696265082, "2004": 12.576554736433865, "2005": 12.907198252359153, "2006": 15.624016756237079, "2007": 14.427885973618949, "2008": 17.215296383128287, "2009": -0.39062684571316009, "2010": 21.307998599313272, "2011": 15.560432000497437, "2012": 11.22641886909037, "2013": 3.4883958050704988, "2014": -1.1807990502631927, "2015": -6.5308810870324692, "2016": -0.23549715718527153, "2017": 8.3501356161393083, "2018": 3.5973615334739639, "2019": 0.83853113277427838, "2020": -12.841857051778515, "2021": 11.296922514876684, "2022": 7.6825699581288598, "2023": 7.3042921646563785, "2024": 7.1610372579641091 }, "geometry": { "type": "Polygon", "coordinates": [ [ [ -69.590424, -17.580012 ], [ -69.858444, -18.092694 ], [ -70.372572, -18.347975 ], [ -71.37525, -17.773799 ], [ -71.462041, -17.363488 ], [ -73.44453, -16.359363 ], [ -75.237883, -15.265683 ], [ -76.009205, -14.649286 ], [ -76.423469, -13.823187 ], [ -76.259242, -13.535039 ], [ -77.106192, -12.222716 ], [ -78.092153, -10.377712 ], [ -79.036953, -8.386568 ], [ -79.44592, -7.930833 ], [ -79.760578, -7.194341 ], [ -80.537482, -6.541668 ], [ -81.249996, -6.136834 ], [ -80.926347, -5.690557 ], [ -81.410943, -4.736765 ], [ -81.09967, -4.036394 ], [ -80.302561, -3.404856 ], [ -80.184015, -3.821162 ], [ -80.469295, -4.059287 ], [ -80.442242, -4.425724 ], [ -80.028908, -4.346091 ], [ -79.624979, -4.454198 ], [ -79.205289, -4.959129 ], [ -78.639897, -4.547784 ], [ -78.450684, -3.873097 ], [ -77.837905, -3.003021 ], [ -76.635394, -2.608678 ], [ -75.544996, -1.56161 ], [ -75.233723, -0.911417 ], [ -75.373223, -0.152032 ], [ -75.106625, -0.057205 ], [ -74.441601, -0.53082 ], [ -74.122395, -1.002833 ], [ -73.659504, -1.260491 ], [ -73.070392, -2.308954 ], [ -72.325787, -2.434218 ], [ -71.774761, -2.16979 ], [ -71.413646, -2.342802 ], [ -70.813476, -2.256865 ], [ -70.047709, -2.725156 ], [ -70.692682, -3.742872 ], [ -70.394044, -3.766591 ], [ -69.893635, -4.298187 ], [ -70.794769, -4.251265 ], [ -70.928843, -4.401591 ], [ -71.748406, -4.593983 ], [ -72.891928, -5.274561 ], [ -72.964507, -5.741251 ], [ -73.219711, -6.089189 ], [ -73.120027, -6.629931 ], [ -73.724487, -6.918595 ], [ -73.723401, -7.340999 ], [ -73.987235, -7.52383 ], [ -73.571059, -8.424447 ], [ -73.015383, -9.032833 ], [ -73.226713, -9.462213 ], [ -72.563033, -9.520194 ], [ -72.184891, -10.053598 ], [ -71.302412, -10.079436 ], [ -70.481894, -9.490118 ], [ -70.548686, -11.009147 ], [ -70.093752, -11.123972 ], [ -69.529678, -10.951734 ], [ -68.66508, -12.5613 ], [ -68.88008, -12.899729 ], [ -68.929224, -13.602684 ], [ -68.948887, -14.453639 ], [ -69.339535, -14.953195 ], [ -69.160347, -15.323974 ], [ -69.389764, -15.660129 ], [ -68.959635, -16.500698 ], [ -69.590424, -17.580012 ] ] ] } },
{ "type": "Feature", "properties": { "name": "Philippines", "iso3": "PHL", "name_with_flag": "🇵🇭 Philippines", "1960": null, "1961": 5.3177915233335593, "1962": -41.264161324121552, "1963": 7.6640904456138914, "1964": 4.8418226057115987, "1965": 6.1703738149292198, "1966": 7.0513408754639739, "1967": 4.3372449226587007, "1968": 8.5635053469000901, "1969": 7.7854360598429428, "1970": -23.045321358874027, "1971": 8.2158388528659856, "1972": 5.8265240656372397, "1973": 23.090627110668692, "1974": 33.838246184692736, "1975": 5.6904543701430166, "1976": 11.976171919049472, "1977": 11.950904614133417, "1978": 12.550566804893194, "1979": 17.989518599082754, "1980": 14.99544293422832, "1981": 7.0829164878337236, "1982": 1.3689316582207178, "1983": -13.105220299876407, "1984": -8.0710100037204136, "1985": -4.786354442727303, "1986": -5.2444158344684189, "1987": 8.3016295936928941, "1988": 11.161807590660967, "1989": 9.6243110025729717, "1990": 1.4785694302453578, "1991": 0.09342557047193889, "1992": 13.948664640559127, "1993": 0.2321028737013453, "1994": 15.385840687891239, "1995": 13.194334331871005, "1996": 9.2721213620703846, "1997": -2.8843461048126517, "1998": -22.808102399432293, "1999": 12.063620352417658, "2000": -4.5978583691671959, "2001": -7.733410874624747, "2002": 4.6804279211938749, "2003": 1.2140328437171277, "2004": 7.0480810087355295, "2005": 10.988245232511296, "2006": 16.853176254651324, "2007": 20.089727295248807, "2008": 14.400847817625785, "2009": -4.8406202369047584, "2010": 16.008112596522238, "2011": 10.217937051804093, "2012": 9.6772384476472073, "2013": 6.3742861077200619, "2014": 3.076226552504302, "2015": 1.5006129374764754, "2016": 2.5890423338360558, "2017": 1.7729360394002525, "2018": 4.2917680300563754, "2019": 7.330862289700435, "2020": -5.0932407147629917, "2021": 7.956639584419678, "2022": 1.8276783344609582, "2023": 7.2155703152979367, "2024": 4.7514423251567628 }, "geometry": { "type": "MultiPolygon", "coordinates": [ [ [ [ 126.376814, 8.414706 ], [ 126.478513, 7.750354 ], [ 126.537424, 7.189381 ], [ 126.196773, 6.274294 ], [ 125.831421, 7.293715 ], [ 125.363852, 6.786485 ], [ 125.683161, 6.049657 ], [ 125.396512, 5.581003 ], [ 124.219788, 6.161355 ], [ 123.93872, 6.885136 ], [ 124.243662, 7.36061 ], [ 123.610212, 7.833527 ], [ 123.296071, 7.418876 ], [ 122.825506, 7.457375 ], [ 122.085499, 6.899424 ], [ 121.919928, 7.192119 ], [ 122.312359, 8.034962 ], [ 122.942398, 8.316237 ], [ 123.487688, 8.69301 ], [ 123.841154, 8.240324 ], [ 124.60147, 8.514158 ], [ 124.764612, 8.960409 ], [ 125.471391, 8.986997 ], [ 125.412118, 9.760335 ], [ 126.222714, 9.286074 ], [ 126.306637, 8.782487 ], [ 126.376814, 8.414706 ] ] ], [ [ [ 123.982438, 10.278779 ], [ 123.623183, 9.950091 ], [ 123.309921, 9.318269 ], [ 122.995883, 9.022189 ], [ 122.380055, 9.713361 ], [ 122.586089, 9.981045 ], [ 122.837081, 10.261157 ], [ 122.947411, 10.881868 ], [ 123.49885, 10.940624 ], [ 123.337774, 10.267384 ], [ 124.077936, 11.232726 ], [ 123.982438, 10.278779 ] ] ], [ [ [ 118.504581, 9.316383 ], [ 117.174275, 8.3675 ], [ 117.664477, 9.066889 ], [ 118.386914, 9.6845 ], [ 118.987342, 10.376292 ], [ 119.511496, 11.369668 ], [ 119.689677, 10.554291 ], [ 119.029458, 10.003653 ], [ 118.504581, 9.316383 ] ] ], [ [ [ 121.883548, 11.891755 ], [ 122.483821, 11.582187 ], [ 123.120217, 11.58366 ], [ 123.100838, 11.165934 ], [ 122.637714, 10.741308 ], [ 122.00261, 10.441017 ], [ 121.967367, 10.905691 ], [ 122.03837, 11.415841 ], [ 121.883548, 11.891755 ] ] ], [ [ [ 125.502552, 12.162695 ], [ 125.783465, 11.046122 ], [ 125.011884, 11.311455 ], [ 125.032761, 10.975816 ], [ 125.277449, 10.358722 ], [ 124.801819, 10.134679 ], [ 124.760168, 10.837995 ], [ 124.459101, 10.88993 ], [ 124.302522, 11.495371 ], [ 124.891013, 11.415583 ], [ 124.87799, 11.79419 ], [ 124.266762, 12.557761 ], [ 125.227116, 12.535721 ], [ 125.502552, 12.162695 ] ] ], [ [ [ 121.527394, 13.06959 ], [ 121.26219, 12.20556 ], [ 120.833896, 12.704496 ], [ 120.323436, 13.466413 ], [ 121.180128, 13.429697 ], [ 121.527394, 13.06959 ] ] ], [ [ [ 121.321308, 18.504065 ], [ 121.937601, 18.218552 ], [ 122.246006, 18.47895 ], [ 122.336957, 18.224883 ], [ 122.174279, 17.810283 ], [ 122.515654, 17.093505 ], [ 122.252311, 16.262444 ], [ 121.662786, 15.931018 ], [ 121.50507, 15.124814 ], [ 121.728829, 14.328376 ], [ 122.258925, 14.218202 ], [ 122.701276, 14.336541 ], [ 123.950295, 13.782131 ], [ 123.855107, 13.237771 ], [ 124.181289, 12.997527 ], [ 124.077419, 12.536677 ], [ 123.298035, 13.027526 ], [ 122.928652, 13.55292 ], [ 122.671355, 13.185836 ], [ 122.03465, 13.784482 ], [ 121.126385, 13.636687 ], [ 120.628637, 13.857656 ], [ 120.679384, 14.271016 ], [ 120.991819, 14.525393 ], [ 120.693336, 14.756671 ], [ 120.564145, 14.396279 ], [ 120.070429, 14.970869 ], [ 119.920929, 15.406347 ], [ 119.883773, 16.363704 ], [ 120.286488, 16.034629 ], [ 120.390047, 17.599081 ], [ 120.715867, 18.505227 ], [ 121.321308, 18.504065 ] ] ] ] } },
{ "type": "Feature", "properties": { "name": "Papua New Guinea", "iso3": "PNG", "name_with_flag": "🇵🇬 Papua New Guinea", "1960": null, "1961": 3.5712091305594384, "1962": 4.2440070723035239, "1963": 3.3187407060287999, "1964": 8.2595598454074715, "1965": 10.334592133668806, "1966": 11.119642842155386, "1967": 10.474715312377292, "1968": 7.3903615780331, "1969": 11.013466397328941, "1970": 14.363393612407194, "1971": 8.5475243941249168, "1972": 16.823594925449292, "1973": 47.776659564201275, "1974": 10.412325413947077, "1975": -9.5928243049501543, "1976": 9.0222649715765435, "1977": 6.2009363781274862, "1978": 16.21373868035343, "1979": 15.314163522904511, "1980": 8.7140392875929784, "1981": -3.8811090217042654, "1982": -7.1366373534236587, "1983": 5.924427688165057, "1984": -2.4718196854838781, "1985": -7.0783924817745536, "1986": 6.9387689083993509, "1987": 16.1845438922394, "1988": 13.810436410581794, "1989": -5.1520196098876596, "1990": -11.552555280212983, "1991": 13.964440801316446, "1992": 11.574657912131192, "1993": 9.5722876187307229, "1994": 6.6846723454311974, "1995": -18.727026108770328, "1996": 7.2940992061947485, "1997": -7.5926351919010866, "1998": -25.890281016691084, "1999": -11.382063088034966, "2000": -2.1595253384690816, "2001": -15.42719360433521, "2002": -5.8595926289374267, "2003": 14.04931199721393, "2004": 7.4685058028868712, "2005": 19.963118166283135, "2006": 66.313673375670362, "2007": 10.706866823570383, "2008": 18.532857958937974, "2009": -3.4442085114667842, "2010": 18.997380052416048, "2011": 22.578286736481921, "2012": 15.150983280905827, "2013": -2.8201256030639388, "2014": 6.3418587929561676, "2015": -8.7610576720787758, "2016": -6.7697734065258475, "2017": 6.9664511613718672, "2018": 3.5759249326184905, "2019": 0.36644794578593043, "2020": -5.6744678286942074, "2021": 7.3249276348475112, "2022": 18.97204800039254, "2023": -4.3909948912059793, "2024": 3.722758420109562 }, "geometry": { "type": "MultiPolygon", "coordinates": [ [ [ [ 155.880026, -6.819997 ], [ 155.599991, -6.919991 ], [ 155.166994, -6.535931 ], [ 154.729192, -5.900828 ], [ 154.514114, -5.139118 ], [ 154.652504, -5.042431 ], [ 154.759991, -5.339984 ], [ 155.062918, -5.566792 ], [ 155.547746, -6.200655 ], [ 156.019965, -6.540014 ], [ 155.880026, -6.819997 ] ] ], [ [ [ 151.982796, -5.478063 ], [ 151.459107, -5.56028 ], [ 151.30139, -5.840728 ], [ 150.754447, -6.083763 ], [ 150.241197, -6.317754 ], [ 149.709963, -6.316513 ], [ 148.890065, -6.02604 ], [ 148.318937, -5.747142 ], [ 148.401826, -5.437756 ], [ 149.298412, -5.583742 ], [ 149.845562, -5.505503 ], [ 149.99625, -5.026101 ], [ 150.139756, -5.001348 ], [ 150.236908, -5.53222 ], [ 150.807467, -5.455842 ], [ 151.089672, -5.113693 ], [ 151.647881, -4.757074 ], [ 151.537862, -4.167807 ], [ 152.136792, -4.14879 ], [ 152.338743, -4.312966 ], [ 152.318693, -4.867661 ], [ 151.982796, -5.478063 ] ] ], [ [ [ 147.191874, -7.388024 ], [ 148.084636, -8.044108 ], [ 148.734105, -9.104664 ], [ 149.306835, -9.071436 ], [ 149.266631, -9.514406 ], [ 150.038728, -9.684318 ], [ 149.738798, -9.872937 ], [ 150.801628, -10.293687 ], [ 150.690575, -10.582713 ], [ 150.028393, -10.652476 ], [ 149.78231, -10.393267 ], [ 148.923138, -10.280923 ], [ 147.913018, -10.130441 ], [ 147.135443, -9.492444 ], [ 146.567881, -8.942555 ], [ 146.048481, -8.067414 ], [ 144.744168, -7.630128 ], [ 143.897088, -7.91533 ], [ 143.286376, -8.245491 ], [ 143.413913, -8.983069 ], [ 142.628431, -9.326821 ], [ 142.068259, -9.159596 ], [ 141.033852, -9.117893 ], [ 141.017057, -5.859022 ], [ 141.00021, -2.600151 ], [ 142.735247, -3.289153 ], [ 144.583971, -3.861418 ], [ 145.27318, -4.373738 ], [ 145.829786, -4.876498 ], [ 145.981922, -5.465609 ], [ 147.648073, -6.083659 ], [ 147.891108, -6.614015 ], [ 146.970905, -6.721657 ], [ 147.191874, -7.388024 ] ] ], [ [ [ 153.140038, -4.499983 ], [ 152.827292, -4.766427 ], [ 152.638673, -4.176127 ], [ 152.406026, -3.789743 ], [ 151.953237, -3.462062 ], [ 151.384279, -3.035422 ], [ 150.66205, -2.741486 ], [ 150.939965, -2.500002 ], [ 151.479984, -2.779985 ], [ 151.820015, -2.999972 ], [ 152.239989, -3.240009 ], [ 152.640017, -3.659983 ], [ 153.019994, -3.980015 ], [ 153.140038, -4.499983 ] ] ] ] } },
{ "type": "Feature", "properties": { "name": "Poland", "iso3": "POL", "name_with_flag": "🇵🇱 Poland", "1960": null, "1961": null, "1962": null, "1963": null, "1964": null, "1965": null, "1966": null, "1967": null, "1968": null, "1969": null, "1970": null, "1971": null, "1972": null, "1973": null, "1974": null, "1975": null, "1976": null, "1977": null, "1978": null, "1979": null, "1980": null, "1981": null, "1982": null, "1983": null, "1984": null, "1985": null, "1986": null, "1987": null, "1988": null, "1989": null, "1990": null, "1991": 29.131747280586051, "1992": 9.9966669006630084, "1993": 1.5497988657081185, "1994": 15.125403626714217, "1995": 28.736567456149608, "1996": 12.498174543667773, "1997": -0.63656923239144847, "1998": 9.584881306599824, "1999": -2.6035965894525726, "2000": 2.3811643738782307, "2001": 10.940857621378441, "2002": 4.1516253753284271, "2003": 9.5217088648877013, "2004": 17.321198511823809, "2005": 19.848783176264018, "2006": 12.741692324030907, "2007": 24.299363221446434, "2008": 24.626514673133173, "2009": -17.740307175742242, "2010": 8.7521857852347118, "2011": 10.343435054273886, "2012": -5.6263681614790118, "2013": 4.0839324905714847, "2014": 4.7011187877604055, "2015": -11.392019238751217, "2016": -1.3729742865134287, "2017": 11.628113021556308, "2018": 12.540977775153262, "2019": 1.3814571290556854, "2020": 1.7411991801842719, "2021": 15.38350991912103, "2022": 1.3721366546761704, "2023": 17.225207763553009, "2024": 12.993330292062755 }, "geometry": { "type": "Polygon", "coordinates": [ [ [ 15.016996, 51.106674 ], [ 14.607098, 51.745188 ], [ 14.685026, 52.089947 ], [ 14.4376, 52.62485 ], [ 14.074521, 52.981263 ], [ 14.353315, 53.248171 ], [ 14.119686, 53.757029 ], [ 14.8029, 54.050706 ], [ 16.363477, 54.513159 ], [ 17.622832, 54.851536 ], [ 18.620859, 54.682606 ], [ 18.696255, 54.438719 ], [ 19.66064, 54.426084 ], [ 20.892245, 54.312525 ], [ 22.731099, 54.327537 ], [ 23.243987, 54.220567 ], [ 23.484128, 53.912498 ], [ 23.527536, 53.470122 ], [ 23.804935, 53.089731 ], [ 23.799199, 52.691099 ], [ 23.199494, 52.486977 ], [ 23.508002, 52.023647 ], [ 23.527071, 51.578454 ], [ 24.029986, 50.705407 ], [ 23.922757, 50.424881 ], [ 23.426508, 50.308506 ], [ 22.51845, 49.476774 ], [ 22.776419, 49.027395 ], [ 22.558138, 49.085738 ], [ 21.607808, 49.470107 ], [ 20.887955, 49.328772 ], [ 20.415839, 49.431453 ], [ 19.825023, 49.217125 ], [ 19.320713, 49.571574 ], [ 18.909575, 49.435846 ], [ 18.853144, 49.49623 ], [ 18.392914, 49.988629 ], [ 17.649445, 50.049038 ], [ 17.554567, 50.362146 ], [ 16.868769, 50.473974 ], [ 16.719476, 50.215747 ], [ 16.176253, 50.422607 ], [ 16.238627, 50.697733 ], [ 15.490972, 50.78473 ], [ 15.016996, 51.106674 ] ] ] } },
{ "type": "Feature", "properties": { "name": "Puerto Rico", "iso3": "PRI", "name_with_flag": "🇵🇷 Puerto Rico", "1960": null, "1961": 8.320411054229627, "1962": 9.9753317714114118, "1963": 9.0093394619217513, "1964": 8.0153095336921609, "1965": 10.373079452425404, "1966": 8.7303096478436046, "1967": 10.55315775573893, "1968": 10.89057771218711, "1969": 12.235736052280256, "1970": 11.46227709404506, "1971": 10.363308705033546, "1972": 9.8887071136535063, "1973": 8.2768498965364969, "1974": 7.4858434905987314, "1975": 4.7329190257292542, "1976": 7.6041018969724705, "1977": 8.9025213241314294, "1978": 11.187499295403747, "1979": 12.802367167482331, "1980": 11.885399133487473, "1981": 9.2804686530016056, "1982": 3.9483136925658968, "1983": 2.0080946892094165, "1984": 9.8202665606761173, "1985": 4.8504677460615042, "1986": 7.4421757637271435, "1987": 8.1377330961426519, "1988": 8.8096179509557402, "1989": 5.7619376485036566, "1990": 7.7108322447862365, "1991": 4.755974210476932, "1992": 6.5679519709741507, "1993": 5.7243862010011082, "1994": 6.5033691932047999, "1995": 6.4613746894207624, "1996": 5.1297107019317778, "1997": 5.2942791998465744, "1998": 11.599322879189566, "1999": 6.4077209507905186, "2000": 6.3802390272419851, "2001": 11.925991769775646, "2002": 3.3562545869963323, "2003": 4.4078832424041314, "2004": 7.3214873415400117, "2005": 4.6230440649743354, "2006": 4.4473979235219341, "2007": 3.1781612310422869, "2008": 5.2121629806985315, "2009": 3.4957812123455501, "2010": 2.5075169719924739, "2011": 2.8589778203386151, "2012": 2.1050651772789974, "2013": 1.6942725197335529, "2014": 1.2904018988928234, "2015": 2.3304183939551359, "2016": 2.5170864444799879, "2017": 1.1688476448352247, "2018": 1.1587491286846774, "2019": 3.7503695369459855, "2020": -1.2673852495446836, "2021": 3.7927676682900646, "2022": 8.3834752441139351, "2023": 4.510764897419306, "2024": 6.32399125970593 }, "geometry": { "type": "Polygon", "coordinates": [ [ [ -66.282434, 18.514762 ], [ -65.771303, 18.426679 ], [ -65.591004, 18.228035 ], [ -65.847164, 17.975906 ], [ -66.599934, 17.981823 ], [ -67.184162, 17.946553 ], [ -67.242428, 18.37446 ], [ -67.100679, 18.520601 ], [ -66.282434, 18.514762 ] ] ] } },
{ "type": "Feature", "properties": { "name": "North Korea", "iso3": "PRK", "name_with_flag": "🇰🇵 North Korea", "1960": null, "1961": null, "1962": null, "1963": null, "1964": null, "1965": null, "1966": null, "1967": null, "1968": null, "1969": null, "1970": null, "1971": null, "1972": null, "1973": null, "1974": null, "1975": null, "1976": null, "1977": null, "1978": null, "1979": null, "1980": null, "1981": null, "1982": null, "1983": null, "1984": null, "1985": null, "1986": null, "1987": null, "1988": null, "1989": null, "1990": null, "1991": null, "1992": null, "1993": null, "1994": null, "1995": null, "1996": null, "1997": null, "1998": null, "1999": null, "2000": null, "2001": null, "2002": null, "2003": null, "2004": null, "2005": null, "2006": null, "2007": null, "2008": null, "2009": null, "2010": null, "2011": null, "2012": null, "2013": null, "2014": null, "2015": null, "2016": null, "2017": null, "2018": null, "2019": null, "2020": null, "2021": null, "2022": null, "2023": null, "2024": null }, "geometry": { "type": "Polygon", "coordinates": [ [ [ 130.640016, 42.395009 ], [ 130.780007, 42.220007 ], [ 130.400031, 42.280004 ], [ 129.965949, 41.941368 ], [ 129.667362, 41.601104 ], [ 129.705189, 40.882828 ], [ 129.188115, 40.661808 ], [ 129.0104, 40.485436 ], [ 128.633368, 40.189847 ], [ 127.967414, 40.025413 ], [ 127.533436, 39.75685 ], [ 127.50212, 39.323931 ], [ 127.385434, 39.213472 ], [ 127.783343, 39.050898 ], [ 128.349716, 38.612243 ], [ 128.205746, 38.370397 ], [ 127.780035, 38.304536 ], [ 127.073309, 38.256115 ], [ 126.68372, 37.804773 ], [ 126.237339, 37.840378 ], [ 126.174759, 37.749686 ], [ 125.689104, 37.94001 ], [ 125.568439, 37.752089 ], [ 125.27533, 37.669071 ], [ 125.240087, 37.857224 ], [ 124.981033, 37.948821 ], [ 124.712161, 38.108346 ], [ 124.985994, 38.548474 ], [ 125.221949, 38.665857 ], [ 125.132859, 38.848559 ], [ 125.38659, 39.387958 ], [ 125.321116, 39.551385 ], [ 124.737482, 39.660344 ], [ 124.265625, 39.928493 ], [ 125.079942, 40.569824 ], [ 126.182045, 41.107336 ], [ 126.869083, 41.816569 ], [ 127.343783, 41.503152 ], [ 128.208433, 41.466772 ], [ 128.052215, 41.994285 ], [ 129.596669, 42.424982 ], [ 129.994267, 42.985387 ], [ 130.640016, 42.395009 ] ] ] } },
{ "type": "Feature", "properties": { "name": "Portugal", "iso3": "PRT", "name_with_flag": "🇵🇹 Portugal", "1960": null, "1961": 6.1666273913946412, "1962": 6.564131397424533, "1963": 6.0460252634991107, "1964": 8.385749930065689, "1965": 11.120239227781203, "1966": 10.385086257590181, "1967": 12.489405238754792, "1968": 11.17118640879735, "1969": 10.663462631308684, "1970": 12.251858533889859, "1971": 13.966175847156359, "1972": 22.331623610703421, "1973": 34.226700322747952, "1974": 14.441120583749957, "1975": 6.3596331308698462, "1976": 2.145404320271127, "1977": 4.3292580160299243, "1978": 8.3772004221441385, "1979": 12.139738607936156, "1980": 22.236049415658133, "1981": -3.6335550056674104, "1982": -5.1148156225958914, "1983": -11.183900681570957, "1984": -7.7771626547657018, "1985": 7.2320169770194953, "1986": 42.760550931186629, "1987": 24.389700648565181, "1988": 17.066064874810237, "1989": 7.6939427552979778, "1990": 30.186954081603211, "1991": 13.626117931851823, "1992": 20.667308920716131, "1993": -11.802435545741186, "1994": 4.6426795936849397, "1995": 18.081428255363253, "1996": 3.4268495949242084, "1997": -5.0027059179378437, "1998": 5.3880945908464595, "1999": 2.2631421783510186, "2000": -7.6063928670708219, "2001": 1.8079661700222571, "2002": 10.242453501841208, "2003": 22.116079845824665, "2004": 14.346165430332626, "2005": 3.963480697043309, "2006": 5.6406780880119189, "2007": 14.97824701757764, "2008": 9.3725815535817389, "2009": -7.2059920776147752, "2010": -2.5885479598787953, "2011": 3.080034772163831, "2012": -11.412945019604237, "2013": 5.2592437365809541, "2014": 2.0492207508704174, "2015": -13.132069416507154, "2016": 3.9784985748136714, "2017": 7.3177319104314797, "2018": 9.7878846099364694, "2019": -0.84013437591400342, "2020": -4.4721855004024818, "2021": 10.816641359808132, "2022": -0.36797292604628939, "2023": 11.233607382810185, "2024": 5.3245830505614267 }, "geometry": { "type": "Polygon", "coordinates": [ [ [ -9.034818, 41.880571 ], [ -8.671946, 42.134689 ], [ -8.263857, 42.280469 ], [ -8.013175, 41.790886 ], [ -7.422513, 41.792075 ], [ -7.251309, 41.918346 ], [ -6.668606, 41.883387 ], [ -6.389088, 41.381815 ], [ -6.851127, 41.111083 ], [ -6.86402, 40.330872 ], [ -7.026413, 40.184524 ], [ -7.066592, 39.711892 ], [ -7.498632, 39.629571 ], [ -7.098037, 39.030073 ], [ -7.374092, 38.373059 ], [ -7.029281, 38.075764 ], [ -7.166508, 37.803894 ], [ -7.537105, 37.428904 ], [ -7.453726, 37.097788 ], [ -7.855613, 36.838269 ], [ -8.382816, 36.97888 ], [ -8.898857, 36.868809 ], [ -8.746101, 37.651346 ], [ -8.839998, 38.266243 ], [ -9.287464, 38.358486 ], [ -9.526571, 38.737429 ], [ -9.446989, 39.392066 ], [ -9.048305, 39.755093 ], [ -8.977353, 40.159306 ], [ -8.768684, 40.760639 ], [ -8.790853, 41.184334 ], [ -8.990789, 41.543459 ], [ -9.034818, 41.880571 ] ] ] } },
{ "type": "Feature", "properties": { "name": "Paraguay", "iso3": "PRY", "name_with_flag": "🇵🇾 Paraguay", "1960": null, "1961": 8.9438248419726474, "1962": 9.4033758790783359, "1963": 3.8659893612078555, "1964": 3.7398439196256739, "1965": 5.9684334900589331, "1966": 2.4998991063352793, "1967": 3.2640240340504612, "1968": 2.6574227987604671, "1969": 5.044149271367715, "1970": 4.514103453285423, "1971": 9.2715010983731805, "1972": 13.065185458287832, "1973": 26.356859709068271, "1974": 30.65460810559113, "1975": 10.564094333571994, "1976": 9.6706122509950365, "1977": 20.137122414159482, "1978": 19.341815823234842, "1979": 30.122747633056669, "1980": 26.803904864215113, "1981": 23.047826408292771, "1982": -6.2922895512506631, "1983": 1.7850978437447207, "1984": -22.84297969391541, "1985": -29.126170917856932, "1986": 10.285035366625127, "1987": 3.6655517056256803, "1988": 4.2041354488119298, "1989": 8.7443032018242661, "1990": 18.893968764874014, "1991": 17.019698833776342, "1992": -0.15394890683788631, "1993": -1.2459269671350359, "1994": 5.932355482285212, "1995": 12.408597989275695, "1996": 5.5316678868452707, "1997": -0.46273401282392879, "1998": -9.0749623990015511, "1999": -6.5389170411909392, "2000": -1.7091755892448823, "2001": -5.6696135293276324, "2002": -16.481856530735918, "2003": 5.573602127282995, "2004": 23.699221537717353, "2005": 10.337855412320129, "2006": 23.774228874103787, "2007": 31.667421273581819, "2008": 36.520603109210924, "2009": -10.105156620080235, "2010": 20.526274735284922, "2011": 22.1942134084413, "2012": -2.8117198685268963, "2013": 14.06397755319535, "2014": 3.3651649360396885, "2015": -11.618870455249809, "2016": -1.7719391274148233, "2017": 6.5298191787227289, "2018": 1.725913375365451, "2019": -6.9868406196981319, "2020": -7.8284751898807903, "2021": 11.39619342107121, "2022": 3.8262801655938095, "2023": 1.520625191485192, "2024": 1.842968319039695 }, "geometry": { "type": "Polygon", "coordinates": [ [ [ -62.685057, -22.249029 ], [ -62.291179, -21.051635 ], [ -62.265961, -20.513735 ], [ -61.786326, -19.633737 ], [ -60.043565, -19.342747 ], [ -59.115042, -19.356906 ], [ -58.183471, -19.868399 ], [ -58.166392, -20.176701 ], [ -57.870674, -20.732688 ], [ -57.937156, -22.090176 ], [ -56.88151, -22.282154 ], [ -56.473317, -22.0863 ], [ -55.797958, -22.35693 ], [ -55.610683, -22.655619 ], [ -55.517639, -23.571998 ], [ -55.400747, -23.956935 ], [ -55.027902, -24.001274 ], [ -54.652834, -23.839578 ], [ -54.29296, -24.021014 ], [ -54.293476, -24.5708 ], [ -54.428946, -25.162185 ], [ -54.625291, -25.739255 ], [ -54.788795, -26.621786 ], [ -55.695846, -27.387837 ], [ -56.486702, -27.548499 ], [ -57.60976, -27.395899 ], [ -58.618174, -27.123719 ], [ -57.63366, -25.603657 ], [ -57.777217, -25.16234 ], [ -58.807128, -24.771459 ], [ -60.028966, -24.032796 ], [ -60.846565, -23.880713 ], [ -62.685057, -22.249029 ] ] ] } },
{ "type": "Feature", "properties": { "name": "Qatar", "iso3": "QAT", "name_with_flag": "🇶🇦 Qatar", "1960": null, "1961": null, "1962": null, "1963": null, "1964": null, "1965": null, "1966": null, "1967": null, "1968": null, "1969": null, "1970": null, "1971": 13.799956904792921, "1972": 17.992883130134985, "1973": 40.841651144309374, "1974": 176.01657541474202, "1975": -3.8839890974897595, "1976": 20.721550046859228, "1977": 2.2113135848256693, "1978": 4.3553676647869022, "1979": 29.954708479488691, "1980": 30.302414089734953, "1981": 3.9803905419784513, "1982": -17.354200567640486, "1983": -19.555633528245263, "1984": -1.7524972904319869, "1985": -12.750032642617381, "1986": -21.42030099818578, "1987": 3.8263360280454961, "1988": 7.0212505203783193, "1989": 3.817492230489461, "1990": 9.7038754293435225, "1991": -9.4974276325098259, "1992": 7.5778714357257027, "1993": -9.2785459541925412, "1994": -0.03278462251801173, "1995": 7.1631611013454943, "1996": 8.2305720864104934, "1997": 19.842630475691124, "1998": -13.922857869129491, "1999": 14.53823802953802, "2000": 36.085855704401261, "2001": -6.0445712602414714, "2002": 5.2408901433990351, "2003": 16.07178999711445, "2004": 29.849026720528691, "2005": 31.470739499619917, "2006": 16.001521194114886, "2007": 5.387927272125892, "2008": 22.480797362744266, "2009": -24.752811654174611, "2010": 27.311657235018561, "2011": 33.434647279545885, "2012": 5.044350465394043, "2013": -4.4006211689946229, "2014": -7.5762815979328764, "2015": -28.020825854799693, "2016": -11.20768880081685, "2017": 3.3079148076003762, "2018": 12.262975757107153, "2019": -5.9101303917737935, "2020": -22.677290245735492, "2021": 38.829366387023477, "2022": 23.622488342025317, "2023": -9.5890060659300165, "2024": -4.8879907970799223 }, "geometry": { "type": "Polygon", "coordinates": [ [ [ 50.810108, 24.754743 ], [ 50.743911, 25.482424 ], [ 51.013352, 26.006992 ], [ 51.286462, 26.114582 ], [ 51.589079, 25.801113 ], [ 51.6067, 25.21567 ], [ 51.389608, 24.627386 ], [ 51.112415, 24.556331 ], [ 50.810108, 24.754743 ] ] ] } },
{ "type": "Feature", "properties": { "name": "Romania", "iso3": "ROU", "name_with_flag": "🇷🇴 Romania", "1960": null, "1961": null, "1962": null, "1963": null, "1964": null, "1965": null, "1966": null, "1967": null, "1968": null, "1969": null, "1970": null, "1971": null, "1972": null, "1973": null, "1974": null, "1975": null, "1976": null, "1977": null, "1978": null, "1979": null, "1980": null, "1981": null, "1982": null, "1983": null, "1984": null, "1985": null, "1986": null, "1987": null, "1988": 5.6930592196286822, "1989": 2.0791608195130262, "1990": -7.8875620926598273, "1991": -23.911211365630393, "1992": -12.13482799699297, "1993": 5.0768851391107761, "1994": 14.245943455744637, "1995": 24.717221702376801, "1996": -1.0326104134714909, "1997": -3.4092909021523621, "1998": 17.448299623025921, "1999": -13.637853960217827, "2000": 3.7516461882765695, "2001": 9.9560848528818866, "2002": 16.144161418855461, "2003": 26.395726960236242, "2004": 30.43899375971586, "2005": 32.132073687117256, "2006": 24.675766551528234, "2007": 45.206988251279355, "2008": 24.817398814276494, "2009": -18.080244894293763, "2010": -1.7420332560341145, "2011": 13.823833930172103, "2012": -6.5970428930535174, "2013": 6.3574848796076555, "2014": 5.6234500453084424, "2015": -10.514131413247064, "2016": 4.762412215441536, "2017": 14.072374978190894, "2018": 16.538806387356743, "2019": 3.9174526046681146, "2020": 0.69479540418713182, "2021": 14.557721035137972, "2022": 3.8106713057028729, "2023": 18.295487445588311, "2024": 9.0638452783917245 }, "geometry": { "type": "Polygon", "coordinates": [ [ [ 22.710531, 47.882194 ], [ 23.142236, 48.096341 ], [ 23.760958, 47.985598 ], [ 24.402056, 47.981878 ], [ 24.866317, 47.737526 ], [ 25.207743, 47.891056 ], [ 25.945941, 47.987149 ], [ 26.19745, 48.220881 ], [ 26.619337, 48.220726 ], [ 26.924176, 48.123264 ], [ 27.233873, 47.826771 ], [ 27.551166, 47.405117 ], [ 28.12803, 46.810476 ], [ 28.160018, 46.371563 ], [ 28.054443, 45.944586 ], [ 28.233554, 45.488283 ], [ 28.679779, 45.304031 ], [ 29.149725, 45.464925 ], [ 29.603289, 45.293308 ], [ 29.626543, 45.035391 ], [ 29.141612, 44.82021 ], [ 28.837858, 44.913874 ], [ 28.558081, 43.707462 ], [ 27.970107, 43.812468 ], [ 27.2424, 44.175986 ], [ 26.065159, 43.943494 ], [ 25.569272, 43.688445 ], [ 24.100679, 43.741051 ], [ 23.332302, 43.897011 ], [ 22.944832, 43.823785 ], [ 22.65715, 44.234923 ], [ 22.474008, 44.409228 ], [ 22.705726, 44.578003 ], [ 22.459022, 44.702517 ], [ 22.145088, 44.478422 ], [ 21.562023, 44.768947 ], [ 21.483526, 45.18117 ], [ 20.874313, 45.416375 ], [ 20.762175, 45.734573 ], [ 20.220192, 46.127469 ], [ 21.021952, 46.316088 ], [ 21.626515, 46.994238 ], [ 22.099768, 47.672439 ], [ 22.710531, 47.882194 ] ] ] } },
{ "type": "Feature", "properties": { "name": "Russia", "iso3": "RUS", "name_with_flag": "🇷🇺 Russia", "1960": null, "1961": null, "1962": null, "1963": null, "1964": null, "1965": null, "1966": null, "1967": null, "1968": null, "1969": null, "1970": null, "1971": null, "1972": null, "1973": null, "1974": null, "1975": null, "1976": null, "1977": null, "1978": null, "1979": null, "1980": null, "1981": null, "1982": null, "1983": null, "1984": null, "1985": null, "1986": null, "1987": null, "1988": null, "1989": -9.2209647846763882, "1990": 1.8781313519526055, "1991": -0.10334214361791272, "1992": -11.220598769257196, "1993": -5.4257267329177346, "1994": -9.1639845801722242, "1995": 0.13807804821321934, "1996": -0.8196695788290409, "1997": 3.5418052152569102, "1998": -32.974847711537393, "1999": -27.473709995510532, "2000": 33.126772738918199, "2001": 18.557209004210495, "2002": 13.196689450850418, "2003": 25.135061228475443, "2004": 37.888910188194693, "2005": 29.765523243489401, "2006": 29.994516821745165, "2007": 31.517003021823363, "2008": 27.84285579241066, "2009": -26.406402400564488, "2010": 24.666698295639343, "2011": 34.007916795884064, "2012": 7.6651106654124002, "2013": 3.5034533185691386, "2014": -11.830641465475189, "2015": -33.992160248968858, "2016": -6.6239988952019662, "2017": 23.037266964518622, "2018": 5.1879080438750336, "2019": 2.1032450821023563, "2020": -11.699938732923144, "2021": 22.918749209611853, "2022": 25.710884736030071, "2023": -9.3486723705077051, "2024": 5.1529831308775087 }, "geometry": { "type": "MultiPolygon", "coordinates": [ [ [ [ 143.648007, 50.7476 ], [ 144.654148, 48.976391 ], [ 143.173928, 49.306551 ], [ 142.558668, 47.861575 ], [ 143.533492, 46.836728 ], [ 143.505277, 46.137908 ], [ 142.747701, 46.740765 ], [ 142.09203, 45.966755 ], [ 141.906925, 46.805929 ], [ 142.018443, 47.780133 ], [ 141.904445, 48.859189 ], [ 142.1358, 49.615163 ], [ 142.179983, 50.952342 ], [ 141.594076, 51.935435 ], [ 141.682546, 53.301966 ], [ 142.606934, 53.762145 ], [ 142.209749, 54.225476 ], [ 142.654786, 54.365881 ], [ 142.914616, 53.704578 ], [ 143.260848, 52.74076 ], [ 143.235268, 51.75666 ], [ 143.648007, 50.7476 ] ] ], [ [ [ 22.731099, 54.327537 ], [ 20.892245, 54.312525 ], [ 19.66064, 54.426084 ], [ 19.888481, 54.86616 ], [ 21.268449, 55.190482 ], [ 22.315724, 55.015299 ], [ 22.757764, 54.856574 ], [ 22.651052, 54.582741 ], [ 22.731099, 54.327537 ] ] ], [ [ [ -175.01425, 66.58435 ], [ -174.33983, 66.33556 ], [ -174.57182, 67.06219 ], [ -171.85731, 66.91308 ], [ -169.89958, 65.97724 ], [ -170.89107, 65.54139 ], [ -172.53025, 65.43791 ], [ -172.555, 64.46079 ], [ -172.95533, 64.25269 ], [ -173.89184, 64.2826 ], [ -174.65392, 64.63125 ], [ -175.98353, 64.92288 ], [ -176.20716, 65.35667 ], [ -177.22266, 65.52024 ], [ -178.35993, 65.39052 ], [ -178.90332, 65.74044 ], [ -178.68611, 66.11211 ], [ -179.88377, 65.87456 ], [ -179.43268, 65.40411 ], [ -180.0, 64.979709 ], [ -180.0, 68.963636 ], [ -177.55, 68.2 ], [ -174.92825, 67.20589 ], [ -175.01425, 66.58435 ] ] ], [ [ [ 180.0, 70.832199 ], [ 178.903425, 70.78114 ], [ 178.7253, 71.0988 ], [ 180.0, 71.515714 ], [ 180.0, 70.832199 ] ] ], [ [ [ -178.69378, 70.89302 ], [ -180.0, 70.832199 ], [ -180.0, 71.515714 ], [ -179.871875, 71.55762 ], [ -179.02433, 71.55553 ], [ -177.577945, 71.26948 ], [ -177.663575, 71.13277 ], [ -178.69378, 70.89302 ] ] ], [ [ [ 143.60385, 73.21244 ], [ 142.08763, 73.20544 ], [ 140.038155, 73.31692 ], [ 139.86312, 73.36983 ], [ 140.81171, 73.76506 ], [ 142.06207, 73.85758 ], [ 143.48283, 73.47525 ], [ 143.60385, 73.21244 ] ] ], [ [ [ 150.73167, 75.08406 ], [ 149.575925, 74.68892 ], [ 147.977465, 74.778355 ], [ 146.11919, 75.17298 ], [ 146.358485, 75.49682 ], [ 148.22223, 75.345845 ], [ 150.73167, 75.08406 ] ] ], [ [ [ 145.086285, 75.562625 ], [ 144.3, 74.82 ], [ 140.61381, 74.84768 ], [ 138.95544, 74.61148 ], [ 136.97439, 75.26167 ], [ 137.51176, 75.94917 ], [ 138.831075, 76.13676 ], [ 141.471615, 76.09289 ], [ 145.086285, 75.562625 ] ] ], [ [ [ 57.535693, 70.720464 ], [ 56.944979, 70.632743 ], [ 53.677375, 70.762658 ], [ 53.412017, 71.206662 ], [ 51.601895, 71.474759 ], [ 51.455754, 72.014881 ], [ 52.478275, 72.229442 ], [ 52.444169, 72.774731 ], [ 54.427614, 73.627548 ], [ 53.50829, 73.749814 ], [ 55.902459, 74.627486 ], [ 55.631933, 75.081412 ], [ 57.868644, 75.60939 ], [ 61.170044, 76.251883 ], [ 64.498368, 76.439055 ], [ 66.210977, 76.809782 ], [ 68.15706, 76.939697 ], [ 68.852211, 76.544811 ], [ 68.180573, 76.233642 ], [ 64.637326, 75.737755 ], [ 61.583508, 75.260885 ], [ 58.477082, 74.309056 ], [ 56.986786, 73.333044 ], [ 55.419336, 72.371268 ], [ 55.622838, 71.540595 ], [ 57.535693, 70.720464 ] ] ], [ [ [ 106.97013, 76.97419 ], [ 107.24, 76.48 ], [ 108.1538, 76.72335 ], [ 111.07726, 76.71 ], [ 113.33151, 76.22224 ], [ 114.13417, 75.84764 ], [ 113.88539, 75.32779 ], [ 112.77918, 75.03186 ], [ 110.15125, 74.47673 ], [ 109.4, 74.18 ], [ 110.64, 74.04 ], [ 112.11919, 73.78774 ], [ 113.01954, 73.97693 ], [ 113.52958, 73.33505 ], [ 113.96881, 73.59488 ], [ 115.56782, 73.75285 ], [ 118.77633, 73.58772 ], [ 119.02, 73.12 ], [ 123.20066, 72.97122 ], [ 123.25777, 73.73503 ], [ 125.38, 73.56 ], [ 126.97644, 73.56549 ], [ 128.59126, 73.03871 ], [ 129.05157, 72.39872 ], [ 128.46, 71.98 ], [ 129.71599, 71.19304 ], [ 131.28858, 70.78699 ], [ 132.2535, 71.8363 ], [ 133.85766, 71.38642 ], [ 135.56193, 71.65525 ], [ 137.49755, 71.34763 ], [ 138.23409, 71.62803 ], [ 139.86983, 71.48783 ], [ 139.14791, 72.41619 ], [ 140.46817, 72.84941 ], [ 149.5, 72.2 ], [ 150.35118, 71.60643 ], [ 152.9689, 70.84222 ], [ 157.00688, 71.03141 ], [ 158.99779, 70.86672 ], [ 159.83031, 70.45324 ], [ 159.70866, 69.72198 ], [ 160.94053, 69.43728 ], [ 162.27907, 69.64204 ], [ 164.05248, 69.66823 ], [ 165.94037, 69.47199 ], [ 167.83567, 69.58269 ], [ 169.57763, 68.6938 ], [ 170.81688, 69.01363 ], [ 170.0082, 69.65276 ], [ 170.45345, 70.09703 ], [ 173.64391, 69.81743 ], [ 175.72403, 69.87725 ], [ 178.6, 69.4 ], [ 180.0, 68.963636 ], [ 180.0, 64.979709 ], [ 179.99281, 64.97433 ], [ 178.7072, 64.53493 ], [ 177.41128, 64.60821 ], [ 178.313, 64.07593 ], [ 178.90825, 63.25197 ], [ 179.37034, 62.98262 ], [ 179.48636, 62.56894 ], [ 179.22825, 62.3041 ], [ 177.3643, 62.5219 ], [ 174.56929, 61.76915 ], [ 173.68013, 61.65261 ], [ 172.15, 60.95 ], [ 170.6985, 60.33618 ], [ 170.33085, 59.88177 ], [ 168.90046, 60.57355 ], [ 166.29498, 59.78855 ], [ 165.84, 60.16 ], [ 164.87674, 59.7316 ], [ 163.53929, 59.86871 ], [ 163.21711, 59.21101 ], [ 162.01733, 58.24328 ], [ 162.05297, 57.83912 ], [ 163.19191, 57.61503 ], [ 163.05794, 56.15924 ], [ 162.12958, 56.12219 ], [ 161.70146, 55.28568 ], [ 162.11749, 54.85514 ], [ 160.36877, 54.34433 ], [ 160.02173, 53.20257 ], [ 158.53094, 52.95868 ], [ 158.23118, 51.94269 ], [ 156.78979, 51.01105 ], [ 156.42, 51.7 ], [ 155.99182, 53.15895 ], [ 155.43366, 55.38103 ], [ 155.91442, 56.76792 ], [ 156.75815, 57.3647 ], [ 156.81035, 57.83204 ], [ 158.36433, 58.05575 ], [ 160.15064, 59.31477 ], [ 161.87204, 60.343 ], [ 163.66969, 61.1409 ], [ 164.47355, 62.55061 ], [ 163.25842, 62.46627 ], [ 162.65791, 61.6425 ], [ 160.12148, 60.54423 ], [ 159.30232, 61.77396 ], [ 156.72068, 61.43442 ], [ 154.21806, 59.75818 ], [ 155.04375, 59.14495 ], [ 152.81185, 58.88385 ], [ 151.26573, 58.78089 ], [ 151.33815, 59.50396 ], [ 149.78371, 59.65573 ], [ 148.54481, 59.16448 ], [ 145.48722, 59.33637 ], [ 142.19782, 59.03998 ], [ 138.95848, 57.08805 ], [ 135.12619, 54.72959 ], [ 136.70171, 54.60355 ], [ 137.19342, 53.97732 ], [ 138.1647, 53.75501 ], [ 138.80463, 54.25455 ], [ 139.90151, 54.18968 ], [ 141.34531, 53.08957 ], [ 141.37923, 52.23877 ], [ 140.59742, 51.23967 ], [ 140.51308, 50.04553 ], [ 140.06193, 48.44671 ], [ 138.55472, 46.99965 ], [ 138.21971, 46.30795 ], [ 136.86232, 45.1435 ], [ 135.51535, 43.989 ], [ 134.86939, 43.39821 ], [ 133.53687, 42.81147 ], [ 132.90627, 42.79849 ], [ 132.27807, 43.28456 ], [ 130.93587, 42.55274 ], [ 130.78, 42.22 ], [ 130.64, 42.395 ], [ 130.633866, 42.903015 ], [ 131.144688, 42.92999 ], [ 131.288555, 44.11152 ], [ 131.02519, 44.96796 ], [ 131.883454, 45.321162 ], [ 133.09712, 45.14409 ], [ 133.769644, 46.116927 ], [ 134.11235, 47.21248 ], [ 134.50081, 47.57845 ], [ 135.026311, 48.47823 ], [ 133.373596, 48.183442 ], [ 132.50669, 47.78896 ], [ 130.98726, 47.79013 ], [ 130.582293, 48.729687 ], [ 129.397818, 49.4406 ], [ 127.6574, 49.76027 ], [ 127.287456, 50.739797 ], [ 126.939157, 51.353894 ], [ 126.564399, 51.784255 ], [ 125.946349, 52.792799 ], [ 125.068211, 53.161045 ], [ 123.57147, 53.4588 ], [ 122.245748, 53.431726 ], [ 121.003085, 53.251401 ], [ 120.177089, 52.753886 ], [ 120.725789, 52.516226 ], [ 120.7382, 51.96411 ], [ 120.18208, 51.64355 ], [ 119.27939, 50.58292 ], [ 119.288461, 50.142883 ], [ 117.879244, 49.510983 ], [ 116.678801, 49.888531 ], [ 115.485695, 49.805177 ], [ 114.96211, 50.140247 ], [ 114.362456, 50.248303 ], [ 112.89774, 49.543565 ], [ 111.581231, 49.377968 ], [ 110.662011, 49.130128 ], [ 109.402449, 49.292961 ], [ 108.475167, 49.282548 ], [ 107.868176, 49.793705 ], [ 106.888804, 50.274296 ], [ 105.886591, 50.406019 ], [ 104.62158, 50.27532 ], [ 103.676545, 50.089966 ], [ 102.25589, 50.51056 ], [ 102.06521, 51.25991 ], [ 100.88948, 51.516856 ], [ 99.981732, 51.634006 ], [ 98.861491, 52.047366 ], [ 97.82574, 51.010995 ], [ 98.231762, 50.422401 ], [ 97.25976, 49.72605 ], [ 95.81402, 49.97746 ], [ 94.815949, 50.013433 ], [ 94.147566, 50.480537 ], [ 93.10421, 50.49529 ], [ 92.234712, 50.802171 ], [ 90.713667, 50.331812 ], [ 88.805567, 49.470521 ], [ 87.751264, 49.297198 ], [ 87.35997, 49.214981 ], [ 86.829357, 49.826675 ], [ 85.54127, 49.692859 ], [ 85.11556, 50.117303 ], [ 84.416377, 50.3114 ], [ 83.935115, 50.889246 ], [ 83.383004, 51.069183 ], [ 81.945986, 50.812196 ], [ 80.568447, 51.388336 ], [ 80.03556, 50.864751 ], [ 77.800916, 53.404415 ], [ 76.525179, 54.177003 ], [ 76.8911, 54.490524 ], [ 74.38482, 53.54685 ], [ 73.425679, 53.48981 ], [ 73.508516, 54.035617 ], [ 72.22415, 54.376655 ], [ 71.180131, 54.133285 ], [ 70.865267, 55.169734 ], [ 69.068167, 55.38525 ], [ 68.1691, 54.970392 ], [ 65.66687, 54.60125 ], [ 65.178534, 54.354228 ], [ 61.4366, 54.00625 ], [ 60.978066, 53.664993 ], [ 61.699986, 52.979996 ], [ 60.739993, 52.719986 ], [ 60.927269, 52.447548 ], [ 59.967534, 51.96042 ], [ 61.588003, 51.272659 ], [ 61.337424, 50.79907 ], [ 59.932807, 50.842194 ], [ 59.642282, 50.545442 ], [ 58.36332, 51.06364 ], [ 56.77798, 51.04355 ], [ 55.71694, 50.62171 ], [ 54.532878, 51.02624 ], [ 52.328724, 51.718652 ], [ 50.766648, 51.692762 ], [ 48.702382, 50.605128 ], [ 48.577841, 49.87476 ], [ 47.54948, 50.454698 ], [ 46.751596, 49.356006 ], [ 47.043672, 49.152039 ], [ 46.466446, 48.394152 ], [ 47.31524, 47.71585 ], [ 48.05725, 47.74377 ], [ 48.694734, 47.075628 ], [ 48.59325, 46.56104 ], [ 49.10116, 46.39933 ], [ 48.64541, 45.80629 ], [ 47.67591, 45.64149 ], [ 46.68201, 44.6092 ], [ 47.59094, 43.66016 ], [ 47.49252, 42.98658 ], [ 48.58437, 41.80888 ], [ 47.987283, 41.405819 ], [ 47.815666, 41.151416 ], [ 47.373315, 41.219732 ], [ 46.686071, 41.827137 ], [ 46.404951, 41.860675 ], [ 45.7764, 42.09244 ], [ 45.470279, 42.502781 ], [ 44.537623, 42.711993 ], [ 43.93121, 42.55496 ], [ 43.75599, 42.74083 ], [ 42.3944, 43.2203 ], [ 40.92219, 43.38215 ], [ 40.076965, 43.553104 ], [ 39.955009, 43.434998 ], [ 38.68, 44.28 ], [ 37.53912, 44.65721 ], [ 36.67546, 45.24469 ], [ 37.40317, 45.40451 ], [ 38.23295, 46.24087 ], [ 37.67372, 46.63657 ], [ 39.14767, 47.04475 ], [ 39.1212, 47.26336 ], [ 38.223538, 47.10219 ], [ 38.255112, 47.5464 ], [ 38.77057, 47.82562 ], [ 39.738278, 47.898937 ], [ 39.89562, 48.23241 ], [ 39.67465, 48.78382 ], [ 40.080789, 49.30743 ], [ 40.06904, 49.60105 ], [ 38.594988, 49.926462 ], [ 38.010631, 49.915662 ], [ 37.39346, 50.383953 ], [ 36.626168, 50.225591 ], [ 35.356116, 50.577197 ], [ 35.37791, 50.77394 ], [ 35.022183, 51.207572 ], [ 34.224816, 51.255993 ], [ 34.141978, 51.566413 ], [ 34.391731, 51.768882 ], [ 33.7527, 52.335075 ], [ 32.715761, 52.238465 ], [ 32.412058, 52.288695 ], [ 32.15944, 52.06125 ], [ 31.78597, 52.10168 ], [ 31.540018, 52.742052 ], [ 31.305201, 53.073996 ], [ 31.49764, 53.16743 ], [ 32.304519, 53.132726 ], [ 32.693643, 53.351421 ], [ 32.405599, 53.618045 ], [ 31.731273, 53.794029 ], [ 31.791424, 53.974639 ], [ 31.384472, 54.157056 ], [ 30.757534, 54.811771 ], [ 30.971836, 55.081548 ], [ 30.873909, 55.550976 ], [ 29.896294, 55.789463 ], [ 29.371572, 55.670091 ], [ 29.229513, 55.918344 ], [ 28.176709, 56.16913 ], [ 27.855282, 56.759326 ], [ 27.770016, 57.244258 ], [ 27.288185, 57.474528 ], [ 27.716686, 57.791899 ], [ 27.42015, 58.72457 ], [ 28.131699, 59.300825 ], [ 27.98112, 59.47537 ], [ 29.1177, 60.02805 ], [ 28.07, 60.50352 ], [ 30.211107, 61.780028 ], [ 31.139991, 62.357693 ], [ 31.516092, 62.867687 ], [ 30.035872, 63.552814 ], [ 30.444685, 64.204453 ], [ 29.54443, 64.948672 ], [ 30.21765, 65.80598 ], [ 29.054589, 66.944286 ], [ 29.977426, 67.698297 ], [ 28.445944, 68.364613 ], [ 28.59193, 69.064777 ], [ 29.39955, 69.15692 ], [ 31.10108, 69.55811 ], [ 32.13272, 69.90595 ], [ 33.77547, 69.30142 ], [ 36.51396, 69.06342 ], [ 40.29234, 67.9324 ], [ 41.05987, 67.45713 ], [ 41.12595, 66.79158 ], [ 40.01583, 66.26618 ], [ 38.38295, 65.99953 ], [ 33.91871, 66.75961 ], [ 33.18444, 66.63253 ], [ 34.81477, 65.90015 ], [ 34.878574, 65.436213 ], [ 34.94391, 64.41437 ], [ 36.23129, 64.10945 ], [ 37.01273, 63.84983 ], [ 37.14197, 64.33471 ], [ 36.539579, 64.76446 ], [ 37.17604, 65.14322 ], [ 39.59345, 64.52079 ], [ 40.4356, 64.76446 ], [ 39.7626, 65.49682 ], [ 42.09309, 66.47623 ], [ 43.01604, 66.41858 ], [ 43.94975, 66.06908 ], [ 44.53226, 66.75634 ], [ 43.69839, 67.35245 ], [ 44.18795, 67.95051 ], [ 43.45282, 68.57079 ], [ 46.25, 68.25 ], [ 46.82134, 67.68997 ], [ 45.55517, 67.56652 ], [ 45.56202, 67.01005 ], [ 46.34915, 66.66767 ], [ 47.89416, 66.88455 ], [ 48.13876, 67.52238 ], [ 50.22766, 67.99867 ], [ 53.71743, 68.85738 ], [ 54.47171, 68.80815 ], [ 53.48582, 68.20131 ], [ 54.72628, 68.09702 ], [ 55.44268, 68.43866 ], [ 57.31702, 68.46628 ], [ 58.802, 68.88082 ], [ 59.94142, 68.27844 ], [ 61.07784, 68.94069 ], [ 60.03, 69.52 ], [ 60.55, 69.85 ], [ 63.504, 69.54739 ], [ 64.888115, 69.234835 ], [ 68.51216, 68.09233 ], [ 69.18068, 68.61563 ], [ 68.16444, 69.14436 ], [ 68.13522, 69.35649 ], [ 66.93008, 69.45461 ], [ 67.25976, 69.92873 ], [ 66.72492, 70.70889 ], [ 66.69466, 71.02897 ], [ 68.54006, 71.9345 ], [ 69.19636, 72.84336 ], [ 69.94, 73.04 ], [ 72.58754, 72.77629 ], [ 72.79603, 72.22006 ], [ 71.84811, 71.40898 ], [ 72.47011, 71.09019 ], [ 72.79188, 70.39114 ], [ 72.5647, 69.02085 ], [ 73.66787, 68.4079 ], [ 73.2387, 67.7404 ], [ 71.28, 66.32 ], [ 72.42301, 66.17267 ], [ 72.82077, 66.53267 ], [ 73.92099, 66.78946 ], [ 74.18651, 67.28429 ], [ 75.052, 67.76047 ], [ 74.46926, 68.32899 ], [ 74.93584, 68.98918 ], [ 73.84236, 69.07146 ], [ 73.60187, 69.62763 ], [ 74.3998, 70.63175 ], [ 73.1011, 71.44717 ], [ 74.89082, 72.12119 ], [ 74.65926, 72.83227 ], [ 75.15801, 72.85497 ], [ 75.68351, 72.30056 ], [ 75.28898, 71.33556 ], [ 76.35911, 71.15287 ], [ 75.90313, 71.87401 ], [ 77.57665, 72.26717 ], [ 79.65202, 72.32011 ], [ 81.5, 71.75 ], [ 80.61071, 72.58285 ], [ 80.51109, 73.6482 ], [ 82.25, 73.85 ], [ 84.65526, 73.80591 ], [ 86.8223, 73.93688 ], [ 86.00956, 74.45967 ], [ 87.16682, 75.11643 ], [ 88.31571, 75.14393 ], [ 90.26, 75.64 ], [ 92.90058, 75.77333 ], [ 93.23421, 76.0472 ], [ 95.86, 76.14 ], [ 96.67821, 75.91548 ], [ 98.92254, 76.44689 ], [ 100.75967, 76.43028 ], [ 101.03532, 76.86189 ], [ 101.99084, 77.28754 ], [ 104.3516, 77.69792 ], [ 106.06664, 77.37389 ], [ 104.705, 77.1274 ], [ 106.97013, 76.97419 ] ] ], [ [ [ 105.07547, 78.30689 ], [ 99.43814, 77.921 ], [ 101.2649, 79.23399 ], [ 102.08635, 79.34641 ], [ 102.837815, 79.28129 ], [ 105.37243, 78.71334 ], [ 105.07547, 78.30689 ] ] ], [ [ [ 51.136187, 80.54728 ], [ 49.793685, 80.415428 ], [ 48.894411, 80.339567 ], [ 48.754937, 80.175468 ], [ 47.586119, 80.010181 ], [ 46.502826, 80.247247 ], [ 47.072455, 80.559424 ], [ 44.846958, 80.58981 ], [ 46.799139, 80.771918 ], [ 48.318477, 80.78401 ], [ 48.522806, 80.514569 ], [ 49.09719, 80.753986 ], [ 50.039768, 80.918885 ], [ 51.522933, 80.699726 ], [ 51.136187, 80.54728 ] ] ], [ [ [ 99.93976, 78.88094 ], [ 97.75794, 78.7562 ], [ 94.97259, 79.044745 ], [ 93.31288, 79.4265 ], [ 92.5454, 80.14379 ], [ 91.18107, 80.34146 ], [ 93.77766, 81.0246 ], [ 95.940895, 81.2504 ], [ 97.88385, 80.746975 ], [ 100.186655, 79.780135 ], [ 99.93976, 78.88094 ] ] ] ] } },
{ "type": "Feature", "properties": { "name": "Rwanda", "iso3": "RWA", "name_with_flag": "🇷🇼 Rwanda", "1960": null, "1961": -0.26693024613627658, "1962": -0.089453435686337457, "1963": 0.11044837968383625, "1964": -0.75038207330466733, "1965": 11.506508939300076, "1966": -18.652082519470337, "1967": 24.323232135338579, "1968": 4.6232315242831445, "1969": 6.2540541285478479, "1970": 13.038782822456563, "1971": -1.5638400762029381, "1972": 7.3919854734579626, "1973": 14.583951560024122, "1974": 3.0288893379084803, "1975": 80.022596402596193, "1976": 8.2739604509717743, "1977": 13.667246284449529, "1978": 17.763197801595034, "1979": 18.840270009199255, "1980": 9.6493942448863557, "1981": 8.6079203388705885, "1982": -3.2147061631197182, "1983": 1.6979088968862799, "1984": 3.7266120684348092, "1985": 4.4909558709547603, "1986": 9.6277712200531376, "1987": 7.3616959110766267, "1988": 7.5514284629244255, "1989": -2.6293930815795674, "1990": 3.2955329530898858, "1991": -26.551078784381264, "1992": 3.983594874298535, "1993": -6.4602935292836445, "1994": -55.083726938861432, "1995": 105.4651742859328, "1996": -9.6161439205270867, "1997": 15.870127529698985, "1998": 3.1017053061681121, "1999": 7.5517613755021085, "2000": -4.8629763840747025, "2001": -5.7809426354020417, "2002": -1.3761937228430665, "2003": 6.3959431193549188, "2004": 8.2438391250444489, "2005": 20.210850822144643, "2006": 10.177914403096588, "2007": 19.394993247747895, "2008": 23.952139979133591, "2009": 6.759591162629941, "2010": 5.245351274401866, "2011": 9.6877249476092118, "2012": 8.5517909161904058, "2013": -0.2678274579300477, "2014": 2.8419094751635177, "2015": 1.2471219288631374, "2016": -0.6102867447189797, "2017": 3.945315667519278, "2018": 1.7766750816945454, "2019": 4.9597324255122865, "2020": -3.8701140298274539, "2021": 6.5292473343814939, "2022": 17.590908931176873, "2023": 5.2861881760067675, "2024": -2.665918963144398 }, "geometry": { "type": "Polygon", "coordinates": [ [ [ 30.419105, -1.134659 ], [ 30.816135, -1.698914 ], [ 30.758309, -2.28725 ], [ 30.469696, -2.413858 ], [ 29.938359, -2.348487 ], [ 29.632176, -2.917858 ], [ 29.024926, -2.839258 ], [ 29.117479, -2.292211 ], [ 29.254835, -2.21511 ], [ 29.291887, -1.620056 ], [ 29.579466, -1.341313 ], [ 29.821519, -1.443322 ], [ 30.419105, -1.134659 ] ] ] } },
{ "type": "Feature", "properties": { "name": "Western Sahara", "iso3": "ESH", "name_with_flag": "🇪🇭 Western Sahara", "1960": null, "1961": null, "1962": null, "1963": null, "1964": null, "1965": null, "1966": null, "1967": null, "1968": null, "1969": null, "1970": null, "1971": null, "1972": null, "1973": null, "1974": null, "1975": null, "1976": null, "1977": null, "1978": null, "1979": null, "1980": null, "1981": null, "1982": null, "1983": null, "1984": null, "1985": null, "1986": null, "1987": null, "1988": null, "1989": null, "1990": null, "1991": null, "1992": null, "1993": null, "1994": null, "1995": null, "1996": null, "1997": null, "1998": null, "1999": null, "2000": null, "2001": null, "2002": null, "2003": null, "2004": null, "2005": null, "2006": null, "2007": null, "2008": null, "2009": null, "2010": null, "2011": null, "2012": null, "2013": null, "2014": null, "2015": null, "2016": null, "2017": null, "2018": null, "2019": null, "2020": null, "2021": null, "2022": null, "2023": null, "2024": null }, "geometry": { "type": "Polygon", "coordinates": [ [ [ -8.794884, 27.120696 ], [ -8.817828, 27.656426 ], [ -8.66559, 27.656426 ], [ -8.665124, 27.589479 ], [ -8.6844, 27.395744 ], [ -8.687294, 25.881056 ], [ -11.969419, 25.933353 ], [ -11.937224, 23.374594 ], [ -12.874222, 23.284832 ], [ -13.118754, 22.77122 ], [ -12.929102, 21.327071 ], [ -16.845194, 21.333323 ], [ -17.063423, 20.999752 ], [ -17.020428, 21.42231 ], [ -17.002962, 21.420734 ], [ -14.750955, 21.5006 ], [ -14.630833, 21.86094 ], [ -14.221168, 22.310163 ], [ -13.89111, 23.691009 ], [ -12.500963, 24.770116 ], [ -12.030759, 26.030866 ], [ -11.71822, 26.104092 ], [ -11.392555, 26.883424 ], [ -10.551263, 26.990808 ], [ -10.189424, 26.860945 ], [ -9.735343, 26.860945 ], [ -9.413037, 27.088476 ], [ -8.794884, 27.120696 ] ] ] } },
{ "type": "Feature", "properties": { "name": "Saudi Arabia", "iso3": "SAU", "name_with_flag": "🇸🇦 Saudi Arabia", "1960": null, "1961": 5.9230023722920855, "1962": 6.9201229651807639, "1963": -0.14613539801758835, "1964": 3.5408083733631024, "1965": 7.5716179492530511, "1966": 6.2631671619556295, "1967": 7.3754058266020772, "1968": 23.662527988633574, "1969": 2.9028264619712862, "1970": 14.984014767864817, "1971": 27.816249713309404, "1972": 28.252483122130112, "1973": 47.110531171469596, "1974": 188.54908835889162, "1975": -2.2638955139425154, "1976": 29.68027443412684, "1977": 9.6365133897059927, "1978": 2.1841185804935659, "1979": 31.496327400238112, "1980": 38.722458170360284, "1981": 5.5051465017125656, "1982": -21.77052596103556, "1983": -20.685986390466315, "1984": -12.737105534630455, "1985": -17.989110662613228, "1986": -20.926186292175643, "1987": -6.8692698838418442, "1988": -2.3491253089066078, "1989": 2.706727886260607, "1990": 17.434048506081101, "1991": 7.1681447698038303, "1992": -0.98674356286840847, "1993": -7.2070640091320914, "1994": -2.599400431534038, "1995": 1.7400737908079167, "1996": 6.3515505069182021, "1997": 0.64369066165579358, "1998": -14.80499901354877, "1999": 6.2640204679076827, "2000": 12.077587899844122, "2001": -7.761715835968297, "2002": -2.0291592846190754, "2003": 8.5127662678255778, "2004": 14.514194284107674, "2005": 21.447032801666378, "2006": 9.9392355252332578, "2007": 5.8788339014556268, "2008": 20.027471175555746, "2009": -20.618265813756754, "2010": 24.325001845402472, "2011": 23.144495349383256, "2012": 5.9228904457491849, "2013": -3.0207730795599352, "2014": -0.21525056810498544, "2015": -16.361268545982977, "2016": -4.2502006553186256, "2017": 7.4617827120743607, "2018": 22.695094678140059, "2019": 0.70411111001318361, "2020": -17.681872311821678, "2021": 31.15159770628939, "2022": 20.643183771050964, "2023": -6.1110500476842073, "2024": -3.0412581780736803 }, "geometry": { "type": "Polygon", "coordinates": [ [ [ 42.779332, 16.347891 ], [ 42.649573, 16.774635 ], [ 42.347989, 17.075806 ], [ 42.270888, 17.474722 ], [ 41.754382, 17.833046 ], [ 41.221391, 18.6716 ], [ 40.939341, 19.486485 ], [ 40.247652, 20.174635 ], [ 39.801685, 20.338862 ], [ 39.139399, 21.291905 ], [ 39.023696, 21.986875 ], [ 39.066329, 22.579656 ], [ 38.492772, 23.688451 ], [ 38.02386, 24.078686 ], [ 37.483635, 24.285495 ], [ 37.154818, 24.858483 ], [ 37.209491, 25.084542 ], [ 36.931627, 25.602959 ], [ 36.639604, 25.826228 ], [ 36.249137, 26.570136 ], [ 35.640182, 27.37652 ], [ 35.130187, 28.063352 ], [ 34.632336, 28.058546 ], [ 34.787779, 28.607427 ], [ 34.83222, 28.957483 ], [ 34.956037, 29.356555 ], [ 36.068941, 29.197495 ], [ 36.501214, 29.505254 ], [ 36.740528, 29.865283 ], [ 37.503582, 30.003776 ], [ 37.66812, 30.338665 ], [ 37.998849, 30.5085 ], [ 37.002166, 31.508413 ], [ 39.004886, 32.010217 ], [ 39.195468, 32.161009 ], [ 40.399994, 31.889992 ], [ 41.889981, 31.190009 ], [ 44.709499, 29.178891 ], [ 46.568713, 29.099025 ], [ 47.459822, 29.002519 ], [ 47.708851, 28.526063 ], [ 48.416094, 28.552004 ], [ 48.807595, 27.689628 ], [ 49.299554, 27.461218 ], [ 49.470914, 27.109999 ], [ 50.152422, 26.689663 ], [ 50.212935, 26.277027 ], [ 50.113303, 25.943972 ], [ 50.239859, 25.60805 ], [ 50.527387, 25.327808 ], [ 50.660557, 24.999896 ], [ 50.810108, 24.754743 ], [ 51.112415, 24.556331 ], [ 51.389608, 24.627386 ], [ 51.579519, 24.245497 ], [ 51.617708, 24.014219 ], [ 52.000733, 23.001154 ], [ 55.006803, 22.496948 ], [ 55.208341, 22.70833 ], [ 55.666659, 22.000001 ], [ 54.999982, 19.999994 ], [ 52.00001, 19.000003 ], [ 49.116672, 18.616668 ], [ 48.183344, 18.166669 ], [ 47.466695, 17.116682 ], [ 47.000005, 16.949999 ], [ 46.749994, 17.283338 ], [ 46.366659, 17.233315 ], [ 45.399999, 17.333335 ], [ 45.216651, 17.433329 ], [ 44.062613, 17.410359 ], [ 43.791519, 17.319977 ], [ 43.380794, 17.579987 ], [ 43.115798, 17.08844 ], [ 43.218375, 16.66689 ], [ 42.779332, 16.347891 ] ] ] } },
{ "type": "Feature", "properties": { "name": "Sudan", "iso3": "SDN", "name_with_flag": "🇸🇩 Sudan", "1960": null, "1961": 5.6160946954910917, "1962": 5.6026765193624817, "1963": -1.1457662326255669, "1964": -0.26299185451851281, "1965": 1.1302280710729695, "1966": -0.34881852079879927, "1967": 5.1930595804567936, "1968": 1.3626000881466815, "1969": 6.9254866918554647, "1970": 10.36124006099155, "1971": 5.6769372694939868, "1972": 5.1588431569859594, "1973": 19.424187327938203, "1974": 23.987705923222681, "1975": 17.861815739112387, "1976": 20.594147614086332, "1977": 20.669357437656387, "1978": 4.503752991392207, "1979": -0.28591432676429163, "1980": 2.3108746193602814, "1981": 15.645747919185137, "1982": -21.67355284972291, "1983": -8.6354727226134465, "1984": 24.1959821739832, "1985": -24.091209787237368, "1986": 22.650171108289019, "1987": 17.691164823035056, "1988": 17.387271615557598, "1989": 47.224553171390646, "1990": 54.394897698133946, "1991": 28.664718882052998, "1992": -84.383231674530805, "1993": 23.785200351191715, "1994": 40.527459816438352, "1995": 5.2715821253797923, "1996": -36.265374974114351, "1997": 26.546684622224337, "1998": -6.0014055825446055, "1999": -7.4260222390998498, "2000": 11.537399353251399, "2001": 24.62641938889125, "2002": 12.18040003978922, "2003": 14.628300050864373, "2004": 21.504176444869771, "2005": 28.425259576283345, "2006": 25.060191378962028, "2007": 27.54124290521116, "2008": 5.7609946741536522, "2009": -22.870163749190699, "2010": 10.814108547323475, "2011": 2.0695845179913075, "2012": -23.519560272628759, "2013": 11.715375860796563, "2014": 12.015387816788348, "2015": 1.3282715013251289, "2016": -20.053217223029051, "2017": -6.4565656971408369, "2018": -24.363872476994107, "2019": -2.8798076738430822, "2020": -18.617557159049891, "2021": 23.248164044587604, "2022": 46.918762669374203, "2023": -23.795419450098144, "2024": 24.085464160067517 }, "geometry": { "type": "Polygon", "coordinates": [ [ [ 33.963393, 9.464285 ], [ 33.824963, 9.484061 ], [ 33.842131, 9.981915 ], [ 33.721959, 10.325262 ], [ 33.206938, 10.720112 ], [ 33.086766, 11.441141 ], [ 33.206938, 12.179338 ], [ 32.743419, 12.248008 ], [ 32.67475, 12.024832 ], [ 32.073892, 11.97333 ], [ 32.314235, 11.681484 ], [ 32.400072, 11.080626 ], [ 31.850716, 10.531271 ], [ 31.352862, 9.810241 ], [ 30.837841, 9.707237 ], [ 29.996639, 10.290927 ], [ 29.618957, 10.084919 ], [ 29.515953, 9.793074 ], [ 29.000932, 9.604232 ], [ 28.966597, 9.398224 ], [ 27.97089, 9.398224 ], [ 27.833551, 9.604232 ], [ 27.112521, 9.638567 ], [ 26.752006, 9.466893 ], [ 26.477328, 9.55273 ], [ 25.962307, 10.136421 ], [ 25.790633, 10.411099 ], [ 25.069604, 10.27376 ], [ 24.794926, 9.810241 ], [ 24.537415, 8.917538 ], [ 24.194068, 8.728696 ], [ 23.88698, 8.61973 ], [ 23.805813, 8.666319 ], [ 23.459013, 8.954286 ], [ 23.394779, 9.265068 ], [ 23.55725, 9.681218 ], [ 23.554304, 10.089255 ], [ 22.977544, 10.714463 ], [ 22.864165, 11.142395 ], [ 22.87622, 11.38461 ], [ 22.50869, 11.67936 ], [ 22.49762, 12.26024 ], [ 22.28801, 12.64605 ], [ 21.93681, 12.58818 ], [ 22.03759, 12.95546 ], [ 22.29658, 13.37232 ], [ 22.18329, 13.78648 ], [ 22.51202, 14.09318 ], [ 22.30351, 14.32682 ], [ 22.56795, 14.94429 ], [ 23.02459, 15.68072 ], [ 23.88689, 15.61084 ], [ 23.83766, 19.58047 ], [ 23.85, 20.0 ], [ 25.0, 20.00304 ], [ 25.0, 22.0 ], [ 29.02, 22.0 ], [ 32.9, 22.0 ], [ 36.86623, 22.0 ], [ 37.18872, 21.01885 ], [ 36.96941, 20.83744 ], [ 37.1147, 19.80796 ], [ 37.48179, 18.61409 ], [ 37.86276, 18.36786 ], [ 38.41009, 17.998307 ], [ 37.904, 17.42754 ], [ 37.16747, 17.26314 ], [ 36.85253, 16.95655 ], [ 36.75389, 16.29186 ], [ 36.32322, 14.82249 ], [ 36.42951, 14.42211 ], [ 36.27022, 13.56333 ], [ 35.86363, 12.57828 ], [ 35.26049, 12.08286 ], [ 34.83163, 11.31896 ], [ 34.73115, 10.91017 ], [ 34.25745, 10.63009 ], [ 33.96162, 9.58358 ], [ 33.963393, 9.464285 ] ] ] } },
{ "type": "Feature", "properties": { "name": "South Sudan", "iso3": "SSD", "name_with_flag": "🇸🇸 South Sudan", "1960": null, "1961": null, "1962": null, "1963": null, "1964": null, "1965": null, "1966": null, "1967": null, "1968": null, "1969": null, "1970": null, "1971": null, "1972": null, "1973": null, "1974": null, "1975": null, "1976": null, "1977": null, "1978": null, "1979": null, "1980": null, "1981": null, "1982": null, "1983": null, "1984": null, "1985": null, "1986": null, "1987": null, "1988": null, "1989": null, "1990": null, "1991": null, "1992": null, "1993": null, "1994": null, "1995": null, "1996": null, "1997": null, "1998": null, "1999": null, "2000": null, "2001": null, "2002": null, "2003": null, "2004": null, "2005": null, "2006": null, "2007": null, "2008": null, "2009": -20.008979558577256, "2010": 13.229060279194949, "2011": -3.2895264724907891, "2012": -23.445653447877579, "2013": 48.764824159380701, "2014": -24.69140351068938, "2015": -13.083029023964876, "2016": 0.0, "2017": 0.0, "2018": 0.0, "2019": 0.0, "2020": 0.0, "2021": 0.0, "2022": 0.0, "2023": 0.0, "2024": 0.0 }, "geometry": { "type": "Polygon", "coordinates": [ [ [ 33.963393, 9.464285 ], [ 33.97498, 8.68456 ], [ 33.8255, 8.37916 ], [ 33.2948, 8.35458 ], [ 32.95418, 7.78497 ], [ 33.56829, 7.71334 ], [ 34.0751, 7.22595 ], [ 34.25032, 6.82607 ], [ 34.70702, 6.59422 ], [ 35.298007, 5.506 ], [ 34.620196, 4.847123 ], [ 34.005, 4.249885 ], [ 33.39, 3.79 ], [ 32.68642, 3.79232 ], [ 31.88145, 3.55827 ], [ 31.24556, 3.7819 ], [ 30.83385, 3.50917 ], [ 29.95349, 4.1737 ], [ 29.715995, 4.600805 ], [ 29.159078, 4.389267 ], [ 28.696678, 4.455077 ], [ 28.428994, 4.287155 ], [ 27.979977, 4.408413 ], [ 27.374226, 5.233944 ], [ 27.213409, 5.550953 ], [ 26.465909, 5.946717 ], [ 26.213418, 6.546603 ], [ 25.796648, 6.979316 ], [ 25.124131, 7.500085 ], [ 25.114932, 7.825104 ], [ 24.567369, 8.229188 ], [ 23.88698, 8.61973 ], [ 24.194068, 8.728696 ], [ 24.537415, 8.917538 ], [ 24.794926, 9.810241 ], [ 25.069604, 10.27376 ], [ 25.790633, 10.411099 ], [ 25.962307, 10.136421 ], [ 26.477328, 9.55273 ], [ 26.752006, 9.466893 ], [ 27.112521, 9.638567 ], [ 27.833551, 9.604232 ], [ 27.97089, 9.398224 ], [ 28.966597, 9.398224 ], [ 29.000932, 9.604232 ], [ 29.515953, 9.793074 ], [ 29.618957, 10.084919 ], [ 29.996639, 10.290927 ], [ 30.837841, 9.707237 ], [ 31.352862, 9.810241 ], [ 31.850716, 10.531271 ], [ 32.400072, 11.080626 ], [ 32.314235, 11.681484 ], [ 32.073892, 11.97333 ], [ 32.67475, 12.024832 ], [ 32.743419, 12.248008 ], [ 33.206938, 12.179338 ], [ 33.086766, 11.441141 ], [ 33.206938, 10.720112 ], [ 33.721959, 10.325262 ], [ 33.842131, 9.981915 ], [ 33.824963, 9.484061 ], [ 33.963393, 9.464285 ] ] ] } },
{ "type": "Feature", "properties": { "name": "Senegal", "iso3": "SEN", "name_with_flag": "🇸🇳 Senegal", "1960": null, "1961": 2.576771423033053, "1962": -0.34845417994132655, "1963": 0.50059307549981114, "1964": 2.9875844372754035, "1965": -1.1113026376156521, "1966": 0.068783095757929402, "1967": -2.9611593331295927, "1968": 1.9578193991412807, "1969": -7.6938607039615299, "1970": 1.1255843563004131, "1971": 0.20721523322262403, "1972": 17.433536457589959, "1973": 11.58559363640177, "1974": 9.4297102409623754, "1975": 31.13756153232692, "1976": -1.2393884610594541, "1977": -0.086415645764315041, "1978": 9.0732753007746645, "1979": 21.582081749863669, "1980": 7.7138021753210495, "1981": -11.478677911198766, "1982": -4.5441019119555222, "1983": -13.431937509758606, "1984": -4.9856661394283686, "1985": 6.5616031978776634, "1986": 37.19233009729728, "1987": 16.857696803890153, "1988": -3.8868340627493447, "1989": -3.626649762348666, "1990": 12.816932212391997, "1991": -4.5872875735840317, "1992": 4.1389754596823369, "1993": -7.7455395778188389, "1994": -33.474247147956881, "1995": 22.47610339190329, "1996": 1.1854014195121998, "1997": -10.047912655604808, "1998": 5.1956076559781295, "1999": -1.0329958991035948, "2000": -10.96404204976853, "2001": 5.6330404598888162, "2002": 5.0559059420762553, "2003": 22.176700730709918, "2004": 12.252782912530069, "2005": 6.7251804973747165, "2006": 3.812421757023654, "2007": 16.88325584223518, "2008": 17.650480065679929, "2009": -6.4411381490353641, "2010": -2.5071152883212933, "2011": 7.7430531873405428, "2012": -3.4799424069753448, "2013": 3.9940051095466833, "2014": 1.3812848919711351, "2015": -12.930613738922291, "2016": 3.9764525438495069, "2017": 7.135406616067308, "2018": 7.0570883888619651, "2019": -1.4715325573855464, "2020": 2.0895965037462938, "2021": 9.3779184218759415, "2022": -1.5066993051618072, "2023": 7.8782435085243296, "2024": 2.70636596628957 }, "geometry": { "type": "Polygon", "coordinates": [ [ [ -16.713729, 13.594959 ], [ -17.126107, 14.373516 ], [ -17.625043, 14.729541 ], [ -17.185173, 14.919477 ], [ -16.700706, 15.621527 ], [ -16.463098, 16.135036 ], [ -16.12069, 16.455663 ], [ -15.623666, 16.369337 ], [ -15.135737, 16.587282 ], [ -14.577348, 16.598264 ], [ -14.099521, 16.304302 ], [ -13.435738, 16.039383 ], [ -12.830658, 15.303692 ], [ -12.17075, 14.616834 ], [ -12.124887, 13.994727 ], [ -11.927716, 13.422075 ], [ -11.553398, 13.141214 ], [ -11.467899, 12.754519 ], [ -11.513943, 12.442988 ], [ -11.658301, 12.386583 ], [ -12.203565, 12.465648 ], [ -12.278599, 12.35444 ], [ -12.499051, 12.33209 ], [ -13.217818, 12.575874 ], [ -13.700476, 12.586183 ], [ -15.548477, 12.62817 ], [ -15.816574, 12.515567 ], [ -16.147717, 12.547762 ], [ -16.677452, 12.384852 ], [ -16.841525, 13.151394 ], [ -15.931296, 13.130284 ], [ -15.691001, 13.270353 ], [ -15.511813, 13.27857 ], [ -15.141163, 13.509512 ], [ -14.712197, 13.298207 ], [ -14.277702, 13.280585 ], [ -13.844963, 13.505042 ], [ -14.046992, 13.794068 ], [ -14.376714, 13.62568 ], [ -14.687031, 13.630357 ], [ -15.081735, 13.876492 ], [ -15.39877, 13.860369 ], [ -15.624596, 13.623587 ], [ -16.713729, 13.594959 ] ] ] } },
{ "type": "Feature", "properties": { "name": "Solomon Islands", "iso3": "SLB", "name_with_flag": "🇸🇧 Solomon Islands", "1960": null, "1961": null, "1962": null, "1963": null, "1964": null, "1965": null, "1966": null, "1967": null, "1968": 8.7567187616758737, "1969": -0.61759543943851192, "1970": 0.0, "1971": 67.079197654740042, "1972": -20.789438223996115, "1973": 32.687233853672979, "1974": 48.820779533446547, "1975": -14.240619460399007, "1976": 7.8980697715464787, "1977": 8.310713861973662, "1978": 15.112091788007431, "1979": 31.556346707126259, "1980": 16.719752827470913, "1981": 2.3416399043962199, "1982": -3.81064920621067, "1983": -9.2105879841438476, "1984": -3.1427694436168996, "1985": -11.836092911893969, "1986": -13.685577926805925, "1987": 1.7491390512017313, "1988": 10.172279349562686, "1989": -5.1005296073388102, "1990": 20.483755556868722, "1991": 2.7004798159395493, "1992": 14.72213739575996, "1993": 8.5110101509602742, "1994": 30.061541069113073, "1995": 13.184849956203104, "1996": 5.6672967801368435, "1997": 0.22563264619839263, "1998": -15.503979529617817, "1999": 3.8219563686793023, "2000": -15.918055044206225, "2001": -4.3412910023750477, "2002": -16.988704646651897, "2003": 18.377693149963115, "2004": 10.05510156357834, "2005": 16.061108155335326, "2006": 9.7136239307948902, "2007": 10.714264195582079, "2008": 9.7610529863272575, "2009": 1.891161998863633, "2010": 8.390502729597781, "2011": 14.17660596524799, "2012": 7.3906886357963719, "2013": 4.6045759636678563, "2014": 0.16417647150921422, "2015": -5.5181718863811628, "2016": 1.8162492763766691, "2017": 2.9263366592163997, "2018": 6.2807090269062726, "2019": -2.3940462547794583, "2020": -7.210349064676258, "2021": -3.2210656912205482, "2022": 0.42788095969599205, "2023": 3.5251421722058529, "2024": 3.5292911528920001 }, "geometry": { "type": "MultiPolygon", "coordinates": [ [ [ [ 162.119025, -10.482719 ], [ 162.398646, -10.826367 ], [ 161.700032, -10.820011 ], [ 161.319797, -10.204751 ], [ 161.917383, -10.446701 ], [ 162.119025, -10.482719 ] ] ], [ [ [ 160.852229, -9.872937 ], [ 160.462588, -9.89521 ], [ 159.849447, -9.794027 ], [ 159.640003, -9.63998 ], [ 159.702945, -9.24295 ], [ 160.362956, -9.400304 ], [ 160.688518, -9.610162 ], [ 160.852229, -9.872937 ] ] ], [ [ [ 161.679982, -9.599982 ], [ 161.529397, -9.784312 ], [ 160.788253, -8.917543 ], [ 160.579997, -8.320009 ], [ 160.920028, -8.320009 ], [ 161.280006, -9.120011 ], [ 161.679982, -9.599982 ] ] ], [ [ [ 159.875027, -8.33732 ], [ 159.917402, -8.53829 ], [ 159.133677, -8.114181 ], [ 158.586114, -7.754824 ], [ 158.21115, -7.421872 ], [ 158.359978, -7.320018 ], [ 158.820001, -7.560003 ], [ 159.640003, -8.020027 ], [ 159.875027, -8.33732 ] ] ], [ [ [ 157.538426, -7.34782 ], [ 157.33942, -7.404767 ], [ 156.90203, -7.176874 ], [ 156.491358, -6.765943 ], [ 156.542828, -6.599338 ], [ 157.14, -7.021638 ], [ 157.538426, -7.34782 ] ] ] ] } },
{ "type": "Feature", "properties": { "name": "Sierra Leone", "iso3": "SLE", "name_with_flag": "🇸🇱 Sierra Leone", "1960": null, "1961": 0.22380609667409512, "1962": 2.8443637844534742, "1963": -0.0084219210285119139, "1964": 4.8309290290249551, "1965": -5.0901007866170911, "1966": 2.5698608742553253, "1967": -8.8481518649678126, "1968": -7.1980797697743899, "1969": 21.57822372618876, "1970": 4.2978993197784643, "1971": -5.2513692011373792, "1972": 8.8917443100633662, "1973": 21.421725194301811, "1974": 10.70073004136496, "1975": 2.7791110570260402, "1976": -14.010270562057292, "1977": 14.220963981861722, "1978": 36.167740169907844, "1979": 13.233342566966799, "1980": -2.7575126789767923, "1981": -0.71534228623649776, "1982": 13.790976253571884, "1983": -24.765938455664827, "1984": 6.8934030588502893, "1985": -22.927506841234536, "1986": -44.17530232214817, "1987": 31.10232600943381, "1988": 55.578105284060527, "1989": -13.754930602904603, "1990": -33.06943876017835, "1991": 18.665083293801565, "1992": -11.15429912757131, "1993": 13.329878162993225, "1994": 18.14294351083565, "1995": -4.6475696836186469, "1996": 7.6345387238740514, "1997": -10.870797232729368, "1998": -21.693957504056392, "1999": -0.95662123722060066, "2000": -7.2745641934421457, "2001": 149.27395653957299, "2002": 8.5621126260832625, "2003": 6.3811845995808358, "2004": 0.95026792298944507, "2005": 10.744067717495431, "2006": 25.427188036063409, "2007": 8.8962271241183277, "2008": 11.626880689374342, "2009": -7.444890653386615, "2010": 4.9313124767375704, "2011": 11.109822544801595, "2012": 23.170059081763284, "2013": 19.196432268618381, "2014": 0.025666492260856266, "2015": -13.70444918076813, "2016": -12.457242570229521, "2017": -7.7249094724418761, "2018": 8.5638771676657335, "2019": -0.22046970380724673, "2020": 0.22905753502111548, "2021": 4.7530540086508033, "2022": -2.8682634503452653, "2023": -11.957359273423362, "2024": 15.245773672975149 }, "geometry": { "type": "Polygon", "coordinates": [ [ [ -11.438779, 6.785917 ], [ -11.708195, 6.860098 ], [ -12.428099, 7.262942 ], [ -12.949049, 7.798646 ], [ -13.124025, 8.163946 ], [ -13.24655, 8.903049 ], [ -12.711958, 9.342712 ], [ -12.596719, 9.620188 ], [ -12.425929, 9.835834 ], [ -12.150338, 9.858572 ], [ -11.917277, 10.046984 ], [ -11.117481, 10.045873 ], [ -10.839152, 9.688246 ], [ -10.622395, 9.26791 ], [ -10.65477, 8.977178 ], [ -10.494315, 8.715541 ], [ -10.505477, 8.348896 ], [ -10.230094, 8.406206 ], [ -10.695595, 7.939464 ], [ -11.146704, 7.396706 ], [ -11.199802, 7.105846 ], [ -11.438779, 6.785917 ] ] ] } },
{ "type": "Feature", "properties": { "name": "El Salvador", "iso3": "SLV", "name_with_flag": "🇸🇻 El Salvador", "1960": null, "1961": null, "1962": null, "1963": null, "1964": null, "1965": null, "1966": 2.9573860742035496, "1967": 2.098772503923696, "1968": 0.59722031235340811, "1969": 1.1444710697127158, "1970": 5.2424689343870901, "1971": 2.2236306246857351, "1972": 4.0688806127523236, "1973": 11.488622667876292, "1974": 12.874466231814097, "1975": 10.608859739155507, "1976": 20.936421316665644, "1977": 23.672486632697719, "1978": 4.0867923459445121, "1979": 8.5993529867922405, "1980": 1.8216601145289335, "1981": -4.4623782597270285, "1982": -2.2157614098295753, "1983": 1.2922847537195192, "1984": 2.4574026964271578, "1985": 1.7369782022336411, "1986": -2.7045969986974061, "1987": 2.8876808055423586, "1988": 3.7508328431181903, "1989": 2.3205675504981205, "1990": 8.1295669952951464, "1991": 7.1335367901636637, "1992": 8.8880887981192203, "1993": 13.402129359824166, "1994": 13.866379443367528, "1995": 15.212651700491264, "1996": 6.6478583996488316, "1997": 5.911121580510792, "1998": 6.3358911912742677, "1999": 2.5998168183412718, "2000": 3.9196712448101856, "2001": 3.7911522094203676, "2002": 2.7874654956872025, "2003": 4.3688429085472436, "2004": 3.5264557343672287, "2005": 7.074555147368411, "2006": 8.9167046489078583, "2007": 6.1913920638360986, "2008": 5.3906694251695697, "2009": -2.4490679626970935, "2010": 4.4631672652841736, "2011": 9.5565956615884176, "2012": 5.0234807370755918, "2013": 2.4115631602815712, "2014": 2.3377808099870556, "2015": 3.3913796614503999, "2016": 2.9284769303379976, "2017": 3.0447630692106875, "2018": 4.0650334581716407, "2019": 3.2644674825294429, "2020": -7.4748887770108352, "2021": 16.146697648622464, "2022": 9.3050010715710165, "2023": 5.7313422001406877, "2024": 3.9924886210267907 }, "geometry": { "type": "Polygon", "coordinates": [ [ [ -87.793111, 13.38448 ], [ -87.904112, 13.149017 ], [ -88.483302, 13.163951 ], [ -88.843228, 13.259734 ], [ -89.256743, 13.458533 ], [ -89.812394, 13.520622 ], [ -90.095555, 13.735338 ], [ -90.064678, 13.88197 ], [ -89.721934, 14.134228 ], [ -89.534219, 14.244816 ], [ -89.587343, 14.362586 ], [ -89.353326, 14.424133 ], [ -89.058512, 14.340029 ], [ -88.843073, 14.140507 ], [ -88.541231, 13.980155 ], [ -88.503998, 13.845486 ], [ -88.065343, 13.964626 ], [ -87.859515, 13.893312 ], [ -87.723503, 13.78505 ], [ -87.793111, 13.38448 ] ] ] } },
{ "type": "Feature", "properties": { "name": "Somaliland", "iso3": "SOM", "name_with_flag": "🇸🇴 Somaliland", "1960": null, "1961": 3.4820570998923994, "1962": 3.4593824622496383, "1963": 3.456886011527649, "1964": 3.4503214207070698, "1965": 3.4287564376380031, "1966": 2.8631217886950555, "1967": 2.8635566086353537, "1968": 2.7581243125816446, "1969": 4.0779942952761772, "1970": 10.627711509846915, "1971": -2.8508141171940449, "1972": 25.725277962601268, "1973": 5.1628177406983333, "1974": 15.33047448117002, "1975": 28.946342345789432, "1976": 12.247835373869776, "1977": -44.29243595106329, "1978": 5.461451428909303, "1979": -7.7270655421301626, "1980": -6.1884918272309015, "1981": 15.157949344759714, "1982": 10.377244543093678, "1983": -8.0375659491655487, "1984": 3.2441099113736716, "1985": 6.8081946969313245, "1986": 0.44483014200218385, "1987": 7.2708615475900018, "1988": 3.1010138486557093, "1989": 14.243015427993244, "1990": -12.309412306172129, "1991": -27.631323750990553, "1992": 3.6381661801178078, "1993": 72.705749079479446, "1994": 11.765773733071816, "1995": -0.057176720836527029, "1996": 12.611086485705147, "1997": 18.070739711246574, "1998": 29.662090318875922, "1999": -1.2503393428551557, "2000": 7.6564397809537832, "2001": -36.570158814727506, "2002": -6.2535712697817996, "2003": 24.683960754730361, "2004": 31.137163889073193, "2005": 17.199735081694122, "2006": 4.0949038993724374, "2007": 4.7246994671035436, "2008": 5.7130483389279396, "2009": -51.381647468150703, "2010": -11.07883557460948, "2011": 7.3555252118180148, "2012": 48.841193779944447, "2013": 12.315570571212398, "2014": 9.1593979365090394, "2015": 3.7611161392867576, "2016": 3.4438943483337203, "2017": 10.850156315800374, "2018": -0.27677428879897548, "2019": 5.9600769095001338, "2020": -4.0210033493296997, "2021": 5.9689063652620389, "2022": 4.3731023559165694, "2023": 4.2452572906932051, "2024": 6.6154552203415484 }, "geometry": { "type": "Polygon", "coordinates": [ [ [ 48.93813, 9.451749 ], [ 48.486736, 8.837626 ], [ 47.78942, 8.003 ], [ 46.948328, 7.996877 ], [ 43.67875, 9.18358 ], [ 43.296975, 9.540477 ], [ 42.92812, 10.02194 ], [ 42.55876, 10.57258 ], [ 42.776852, 10.926879 ], [ 43.145305, 11.46204 ], [ 43.47066, 11.27771 ], [ 43.666668, 10.864169 ], [ 44.117804, 10.445538 ], [ 44.614259, 10.442205 ], [ 45.556941, 10.698029 ], [ 46.645401, 10.816549 ], [ 47.525658, 11.127228 ], [ 48.021596, 11.193064 ], [ 48.378784, 11.375482 ], [ 48.948206, 11.410622 ], [ 48.942005, 11.394266 ], [ 48.938491, 10.982327 ], [ 48.938233, 9.9735 ], [ 48.93813, 9.451749 ] ] ] } },
{ "type": "Feature", "properties": { "name": "Somalia", "iso3": "SOM", "name_with_flag": "🇸🇴 Somalia", "1960": null, "1961": 3.4820570998923994, "1962": 3.4593824622496383, "1963": 3.456886011527649, "1964": 3.4503214207070698, "1965": 3.4287564376380031, "1966": 2.8631217886950555, "1967": 2.8635566086353537, "1968": 2.7581243125816446, "1969": 4.0779942952761772, "1970": 10.627711509846915, "1971": -2.8508141171940449, "1972": 25.725277962601268, "1973": 5.1628177406983333, "1974": 15.33047448117002, "1975": 28.946342345789432, "1976": 12.247835373869776, "1977": -44.29243595106329, "1978": 5.461451428909303, "1979": -7.7270655421301626, "1980": -6.1884918272309015, "1981": 15.157949344759714, "1982": 10.377244543093678, "1983": -8.0375659491655487, "1984": 3.2441099113736716, "1985": 6.8081946969313245, "1986": 0.44483014200218385, "1987": 7.2708615475900018, "1988": 3.1010138486557093, "1989": 14.243015427993244, "1990": -12.309412306172129, "1991": -27.631323750990553, "1992": 3.6381661801178078, "1993": 72.705749079479446, "1994": 11.765773733071816, "1995": -0.057176720836527029, "1996": 12.611086485705147, "1997": 18.070739711246574, "1998": 29.662090318875922, "1999": -1.2503393428551557, "2000": 7.6564397809537832, "2001": -36.570158814727506, "2002": -6.2535712697817996, "2003": 24.683960754730361, "2004": 31.137163889073193, "2005": 17.199735081694122, "2006": 4.0949038993724374, "2007": 4.7246994671035436, "2008": 5.7130483389279396, "2009": -51.381647468150703, "2010": -11.07883557460948, "2011": 7.3555252118180148, "2012": 48.841193779944447, "2013": 12.315570571212398, "2014": 9.1593979365090394, "2015": 3.7611161392867576, "2016": 3.4438943483337203, "2017": 10.850156315800374, "2018": -0.27677428879897548, "2019": 5.9600769095001338, "2020": -4.0210033493296997, "2021": 5.9689063652620389, "2022": 4.3731023559165694, "2023": 4.2452572906932051, "2024": 6.6154552203415484 }, "geometry": { "type": "Polygon", "coordinates": [ [ [ 49.72862, 11.5789 ], [ 50.25878, 11.67957 ], [ 50.73202, 12.0219 ], [ 51.1112, 12.02464 ], [ 51.13387, 11.74815 ], [ 51.04153, 11.16651 ], [ 51.04531, 10.6409 ], [ 50.83418, 10.27972 ], [ 50.55239, 9.19874 ], [ 50.07092, 8.08173 ], [ 49.4527, 6.80466 ], [ 48.59455, 5.33911 ], [ 47.74079, 4.2194 ], [ 46.56476, 2.85529 ], [ 45.56399, 2.04576 ], [ 44.06815, 1.05283 ], [ 43.13597, 0.2922 ], [ 42.04157, -0.91916 ], [ 41.81095, -1.44647 ], [ 41.58513, -1.68325 ], [ 40.993, -0.85829 ], [ 40.98105, 2.78452 ], [ 41.855083, 3.918912 ], [ 42.12861, 4.23413 ], [ 42.76967, 4.25259 ], [ 43.66087, 4.95755 ], [ 44.9636, 5.00162 ], [ 47.78942, 8.003 ], [ 48.486736, 8.837626 ], [ 48.93813, 9.451749 ], [ 48.938233, 9.9735 ], [ 48.938491, 10.982327 ], [ 48.942005, 11.394266 ], [ 48.948205, 11.410617 ], [ 49.26776, 11.43033 ], [ 49.72862, 11.5789 ] ] ] } },
{ "type": "Feature", "properties": { "name": "Republic of Serbia", "iso3": "SRB", "name_with_flag": "🇷🇸 Republic of Serbia", "1960": null, "1961": null, "1962": null, "1963": null, "1964": null, "1965": null, "1966": null, "1967": null, "1968": null, "1969": null, "1970": null, "1971": null, "1972": null, "1973": null, "1974": null, "1975": null, "1976": null, "1977": null, "1978": null, "1979": null, "1980": null, "1981": null, "1982": null, "1983": null, "1984": null, "1985": null, "1986": null, "1987": null, "1988": null, "1989": null, "1990": null, "1991": null, "1992": null, "1993": null, "1994": null, "1995": null, "1996": 29.986242553132779, "1997": 17.014255685862743, "1998": -22.331878814643215, "1999": -0.23647553526808807, "2000": -64.797507909978719, "2001": 85.941676906758673, "2002": 31.908356229004674, "2003": 31.921842707646022, "2004": 14.052021000273429, "2005": 5.8626920939075067, "2006": 17.981726386240339, "2007": 35.354445081543638, "2008": 21.306180656897379, "2009": -13.050357771403409, "2010": -6.9085615644509435, "2011": 18.612849058587287, "2012": -11.567526171733078, "2013": 12.412137765763841, "2014": -2.1836775510393869, "2015": -15.484338297158018, "2016": 2.7841888454056551, "2017": 9.4555537101669316, "2018": 15.452343818224158, "2019": 2.5896152315103338, "2020": 4.4235792339768487, "2021": 19.531734197700867, "2022": 3.5374193874209592, "2023": 22.53361281784294, "2024": 10.114548241439092 }, "geometry": { "type": "Polygon", "coordinates": [ [ [ 20.874313, 45.416375 ], [ 21.483526, 45.18117 ], [ 21.562023, 44.768947 ], [ 22.145088, 44.478422 ], [ 22.459022, 44.702517 ], [ 22.705726, 44.578003 ], [ 22.474008, 44.409228 ], [ 22.65715, 44.234923 ], [ 22.410446, 44.008063 ], [ 22.500157, 43.642814 ], [ 22.986019, 43.211161 ], [ 22.604801, 42.898519 ], [ 22.436595, 42.580321 ], [ 22.545012, 42.461362 ], [ 22.380526, 42.32026 ], [ 21.91708, 42.30364 ], [ 21.576636, 42.245224 ], [ 21.54332, 42.32025 ], [ 21.66292, 42.43922 ], [ 21.77505, 42.6827 ], [ 21.63302, 42.67717 ], [ 21.43866, 42.86255 ], [ 21.27421, 42.90959 ], [ 21.143395, 43.068685 ], [ 20.95651, 43.13094 ], [ 20.81448, 43.27205 ], [ 20.63508, 43.21671 ], [ 20.49679, 42.88469 ], [ 20.25758, 42.81275 ], [ 20.3398, 42.89852 ], [ 19.95857, 43.10604 ], [ 19.63, 43.21378 ], [ 19.48389, 43.35229 ], [ 19.21852, 43.52384 ], [ 19.454, 43.5681 ], [ 19.59976, 44.03847 ], [ 19.11761, 44.42307 ], [ 19.36803, 44.863 ], [ 19.00548, 44.86023 ], [ 19.390476, 45.236516 ], [ 19.072769, 45.521511 ], [ 18.82982, 45.90888 ], [ 19.596045, 46.17173 ], [ 20.220192, 46.127469 ], [ 20.762175, 45.734573 ], [ 20.874313, 45.416375 ] ] ] } },
{ "type": "Feature", "properties": { "name": "Suriname", "iso3": "SUR", "name_with_flag": "🇸🇷 Suriname", "1960": null, "1961": 4.5628408073336457, "1962": 3.6214820758798894, "1963": 3.64695390740013, "1964": 2.5631049783213289, "1965": 10.766997186569949, "1966": 19.331264747774469, "1967": 12.038438657840288, "1968": 5.6754568774107117, "1969": 3.9787367177027022, "1970": 2.3754505197880249, "1971": 6.0050201283051274, "1972": 2.2085315181250342, "1973": 9.2666999804863046, "1974": 21.382269320915515, "1975": 14.305767800279989, "1976": 9.3986410550576771, "1977": 27.965909214761076, "1978": 15.724549483784855, "1979": 7.4890444915814314, "1980": 2.1996501732047813, "1981": 11.799477104594214, "1982": 2.6250622484381481, "1983": -4.0011957492512291, "1984": -3.0891249590752845, "1985": -0.20617070916416624, "1986": 0.66801012507617941, "1987": 8.719326864788556, "1988": 16.903646854301925, "1989": -53.971853623648201, "1990": -29.127434694110065, "1991": 14.670209181813521, "1992": -10.264644983916693, "1993": 5.5269732760497403, "1994": 40.207188212454902, "1995": 12.296983190455801, "1996": 21.931570504853504, "1997": 5.3346575785483852, "1998": 17.459305168447624, "1999": -21.84012205542135, "2000": 4.7435722130910518, "2001": -13.759695855678411, "2002": 28.442693962533404, "2003": 14.246812972673272, "2004": 14.771572507942764, "2005": 19.587988685695223, "2006": 44.8606147798384, "2007": 10.544757822757301, "2008": 18.912766557755624, "2009": 8.4167306319952839, "2010": 11.417619603863404, "2011": 0.07910569760969377, "2012": 11.337917695112253, "2013": 2.168648659564365, "2014": 0.71873109534403845, "2015": -3.2341445527573454, "2016": -35.960388666507647, "2017": 7.1810839680431338, "2018": 10.186269129408721, "2019": -0.54118586187662521, "2020": -28.271032657349604, "2021": 5.7714727997677073, "2022": 20.966643546906205, "2023": -9.7028616061660244, "2024": 35.24939897578534 }, "geometry": { "type": "Polygon", "coordinates": [ [ [ -57.147436, 5.97315 ], [ -55.949318, 5.772878 ], [ -55.84178, 5.953125 ], [ -55.03325, 6.025291 ], [ -53.958045, 5.756548 ], [ -54.478633, 4.896756 ], [ -54.399542, 4.212611 ], [ -54.006931, 3.620038 ], [ -54.181726, 3.18978 ], [ -54.269705, 2.732392 ], [ -54.524754, 2.311849 ], [ -55.097587, 2.523748 ], [ -55.569755, 2.421506 ], [ -55.973322, 2.510364 ], [ -56.073342, 2.220795 ], [ -55.9056, 2.021996 ], [ -55.995698, 1.817667 ], [ -56.539386, 1.899523 ], [ -57.150098, 2.768927 ], [ -57.281433, 3.333492 ], [ -57.601569, 3.334655 ], [ -58.044694, 4.060864 ], [ -57.86021, 4.576801 ], [ -57.914289, 4.812626 ], [ -57.307246, 5.073567 ], [ -57.147436, 5.97315 ] ] ] } },
{ "type": "Feature", "properties": { "name": "Slovakia", "iso3": "SVK", "name_with_flag": "🇸🇰 Slovakia", "1960": null, "1961": null, "1962": null, "1963": null, "1964": null, "1965": null, "1966": null, "1967": null, "1968": null, "1969": null, "1970": null, "1971": null, "1972": null, "1973": null, "1974": null, "1975": null, "1976": null, "1977": null, "1978": null, "1979": null, "1980": null, "1981": null, "1982": null, "1983": null, "1984": null, "1985": null, "1986": null, "1987": null, "1988": null, "1989": null, "1990": null, "1991": 11.875136774205863, "1992": 8.5360517290872906, "1993": 6.2096684604185493, "1994": 21.566686907419719, "1995": 27.782183512752013, "1996": 7.47953633909475, "1997": -1.4345946587642433, "1998": 7.5109674917748448, "1999": 1.6311538376772905, "2000": -4.0692455911768839, "2001": 5.3642979535919899, "2002": 14.742289633443884, "2003": 32.35527975333472, "2004": 22.762449069143422, "2005": 9.3089203103507536, "2006": 13.111274844480846, "2007": 22.346670806363655, "2008": 16.348595566665146, "2009": -11.510508443048263, "2010": 1.8852146899625, "2011": 9.2901655008638571, "2012": -5.1569866864578318, "2013": 4.543088503415138, "2014": 2.5017963508999763, "2015": -12.406700302027062, "2016": 1.1799046926363799, "2017": 6.0678546007521872, "2018": 10.925383626760809, "2019": -0.85479771860892395, "2020": 1.6975464222745318, "2021": 12.145444483582523, "2022": -3.6048754810973804, "2023": 15.650384938082261, "2024": 5.9754459605775301 }, "geometry": { "type": "Polygon", "coordinates": [ [ [ 18.853144, 49.49623 ], [ 18.909575, 49.435846 ], [ 19.320713, 49.571574 ], [ 19.825023, 49.217125 ], [ 20.415839, 49.431453 ], [ 20.887955, 49.328772 ], [ 21.607808, 49.470107 ], [ 22.558138, 49.085738 ], [ 22.280842, 48.825392 ], [ 22.085608, 48.422264 ], [ 21.872236, 48.319971 ], [ 20.801294, 48.623854 ], [ 20.473562, 48.56285 ], [ 20.239054, 48.327567 ], [ 19.769471, 48.202691 ], [ 19.661364, 48.266615 ], [ 19.174365, 48.111379 ], [ 18.777025, 48.081768 ], [ 18.696513, 47.880954 ], [ 17.857133, 47.758429 ], [ 17.488473, 47.867466 ], [ 16.979667, 48.123497 ], [ 16.879983, 48.470013 ], [ 16.960288, 48.596982 ], [ 17.101985, 48.816969 ], [ 17.545007, 48.800019 ], [ 17.886485, 48.903475 ], [ 17.913512, 48.996493 ], [ 18.104973, 49.043983 ], [ 18.170498, 49.271515 ], [ 18.399994, 49.315001 ], [ 18.554971, 49.495015 ], [ 18.853144, 49.49623 ] ] ] } },
{ "type": "Feature", "properties": { "name": "Slovenia", "iso3": "SVN", "name_with_flag": "🇸🇮 Slovenia", "1960": null, "1961": null, "1962": null, "1963": null, "1964": null, "1965": null, "1966": null, "1967": null, "1968": null, "1969": null, "1970": null, "1971": null, "1972": null, "1973": null, "1974": null, "1975": null, "1976": null, "1977": null, "1978": null, "1979": null, "1980": null, "1981": null, "1982": null, "1983": null, "1984": null, "1985": null, "1986": null, "1987": null, "1988": null, "1989": null, "1990": null, "1991": -27.161622098950588, "1992": -1.081141124113727, "1993": 1.4464303030595316, "1994": 13.637024763660598, "1995": 30.254977883329225, "1996": 0.54619760355962832, "1997": -3.334468369966892, "1998": 6.6576490772065622, "1999": 2.4248519947266178, "2000": -11.101783124649211, "2001": 2.3669125709378847, "2002": 12.177619368285875, "2003": 26.39840911474678, "2004": 16.260248575258608, "2005": 5.0624908195683105, "2006": 8.8665621466198719, "2007": 21.27564005848923, "2008": 15.750439109189829, "2009": -10.779219392625395, "2010": -4.7831116538307956, "2011": 6.904404800452979, "2012": -10.017737523141124, "2013": 3.5416572702966276, "2014": 3.3399484663864332, "2015": -13.80828690684478, "2016": 3.6263852698979138, "2017": 8.6500091310822249, "2018": 11.092828308878167, "2019": -0.28538030176784579, "2020": -1.6351625033037442, "2021": 14.946812152055244, "2022": -2.7872712525607302, "2023": 14.930206700613491, "2024": 4.5361447744042716 }, "geometry": { "type": "Polygon", "coordinates": [ [ [ 13.806475, 46.509306 ], [ 14.632472, 46.431817 ], [ 15.137092, 46.658703 ], [ 16.011664, 46.683611 ], [ 16.202298, 46.852386 ], [ 16.370505, 46.841327 ], [ 16.564808, 46.503751 ], [ 15.768733, 46.238108 ], [ 15.67153, 45.834154 ], [ 15.323954, 45.731783 ], [ 15.327675, 45.452316 ], [ 14.935244, 45.471695 ], [ 14.595109, 45.634941 ], [ 14.411968, 45.466166 ], [ 13.71506, 45.500324 ], [ 13.93763, 45.591016 ], [ 13.69811, 46.016778 ], [ 13.806475, 46.509306 ] ] ] } },
{ "type": "Feature", "properties": { "name": "Sweden", "iso3": "SWE", "name_with_flag": "🇸🇪 Sweden", "1960": null, "1961": 8.2742889045284151, "1962": 7.854043267738442, "1963": 7.6286430723550014, "1964": 10.689649762913955, "1965": 9.0121002158999097, "1966": 7.7455692858202863, "1967": 7.7146462801876536, "1968": 5.5223378865772554, "1969": 7.8380107540112931, "1970": 10.9414211604266, "1971": 8.371542814128329, "1972": 17.425816505214886, "1973": 21.13920279447963, "1974": 10.802299291951556, "1975": 25.060735755566597, "1976": 7.4226186198961264, "1977": 5.3397946782035133, "1978": 10.236162038826023, "1979": 17.880768029627923, "1980": 14.92669114619558, "1981": -8.8397318733613233, "1982": -11.852988605219716, "1983": -8.230187229109454, "1984": 3.8926298245240742, "1985": 4.334956785613886, "1986": 31.56659542535769, "1987": 21.197571692476625, "1988": 12.582895451499754, "1989": 4.5956423663882973, "1990": 19.216777614489299, "1991": 4.0176000374386067, "1992": 3.0738297981105722, "1993": -25.53489885551199, "1994": 6.7882355555875629, "1995": 16.15799857988387, "1996": 9.1499981896362428, "1997": -8.1705157035370508, "1998": 0.9272109323289035, "1999": 1.1876269778187343, "2000": -4.315041755148008, "2001": -8.0090138298857703, "2002": 9.899154441108049, "2003": 24.48260117796799, "2004": 14.656543892357909, "2005": 1.4509816570341005, "2006": 7.2685236376352602, "2007": 15.122979702648687, "2008": 4.1981239138017656, "2009": -16.320297148156428, "2010": 12.492456682711239, "2011": 14.915351509661768, "2012": -4.3556798467347164, "2013": 5.3583739369108763, "2014": -2.0717851856624891, "2015": -14.073914670754261, "2016": 1.2157601592997835, "2017": 2.8569087821117556, "2018": 1.6529719613056493, "2019": -4.4458762279540709, "2020": 1.7010977676880534, "2021": 16.183482394115821, "2022": -9.6085556959128802, "2023": 0.48854760269392283, "2024": 3.8802563416472369 }, "geometry": { "type": "MultiPolygon", "coordinates": [ [ [ [ 22.183173, 65.723741 ], [ 21.213517, 65.026005 ], [ 21.369631, 64.413588 ], [ 19.778876, 63.609554 ], [ 17.847779, 62.7494 ], [ 17.119555, 61.341166 ], [ 17.831346, 60.636583 ], [ 18.787722, 60.081914 ], [ 17.869225, 58.953766 ], [ 16.829185, 58.719827 ], [ 16.44771, 57.041118 ], [ 15.879786, 56.104302 ], [ 14.666681, 56.200885 ], [ 14.100721, 55.407781 ], [ 12.942911, 55.361737 ], [ 12.625101, 56.30708 ], [ 11.787942, 57.441817 ], [ 11.027369, 58.856149 ], [ 11.468272, 59.432393 ], [ 12.300366, 60.117933 ], [ 12.631147, 61.293572 ], [ 11.992064, 61.800362 ], [ 11.930569, 63.128318 ], [ 12.579935, 64.066219 ], [ 13.571916, 64.049114 ], [ 13.919905, 64.445421 ], [ 13.55569, 64.787028 ], [ 15.108411, 66.193867 ], [ 16.108712, 67.302456 ], [ 16.768879, 68.013937 ], [ 17.729182, 68.010552 ], [ 17.993868, 68.567391 ], [ 19.87856, 68.407194 ], [ 20.025269, 69.065139 ], [ 20.645593, 69.106247 ], [ 21.978535, 68.616846 ], [ 23.539473, 67.936009 ], [ 23.56588, 66.396051 ], [ 23.903379, 66.006927 ], [ 22.183173, 65.723741 ] ] ], [ [ [ 17.061767, 57.385783 ], [ 17.210083, 57.326521 ], [ 16.430053, 56.179196 ], [ 16.364135, 56.556455 ], [ 17.061767, 57.385783 ] ] ], [ [ [ 19.35791, 57.958588 ], [ 18.8031, 57.651279 ], [ 18.825073, 57.444949 ], [ 18.995361, 57.441993 ], [ 18.951416, 57.370976 ], [ 18.693237, 57.305756 ], [ 18.709716, 57.204734 ], [ 18.462524, 57.127295 ], [ 18.319702, 56.926992 ], [ 18.105468, 56.891003 ], [ 18.187866, 57.109402 ], [ 18.072509, 57.267163 ], [ 18.154907, 57.394664 ], [ 18.094482, 57.545312 ], [ 18.660278, 57.929434 ], [ 19.039306, 57.941098 ], [ 19.105224, 57.993543 ], [ 19.374389, 57.996454 ], [ 19.35791, 57.958588 ] ] ], [ [ [ 20.846557, 63.82371 ], [ 21.066284, 63.829768 ], [ 20.9729, 63.71567 ], [ 20.824584, 63.579121 ], [ 20.695495, 63.59134 ], [ 20.819091, 63.714454 ], [ 20.799865, 63.780059 ], [ 20.846557, 63.82371 ] ] ] ] } },
{ "type": "Feature", "properties": { "name": "Swaziland", "iso3": "SWZ", "name_with_flag": "🇸🇿 Swaziland", "1960": null, "1961": 19.909777988265187, "1962": 4.3515878155470977, "1963": 15.181752717334597, "1964": 17.225960442992495, "1965": 5.459415344189722, "1966": 6.5020968172869065, "1967": -5.1732621492354802, "1968": 4.1653939060772194, "1969": 28.808432071746704, "1970": 3.6402556657616714, "1971": 18.475691981911368, "1972": 4.6192060423017711, "1973": 47.050716199286605, "1974": 15.738614933648631, "1975": 5.9168444846716239, "1976": -8.291327660836334, "1977": 8.0476157590455788, "1978": 8.3966766150825443, "1979": 17.04907605143784, "1980": 27.231794476733761, "1981": 1.8707141248029746, "1982": -8.8965300576048456, "1983": -0.03473173772378102, "1984": -13.812525266476039, "1985": -29.801145707093802, "1986": 19.889194133408704, "1987": 25.102967146931366, "1988": 13.141435756198838, "1989": -3.860656998862555, "1990": 53.596935429564006, "1991": -0.36624521843132696, "1992": 6.9759528756605516, "1993": 2.6030629811651274, "1994": 4.5873921767862313, "1995": 19.802732665889188, "1996": -7.5146371266178624, "1997": 5.3241119703042905, "1998": -9.3165047894157915, "1999": -2.9001284253453496, "2000": 11.141681300102757, "2001": -12.069445101756193, "2002": -7.8821352105754912, "2003": 52.395647242294572, "2004": 25.291794359333664, "2005": 14.106475067896639, "2006": 3.0453829825625167, "2007": 4.8038450243472308, "2008": -5.6913217378774306, "2009": 7.9981124934296322, "2010": 23.248472298001754, "2011": 7.9988549540597864, "2012": 0.82677245068678573, "2013": -9.1277830054376725, "2014": -4.5357294416357608, "2015": -9.3097285832105072, "2016": -5.2896676688423021, "2017": 18.957437586440218, "2018": 3.0999541851876922, "2019": -1.518499173655008, "2020": -11.712941795025788, "2021": 14.805972903004182, "2022": -1.9324279396899735, "2023": -3.8040069616031347, "2024": 5.1960365339243531 }, "geometry": { "type": "Polygon", "coordinates": [ [ [ 32.071665, -26.73382 ], [ 31.86806, -27.177927 ], [ 31.282773, -27.285879 ], [ 30.685962, -26.743845 ], [ 30.676609, -26.398078 ], [ 30.949667, -26.022649 ], [ 31.04408, -25.731452 ], [ 31.333158, -25.660191 ], [ 31.837778, -25.843332 ], [ 31.985779, -26.29178 ], [ 32.071665, -26.73382 ] ] ] } },
{ "type": "Feature", "properties": { "name": "Syria", "iso3": "SYR", "name_with_flag": "🇸🇾 Syria", "1960": null, "1961": 6.9573556991741059, "1962": 14.081280749351555, "1963": 4.8967678915789126, "1964": 8.2238400289113667, "1965": 6.534977318804347, "1966": -11.639375538331375, "1967": 14.043450372386301, "1968": 7.480617972338055, "1969": 23.940415847983832, "1970": -7.7301892889538255, "1971": 17.011021081445634, "1972": 14.19631839827189, "1973": 2.3630991427520787, "1974": 53.995921364500262, "1975": 27.899742274370642, "1976": 8.0529704551659087, "1977": -2.5856753500246632, "1978": 16.456686072254833, "1979": 3.4825183519774594, "1980": 27.205893788662006, "1981": 14.919200190336724, "1982": 1.6042004652457864, "1983": 4.2962497531010557, "1984": -3.91999848517256, "1985": -9.5213138458685069, "1986": -21.7393262621408, "1987": -17.467269325582059, "1988": -9.9705712407454516, "1989": -9.8767817375030038, "1990": 20.943926772687703, "1991": 2.2062952427132299, "1992": -0.99389605495425748, "1993": 0.26593420466489714, "1994": -28.242519881733795, "1995": 9.4487007490578367, "1996": 17.762846870252179, "1997": 2.4646955505973844, "1998": 2.1269504220640334, "1999": 1.8043661574741465, "2000": 16.358425674359633, "2001": 4.273514442925852, "2002": -0.30179488623286455, "2003": 3.1212182563122193, "2004": 12.124101167140955, "2005": 12.117904109758658, "2006": 12.053041663764397, "2007": 12.731557939069106, "2008": 25.366974445893863, "2009": 1.3616906779252647, "2010": 10.901333102938814, "2011": 8.1127782970493723, "2012": -35.719210322189852, "2013": -48.046959325171343, "2014": 7.576726348929208, "2015": -20.06988698858726, "2016": -22.575844300243208, "2017": 29.73310375881535, "2018": 28.956462516838432, "2019": 1.0447811967056353, "2020": -48.415048454802459, "2021": 15.944459236450093, "2022": 58.476329083998621, "2023": -19.426101521006768, "2024": 0.0 }, "geometry": { "type": "Polygon", "coordinates": [ [ [ 38.792341, 33.378686 ], [ 36.834062, 32.312938 ], [ 35.719918, 32.709192 ], [ 35.700798, 32.716014 ], [ 35.836397, 32.868123 ], [ 35.821101, 33.277426 ], [ 36.06646, 33.824912 ], [ 36.61175, 34.201789 ], [ 36.448194, 34.593935 ], [ 35.998403, 34.644914 ], [ 35.905023, 35.410009 ], [ 36.149763, 35.821535 ], [ 36.41755, 36.040617 ], [ 36.685389, 36.259699 ], [ 36.739494, 36.81752 ], [ 37.066761, 36.623036 ], [ 38.167727, 36.90121 ], [ 38.699891, 36.712927 ], [ 39.52258, 36.716054 ], [ 40.673259, 37.091276 ], [ 41.212089, 37.074352 ], [ 42.349591, 37.229873 ], [ 41.837064, 36.605854 ], [ 41.289707, 36.358815 ], [ 41.383965, 35.628317 ], [ 41.006159, 34.419372 ], [ 38.792341, 33.378686 ] ] ] } },
{ "type": "Feature", "properties": { "name": "Chad", "iso3": "TCD", "name_with_flag": "🇹🇩 Chad", "1960": null, "1961": 4.3774880498886448, "1962": 4.9380905049174473, "1963": 1.8566005414725639, "1964": 3.3852470482641062, "1965": 4.1892210850120071, "1966": 1.7943858577938121, "1967": 1.9323819761930761, "1968": -1.0429957435226123, "1969": 1.8152626502920821, "1970": -2.5498346620793755, "1971": 4.7141996019927523, "1972": 14.075178285936985, "1973": 7.9816958443202468, "1974": -1.4613907670392612, "1975": 29.673487133150012, "1976": -1.8137682420851564, "1977": 5.9997774727633235, "1978": 16.93836338354966, "1979": -11.72091449991548, "1980": 2.6269027259533173, "1981": -15.211276615634395, "1982": -9.2218812677293478, "1983": -5.0559896377536333, "1984": 8.9692660263297697, "1985": 11.272131112213103, "1986": 0.31742947407844557, "1987": 5.2014010162714897, "1988": 23.191004878761269, "1989": -6.5223367021344352, "1990": 17.959285879464847, "1991": 4.0909367467762747, "1992": -3.9138778703072141, "1993": -24.055989512143007, "1994": -21.202861994637935, "1995": 17.269101623366232, "1996": 6.3479997557066792, "1997": -7.1588595161429014, "1998": 9.13451263033358, "1999": -15.079202158323589, "2000": -12.600221036046156, "2001": 19.127618566198446, "2002": 12.730579799353571, "2003": 31.966485991456839, "2004": 54.226862231735431, "2005": 87.97592590376118, "2006": 8.2097364033153042, "2007": 8.1140691577217261, "2008": 18.958533935980437, "2009": -11.208430277340653, "2010": 10.251031544155275, "2011": 14.568347666583081, "2012": 3.5318224743263515, "2013": -3.6516599547529394, "2014": -1.9999897995426341, "2015": -22.270984679893058, "2016": -13.295794307750054, "2017": -0.85522111235561971, "2018": 11.023956316102712, "2019": -5.8314237718883994, "2020": -2.9539404778307965, "2021": 9.1597999272888799, "2022": 2.0793354807782771, "2023": 2.3831461281213384, "2024": 2.7329300407250345 }, "geometry": { "type": "Polygon", "coordinates": [ [ [ 14.495787, 12.859396 ], [ 14.595781, 13.330427 ], [ 13.954477, 13.353449 ], [ 13.956699, 13.996691 ], [ 13.540394, 14.367134 ], [ 13.97217, 15.68437 ], [ 15.247731, 16.627306 ], [ 15.300441, 17.92795 ], [ 15.685741, 19.95718 ], [ 15.903247, 20.387619 ], [ 15.487148, 20.730415 ], [ 15.47106, 21.04845 ], [ 15.096888, 21.308519 ], [ 14.8513, 22.86295 ], [ 15.86085, 23.40972 ], [ 19.84926, 21.49509 ], [ 23.83766, 19.58047 ], [ 23.88689, 15.61084 ], [ 23.02459, 15.68072 ], [ 22.56795, 14.94429 ], [ 22.30351, 14.32682 ], [ 22.51202, 14.09318 ], [ 22.18329, 13.78648 ], [ 22.29658, 13.37232 ], [ 22.03759, 12.95546 ], [ 21.93681, 12.58818 ], [ 22.28801, 12.64605 ], [ 22.49762, 12.26024 ], [ 22.50869, 11.67936 ], [ 22.87622, 11.38461 ], [ 22.864165, 11.142395 ], [ 22.231129, 10.971889 ], [ 21.723822, 10.567056 ], [ 21.000868, 9.475985 ], [ 20.059685, 9.012706 ], [ 19.094008, 9.074847 ], [ 18.81201, 8.982915 ], [ 18.911022, 8.630895 ], [ 18.389555, 8.281304 ], [ 17.96493, 7.890914 ], [ 16.705988, 7.508328 ], [ 16.456185, 7.734774 ], [ 16.290562, 7.754307 ], [ 16.106232, 7.497088 ], [ 15.27946, 7.421925 ], [ 15.436092, 7.692812 ], [ 15.120866, 8.38215 ], [ 14.979996, 8.796104 ], [ 14.544467, 8.965861 ], [ 13.954218, 9.549495 ], [ 14.171466, 10.021378 ], [ 14.627201, 9.920919 ], [ 14.909354, 9.992129 ], [ 15.467873, 9.982337 ], [ 14.923565, 10.891325 ], [ 14.960152, 11.555574 ], [ 14.89336, 12.21905 ], [ 14.495787, 12.859396 ] ] ] } },
{ "type": "Feature", "properties": { "name": "Togo", "iso3": "TGO", "name_with_flag": "🇹🇬 Togo", "1960": null, "1961": 2.5350049348209502, "1962": 2.7954208475491127, "1963": 6.361288802903009, "1964": 13.482467309674085, "1965": 9.6992895844263174, "1966": 11.501424324589337, "1967": 3.0477879400425012, "1968": 0.19037896120313036, "1969": 6.3292965759643272, "1970": -8.5169153911665578, "1971": 9.2575296002695318, "1972": 13.857707137736996, "1973": 17.939632797612237, "1974": 34.41707781330723, "1975": 7.4604743152403952, "1976": -2.070277138449228, "1977": 22.541514825329667, "1978": 3.4859053730701195, "1979": 5.4587482479152127, "1980": 23.89656265390634, "1981": -17.906730356166413, "1982": -17.415682014329935, "1983": -9.9229186493367205, "1984": -9.3094239840842299, "1985": 2.8166207774683594, "1986": 34.970137791164092, "1987": 14.211586251210594, "1988": 7.100845672644196, "1989": -4.7502800339505713, "1990": 16.889289744260829, "1991": -4.3969295187416542, "1992": 2.7117329311162841, "1993": -26.686508723993008, "1994": -20.630471462887336, "1995": 27.577332669425282, "1996": 7.835522100347192, "1997": -0.89971774960476703, "1998": 2.936856411750921, "1999": -3.4406327755331478, "2000": -7.9502264409259116, "2001": -3.2196820176336516, "2002": 12.237694954930301, "2003": 20.871206401583841, "2004": 4.1067173172123494, "2005": -1.607531700394782, "2006": 0.22537850987056629, "2007": 9.9702672885608301, "2008": 18.328294955316071, "2009": 0.24276867288124393, "2010": -2.1794271818560973, "2011": 11.206192158301809, "2012": -2.75479916453647, "2013": 8.4144649820354189, "2014": 3.5136727651260635, "2015": -12.21770425724814, "2016": 2.866561888876773, "2017": 2.6125001213157306, "2018": 7.3622427582559213, "2019": -2.9220129961851082, "2020": 3.3061680994101339, "2021": 10.079352012531849, "2022": -4.3480883218017681, "2023": 9.6732761525000655, "2024": 5.8276921197059517 }, "geometry": { "type": "Polygon", "coordinates": [ [ [ 1.865241, 6.142158 ], [ 1.060122, 5.928837 ], [ 0.836931, 6.279979 ], [ 0.570384, 6.914359 ], [ 0.490957, 7.411744 ], [ 0.712029, 8.312465 ], [ 0.461192, 8.677223 ], [ 0.365901, 9.465004 ], [ 0.36758, 10.191213 ], [ -0.049785, 10.706918 ], [ 0.023803, 11.018682 ], [ 0.899563, 10.997339 ], [ 0.772336, 10.470808 ], [ 1.077795, 10.175607 ], [ 1.425061, 9.825395 ], [ 1.463043, 9.334624 ], [ 1.664478, 9.12859 ], [ 1.618951, 6.832038 ], [ 1.865241, 6.142158 ] ] ] } },
{ "type": "Feature", "properties": { "name": "Thailand", "iso3": "THA", "name_with_flag": "🇹🇭 Thailand", "1960": null, "1961": 6.7249444477178288, "1962": 5.8787660170029232, "1963": 3.8553321951814823, "1964": 6.6167088279103226, "1965": 9.5284783916396378, "1966": 16.773287380759207, "1967": 3.7278489046415286, "1968": 4.7887305284482151, "1969": 7.0448440162721671, "1970": 2.9561253494745143, "1971": 1.3010277966507333, "1972": 7.973377421077954, "1973": 29.085467888810747, "1974": 23.247325593356095, "1975": 5.9908795228538869, "1976": 11.521141138901147, "1977": 13.874986613262452, "1978": 18.752790480871617, "1979": 11.647535590057977, "1980": 15.788672524632453, "1981": 5.5630926633045696, "1982": 2.9729368589075156, "1983": 7.3381912964123774, "1984": 2.4188033580837986, "1985": -8.6323409163811089, "1986": 8.8230035881583291, "1987": 15.242171314567955, "1988": 19.96475203957133, "1989": 15.248984273997323, "1990": 16.201645971818792, "1991": 13.245396595641544, "1992": 11.666486197314608, "1993": 13.873344859629032, "1994": 12.140481985501683, "1995": 13.768789848786511, "1996": 6.6434180149075761, "1997": -19.037029550146311, "1998": -25.289184270335319, "1999": 10.041713030046328, "2000": -1.3411055398952265, "2001": -5.7848431783777414, "2002": 10.572722228262466, "2003": 12.335827532568944, "2004": 12.524714071204368, "2005": 8.5608851260532859, "2006": 16.16682291951108, "2007": 17.626876509324063, "2008": 9.9682049280982667, "2009": -4.0308604779335955, "2010": 20.274095263419923, "2011": 8.0372218542126497, "2012": 6.5487423757289775, "2013": 5.1096495814725085, "2014": -3.6038814285374587, "2015": -1.9365748202441524, "2016": 2.5439889761074808, "2017": 9.9341219567039794, "2018": 10.707544725958318, "2019": 7.1258592028209611, "2020": -8.1524766692273936, "2021": 1.0244382582724754, "2022": -2.0950883031057632, "2023": 4.1356766481116969, "2024": 2.0852295799859588 }, "geometry": { "type": "Polygon", "coordinates": [ [ [ 102.584932, 12.186595 ], [ 101.687158, 12.64574 ], [ 100.83181, 12.627085 ], [ 100.978467, 13.412722 ], [ 100.097797, 13.406856 ], [ 100.018733, 12.307001 ], [ 99.478921, 10.846367 ], [ 99.153772, 9.963061 ], [ 99.222399, 9.239255 ], [ 99.873832, 9.207862 ], [ 100.279647, 8.295153 ], [ 100.459274, 7.429573 ], [ 101.017328, 6.856869 ], [ 101.623079, 6.740622 ], [ 102.141187, 6.221636 ], [ 101.814282, 5.810808 ], [ 101.154219, 5.691384 ], [ 101.075516, 6.204867 ], [ 100.259596, 6.642825 ], [ 100.085757, 6.464489 ], [ 99.690691, 6.848213 ], [ 99.519642, 7.343454 ], [ 98.988253, 7.907993 ], [ 98.503786, 8.382305 ], [ 98.339662, 7.794512 ], [ 98.150009, 8.350007 ], [ 98.25915, 8.973923 ], [ 98.553551, 9.93296 ], [ 99.038121, 10.960546 ], [ 99.587286, 11.892763 ], [ 99.196354, 12.804748 ], [ 99.212012, 13.269294 ], [ 99.097755, 13.827503 ], [ 98.430819, 14.622028 ], [ 98.192074, 15.123703 ], [ 98.537376, 15.308497 ], [ 98.903348, 16.177824 ], [ 98.493761, 16.837836 ], [ 97.859123, 17.567946 ], [ 97.375896, 18.445438 ], [ 97.797783, 18.62708 ], [ 98.253724, 19.708203 ], [ 98.959676, 19.752981 ], [ 99.543309, 20.186598 ], [ 100.115988, 20.41785 ], [ 100.548881, 20.109238 ], [ 100.606294, 19.508344 ], [ 101.282015, 19.462585 ], [ 101.035931, 18.408928 ], [ 101.059548, 17.512497 ], [ 102.113592, 18.109102 ], [ 102.413005, 17.932782 ], [ 102.998706, 17.961695 ], [ 103.200192, 18.309632 ], [ 103.956477, 18.240954 ], [ 104.716947, 17.428859 ], [ 104.779321, 16.441865 ], [ 105.589039, 15.570316 ], [ 105.544338, 14.723934 ], [ 105.218777, 14.273212 ], [ 104.281418, 14.416743 ], [ 102.988422, 14.225721 ], [ 102.348099, 13.394247 ], [ 102.584932, 12.186595 ] ] ] } },
{ "type": "Feature", "properties": { "name": "Tajikistan", "iso3": "TJK", "name_with_flag": "🇹🇯 Tajikistan", "1960": null, "1961": null, "1962": null, "1963": null, "1964": null, "1965": null, "1966": null, "1967": null, "1968": null, "1969": null, "1970": null, "1971": null, "1972": null, "1973": null, "1974": null, "1975": null, "1976": null, "1977": null, "1978": null, "1979": null, "1980": null, "1981": null, "1982": null, "1983": null, "1984": null, "1985": null, "1986": null, "1987": null, "1988": null, "1989": null, "1990": null, "1991": -6.0094726070170861, "1992": -26.199892962703032, "1993": -14.863260880864305, "1994": -9.1609964094529257, "1995": -20.758807659996826, "1996": -16.905093530724137, "1997": -12.757012935241608, "1998": 42.415357692313307, "1999": -18.117209657417167, "2000": -21.76735735998443, "2001": 23.188170782720618, "2002": 10.834571605883525, "2003": 24.942070898853764, "2004": 30.894564787449763, "2005": 9.2174778774512625, "2006": 20.091583504229703, "2007": 28.921068545318683, "2008": 36.040845376451337, "2009": -5.4784900295902883, "2010": 10.912109135931768, "2011": 13.05547519251855, "2012": 14.257504732515791, "2013": 7.9525433210130281, "2014": 5.188401085210792, "2015": -11.523129434503431, "2016": -17.577903864192802, "2017": 5.166238671695722, "2018": 0.58246009970757129, "2019": 4.4030299539630224, "2020": -4.2146629770859922, "2021": 7.4835743948634459, "2022": 17.332788277852028, "2023": 12.00369389176117, "2024": 13.807820531435834 }, "geometry": { "type": "Polygon", "coordinates": [ [ [ 71.014198, 40.244366 ], [ 70.648019, 39.935754 ], [ 69.55961, 40.103211 ], [ 69.464887, 39.526683 ], [ 70.549162, 39.604198 ], [ 71.784694, 39.279463 ], [ 73.675379, 39.431237 ], [ 73.928852, 38.505815 ], [ 74.257514, 38.606507 ], [ 74.864816, 38.378846 ], [ 74.829986, 37.990007 ], [ 74.980002, 37.41999 ], [ 73.948696, 37.421566 ], [ 73.260056, 37.495257 ], [ 72.63689, 37.047558 ], [ 72.193041, 36.948288 ], [ 71.844638, 36.738171 ], [ 71.448693, 37.065645 ], [ 71.541918, 37.905774 ], [ 71.239404, 37.953265 ], [ 71.348131, 38.258905 ], [ 70.806821, 38.486282 ], [ 70.376304, 38.138396 ], [ 70.270574, 37.735165 ], [ 70.116578, 37.588223 ], [ 69.518785, 37.608997 ], [ 69.196273, 37.151144 ], [ 68.859446, 37.344336 ], [ 68.135562, 37.023115 ], [ 67.83, 37.144994 ], [ 68.392033, 38.157025 ], [ 68.176025, 38.901553 ], [ 67.44222, 39.140144 ], [ 67.701429, 39.580478 ], [ 68.536416, 39.533453 ], [ 69.011633, 40.086158 ], [ 69.329495, 40.727824 ], [ 70.666622, 40.960213 ], [ 70.45816, 40.496495 ], [ 70.601407, 40.218527 ], [ 71.014198, 40.244366 ] ] ] } },
{ "type": "Feature", "properties": { "name": "Turkmenistan", "iso3": "TKM", "name_with_flag": "🇹🇲 Turkmenistan", "1960": null, "1961": null, "1962": null, "1963": null, "1964": null, "1965": null, "1966": null, "1967": null, "1968": null, "1969": null, "1970": null, "1971": null, "1972": null, "1973": null, "1974": null, "1975": null, "1976": null, "1977": null, "1978": null, "1979": null, "1980": null, "1981": null, "1982": null, "1983": null, "1984": null, "1985": null, "1986": null, "1987": null, "1988": 25.282254624104116, "1989": -2.9438595252564426, "1990": 3.3037997823176513, "1991": -1.904877576739139, "1992": -2.4813229668460446, "1993": -2.8267855735271019, "1994": -21.09083522130425, "1995": -4.8040286108684498, "1996": -5.8004536830157498, "1997": 1.2777364849757555, "1998": 4.5606411995952723, "1999": -7.6629921050502254, "2000": 16.189442352897743, "2001": 19.279369966134951, "2002": 23.743058302165455, "2003": 31.362384297070768, "2004": 12.228451324208001, "2005": 16.297939568846886, "2006": 24.474623537958131, "2007": 20.954074778356713, "2008": 49.298658215862076, "2009": 2.8421701148439338, "2010": 9.4542312569984901, "2011": 26.735724959521722, "2012": 17.696790948464702, "2013": 9.0152250828517744, "2014": 8.5534910806970501, "2015": -19.606629780126138, "2016": -1.2590940289793684, "2017": 2.4881614236214489, "2018": 5.0882897459856302, "2019": 8.5384291399170245, "2020": -0.83383190148642594, "2021": 6.9562926452913176, "2022": 15.673214174702599, "2023": 0.93546893481701865, "2024": 4.1172001318386275 }, "geometry": { "type": "Polygon", "coordinates": [ [ [ 61.210817, 35.650072 ], [ 61.123071, 36.491597 ], [ 60.377638, 36.527383 ], [ 59.234762, 37.412988 ], [ 58.436154, 37.522309 ], [ 57.330434, 38.029229 ], [ 56.619366, 38.121394 ], [ 56.180375, 37.935127 ], [ 55.511578, 37.964117 ], [ 54.800304, 37.392421 ], [ 53.921598, 37.198918 ], [ 53.735511, 37.906136 ], [ 53.880929, 38.952093 ], [ 53.101028, 39.290574 ], [ 53.357808, 39.975286 ], [ 52.693973, 40.033629 ], [ 52.915251, 40.876523 ], [ 53.858139, 40.631034 ], [ 54.736845, 40.951015 ], [ 54.008311, 41.551211 ], [ 53.721713, 42.123191 ], [ 52.91675, 41.868117 ], [ 52.814689, 41.135371 ], [ 52.50246, 41.783316 ], [ 52.944293, 42.116034 ], [ 54.079418, 42.324109 ], [ 54.755345, 42.043971 ], [ 55.455251, 41.259859 ], [ 55.968191, 41.308642 ], [ 57.096391, 41.32231 ], [ 56.932215, 41.826026 ], [ 57.78653, 42.170553 ], [ 58.629011, 42.751551 ], [ 59.976422, 42.223082 ], [ 60.083341, 41.425146 ], [ 60.465953, 41.220327 ], [ 61.547179, 41.26637 ], [ 61.882714, 41.084857 ], [ 62.37426, 40.053886 ], [ 63.518015, 39.363257 ], [ 64.170223, 38.892407 ], [ 65.215999, 38.402695 ], [ 66.54615, 37.974685 ], [ 66.518607, 37.362784 ], [ 66.217385, 37.39379 ], [ 65.745631, 37.661164 ], [ 65.588948, 37.305217 ], [ 64.746105, 37.111818 ], [ 64.546479, 36.312073 ], [ 63.982896, 36.007957 ], [ 63.193538, 35.857166 ], [ 62.984662, 35.404041 ], [ 62.230651, 35.270664 ], [ 61.210817, 35.650072 ] ] ] } },
{ "type": "Feature", "properties": { "name": "East Timor", "iso3": "TLS", "name_with_flag": "🇹🇱 East Timor", "1960": null, "1961": null, "1962": null, "1963": null, "1964": null, "1965": null, "1966": null, "1967": null, "1968": null, "1969": null, "1970": null, "1971": null, "1972": null, "1973": null, "1974": null, "1975": null, "1976": null, "1977": null, "1978": null, "1979": null, "1980": null, "1981": null, "1982": null, "1983": null, "1984": null, "1985": null, "1986": null, "1987": null, "1988": null, "1989": null, "1990": null, "1991": 12.556939961635649, "1992": 23.852157418295896, "1993": 12.337972788668727, "1994": 7.1917377273779559, "1995": 6.9522788665866475, "1996": 13.634391583148764, "1997": 1.4100945999548697, "1998": -0.93828229534629326, "1999": -21.876616171747333, "2000": 82.400300367026261, "2001": 19.361397344404054, "2002": -9.1564274093702931, "2003": 0.1720425862894448, "2004": -11.306834157092238, "2005": 2.749413380996879, "2006": -4.6767612757456671, "2007": 16.245522512661779, "2008": 16.291379835160068, "2009": 9.3012460636635819, "2010": 18.421889821899651, "2011": 15.49517088490564, "2012": 8.8998684102340455, "2013": 17.792489458147887, "2014": 1.6753853082871029, "2015": 7.7439011090484566, "2016": 1.2087763049682287, "2017": -5.1938555761503409, "2018": -3.6891885708279837, "2019": 28.118749038722733, "2020": 4.3846875037584443, "2021": 64.625508831900873, "2022": -12.722674021799939, "2023": -35.878685523020437, "2024": -10.606901902329312 }, "geometry": { "type": "Polygon", "coordinates": [ [ [ 124.968682, -8.89279 ], [ 125.086246, -8.656887 ], [ 125.947072, -8.432095 ], [ 126.644704, -8.398247 ], [ 126.957243, -8.273345 ], [ 127.335928, -8.397317 ], [ 126.967992, -8.668256 ], [ 125.925885, -9.106007 ], [ 125.08852, -9.393173 ], [ 125.07002, -9.089987 ], [ 124.968682, -8.89279 ] ] ] } },
{ "type": "Feature", "properties": { "name": "Trinidad and Tobago", "iso3": "TTO", "name_with_flag": "🇹🇹 Trinidad and Tobago", "1960": null, "1961": 6.8990376047111113, "1962": 3.8227020225134467, "1963": 7.4847278876009504, "1964": 3.1047966266447791, "1965": 1.7430515772012489, "1966": -3.25450507568803, "1967": 3.7999413864374443, "1968": -1.6982754986033632, "1969": 1.4500004953944767, "1970": 4.3283723991782264, "1971": 7.9058542787278308, "1972": 19.342666618342321, "1973": 19.284770804605643, "1974": 54.087236629911331, "1975": 18.1783851790013, "1976": 1.1316116361968165, "1977": 23.985497474151106, "1978": 12.06309689504157, "1979": 27.53349061694308, "1980": 33.786734344858615, "1981": 10.805032359922585, "1982": 15.125660555565169, "1983": -5.6631631885449618, "1984": -1.1463532973182367, "1985": -6.0655008997514752, "1986": -35.850037374440888, "1987": -1.1010288693101722, "1988": -7.2390680632016373, "1989": -4.7588427131684652, "1990": 16.238685782418649, "1991": 3.9070186167349696, "1992": 1.7143902305065017, "1993": -14.746132821900881, "1994": 5.2993098462839949, "1995": 7.1543967848416878, "1996": 7.5969103203064936, "1997": -0.75290850516167573, "1998": 4.978761345855709, "1999": 12.278565688447852, "2000": 19.29890193781041, "2001": 7.7497444031073615, "2002": 1.5849416620267176, "2003": 24.872585197708585, "2004": 16.885492070139072, "2005": 25.077444384275548, "2006": 14.629511230964475, "2007": 17.33959898544397, "2008": 28.255620485211885, "2009": -31.292266014434201, "2010": 14.906107796641965, "2011": 13.889998748718568, "2012": 6.1670229413278266, "2013": 4.7847336401920959, "2014": 2.8318458948062952, "2015": -9.2251241772763226, "2016": -12.259479701844434, "2017": 0.74203804830215159, "2018": -0.016141706614225537, "2019": -1.606363310051484, "2020": -11.186947316223639, "2021": 15.107369706076113, "2022": 18.073210103591219, "2023": -10.707469766162191, "2024": 3.6238409114241588 }, "geometry": { "type": "Polygon", "coordinates": [ [ [ -61.68, 10.76 ], [ -61.105, 10.89 ], [ -60.895, 10.855 ], [ -60.935, 10.11 ], [ -61.77, 10.0 ], [ -61.95, 10.09 ], [ -61.66, 10.365 ], [ -61.68, 10.76 ] ] ] } },
{ "type": "Feature", "properties": { "name": "Tunisia", "iso3": "TUN", "name_with_flag": "🇹🇳 Tunisia", "1960": null, "1961": null, "1962": 0.37241473409970194, "1963": 15.142670572843929, "1964": -1.4809515916836657, "1965": -4.9087643992577696, "1966": 2.9832449017332063, "1967": 1.9191382730461282, "1968": 9.1506114109501056, "1969": 3.546059639164767, "1970": 8.8221388621181127, "1971": 14.188402403741019, "1972": 29.460733178222043, "1973": 18.943672862050963, "1974": 26.47903752057552, "1975": 18.852713362521168, "1976": 1.4010874586737776, "1977": 10.408095130031402, "1978": 13.973850081807404, "1979": 17.704653885179191, "1980": 18.876737623524797, "1981": -5.7794573130963034, "1982": -5.5986896634635297, "1983": 0.55521183752553771, "1984": -3.4261705546359877, "1985": -0.72450728480510929, "1986": 4.5381911487983428, "1987": 4.9102233967497133, "1988": 1.7119029546303732, "1989": -2.1197174474766101, "1990": 19.140220621855519, "1991": 4.1618968424475877, "1992": 16.057135200961326, "1993": -7.5992673007847733, "1994": 5.1104487718298008, "1995": 13.539339268361994, "1996": 7.0747155667115091, "1997": 4.4914294094094309, "1998": 3.7673085687657704, "1999": 3.9844884936451219, "2000": -7.4501732398701943, "2001": 1.6677768106350799, "2002": 3.8042586424689606, "2003": 17.455048056303845, "2004": 12.53015592223794, "2005": 2.5887138733246662, "2006": 5.5847783497908532, "2007": 12.169720261696337, "2008": 14.170784838805028, "2009": -4.1118142538853375, "2010": 5.1903479478615067, "2011": 3.0007147687366675, "2012": -2.7909913949216381, "2013": 1.6877150013001829, "2014": 2.0409545035415366, "2015": -9.9581366563425746, "2016": -4.1630477737370164, "2017": -5.9454977013123633, "2018": 0.25065239148867047, "2019": -2.7350798308614421, "2020": 0.56056164191047309, "2021": 10.09638198715046, "2022": -5.0702385101418557, "2023": 6.5121894937764102, "2024": 10.125530375684622 }, "geometry": { "type": "Polygon", "coordinates": [ [ [ 9.48214, 30.307556 ], [ 9.055603, 32.102692 ], [ 8.439103, 32.506285 ], [ 8.430473, 32.748337 ], [ 7.612642, 33.344115 ], [ 7.524482, 34.097376 ], [ 8.140981, 34.655146 ], [ 8.376368, 35.479876 ], [ 8.217824, 36.433177 ], [ 8.420964, 36.946427 ], [ 9.509994, 37.349994 ], [ 10.210002, 37.230002 ], [ 10.18065, 36.724038 ], [ 11.028867, 37.092103 ], [ 11.100026, 36.899996 ], [ 10.600005, 36.41 ], [ 10.593287, 35.947444 ], [ 10.939519, 35.698984 ], [ 10.807847, 34.833507 ], [ 10.149593, 34.330773 ], [ 10.339659, 33.785742 ], [ 10.856836, 33.76874 ], [ 11.108501, 33.293343 ], [ 11.488787, 33.136996 ], [ 11.432253, 32.368903 ], [ 10.94479, 32.081815 ], [ 10.636901, 31.761421 ], [ 9.950225, 31.37607 ], [ 10.056575, 30.961831 ], [ 9.970017, 30.539325 ], [ 9.48214, 30.307556 ] ] ] } },
{ "type": "Feature", "properties": { "name": "Turkey", "iso3": "TUR", "name_with_flag": "🇹🇷 Turkey", "1960": null, "1961": 2.7180540524017749, "1962": 8.7078740147271674, "1963": 13.002515837447648, "1964": 5.1467840558750089, "1965": 4.4026687917430696, "1966": 14.870925164289005, "1967": 8.1096487025011932, "1968": 9.0699743638410713, "1969": 8.5460529248526651, "1970": -10.365398292047612, "1971": -11.622617893795384, "1972": 24.702006608101044, "1973": 23.028968929340433, "1974": 33.225490524035848, "1975": 27.342727331770345, "1976": 9.4852183021773016, "1977": 11.730184327644565, "1978": 10.074875877815149, "1979": 33.319648169481383, "1980": -24.721085497821093, "1981": 1.3868491420800266, "1982": -11.481181466769808, "1983": -6.2161813116069053, "1984": -5.2232304334137609, "1985": 9.7080662997921063, "1986": 10.182962999299594, "1987": 12.895415776624187, "1988": 2.1656335375746183, "1989": 15.59576521960151, "1990": 38.02409651613474, "1991": -1.4966806860029047, "1992": 3.5625100732960435, "1993": 11.454952524013496, "1994": -28.831760934272445, "1995": 27.493522928096283, "1996": 5.5696954867469728, "1997": 3.1353600014189187, "1998": 43.315848973933988, "1999": -8.3169800826772828, "2000": 5.6171068539770275, "2001": -27.356101967890478, "2002": 17.653382431033137, "2003": 29.434178219874639, "2004": 28.523725944341429, "2005": 22.517776652490305, "2006": 8.9013193944732052, "2007": 22.106474685553735, "2008": 11.6594979240773, "2009": -16.881114146926247, "2010": 17.859787893647727, "2011": 6.3833398959024512, "2012": 3.6501867211720329, "2013": 7.3839480669428026, "2014": -3.2832052808678291, "2015": -9.16732301236115, "2016": -0.72352262975253767, "2017": -2.5022292639916843, "2018": -10.534428919101046, "2019": -3.693182734191458, "2020": -6.2579912535937865, "2021": 12.785126795099156, "2022": 9.55836027634167, "2023": 22.775337445734944, "2024": 18.065698592112046 }, "geometry": { "type": "MultiPolygon", "coordinates": [ [ [ [ 36.913127, 41.335358 ], [ 38.347665, 40.948586 ], [ 39.512607, 41.102763 ], [ 40.373433, 41.013673 ], [ 41.554084, 41.535656 ], [ 42.619549, 41.583173 ], [ 43.582746, 41.092143 ], [ 43.752658, 40.740201 ], [ 43.656436, 40.253564 ], [ 44.400009, 40.005 ], [ 44.79399, 39.713003 ], [ 44.109225, 39.428136 ], [ 44.421403, 38.281281 ], [ 44.225756, 37.971584 ], [ 44.772699, 37.170445 ], [ 44.293452, 37.001514 ], [ 43.942259, 37.256228 ], [ 42.779126, 37.385264 ], [ 42.349591, 37.229873 ], [ 41.212089, 37.074352 ], [ 40.673259, 37.091276 ], [ 39.52258, 36.716054 ], [ 38.699891, 36.712927 ], [ 38.167727, 36.90121 ], [ 37.066761, 36.623036 ], [ 36.739494, 36.81752 ], [ 36.685389, 36.259699 ], [ 36.41755, 36.040617 ], [ 36.149763, 35.821535 ], [ 35.782085, 36.274995 ], [ 36.160822, 36.650606 ], [ 35.550936, 36.565443 ], [ 34.714553, 36.795532 ], [ 34.026895, 36.21996 ], [ 32.509158, 36.107564 ], [ 31.699595, 36.644275 ], [ 30.621625, 36.677865 ], [ 30.391096, 36.262981 ], [ 29.699976, 36.144357 ], [ 28.732903, 36.676831 ], [ 27.641187, 36.658822 ], [ 27.048768, 37.653361 ], [ 26.318218, 38.208133 ], [ 26.8047, 38.98576 ], [ 26.170785, 39.463612 ], [ 27.28002, 40.420014 ], [ 28.819978, 40.460011 ], [ 29.240004, 41.219991 ], [ 31.145934, 41.087622 ], [ 32.347979, 41.736264 ], [ 33.513283, 42.01896 ], [ 35.167704, 42.040225 ], [ 36.913127, 41.335358 ] ] ], [ [ [ 27.192377, 40.690566 ], [ 26.358009, 40.151994 ], [ 26.043351, 40.617754 ], [ 26.056942, 40.824123 ], [ 26.294602, 40.936261 ], [ 26.604196, 41.562115 ], [ 26.117042, 41.826905 ], [ 27.135739, 42.141485 ], [ 27.99672, 42.007359 ], [ 28.115525, 41.622886 ], [ 28.988443, 41.299934 ], [ 28.806438, 41.054962 ], [ 27.619017, 40.999823 ], [ 27.192377, 40.690566 ] ] ] ] } },
{ "type": "Feature", "properties": { "name": "Taiwan", "iso3": "TWN", "name_with_flag": "🇹🇼 Taiwan", "1960": null, "1961": null, "1962": null, "1963": null, "1964": null, "1965": null, "1966": null, "1967": null, "1968": null, "1969": null, "1970": null, "1971": null, "1972": null, "1973": null, "1974": null, "1975": null, "1976": null, "1977": null, "1978": null, "1979": null, "1980": null, "1981": null, "1982": null, "1983": null, "1984": null, "1985": null, "1986": null, "1987": null, "1988": null, "1989": null, "1990": null, "1991": null, "1992": null, "1993": null, "1994": null, "1995": null, "1996": null, "1997": null, "1998": null, "1999": null, "2000": null, "2001": null, "2002": null, "2003": null, "2004": null, "2005": null, "2006": null, "2007": null, "2008": null, "2009": null, "2010": null, "2011": null, "2012": null, "2013": null, "2014": null, "2015": null, "2016": null, "2017": null, "2018": null, "2019": null, "2020": null, "2021": null, "2022": null, "2023": null, "2024": null }, "geometry": { "type": "Polygon", "coordinates": [ [ [ 121.777818, 24.394274 ], [ 121.175632, 22.790857 ], [ 120.74708, 21.970571 ], [ 120.220083, 22.814861 ], [ 120.106189, 23.556263 ], [ 120.69468, 24.538451 ], [ 121.495044, 25.295459 ], [ 121.951244, 24.997596 ], [ 121.777818, 24.394274 ] ] ] } },
{ "type": "Feature", "properties": { "name": "United Republic of Tanzania", "iso3": "TZA", "name_with_flag": "🇹🇿 United Republic of Tanzania", "1960": null, "1961": 3.5818820738504398, "1962": 6.6071148407464975, "1963": 8.22808026351316, "1964": 5.2555236197988853, "1965": -1.2197097223399678, "1966": 11.231353503057084, "1967": 1.0893671846903485, "1968": 3.8109866883317745, "1969": 1.5399811499508198, "1970": -46.421208579498305, "1971": 3.3216347405010005, "1972": 9.8439473194737559, "1973": 15.110977098289524, "1974": 15.849703089987099, "1975": 11.006126932168513, "1976": 8.924793895312666, "1977": 15.222411602771292, "1978": 15.619252033491083, "1979": 2.3623531841438838, "1980": 12.745834050138294, "1981": 11.894645686369575, "1982": 2.6387219902126446, "1983": -2.3766814973771644, "1984": -11.082398061201125, "1985": 14.953873904844549, "1986": -31.575170435721933, "1987": -30.14072175894399, "1988": -8.1584760770043943, "1989": -15.610773643836783, "1990": -6.1235199836675918, "1991": 13.480845083849392, "1992": -9.4491937889304651, "1993": -10.321729953305049, "1994": 1.9593090886404818, "1995": 12.900651490010006, "1996": 21.376212054721645, "1997": 15.921557570093082, "1998": 6.2653758667370552, "1999": 1.6158553032265877, "2000": 2.3117377343781387, "2001": -1.2595073481456387, "2002": 1.5153121575669282, "2003": 4.8515067905086529, "2004": 6.6799589305045037, "2005": 7.3158662373016936, "2006": -1.5699539276534891, "2007": 14.178041318037282, "2008": 24.443914842207647, "2009": 2.6400761123196004, "2010": 6.1552543389747472, "2011": 5.2764452060980904, "2012": 11.165586366851166, "2013": 11.727464973483803, "2014": 6.1981041817822158, "2015": -8.1761157172262955, "2016": 1.4783323374490953, "2017": 3.5323074077527883, "2018": 3.6924303834786176, "2019": 3.9307986906312209, "2020": 5.0871464622170626, "2021": 3.7981657149005255, "2022": 4.1381375344748728, "2023": 1.3773692910532542, "2024": -3.1641052618881393 }, "geometry": { "type": "Polygon", "coordinates": [ [ [ 33.903711, -0.95 ], [ 34.07262, -1.05982 ], [ 37.69869, -3.09699 ], [ 37.7669, -3.67712 ], [ 39.20222, -4.67677 ], [ 38.74054, -5.90895 ], [ 38.79977, -6.47566 ], [ 39.44, -6.84 ], [ 39.47, -7.1 ], [ 39.19469, -7.7039 ], [ 39.25203, -8.00781 ], [ 39.18652, -8.48551 ], [ 39.53574, -9.11237 ], [ 39.9496, -10.0984 ], [ 40.31659, -10.3171 ], [ 39.521, -10.89688 ], [ 38.427557, -11.285202 ], [ 37.82764, -11.26879 ], [ 37.47129, -11.56876 ], [ 36.775151, -11.594537 ], [ 36.514082, -11.720938 ], [ 35.312398, -11.439146 ], [ 34.559989, -11.52002 ], [ 34.28, -10.16 ], [ 33.940838, -9.693674 ], [ 33.73972, -9.41715 ], [ 32.759375, -9.230599 ], [ 32.191865, -8.930359 ], [ 31.556348, -8.762049 ], [ 31.157751, -8.594579 ], [ 30.74, -8.34 ], [ 30.2, -7.08 ], [ 29.62, -6.52 ], [ 29.419993, -5.939999 ], [ 29.519987, -5.419979 ], [ 29.339998, -4.499983 ], [ 29.753512, -4.452389 ], [ 30.11632, -4.09012 ], [ 30.50554, -3.56858 ], [ 30.75224, -3.35931 ], [ 30.74301, -3.03431 ], [ 30.52766, -2.80762 ], [ 30.46967, -2.41383 ], [ 30.758309, -2.28725 ], [ 30.816135, -1.698914 ], [ 30.419105, -1.134659 ], [ 30.76986, -1.01455 ], [ 31.86617, -1.02736 ], [ 33.903711, -0.95 ] ] ] } },
{ "type": "Feature", "properties": { "name": "Uganda", "iso3": "UGA", "name_with_flag": "🇺🇬 Uganda", "1960": null, "1961": 1.4399635784830833, "1962": -1.1945638903385736, "1963": 11.621514121515929, "1964": 10.766807568165525, "1965": 45.64855215165791, "1966": 1.4833500453452109, "1967": 1.3456175169525686, "1968": 3.9405321882317379, "1969": 9.2007068151851001, "1970": 4.5839286875272611, "1971": 9.3723441830183987, "1972": 2.6198383564611794, "1973": 11.495426855212054, "1974": 20.305332092961969, "1975": 9.5362249190603876, "1976": 1.029889031357567, "1977": 16.858544503053174, "1978": -19.738100411733527, "1979": -13.727575120927405, "1980": -43.013201283859622, "1981": 5.222420737326039, "1982": 59.105510166308385, "1983": 0.36622181584680114, "1984": 57.126458826711854, "1985": -5.3493045718111087, "1986": 8.2665379599260227, "1987": 54.930611958079268, "1988": 0.56414320772462112, "1989": -21.509182625994129, "1990": -21.019276116713105, "1991": -25.320212177949852, "1992": -16.857808564698839, "1993": 8.8768781409957587, "1994": 19.820196962237425, "1995": 40.353782219949295, "1996": 2.2179394953103504, "1997": 0.75461600384247873, "1998": 1.9544935881633529, "1999": -11.807395746254967, "2000": 0.049778287550905631, "2001": -8.536764565168486, "2002": 2.5266797372291538, "2003": 3.6079754863425073, "2004": 16.619009133652686, "2005": 13.004755154564407, "2006": 4.8766916253816905, "2007": 15.834916260253884, "2008": 17.801565895963357, "2009": 68.966787729642704, "2010": 3.071674539255187, "2011": 1.4732350863916555, "2012": -4.8343972230441175, "2013": 2.9001379115955794, "2014": 9.5039414761662009, "2015": -3.6962231947418878, "2016": -12.774784706421849, "2017": 1.6635867681710215, "2018": 3.5215267059634625, "2019": 3.787774439725089, "2020": 2.8698785775071345, "2021": 4.3777159741529736, "2022": 9.0933790162989645, "2023": 4.0746710302644207, "2024": 7.0242359909502339 }, "geometry": { "type": "Polygon", "coordinates": [ [ [ 31.86617, -1.02736 ], [ 30.76986, -1.01455 ], [ 30.419105, -1.134659 ], [ 29.821519, -1.443322 ], [ 29.579466, -1.341313 ], [ 29.587838, -0.587406 ], [ 29.8195, -0.2053 ], [ 29.875779, 0.59738 ], [ 30.086154, 1.062313 ], [ 30.468508, 1.583805 ], [ 30.85267, 1.849396 ], [ 31.174149, 2.204465 ], [ 30.77332, 2.33989 ], [ 30.83385, 3.50917 ], [ 31.24556, 3.7819 ], [ 31.88145, 3.55827 ], [ 32.68642, 3.79232 ], [ 33.39, 3.79 ], [ 34.005, 4.249885 ], [ 34.47913, 3.5556 ], [ 34.59607, 3.05374 ], [ 35.03599, 1.90584 ], [ 34.6721, 1.17694 ], [ 34.18, 0.515 ], [ 33.893569, 0.109814 ], [ 33.903711, -0.95 ], [ 31.86617, -1.02736 ] ] ] } },
{ "type": "Feature", "properties": { "name": "Ukraine", "iso3": "UKR", "name_with_flag": "🇺🇦 Ukraine", "1960": null, "1961": null, "1962": null, "1963": null, "1964": null, "1965": null, "1966": null, "1967": null, "1968": null, "1969": null, "1970": null, "1971": null, "1972": null, "1973": null, "1974": null, "1975": null, "1976": null, "1977": null, "1978": null, "1979": null, "1980": null, "1981": null, "1982": null, "1983": null, "1984": null, "1985": null, "1986": null, "1987": null, "1988": 16.093259410631422, "1989": 10.305055750518965, "1990": -1.8482740124897812, "1991": -5.1798885668224663, "1992": -4.6808094067865795, "1993": -11.265702437614122, "1994": -19.531820442377235, "1995": -7.5218243854999418, "1996": -6.7880691830308209, "1997": 13.524661654536207, "1998": -15.813126779579411, "1999": -23.988632824550958, "2000": 3.3840000131361236, "2001": 22.531408667796306, "2002": 12.807291364854967, "2003": 19.210119509045587, "2004": 30.147891878210942, "2005": 33.855167750850647, "2006": 26.190469216276302, "2007": 33.544705751272041, "2008": 27.13259834023216, "2009": -35.111669632791788, "2010": 16.591106107140298, "2011": 20.300668239101217, "2012": 8.0576598687325465, "2013": 4.5188362489062106, "2014": -26.029433098420451, "2015": -31.439056832850142, "2016": 3.0550538439077402, "2017": 20.6548266796603, "2018": 17.462132852205681, "2019": 18.332799143423451, "2020": 2.4837335088335299, "2021": 28.739698648554658, "2022": -12.066194349389036, "2023": 22.380973862581776, "2024": 4.8617614251782904 }, "geometry": { "type": "Polygon", "coordinates": [ [ [ 31.785998, 52.101678 ], [ 32.159412, 52.061267 ], [ 32.412058, 52.288695 ], [ 32.715761, 52.238465 ], [ 33.7527, 52.335075 ], [ 34.391731, 51.768882 ], [ 34.141978, 51.566413 ], [ 34.224816, 51.255993 ], [ 35.022183, 51.207572 ], [ 35.377924, 50.773955 ], [ 35.356116, 50.577197 ], [ 36.626168, 50.225591 ], [ 37.39346, 50.383953 ], [ 38.010631, 49.915662 ], [ 38.594988, 49.926462 ], [ 40.069058, 49.601055 ], [ 40.080789, 49.30743 ], [ 39.674664, 48.783818 ], [ 39.895632, 48.232405 ], [ 39.738278, 47.898937 ], [ 38.770585, 47.825608 ], [ 38.255112, 47.5464 ], [ 38.223538, 47.10219 ], [ 37.425137, 47.022221 ], [ 36.759855, 46.6987 ], [ 35.823685, 46.645964 ], [ 34.962342, 46.273197 ], [ 35.020788, 45.651219 ], [ 35.510009, 45.409993 ], [ 36.529998, 45.46999 ], [ 36.334713, 45.113216 ], [ 35.239999, 44.939996 ], [ 33.882511, 44.361479 ], [ 33.326421, 44.564877 ], [ 33.546924, 45.034771 ], [ 32.454174, 45.327466 ], [ 32.630804, 45.519186 ], [ 33.588162, 45.851569 ], [ 33.298567, 46.080598 ], [ 31.74414, 46.333348 ], [ 31.675307, 46.706245 ], [ 30.748749, 46.5831 ], [ 30.377609, 46.03241 ], [ 29.603289, 45.293308 ], [ 29.149725, 45.464925 ], [ 28.679779, 45.304031 ], [ 28.233554, 45.488283 ], [ 28.485269, 45.596907 ], [ 28.659987, 45.939987 ], [ 28.933717, 46.25883 ], [ 28.862972, 46.437889 ], [ 29.072107, 46.517678 ], [ 29.170654, 46.379262 ], [ 29.759972, 46.349988 ], [ 30.024659, 46.423937 ], [ 29.83821, 46.525326 ], [ 29.908852, 46.674361 ], [ 29.559674, 46.928583 ], [ 29.415135, 47.346645 ], [ 29.050868, 47.510227 ], [ 29.122698, 47.849095 ], [ 28.670891, 48.118149 ], [ 28.259547, 48.155562 ], [ 27.522537, 48.467119 ], [ 26.857824, 48.368211 ], [ 26.619337, 48.220726 ], [ 26.19745, 48.220881 ], [ 25.945941, 47.987149 ], [ 25.207743, 47.891056 ], [ 24.866317, 47.737526 ], [ 24.402056, 47.981878 ], [ 23.760958, 47.985598 ], [ 23.142236, 48.096341 ], [ 22.710531, 47.882194 ], [ 22.64082, 48.15024 ], [ 22.085608, 48.422264 ], [ 22.280842, 48.825392 ], [ 22.558138, 49.085738 ], [ 22.776419, 49.027395 ], [ 22.51845, 49.476774 ], [ 23.426508, 50.308506 ], [ 23.922757, 50.424881 ], [ 24.029986, 50.705407 ], [ 23.527071, 51.578454 ], [ 24.005078, 51.617444 ], [ 24.553106, 51.888461 ], [ 25.327788, 51.910656 ], [ 26.337959, 51.832289 ], [ 27.454066, 51.592303 ], [ 28.241615, 51.572227 ], [ 28.617613, 51.427714 ], [ 28.992835, 51.602044 ], [ 29.254938, 51.368234 ], [ 30.157364, 51.416138 ], [ 30.555117, 51.319503 ], [ 30.619454, 51.822806 ], [ 30.927549, 52.042353 ], [ 31.785998, 52.101678 ] ] ] } },
{ "type": "Feature", "properties": { "name": "Uruguay", "iso3": "URY", "name_with_flag": "🇺🇾 Uruguay", "1960": null, "1961": 22.999480290043483, "1962": 9.1771981465077257, "1963": -11.005947336650635, "1964": 26.896281306342008, "1965": -5.2979945460644329, "1966": -5.2504279868073267, "1967": -12.48488798441889, "1968": -1.0613731777820767, "1969": 24.896321504505003, "1970": 5.9753083851073363, "1971": 30.625746930167551, "1972": -22.428278433533457, "1973": 80.077654623683571, "1974": 2.5684275921489474, "1975": -14.0474015625219, "1976": 2.9589002813709797, "1977": 11.506309116647696, "1978": 18.672343344702202, "1979": 45.542877147440628, "1980": 40.945235917555635, "1981": 8.2965098905164005, "1982": -17.263266625338304, "1983": -44.659364944924086, "1984": -5.3737776043656149, "1985": -2.9078940006433185, "1986": 23.61458098911573, "1987": 24.594629801759105, "1988": 10.827028863564614, "1989": 2.1353843297826192, "1990": 9.5449839243892054, "1991": 19.819125359754363, "1992": 14.285118959130049, "1993": 15.878709593850871, "1994": 15.875322916274603, "1995": 9.8577416330048795, "1996": 5.7507679673364898, "1997": 16.220490673322274, "1998": 5.3870710050852422, "1999": -5.9503421586970973, "2000": -5.1945639107724535, "2001": -8.6572098795020374, "2002": -34.98485416727798, "2003": -11.534111580424488, "2004": 13.552728202350629, "2005": 26.761500107096413, "2006": 13.570047744309232, "2007": 20.340832598999459, "2008": 30.488716622505784, "2009": 4.853902523284459, "2010": 27.92785582806605, "2011": 19.707289925854667, "2012": 7.4498187628615264, "2013": 12.765788527142874, "2014": -0.069984286464308543, "2015": -6.5303900651030204, "2016": -0.6781731056978102, "2017": 12.786141855667999, "2018": 0.34032523476410503, "2019": -4.8530475785748877, "2020": -13.967206664770593, "2021": 13.481061858289745, "2022": 16.423362376167017, "2023": 10.571344867139887, "2024": 3.8536638362349329 }, "geometry": { "type": "Polygon", "coordinates": [ [ [ -57.625133, -30.216295 ], [ -56.976026, -30.109686 ], [ -55.973245, -30.883076 ], [ -55.60151, -30.853879 ], [ -54.572452, -31.494511 ], [ -53.787952, -32.047243 ], [ -53.209589, -32.727666 ], [ -53.650544, -33.202004 ], [ -53.373662, -33.768378 ], [ -53.806426, -34.396815 ], [ -54.935866, -34.952647 ], [ -55.67409, -34.752659 ], [ -56.215297, -34.859836 ], [ -57.139685, -34.430456 ], [ -57.817861, -34.462547 ], [ -58.427074, -33.909454 ], [ -58.349611, -33.263189 ], [ -58.132648, -33.040567 ], [ -58.14244, -32.044504 ], [ -57.874937, -31.016556 ], [ -57.625133, -30.216295 ] ] ] } },
{ "type": "Feature", "properties": { "name": "United States of America", "iso3": "USA", "name_with_flag": "🇺🇸 United States of America", "1960": null, "1961": 2.0280815976265298, "1962": 5.8401911263975093, "1963": 4.0563053766498491, "1964": 5.920103399330956, "1965": 7.0934563364049907, "1966": 8.2354075546666081, "1967": 4.5859687073694477, "1968": 8.3122737502388198, "1969": 7.1075607453441769, "1970": 4.1631431974989752, "1971": 7.1659280555294025, "1972": 8.6397278441566971, "1973": 10.376421060083851, "1974": 7.423517044325334, "1975": 7.9683074655511721, "1976": 10.136528443527727, "1977": 10.012774624685017, "1978": 11.767920636552898, "1979": 10.49918675715389, "1980": 7.7145417970051255, "1981": 11.143833960276694, "1982": 3.2747487349222615, "1983": 7.6910233920016058, "1984": 10.147597482167136, "1985": 6.5159018113443157, "1986": 4.5753542279509007, "1987": 5.0742088825493026, "1988": 6.876964328738322, "1989": 6.7242923856909442, "1990": 4.5125721087937887, "1991": 1.8990602037720183, "1992": 4.4233030127692974, "1993": 3.8093682239610294, "1994": 4.9552625426731556, "1995": 3.5964165259556813, "1996": 4.4503243126203351, "1997": 4.9767470243933687, "1998": 4.4328709253412812, "1999": 5.0579085416247116, "2000": 5.2573342188451333, "2001": 2.2120858674933963, "2002": 2.3270610929553515, "2003": 3.9280227319874905, "2004": 5.657943020693601, "2005": 5.749021153574696, "2006": 4.937488994453143, "2007": 3.7757337264069601, "2008": 1.0818513101005012, "2009": -2.831187265975732, "2010": 3.0674492010102528, "2011": 2.841643202486388, "2012": 3.3653509770881218, "2013": 3.0729870025827388, "2014": 3.4823616265772683, "2015": 3.0751974637437174, "2016": 1.9827069910992368, "2017": 3.5722858204892294, "2018": 4.7094995598620404, "2019": 3.7411777835609117, "2020": -1.2670167806473343, "2021": 10.723187340335993, "2022": 9.190503937006067, "2023": 5.707240080712972, "2024": 4.2589103007234508 }, "geometry": { "type": "MultiPolygon", "coordinates": [ [ [ [ -155.54211, 19.08348 ], [ -155.68817, 18.91619 ], [ -155.93665, 19.05939 ], [ -155.90806, 19.33888 ], [ -156.07347, 19.70294 ], [ -156.02368, 19.81422 ], [ -155.85008, 19.97729 ], [ -155.91907, 20.17395 ], [ -155.86108, 20.26721 ], [ -155.78505, 20.2487 ], [ -155.40214, 20.07975 ], [ -155.22452, 19.99302 ], [ -155.06226, 19.8591 ], [ -154.80741, 19.50871 ], [ -154.83147, 19.45328 ], [ -155.22217, 19.23972 ], [ -155.54211, 19.08348 ] ] ], [ [ [ -156.07926, 20.64397 ], [ -156.41445, 20.57241 ], [ -156.58673, 20.783 ], [ -156.70167, 20.8643 ], [ -156.71055, 20.92676 ], [ -156.61258, 21.01249 ], [ -156.25711, 20.91745 ], [ -155.99566, 20.76404 ], [ -156.07926, 20.64397 ] ] ], [ [ [ -156.75824, 21.17684 ], [ -156.78933, 21.06873 ], [ -157.32521, 21.09777 ], [ -157.25027, 21.21958 ], [ -156.75824, 21.17684 ] ] ], [ [ [ -157.65283, 21.32217 ], [ -157.70703, 21.26442 ], [ -157.7786, 21.27729 ], [ -158.12667, 21.31244 ], [ -158.2538, 21.53919 ], [ -158.29265, 21.57912 ], [ -158.0252, 21.71696 ], [ -157.94161, 21.65272 ], [ -157.65283, 21.32217 ] ] ], [ [ [ -159.34512, 21.982 ], [ -159.46372, 21.88299 ], [ -159.80051, 22.06533 ], [ -159.74877, 22.1382 ], [ -159.5962, 22.23618 ], [ -159.36569, 22.21494 ], [ -159.34512, 21.982 ] ] ], [ [ [ -94.81758, 49.38905 ], [ -94.64, 48.84 ], [ -94.32914, 48.67074 ], [ -93.63087, 48.60926 ], [ -92.61, 48.45 ], [ -91.64, 48.14 ], [ -90.83, 48.27 ], [ -89.6, 48.01 ], [ -89.272917, 48.019808 ], [ -88.378114, 48.302918 ], [ -87.439793, 47.94 ], [ -86.461991, 47.553338 ], [ -85.652363, 47.220219 ], [ -84.87608, 46.900083 ], [ -84.779238, 46.637102 ], [ -84.543749, 46.538684 ], [ -84.6049, 46.4396 ], [ -84.3367, 46.40877 ], [ -84.14212, 46.512226 ], [ -84.091851, 46.275419 ], [ -83.890765, 46.116927 ], [ -83.616131, 46.116927 ], [ -83.469551, 45.994686 ], [ -83.592851, 45.816894 ], [ -82.550925, 45.347517 ], [ -82.337763, 44.44 ], [ -82.137642, 43.571088 ], [ -82.43, 42.98 ], [ -82.9, 42.43 ], [ -83.12, 42.08 ], [ -83.142, 41.975681 ], [ -83.02981, 41.832796 ], [ -82.690089, 41.675105 ], [ -82.439278, 41.675105 ], [ -81.277747, 42.209026 ], [ -80.247448, 42.3662 ], [ -78.939362, 42.863611 ], [ -78.92, 42.965 ], [ -79.01, 43.27 ], [ -79.171674, 43.466339 ], [ -78.72028, 43.625089 ], [ -77.737885, 43.629056 ], [ -76.820034, 43.628784 ], [ -76.5, 44.018459 ], [ -76.375, 44.09631 ], [ -75.31821, 44.81645 ], [ -74.867, 45.00048 ], [ -73.34783, 45.00738 ], [ -71.50506, 45.0082 ], [ -71.405, 45.255 ], [ -71.08482, 45.30524 ], [ -70.66, 45.46 ], [ -70.305, 45.915 ], [ -69.99997, 46.69307 ], [ -69.237216, 47.447781 ], [ -68.905, 47.185 ], [ -68.23444, 47.35486 ], [ -67.79046, 47.06636 ], [ -67.79134, 45.70281 ], [ -67.13741, 45.13753 ], [ -66.96466, 44.8097 ], [ -68.03252, 44.3252 ], [ -69.06, 43.98 ], [ -70.11617, 43.68405 ], [ -70.645476, 43.090238 ], [ -70.81489, 42.8653 ], [ -70.825, 42.335 ], [ -70.495, 41.805 ], [ -70.08, 41.78 ], [ -70.185, 42.145 ], [ -69.88497, 41.92283 ], [ -69.96503, 41.63717 ], [ -70.64, 41.475 ], [ -71.12039, 41.49445 ], [ -71.86, 41.32 ], [ -72.295, 41.27 ], [ -72.87643, 41.22065 ], [ -73.71, 40.931102 ], [ -72.24126, 41.11948 ], [ -71.945, 40.93 ], [ -73.345, 40.63 ], [ -73.982, 40.628 ], [ -73.952325, 40.75075 ], [ -74.25671, 40.47351 ], [ -73.96244, 40.42763 ], [ -74.17838, 39.70926 ], [ -74.90604, 38.93954 ], [ -74.98041, 39.1964 ], [ -75.20002, 39.24845 ], [ -75.52805, 39.4985 ], [ -75.32, 38.96 ], [ -75.071835, 38.782032 ], [ -75.05673, 38.40412 ], [ -75.37747, 38.01551 ], [ -75.94023, 37.21689 ], [ -76.03127, 37.2566 ], [ -75.72205, 37.93705 ], [ -76.23287, 38.319215 ], [ -76.35, 39.15 ], [ -76.542725, 38.717615 ], [ -76.32933, 38.08326 ], [ -76.989998, 38.239992 ], [ -76.30162, 37.917945 ], [ -76.25874, 36.9664 ], [ -75.9718, 36.89726 ], [ -75.86804, 36.55125 ], [ -75.72749, 35.55074 ], [ -76.36318, 34.80854 ], [ -77.397635, 34.51201 ], [ -78.05496, 33.92547 ], [ -78.55435, 33.86133 ], [ -79.06067, 33.49395 ], [ -79.20357, 33.15839 ], [ -80.301325, 32.509355 ], [ -80.86498, 32.0333 ], [ -81.33629, 31.44049 ], [ -81.49042, 30.72999 ], [ -81.31371, 30.03552 ], [ -80.98, 29.18 ], [ -80.535585, 28.47213 ], [ -80.53, 28.04 ], [ -80.056539, 26.88 ], [ -80.088015, 26.205765 ], [ -80.13156, 25.816775 ], [ -80.38103, 25.20616 ], [ -80.68, 25.08 ], [ -81.17213, 25.20126 ], [ -81.33, 25.64 ], [ -81.71, 25.87 ], [ -82.24, 26.73 ], [ -82.70515, 27.49504 ], [ -82.85526, 27.88624 ], [ -82.65, 28.55 ], [ -82.93, 29.1 ], [ -83.70959, 29.93656 ], [ -84.1, 30.09 ], [ -85.10882, 29.63615 ], [ -85.28784, 29.68612 ], [ -85.7731, 30.15261 ], [ -86.4, 30.4 ], [ -87.53036, 30.27433 ], [ -88.41782, 30.3849 ], [ -89.18049, 30.31598 ], [ -89.593831, 30.159994 ], [ -89.413735, 29.89419 ], [ -89.43, 29.48864 ], [ -89.21767, 29.29108 ], [ -89.40823, 29.15961 ], [ -89.77928, 29.30714 ], [ -90.15463, 29.11743 ], [ -90.880225, 29.148535 ], [ -91.626785, 29.677 ], [ -92.49906, 29.5523 ], [ -93.22637, 29.78375 ], [ -93.84842, 29.71363 ], [ -94.69, 29.48 ], [ -95.60026, 28.73863 ], [ -96.59404, 28.30748 ], [ -97.14, 27.83 ], [ -97.37, 27.38 ], [ -97.38, 26.69 ], [ -97.33, 26.21 ], [ -97.14, 25.87 ], [ -97.53, 25.84 ], [ -98.24, 26.06 ], [ -99.02, 26.37 ], [ -99.3, 26.84 ], [ -99.52, 27.54 ], [ -100.11, 28.11 ], [ -100.45584, 28.69612 ], [ -100.9576, 29.38071 ], [ -101.6624, 29.7793 ], [ -102.48, 29.76 ], [ -103.11, 28.97 ], [ -103.94, 29.27 ], [ -104.45697, 29.57196 ], [ -104.70575, 30.12173 ], [ -105.03737, 30.64402 ], [ -105.63159, 31.08383 ], [ -106.1429, 31.39995 ], [ -106.50759, 31.75452 ], [ -108.24, 31.754854 ], [ -108.24194, 31.34222 ], [ -109.035, 31.34194 ], [ -111.02361, 31.33472 ], [ -113.30498, 32.03914 ], [ -114.815, 32.52528 ], [ -114.72139, 32.72083 ], [ -115.99135, 32.61239 ], [ -117.12776, 32.53534 ], [ -117.295938, 33.046225 ], [ -117.944, 33.621236 ], [ -118.410602, 33.740909 ], [ -118.519895, 34.027782 ], [ -119.081, 34.078 ], [ -119.438841, 34.348477 ], [ -120.36778, 34.44711 ], [ -120.62286, 34.60855 ], [ -120.74433, 35.15686 ], [ -121.71457, 36.16153 ], [ -122.54747, 37.55176 ], [ -122.51201, 37.78339 ], [ -122.95319, 38.11371 ], [ -123.7272, 38.95166 ], [ -123.86517, 39.76699 ], [ -124.39807, 40.3132 ], [ -124.17886, 41.14202 ], [ -124.2137, 41.99964 ], [ -124.53284, 42.76599 ], [ -124.14214, 43.70838 ], [ -124.020535, 44.615895 ], [ -123.89893, 45.52341 ], [ -124.079635, 46.86475 ], [ -124.39567, 47.72017 ], [ -124.68721, 48.184433 ], [ -124.566101, 48.379715 ], [ -123.12, 48.04 ], [ -122.58736, 47.096 ], [ -122.34, 47.36 ], [ -122.5, 48.18 ], [ -122.84, 49.0 ], [ -120.0, 49.0 ], [ -117.03121, 49.0 ], [ -116.04818, 49.0 ], [ -113.0, 49.0 ], [ -110.05, 49.0 ], [ -107.05, 49.0 ], [ -104.04826, 48.99986 ], [ -100.65, 49.0 ], [ -97.22872, 49.0007 ], [ -95.15907, 49.0 ], [ -95.15609, 49.38425 ], [ -94.81758, 49.38905 ] ] ], [ [ [ -153.006314, 57.115842 ], [ -154.00509, 56.734677 ], [ -154.516403, 56.992749 ], [ -154.670993, 57.461196 ], [ -153.76278, 57.816575 ], [ -153.228729, 57.968968 ], [ -152.564791, 57.901427 ], [ -152.141147, 57.591059 ], [ -153.006314, 57.115842 ] ] ], [ [ [ -165.579164, 59.909987 ], [ -166.19277, 59.754441 ], [ -166.848337, 59.941406 ], [ -167.455277, 60.213069 ], [ -166.467792, 60.38417 ], [ -165.67443, 60.293607 ], [ -165.579164, 59.909987 ] ] ], [ [ [ -171.731657, 63.782515 ], [ -171.114434, 63.592191 ], [ -170.491112, 63.694975 ], [ -169.682505, 63.431116 ], [ -168.689439, 63.297506 ], [ -168.771941, 63.188598 ], [ -169.52944, 62.976931 ], [ -170.290556, 63.194438 ], [ -170.671386, 63.375822 ], [ -171.553063, 63.317789 ], [ -171.791111, 63.405846 ], [ -171.731657, 63.782515 ] ] ], [ [ [ -155.06779, 71.147776 ], [ -154.344165, 70.696409 ], [ -153.900006, 70.889989 ], [ -152.210006, 70.829992 ], [ -152.270002, 70.600006 ], [ -150.739992, 70.430017 ], [ -149.720003, 70.53001 ], [ -147.613362, 70.214035 ], [ -145.68999, 70.12001 ], [ -144.920011, 69.989992 ], [ -143.589446, 70.152514 ], [ -142.07251, 69.851938 ], [ -140.985988, 69.711998 ], [ -140.992499, 66.000029 ], [ -140.99777, 60.306397 ], [ -140.012998, 60.276838 ], [ -139.039, 60.000007 ], [ -138.34089, 59.56211 ], [ -137.4525, 58.905 ], [ -136.47972, 59.46389 ], [ -135.47583, 59.78778 ], [ -134.945, 59.27056 ], [ -134.27111, 58.86111 ], [ -133.355549, 58.410285 ], [ -132.73042, 57.69289 ], [ -131.70781, 56.55212 ], [ -130.00778, 55.91583 ], [ -129.979994, 55.284998 ], [ -130.53611, 54.802753 ], [ -131.085818, 55.178906 ], [ -131.967211, 55.497776 ], [ -132.250011, 56.369996 ], [ -133.539181, 57.178887 ], [ -134.078063, 58.123068 ], [ -135.038211, 58.187715 ], [ -136.628062, 58.212209 ], [ -137.800006, 58.499995 ], [ -139.867787, 59.537762 ], [ -140.825274, 59.727517 ], [ -142.574444, 60.084447 ], [ -143.958881, 59.99918 ], [ -145.925557, 60.45861 ], [ -147.114374, 60.884656 ], [ -148.224306, 60.672989 ], [ -148.018066, 59.978329 ], [ -148.570823, 59.914173 ], [ -149.727858, 59.705658 ], [ -150.608243, 59.368211 ], [ -151.716393, 59.155821 ], [ -151.859433, 59.744984 ], [ -151.409719, 60.725803 ], [ -150.346941, 61.033588 ], [ -150.621111, 61.284425 ], [ -151.895839, 60.727198 ], [ -152.57833, 60.061657 ], [ -154.019172, 59.350279 ], [ -153.287511, 58.864728 ], [ -154.232492, 58.146374 ], [ -155.307491, 57.727795 ], [ -156.308335, 57.422774 ], [ -156.556097, 56.979985 ], [ -158.117217, 56.463608 ], [ -158.433321, 55.994154 ], [ -159.603327, 55.566686 ], [ -160.28972, 55.643581 ], [ -161.223048, 55.364735 ], [ -162.237766, 55.024187 ], [ -163.069447, 54.689737 ], [ -164.785569, 54.404173 ], [ -164.942226, 54.572225 ], [ -163.84834, 55.039431 ], [ -162.870001, 55.348043 ], [ -161.804175, 55.894986 ], [ -160.563605, 56.008055 ], [ -160.07056, 56.418055 ], [ -158.684443, 57.016675 ], [ -158.461097, 57.216921 ], [ -157.72277, 57.570001 ], [ -157.550274, 58.328326 ], [ -157.041675, 58.918885 ], [ -158.194731, 58.615802 ], [ -158.517218, 58.787781 ], [ -159.058606, 58.424186 ], [ -159.711667, 58.93139 ], [ -159.981289, 58.572549 ], [ -160.355271, 59.071123 ], [ -161.355003, 58.670838 ], [ -161.968894, 58.671665 ], [ -162.054987, 59.266925 ], [ -161.874171, 59.633621 ], [ -162.518059, 59.989724 ], [ -163.818341, 59.798056 ], [ -164.662218, 60.267484 ], [ -165.346388, 60.507496 ], [ -165.350832, 61.073895 ], [ -166.121379, 61.500019 ], [ -165.734452, 62.074997 ], [ -164.919179, 62.633076 ], [ -164.562508, 63.146378 ], [ -163.753332, 63.219449 ], [ -163.067224, 63.059459 ], [ -162.260555, 63.541936 ], [ -161.53445, 63.455817 ], [ -160.772507, 63.766108 ], [ -160.958335, 64.222799 ], [ -161.518068, 64.402788 ], [ -160.777778, 64.788604 ], [ -161.391926, 64.777235 ], [ -162.45305, 64.559445 ], [ -162.757786, 64.338605 ], [ -163.546394, 64.55916 ], [ -164.96083, 64.446945 ], [ -166.425288, 64.686672 ], [ -166.845004, 65.088896 ], [ -168.11056, 65.669997 ], [ -166.705271, 66.088318 ], [ -164.47471, 66.57666 ], [ -163.652512, 66.57666 ], [ -163.788602, 66.077207 ], [ -161.677774, 66.11612 ], [ -162.489715, 66.735565 ], [ -163.719717, 67.116395 ], [ -164.430991, 67.616338 ], [ -165.390287, 68.042772 ], [ -166.764441, 68.358877 ], [ -166.204707, 68.883031 ], [ -164.430811, 68.915535 ], [ -163.168614, 69.371115 ], [ -162.930566, 69.858062 ], [ -161.908897, 70.33333 ], [ -160.934797, 70.44769 ], [ -159.039176, 70.891642 ], [ -158.119723, 70.824721 ], [ -156.580825, 71.357764 ], [ -155.06779, 71.147776 ] ] ] ] } },
{ "type": "Feature", "properties": { "name": "Uzbekistan", "iso3": "UZB", "name_with_flag": "🇺🇿 Uzbekistan", "1960": null, "1961": null, "1962": null, "1963": null, "1964": null, "1965": null, "1966": null, "1967": null, "1968": null, "1969": null, "1970": null, "1971": null, "1972": null, "1973": null, "1974": null, "1975": null, "1976": null, "1977": null, "1978": null, "1979": null, "1980": null, "1981": null, "1982": null, "1983": null, "1984": null, "1985": null, "1986": null, "1987": null, "1988": 22.377857019084125, "1989": 8.5523683329871591, "1990": 9.1644208929291473, "1991": 0.82334011193569978, "1992": -8.4143831851230644, "1993": -1.1848039541590638, "1994": -3.6167922054377022, "1995": 1.4476899785740072, "1996": 2.538897923080552, "1997": 3.8938141082692779, "1998": 0.073737496911308043, "1999": 12.352430695596173, "2000": -20.438773389389453, "2001": -18.145286564291407, "2002": -16.06601561792521, "2003": 3.3441062165967095, "2004": 17.253594692777273, "2005": 17.453330001766609, "2006": 19.579098616904101, "2007": 26.945791108906914, "2008": 30.423849325095588, "2009": 12.195635515314418, "2010": 45.397930061378425, "2011": 19.088248061697488, "2012": 10.51230560944032, "2013": 6.7017668761821136, "2014": 8.6508992629903858, "2015": 4.7936120896916234, "2016": -1.7769278122169996, "2017": -20.439441629063428, "2018": -17.233547805321415, "2019": 12.591768193869735, "2020": -3.0912490609903531, "2021": 14.165792967642265, "2022": 14.175092698345026, "2023": 11.645625873112554, "2024": 9.8205758290641043 }, "geometry": { "type": "Polygon", "coordinates": [ [ [ 66.518607, 37.362784 ], [ 66.54615, 37.974685 ], [ 65.215999, 38.402695 ], [ 64.170223, 38.892407 ], [ 63.518015, 39.363257 ], [ 62.37426, 40.053886 ], [ 61.882714, 41.084857 ], [ 61.547179, 41.26637 ], [ 60.465953, 41.220327 ], [ 60.083341, 41.425146 ], [ 59.976422, 42.223082 ], [ 58.629011, 42.751551 ], [ 57.78653, 42.170553 ], [ 56.932215, 41.826026 ], [ 57.096391, 41.32231 ], [ 55.968191, 41.308642 ], [ 55.928917, 44.995858 ], [ 58.503127, 45.586804 ], [ 58.689989, 45.500014 ], [ 60.239972, 44.784037 ], [ 61.05832, 44.405817 ], [ 62.0133, 43.504477 ], [ 63.185787, 43.650075 ], [ 64.900824, 43.728081 ], [ 66.098012, 42.99766 ], [ 66.023392, 41.994646 ], [ 66.510649, 41.987644 ], [ 66.714047, 41.168444 ], [ 67.985856, 41.135991 ], [ 68.259896, 40.662325 ], [ 68.632483, 40.668681 ], [ 69.070027, 41.384244 ], [ 70.388965, 42.081308 ], [ 70.962315, 42.266154 ], [ 71.259248, 42.167711 ], [ 70.420022, 41.519998 ], [ 71.157859, 41.143587 ], [ 71.870115, 41.3929 ], [ 73.055417, 40.866033 ], [ 71.774875, 40.145844 ], [ 71.014198, 40.244366 ], [ 70.601407, 40.218527 ], [ 70.45816, 40.496495 ], [ 70.666622, 40.960213 ], [ 69.329495, 40.727824 ], [ 69.011633, 40.086158 ], [ 68.536416, 39.533453 ], [ 67.701429, 39.580478 ], [ 67.44222, 39.140144 ], [ 68.176025, 38.901553 ], [ 68.392033, 38.157025 ], [ 67.83, 37.144994 ], [ 67.075782, 37.356144 ], [ 66.518607, 37.362784 ] ] ] } },
{ "type": "Feature", "properties": { "name": "Venezuela", "iso3": "VEN", "name_with_flag": "🇻🇪 Venezuela", "1960": null, "1961": 1.5801319582299467, "1962": 5.5051328440686831, "1963": 5.3186054939888372, "1964": -17.591790803455808, "1965": -0.52239722424606283, "1966": 0.79572347959551148, "1967": 1.944056475061906, "1968": 5.0426095840164331, "1969": -0.68403195858052213, "1970": 8.9760909721872331, "1971": 8.950606140180728, "1972": 4.4457682291590306, "1973": 18.313697752169865, "1974": 48.775899148625172, "1975": 2.1949346034575656, "1976": 11.117538885059819, "1977": 11.953421983539458, "1978": 5.4895493199760503, "1979": 19.416389095207045, "1980": 18.969056913134285, "1981": 9.1289923447612775, "1982": -0.62808325361700668, "1983": -2.9179877119822839, "1984": -13.707986550508878, "1985": 0.82115079949935943, "1986": -4.8568356261040275, "1987": -22.668305241944942, "1988": 22.232499100958879, "1989": -29.497061586543737, "1990": 8.9537840088433676, "1991": 7.3825627068432986, "1992": 10.437208086446081, "1993": -2.8415301378584168, "1994": -4.8043545611270666, "1995": 29.676653972279411, "1996": -10.730124119338292, "1997": 19.210873483616652, "1998": 4.2889552634069794, "1999": 5.19184773604775, "2000": 17.327235049123814, "2001": 3.0172311721686995, "2002": -25.776277137394842, "2003": -11.571247062186441, "2004": 32.190194910823912, "2005": 27.251610744184561, "2006": 24.057040825448972, "2007": 23.625914581449425, "2008": 35.17719380585482, "2009": 2.9669452401402507, "2010": 17.675026150993855, "2011": -20.535828279567692, "2012": 18.973707149549888, "2013": -3.8621374408579379, "2014": 28.544901635073838, "2015": 0.0, "2016": 0.0, "2017": 0.0, "2018": 0.0, "2019": 0.0, "2020": 0.0, "2021": 0.0, "2022": 0.0, "2023": 0.0, "2024": 0.0 }, "geometry": { "type": "Polygon", "coordinates": [ [ [ -71.331584, 11.776284 ], [ -71.360006, 11.539994 ], [ -71.94705, 11.423282 ], [ -71.620868, 10.96946 ], [ -71.633064, 10.446494 ], [ -72.074174, 9.865651 ], [ -71.695644, 9.072263 ], [ -71.264559, 9.137195 ], [ -71.039999, 9.859993 ], [ -71.350084, 10.211935 ], [ -71.400623, 10.968969 ], [ -70.155299, 11.375482 ], [ -70.293843, 11.846822 ], [ -69.943245, 12.162307 ], [ -69.5843, 11.459611 ], [ -68.882999, 11.443385 ], [ -68.233271, 10.885744 ], [ -68.194127, 10.554653 ], [ -67.296249, 10.545868 ], [ -66.227864, 10.648627 ], [ -65.655238, 10.200799 ], [ -64.890452, 10.077215 ], [ -64.329479, 10.389599 ], [ -64.318007, 10.641418 ], [ -63.079322, 10.701724 ], [ -61.880946, 10.715625 ], [ -62.730119, 10.420269 ], [ -62.388512, 9.948204 ], [ -61.588767, 9.873067 ], [ -60.830597, 9.38134 ], [ -60.671252, 8.580174 ], [ -60.150096, 8.602757 ], [ -59.758285, 8.367035 ], [ -60.550588, 7.779603 ], [ -60.637973, 7.415 ], [ -60.295668, 7.043911 ], [ -60.543999, 6.856584 ], [ -61.159336, 6.696077 ], [ -61.139415, 6.234297 ], [ -61.410303, 5.959068 ], [ -60.733574, 5.200277 ], [ -60.601179, 4.918098 ], [ -60.966893, 4.536468 ], [ -62.08543, 4.162124 ], [ -62.804533, 4.006965 ], [ -63.093198, 3.770571 ], [ -63.888343, 4.02053 ], [ -64.628659, 4.148481 ], [ -64.816064, 4.056445 ], [ -64.368494, 3.79721 ], [ -64.408828, 3.126786 ], [ -64.269999, 2.497006 ], [ -63.422867, 2.411068 ], [ -63.368788, 2.2009 ], [ -64.083085, 1.916369 ], [ -64.199306, 1.492855 ], [ -64.611012, 1.328731 ], [ -65.354713, 1.095282 ], [ -65.548267, 0.789254 ], [ -66.325765, 0.724452 ], [ -66.876326, 1.253361 ], [ -67.181294, 2.250638 ], [ -67.447092, 2.600281 ], [ -67.809938, 2.820655 ], [ -67.303173, 3.318454 ], [ -67.337564, 3.542342 ], [ -67.621836, 3.839482 ], [ -67.823012, 4.503937 ], [ -67.744697, 5.221129 ], [ -67.521532, 5.55687 ], [ -67.34144, 6.095468 ], [ -67.695087, 6.267318 ], [ -68.265052, 6.153268 ], [ -68.985319, 6.206805 ], [ -69.38948, 6.099861 ], [ -70.093313, 6.960376 ], [ -70.674234, 7.087785 ], [ -71.960176, 6.991615 ], [ -72.198352, 7.340431 ], [ -72.444487, 7.423785 ], [ -72.479679, 7.632506 ], [ -72.360901, 8.002638 ], [ -72.439862, 8.405275 ], [ -72.660495, 8.625288 ], [ -72.78873, 9.085027 ], [ -73.304952, 9.152 ], [ -73.027604, 9.73677 ], [ -72.905286, 10.450344 ], [ -72.614658, 10.821975 ], [ -72.227575, 11.108702 ], [ -71.973922, 11.608672 ], [ -71.331584, 11.776284 ] ] ] } },
{ "type": "Feature", "properties": { "name": "Vietnam", "iso3": "VNM", "name_with_flag": "🇻🇳 Vietnam", "1960": null, "1961": null, "1962": null, "1963": null, "1964": null, "1965": null, "1966": null, "1967": null, "1968": null, "1969": null, "1970": null, "1971": null, "1972": null, "1973": null, "1974": null, "1975": null, "1976": null, "1977": null, "1978": null, "1979": null, "1980": null, "1981": null, "1982": null, "1983": null, "1984": null, "1985": null, "1986": 82.871699238590992, "1987": 36.393485142403527, "1988": -32.035109301957768, "1989": -75.749657470657581, "1990": 0.70465888659183573, "1991": 45.463248219085337, "1992": 0.58039910330658362, "1993": 31.040726271117403, "1994": 21.349127974200698, "1995": 25.209010515637441, "1996": 17.111923352505531, "1997": 7.2964137127353945, "1998": -0.081006671836869604, "1999": 4.0524394260492258, "2000": 7.4563142393890613, "2001": 3.7561323755557874, "2002": 6.1848361372464966, "2003": 11.678362100634399, "2004": 13.746297766619907, "2005": 25.6952671992426, "2006": 13.64900842079031, "2007": 14.59396142938334, "2008": 25.732631726587574, "2009": 5.3562546012471346, "2010": 37.269885348693421, "2011": 15.908346626056581, "2012": 12.004184157881381, "2013": 7.9812492506711852, "2014": 7.9197247142223759, "2015": 1.2246464362025922, "2016": 6.1100825466860131, "2017": 8.0820694183346475, "2018": 9.0050815790060135, "2019": 6.7836496296301174, "2020": 2.7068288588286471, "2021": 4.8147176198945152, "2022": 11.973030190454992, "2023": 4.2349408596816573, "2024": 9.1119141026713368 }, "geometry": { "type": "Polygon", "coordinates": [ [ [ 108.05018, 21.55238 ], [ 106.715068, 20.696851 ], [ 105.881682, 19.75205 ], [ 105.662006, 19.058165 ], [ 106.426817, 18.004121 ], [ 107.361954, 16.697457 ], [ 108.269495, 16.079742 ], [ 108.877107, 15.276691 ], [ 109.33527, 13.426028 ], [ 109.200136, 11.666859 ], [ 108.36613, 11.008321 ], [ 107.220929, 10.364484 ], [ 106.405113, 9.53084 ], [ 105.158264, 8.59976 ], [ 104.795185, 9.241038 ], [ 105.076202, 9.918491 ], [ 104.334335, 10.486544 ], [ 105.199915, 10.88931 ], [ 106.24967, 10.961812 ], [ 105.810524, 11.567615 ], [ 107.491403, 12.337206 ], [ 107.614548, 13.535531 ], [ 107.382727, 14.202441 ], [ 107.564525, 15.202173 ], [ 107.312706, 15.908538 ], [ 106.556008, 16.604284 ], [ 105.925762, 17.485315 ], [ 105.094598, 18.666975 ], [ 103.896532, 19.265181 ], [ 104.183388, 19.624668 ], [ 104.822574, 19.886642 ], [ 104.435, 20.758733 ], [ 103.203861, 20.766562 ], [ 102.754896, 21.675137 ], [ 102.170436, 22.464753 ], [ 102.706992, 22.708795 ], [ 103.504515, 22.703757 ], [ 104.476858, 22.81915 ], [ 105.329209, 23.352063 ], [ 105.811247, 22.976892 ], [ 106.725403, 22.794268 ], [ 106.567273, 22.218205 ], [ 107.04342, 21.811899 ], [ 108.05018, 21.55238 ] ] ] } },
{ "type": "Feature", "properties": { "name": "Vanuatu", "iso3": "VUT", "name_with_flag": "🇻🇺 Vanuatu", "1960": null, "1961": null, "1962": null, "1963": null, "1964": null, "1965": null, "1966": null, "1967": null, "1968": null, "1969": null, "1970": null, "1971": null, "1972": null, "1973": null, "1974": null, "1975": null, "1976": null, "1977": null, "1978": null, "1979": null, "1980": -0.68632622796086507, "1981": -8.1650815035499864, "1982": -1.6834888179422136, "1983": 0.072098441125634238, "1984": 20.067154665527532, "1985": -11.012037111243378, "1986": -6.4766089329459486, "1987": 7.463058316253024, "1988": 10.663704869583368, "1989": -5.1893974701645362, "1990": 6.9344958324779604, "1991": 16.288322391085551, "1992": 1.3055311953070081, "1993": -6.429726387040569, "1994": 13.815370166875486, "1995": 4.2485157849407429, "1996": 2.5128248208660553, "1997": 2.1418750643931173, "1998": -5.8295271767211609, "1999": 0.081961248602513415, "2000": -0.81099869758183285, "2001": -7.536770115751712, "2002": -0.7012386040199825, "2003": 16.841650121158214, "2004": 13.265423239589214, "2005": 5.6175224836089388, "2006": 8.5806939973945831, "2007": 14.690053803385261, "2008": 11.565461618870664, "2009": -2.1979333077209451, "2010": 10.55634671866823, "2011": 12.361442249164512, "2012": -5.0076723162202903, "2013": -0.83161000634740523, "2014": -0.22504277903498959, "2015": -3.9755315740528263, "2016": 3.545922228165721, "2017": 6.89192811840591, "2018": 1.4809808353672738, "2019": 0.02460560056276595, "2020": -5.127424208202946, "2021": 5.5449579994628184, "2022": 2.5102321477505241, "2023": 6.7701140900511492, "2024": 0.78442463533519025 }, "geometry": { "type": "MultiPolygon", "coordinates": [ [ [ [ 167.844877, -16.466333 ], [ 167.515181, -16.59785 ], [ 167.180008, -16.159995 ], [ 167.216801, -15.891846 ], [ 167.844877, -16.466333 ] ] ], [ [ [ 167.107712, -14.93392 ], [ 167.270028, -15.740021 ], [ 167.001207, -15.614602 ], [ 166.793158, -15.668811 ], [ 166.649859, -15.392704 ], [ 166.629137, -14.626497 ], [ 167.107712, -14.93392 ] ] ] ] } },
{ "type": "Feature", "properties": { "name": "West Bank", "iso3": "PSE", "name_with_flag": "🇵🇸 West Bank", "1960": null, "1961": null, "1962": null, "1963": null, "1964": null, "1965": null, "1966": null, "1967": null, "1968": null, "1969": null, "1970": null, "1971": null, "1972": null, "1973": null, "1974": null, "1975": null, "1976": null, "1977": null, "1978": null, "1979": null, "1980": null, "1981": null, "1982": null, "1983": null, "1984": null, "1985": null, "1986": null, "1987": null, "1988": null, "1989": null, "1990": null, "1991": null, "1992": null, "1993": null, "1994": null, "1995": 10.401401057657234, "1996": -0.68568978899563593, "1997": 5.4421274761698113, "1998": 5.4623523516423189, "1999": 2.3511970528329096, "2000": -1.5552149542488403, "2001": -9.5259000304443902, "2002": -13.42782320224064, "2003": 8.7769903991947729, "2004": 13.078834646833194, "2005": 8.5438972117762635, "2006": 1.7103686931508655, "2007": 5.9958635290640272, "2008": 22.289774929514273, "2009": 7.693556703424953, "2010": 16.666523935161347, "2011": 12.65988422589286, "2012": 6.4787694923317707, "2013": 8.080318264427234, "2014": 1.1104600879257687, "2015": -2.3853098362857206, "2016": 7.8070737275952373, "2017": 2.6291614573321187, "2018": -1.6028664731767006, "2019": 2.6535246216017994, "2020": -11.575226645382998, "2021": 13.763957659153947, "2022": 3.2979513290831486, "2023": -9.0771263478778845, "2024": -24.970057690409497 }, "geometry": { "type": "Polygon", "coordinates": [ [ [ 35.545665, 32.393992 ], [ 35.545252, 31.782505 ], [ 35.397561, 31.489086 ], [ 34.927408, 31.353435 ], [ 34.970507, 31.616778 ], [ 35.225892, 31.754341 ], [ 34.974641, 31.866582 ], [ 35.18393, 32.532511 ], [ 35.545665, 32.393992 ] ] ] } },
{ "type": "Feature", "properties": { "name": "Yemen", "iso3": "YEM", "name_with_flag": "🇾🇪 Yemen", "1960": null, "1961": null, "1962": null, "1963": null, "1964": null, "1965": null, "1966": null, "1967": null, "1968": null, "1969": null, "1970": null, "1971": null, "1972": null, "1973": null, "1974": null, "1975": null, "1976": null, "1977": null, "1978": null, "1979": null, "1980": null, "1981": null, "1982": null, "1983": null, "1984": null, "1985": null, "1986": null, "1987": null, "1988": null, "1989": null, "1990": null, "1991": 11.629739867595879, "1992": 17.891143091610996, "1993": 16.566238636641817, "1994": 24.232064212802328, "1995": -55.942640648381456, "1996": -50.914730418417562, "1997": 1.9641896416400018, "1998": -10.414817274101173, "1999": 17.129262904174446, "2000": 22.863984522207016, "2001": -1.2355008124000921, "2002": 5.3578357814154653, "2003": 6.9488530082931765, "2004": 14.342375036746002, "2005": 16.972984341812626, "2006": 10.291112100249823, "2007": 9.9532337738803314, "2008": 20.367167236261153, "2009": -9.5547684969645061, "2010": 19.186049827220188, "2011": 2.707052506814267, "2012": 4.9369499248040016, "2013": 10.738466207544949, "2014": 3.7290429007364789, "2015": -4.7540273436779685, "2016": -28.396845661632952, "2017": -16.834147877708695, "2018": -21.854808315747309, "2019": -1.658186861270694, "2020": -10.236434371415925, "2021": -6.6821880887841907, "2022": 17.911396092327394, "2023": -30.753185447003005, "2024": 1.5995951578280376 }, "geometry": { "type": "Polygon", "coordinates": [ [ [ 53.108573, 16.651051 ], [ 52.385206, 16.382411 ], [ 52.191729, 15.938433 ], [ 52.168165, 15.59742 ], [ 51.172515, 15.17525 ], [ 49.574576, 14.708767 ], [ 48.679231, 14.003202 ], [ 48.238947, 13.94809 ], [ 47.938914, 14.007233 ], [ 47.354454, 13.59222 ], [ 46.717076, 13.399699 ], [ 45.877593, 13.347764 ], [ 45.62505, 13.290946 ], [ 45.406459, 13.026905 ], [ 45.144356, 12.953938 ], [ 44.989533, 12.699587 ], [ 44.494576, 12.721653 ], [ 44.175113, 12.58595 ], [ 43.482959, 12.6368 ], [ 43.222871, 13.22095 ], [ 43.251448, 13.767584 ], [ 43.087944, 14.06263 ], [ 42.892245, 14.802249 ], [ 42.604873, 15.213335 ], [ 42.805015, 15.261963 ], [ 42.702438, 15.718886 ], [ 42.823671, 15.911742 ], [ 42.779332, 16.347891 ], [ 43.218375, 16.66689 ], [ 43.115798, 17.08844 ], [ 43.380794, 17.579987 ], [ 43.791519, 17.319977 ], [ 44.062613, 17.410359 ], [ 45.216651, 17.433329 ], [ 45.399999, 17.333335 ], [ 46.366659, 17.233315 ], [ 46.749994, 17.283338 ], [ 47.000005, 16.949999 ], [ 47.466695, 17.116682 ], [ 48.183344, 18.166669 ], [ 49.116672, 18.616668 ], [ 52.00001, 19.000003 ], [ 52.782184, 17.349742 ], [ 53.108573, 16.651051 ] ] ] } },
{ "type": "Feature", "properties": { "name": "South Africa", "iso3": "ZAF", "name_with_flag": "🇿🇦 South Africa", "1960": null, "1961": 2.5387712020453534, "1962": 3.2557962654401251, "1963": 7.2971543244749304, "1964": 6.8377171803571724, "1965": 5.99929545226765, "1966": 5.4238066494649351, "1967": 7.9092870208178345, "1968": 4.9161621688613932, "1969": 9.0308639195421758, "1970": 6.8951145921698709, "1971": 7.1494189530211694, "1972": 1.7594607877783996, "1973": 31.853757038966535, "1974": 20.971042088041969, "1975": 0.83494563592694249, "1976": -6.6534167293025304, "1977": 7.2141159382394404, "1978": 10.786082655448537, "1979": 18.888454113809793, "1980": 37.585647375916274, "1981": 0.6847290357659741, "1982": -10.904326608281313, "1983": 8.1454753738972041, "1984": -14.783527039622147, "1985": -26.540441026431449, "1986": 10.21927853138318, "1987": 27.561891205427603, "1988": 4.4767416045486952, "1989": 0.91244473610476717, "1990": 13.451354295732521, "1991": 4.840713733399471, "1992": 6.7573815461107412, "1993": -1.8124426720117159, "1994": 2.6166599184637152, "1995": 10.521047848058229, "1996": -6.1748786774252888, "1997": 2.2855830900219143, "1998": -10.556793262682485, "1999": -2.0316907318293498, "2000": -0.75627960951586415, "2001": -11.519970420375369, "2002": -5.5815482849685294, "2003": 51.110855259717439, "2004": 28.537264690399478, "2005": 11.786222676998669, "2006": 4.1204622908660893, "2007": 8.4653613457213126, "2008": -6.1758123337525177, "2009": 3.0712754996825575, "2010": 25.079846152854813, "2011": 8.4352683068055878, "2012": -6.5819484046765631, "2013": -9.2277362038612036, "2014": -6.4777096583386928, "2015": -10.857324077507592, "2016": -7.5433134446137196, "2017": 17.113679032163674, "2018": 4.4700509351710549, "2019": -5.5027050175560976, "2020": -14.587534540400126, "2021": 22.628296621801457, "2022": -4.6758697120840349, "2023": -7.67801443006082, "2024": 3.8327506765666319 }, "geometry": { "type": "Polygon", "coordinates": [ [ [ 31.521001, -29.257387 ], [ 31.325561, -29.401978 ], [ 30.901763, -29.909957 ], [ 30.622813, -30.423776 ], [ 30.055716, -31.140269 ], [ 28.925553, -32.172041 ], [ 28.219756, -32.771953 ], [ 27.464608, -33.226964 ], [ 26.419452, -33.61495 ], [ 25.909664, -33.66704 ], [ 25.780628, -33.944646 ], [ 25.172862, -33.796851 ], [ 24.677853, -33.987176 ], [ 23.594043, -33.794474 ], [ 22.988189, -33.916431 ], [ 22.574157, -33.864083 ], [ 21.542799, -34.258839 ], [ 20.689053, -34.417175 ], [ 20.071261, -34.795137 ], [ 19.616405, -34.819166 ], [ 19.193278, -34.462599 ], [ 18.855315, -34.444306 ], [ 18.424643, -33.997873 ], [ 18.377411, -34.136521 ], [ 18.244499, -33.867752 ], [ 18.25008, -33.281431 ], [ 17.92519, -32.611291 ], [ 18.24791, -32.429131 ], [ 18.221762, -31.661633 ], [ 17.566918, -30.725721 ], [ 17.064416, -29.878641 ], [ 17.062918, -29.875954 ], [ 16.344977, -28.576705 ], [ 16.824017, -28.082162 ], [ 17.218929, -28.355943 ], [ 17.387497, -28.783514 ], [ 17.836152, -28.856378 ], [ 18.464899, -29.045462 ], [ 19.002127, -28.972443 ], [ 19.894734, -28.461105 ], [ 19.895768, -24.76779 ], [ 20.165726, -24.917962 ], [ 20.758609, -25.868136 ], [ 20.66647, -26.477453 ], [ 20.889609, -26.828543 ], [ 21.605896, -26.726534 ], [ 22.105969, -26.280256 ], [ 22.579532, -25.979448 ], [ 22.824271, -25.500459 ], [ 23.312097, -25.26869 ], [ 23.73357, -25.390129 ], [ 24.211267, -25.670216 ], [ 25.025171, -25.71967 ], [ 25.664666, -25.486816 ], [ 25.765849, -25.174845 ], [ 25.941652, -24.696373 ], [ 26.485753, -24.616327 ], [ 26.786407, -24.240691 ], [ 27.11941, -23.574323 ], [ 28.017236, -22.827754 ], [ 29.432188, -22.091313 ], [ 29.839037, -22.102216 ], [ 30.322883, -22.271612 ], [ 30.659865, -22.151567 ], [ 31.191409, -22.25151 ], [ 31.670398, -23.658969 ], [ 31.930589, -24.369417 ], [ 31.752408, -25.484284 ], [ 31.837778, -25.843332 ], [ 31.333158, -25.660191 ], [ 31.04408, -25.731452 ], [ 30.949667, -26.022649 ], [ 30.676609, -26.398078 ], [ 30.685962, -26.743845 ], [ 31.282773, -27.285879 ], [ 31.86806, -27.177927 ], [ 32.071665, -26.73382 ], [ 32.83012, -26.742192 ], [ 32.580265, -27.470158 ], [ 32.462133, -28.301011 ], [ 32.203389, -28.752405 ], [ 31.521001, -29.257387 ] ], [ [ 28.978263, -28.955597 ], [ 28.5417, -28.647502 ], [ 28.074338, -28.851469 ], [ 27.532511, -29.242711 ], [ 26.999262, -29.875954 ], [ 27.749397, -30.645106 ], [ 28.107205, -30.545732 ], [ 28.291069, -30.226217 ], [ 28.8484, -30.070051 ], [ 29.018415, -29.743766 ], [ 29.325166, -29.257387 ], [ 28.978263, -28.955597 ] ] ] } },
{ "type": "Feature", "properties": { "name": "Zambia", "iso3": "ZMB", "name_with_flag": "🇿🇲 Zambia", "1960": null, "1961": -5.3559535058311347, "1962": -3.5347712797856423, "1963": 0.46391895055750698, "1964": 13.167929665621902, "1965": 24.97887589797163, "1966": 13.081780992958624, "1967": 4.7854942122848021, "1968": 13.655339833906964, "1969": 18.573165339983653, "1970": -9.8210844555175036, "1971": -10.08942546755719, "1972": 10.113576361086052, "1973": 26.318660524947756, "1974": 16.125670338967367, "1975": -18.565313272559948, "1976": 8.9328221994126054, "1977": -11.04009323091738, "1978": 8.4265783604252409, "1979": 15.772014274419476, "1980": 12.421386577185212, "1981": 0.069777948117000221, "1982": -6.4718836097732657, "1983": -16.930756863114482, "1984": -20.594611946343544, "1985": -19.62306532463306, "1986": -28.280363724449021, "1987": 32.222886802342046, "1988": 60.154494149680083, "1989": 4.3362448567505929, "1990": -19.763112848958652, "1991": 0.17402198992932938, "1992": -7.9931194702994706, "1993": 0.42697187684741511, "1994": 9.0735256345182425, "1995": 1.6243907004035663, "1996": -7.8007109999304376, "1997": 16.610452979579637, "1998": -19.916885029871199, "1999": -6.3173418738879388, "2000": 2.8364325944274293, "2001": 10.327324803118664, "2002": -0.67692209363401368, "2003": 13.310532584995261, "2004": 22.943791183576923, "2005": 29.579049060568764, "2006": 47.924567445332954, "2007": 6.3719106776122914, "2008": 22.951928574385949, "2009": -17.39440638802985, "2010": 27.711047893002274, "2011": 11.974452471646458, "2012": 5.2424213222557858, "2013": 6.4716175045939961, "2014": -6.2191279928638714, "2015": -24.106078136110977, "2016": -4.3825586192968498, "2017": 19.722653370936726, "2018": -1.3189245803394312, "2019": -13.997799242640131, "2020": -24.411854726315486, "2021": 18.443493960997202, "2022": 28.386573476473242, "2023": -8.0432200620825345, "2024": -7.1872805638728554 }, "geometry": { "type": "Polygon", "coordinates": [ [ [ 32.759375, -9.230599 ], [ 33.231388, -9.676722 ], [ 33.485688, -10.525559 ], [ 33.31531, -10.79655 ], [ 33.114289, -11.607198 ], [ 33.306422, -12.435778 ], [ 32.991764, -12.783871 ], [ 32.688165, -13.712858 ], [ 33.214025, -13.97186 ], [ 30.179481, -14.796099 ], [ 30.274256, -15.507787 ], [ 29.516834, -15.644678 ], [ 28.947463, -16.043051 ], [ 28.825869, -16.389749 ], [ 28.467906, -16.4684 ], [ 27.598243, -17.290831 ], [ 27.044427, -17.938026 ], [ 26.706773, -17.961229 ], [ 26.381935, -17.846042 ], [ 25.264226, -17.73654 ], [ 25.084443, -17.661816 ], [ 25.07695, -17.578823 ], [ 24.682349, -17.353411 ], [ 24.033862, -17.295843 ], [ 23.215048, -17.523116 ], [ 22.562478, -16.898451 ], [ 21.887843, -16.08031 ], [ 21.933886, -12.898437 ], [ 24.016137, -12.911046 ], [ 23.930922, -12.565848 ], [ 24.079905, -12.191297 ], [ 23.904154, -11.722282 ], [ 24.017894, -11.237298 ], [ 23.912215, -10.926826 ], [ 24.257155, -10.951993 ], [ 24.314516, -11.262826 ], [ 24.78317, -11.238694 ], [ 25.418118, -11.330936 ], [ 25.75231, -11.784965 ], [ 26.553088, -11.92444 ], [ 27.16442, -11.608748 ], [ 27.388799, -12.132747 ], [ 28.155109, -12.272481 ], [ 28.523562, -12.698604 ], [ 28.934286, -13.248958 ], [ 29.699614, -13.257227 ], [ 29.616001, -12.178895 ], [ 29.341548, -12.360744 ], [ 28.642417, -11.971569 ], [ 28.372253, -11.793647 ], [ 28.49607, -10.789884 ], [ 28.673682, -9.605925 ], [ 28.449871, -9.164918 ], [ 28.734867, -8.526559 ], [ 29.002912, -8.407032 ], [ 30.346086, -8.238257 ], [ 30.740015, -8.340007 ], [ 31.157751, -8.594579 ], [ 31.556348, -8.762049 ], [ 32.191865, -8.930359 ], [ 32.759375, -9.230599 ] ] ] } },
{ "type": "Feature", "properties": { "name": "Zimbabwe", "iso3": "ZWE", "name_with_flag": "🇿🇼 Zimbabwe", "1960": null, "1961": 0.93940641087650878, "1962": -1.2439698170868319, "1963": 0.529891529697335, "1964": 1.7107364936993719, "1965": 4.4014412049399487, "1966": -5.295966676066266, "1967": 5.6155333499553706, "1968": 2.6244823762093583, "1969": 14.455731963681707, "1970": 4.5324025232830634, "1971": 12.214192434367455, "1972": 19.184508566010262, "1973": 19.743287394718333, "1974": 16.503182600740264, "1975": 6.3462404940673567, "1976": -4.1718872810263647, "1977": -1.4795077787623567, "1978": -1.7261381606605619, "1979": 17.117222394985411, "1980": 21.785376374078535, "1981": 12.635409202676605, "1982": 2.5223159366279058, "1983": -12.472072204221407, "1984": -21.043064632476639, "1985": -14.271066746666683, "1986": 6.6618011556100587, "1987": 4.895407946832453, "1988": 12.315141206674628, "1989": 3.0059731688479641, "1990": 3.1544893932839768, "1991": -4.1500190773017254, "1992": -24.045882609776726, "1993": -4.1902414492402063, "1994": 4.8555904370630287, "1995": 2.2473551989993901, "1996": 18.295165608390906, "1997": -2.1303995050057756, "1998": -26.396963939490647, "1999": 5.4038466973828969, "2000": -3.3413102070485201, "2001": 0.63117991738084189, "2002": -7.3184681363783195, "2003": -10.757671361181153, "2004": 0.26706034401431378, "2005": -1.8012031296174347, "2006": -6.5547176229940334, "2007": -4.0636570507107228, "2008": -17.556723289970289, "2009": 115.83782199296864, "2010": 22.58550768206473, "2011": 15.051360656181046, "2012": 19.411849331762674, "2013": 9.9875064086773833, "2014": 0.72782942123523764, "2015": 1.0351013361683536, "2016": 1.5148675496198249, "2017": 144.99329472575266, "2018": -34.112668566847738, "2019": -25.879293082189381, "2020": 2.7638465141101687, "2021": -0.35058080934773361, "2022": 18.334588833036026, "2023": 5.6596358499524824, "2024": 23.208134086780685 }, "geometry": { "type": "Polygon", "coordinates": [ [ [ 31.191409, -22.25151 ], [ 30.659865, -22.151567 ], [ 30.322883, -22.271612 ], [ 29.839037, -22.102216 ], [ 29.432188, -22.091313 ], [ 28.794656, -21.639454 ], [ 28.02137, -21.485975 ], [ 27.727228, -20.851802 ], [ 27.724747, -20.499059 ], [ 27.296505, -20.39152 ], [ 26.164791, -19.293086 ], [ 25.850391, -18.714413 ], [ 25.649163, -18.536026 ], [ 25.264226, -17.73654 ], [ 26.381935, -17.846042 ], [ 26.706773, -17.961229 ], [ 27.044427, -17.938026 ], [ 27.598243, -17.290831 ], [ 28.467906, -16.4684 ], [ 28.825869, -16.389749 ], [ 28.947463, -16.043051 ], [ 29.516834, -15.644678 ], [ 30.274256, -15.507787 ], [ 30.338955, -15.880839 ], [ 31.173064, -15.860944 ], [ 31.636498, -16.07199 ], [ 31.852041, -16.319417 ], [ 32.328239, -16.392074 ], [ 32.847639, -16.713398 ], [ 32.849861, -17.979057 ], [ 32.654886, -18.67209 ], [ 32.611994, -19.419383 ], [ 32.772708, -19.715592 ], [ 32.659743, -20.30429 ], [ 32.508693, -20.395292 ], [ 32.244988, -21.116489 ], [ 31.191409, -22.25151 ] ] ] } }
]
}
